"SlNo","Station","Agency","State LGD Code","State","District LGD Code","District","Tehsil","Block","Village","River","Basin","Tributary","Subtributary","SubSubtributary","Local River","Latitude","Longitude","Data Acquisition Time","Telemetry Hourly Rainfall (mm)"
"10569","Chennai Mylapore (DGPOffice)","Tamil Nadu SW GW","33","Tamil Nadu","568","Chennai","Mylapore","-","-","-","-","-","-","-","-","13.04138889","80.27916667","09-08-2021 17:45","1.5"
"10570","Chennai Mylapore (DGPOffice)","Tamil Nadu SW GW","33","Tamil Nadu","568","Chennai","Mylapore","-","-","-","-","-","-","-","-","13.04138889","80.27916667","09-08-2021 17:50","1.5"
"10571","Chennai Mylapore (DGPOffice)","Tamil Nadu SW GW","33","Tamil Nadu","568","Chennai","Mylapore","-","-","-","-","-","-","-","-","13.04138889","80.27916667","09-08-2021 17:55","1.5"
"10572","Chennai Mylapore (DGPOffice)","Tamil Nadu SW GW","33","Tamil Nadu","568","Chennai","Mylapore","-","-","-","-","-","-","-","-","13.04138889","80.27916667","09-08-2021 18:00","1.5"
"10573","Chennai Mylapore (DGPOffice)","Tamil Nadu SW GW","33","Tamil Nadu","568","Chennai","Mylapore","-","-","-","-","-","-","-","-","13.04138889","80.27916667","10-08-2021 02:00","0.5"
"10574","Chennai Mylapore (DGPOffice)","Tamil Nadu SW GW","33","Tamil Nadu","568","Chennai","Mylapore","-","-","-","-","-","-","-","-","13.04138889","80.27916667","10-08-2021 04:00","0.5"
"10575","Chennai Mylapore (DGPOffice)","Tamil Nadu SW GW","33","Tamil Nadu","568","Chennai","Mylapore","-","-","-","-","-","-","-","-","13.04138889","80.27916667","10-08-2021 07:00","0.5"
"10576","Chennai Mylapore (DGPOffice)","Tamil Nadu SW GW","33","Tamil Nadu","568","Chennai","Mylapore","-","-","-","-","-","-","-","-","13.04138889","80.27916667","10-08-2021 08:00","0.5"
"10577","Chennai Mylapore (DGPOffice)","Tamil Nadu SW GW","33","Tamil Nadu","568","Chennai","Mylapore","-","-","-","-","-","-","-","-","13.04138889","80.27916667","13-08-2021 18:00","2"
"10578","Chennai Mylapore (DGPOffice)","Tamil Nadu SW GW","33","Tamil Nadu","568","Chennai","Mylapore","-","-","-","-","-","-","-","-","13.04138889","80.27916667","16-08-2021 09:00","0.5"
"10579","Chennai Mylapore (DGPOffice)","Tamil Nadu SW GW","33","Tamil Nadu","568","Chennai","Mylapore","-","-","-","-","-","-","-","-","13.04138889","80.27916667","17-08-2021 03:00","21"
"10580","Chennai Mylapore (DGPOffice)","Tamil Nadu SW GW","33","Tamil Nadu","568","Chennai","Mylapore","-","-","-","-","-","-","-","-","13.04138889","80.27916667","17-08-2021 04:00","9.5"
"10581","Chennai Mylapore (DGPOffice)","Tamil Nadu SW GW","33","Tamil Nadu","568","Chennai","Mylapore","-","-","-","-","-","-","-","-","13.04138889","80.27916667","17-08-2021 05:00","4.5"
"10582","Chennai Mylapore (DGPOffice)","Tamil Nadu SW GW","33","Tamil Nadu","568","Chennai","Mylapore","-","-","-","-","-","-","-","-","13.04138889","80.27916667","17-08-2021 06:00","1.5"
"10583","Chennai Mylapore (DGPOffice)","Tamil Nadu SW GW","33","Tamil Nadu","568","Chennai","Mylapore","-","-","-","-","-","-","-","-","13.04138889","80.27916667","27-08-2021 16:00","8.5"
"10584","Chennai Mylapore (DGPOffice)","Tamil Nadu SW GW","33","Tamil Nadu","568","Chennai","Mylapore","-","-","-","-","-","-","-","-","13.04138889","80.27916667","27-08-2021 17:00","6.5"
"10585","Chennai Mylapore (DGPOffice)","Tamil Nadu SW GW","33","Tamil Nadu","568","Chennai","Mylapore","-","-","-","-","-","-","-","-","13.04138889","80.27916667","27-08-2021 18:00","0.5"
"10586","Chennai Mylapore (DGPOffice)","Tamil Nadu SW GW","33","Tamil Nadu","568","Chennai","Mylapore","-","-","-","-","-","-","-","-","13.04138889","80.27916667","28-08-2021 02:00","1.5"
"10587","Chennai Mylapore (DGPOffice)","Tamil Nadu SW GW","33","Tamil Nadu","568","Chennai","Mylapore","-","-","-","-","-","-","-","-","13.04138889","80.27916667","28-08-2021 03:00","2"
"10588","Chennai Mylapore (DGPOffice)","Tamil Nadu SW GW","33","Tamil Nadu","568","Chennai","Mylapore","-","-","-","-","-","-","-","-","13.04138889","80.27916667","28-08-2021 14:00","0.5"
"10589","Chennai Mylapore (DGPOffice)","Tamil Nadu SW GW","33","Tamil Nadu","568","Chennai","Mylapore","-","-","-","-","-","-","-","-","13.04138889","80.27916667","28-08-2021 22:00","4"
"10590","Chennai Mylapore (DGPOffice)","Tamil Nadu SW GW","33","Tamil Nadu","568","Chennai","Mylapore","-","-","-","-","-","-","-","-","13.04138889","80.27916667","28-08-2021 23:00","8.5"
"10591","Chennai Mylapore (DGPOffice)","Tamil Nadu SW GW","33","Tamil Nadu","568","Chennai","Mylapore","-","-","-","-","-","-","-","-","13.04138889","80.27916667","29-08-2021 00:00","2"
"10592","Chennai Mylapore (DGPOffice)","Tamil Nadu SW GW","33","Tamil Nadu","568","Chennai","Mylapore","-","-","-","-","-","-","-","-","13.04138889","80.27916667","29-08-2021 01:00","2.5"
"10593","Chennai Mylapore (DGPOffice)","Tamil Nadu SW GW","33","Tamil Nadu","568","Chennai","Mylapore","-","-","-","-","-","-","-","-","13.04138889","80.27916667","29-08-2021 02:00","2"
"10594","Chennai Mylapore (DGPOffice)","Tamil Nadu SW GW","33","Tamil Nadu","568","Chennai","Mylapore","-","-","-","-","-","-","-","-","13.04138889","80.27916667","29-08-2021 03:00","1"
"10595","Chennai Mylapore (DGPOffice)","Tamil Nadu SW GW","33","Tamil Nadu","568","Chennai","Mylapore","-","-","-","-","-","-","-","-","13.04138889","80.27916667","29-08-2021 06:00","0.5"
"10596","Chennai Mylapore (DGPOffice)","Tamil Nadu SW GW","33","Tamil Nadu","568","Chennai","Mylapore","-","-","-","-","-","-","-","-","13.04138889","80.27916667","29-08-2021 15:00","1.5"
"10597","Chennai Mylapore (DGPOffice)","Tamil Nadu SW GW","33","Tamil Nadu","568","Chennai","Mylapore","-","-","-","-","-","-","-","-","13.04138889","80.27916667","29-08-2021 22:00","2"
"10598","Chennai Mylapore (DGPOffice)","Tamil Nadu SW GW","33","Tamil Nadu","568","Chennai","Mylapore","-","-","-","-","-","-","-","-","13.04138889","80.27916667","29-08-2021 23:00","0.5"
"10599","Chennai Mylapore (DGPOffice)","Tamil Nadu SW GW","33","Tamil Nadu","568","Chennai","Mylapore","-","-","-","-","-","-","-","-","13.04138889","80.27916667","30-08-2021 01:00","0.5"
"10600","Chennai Mylapore (DGPOffice)","Tamil Nadu SW GW","33","Tamil Nadu","568","Chennai","Mylapore","-","-","-","-","-","-","-","-","13.04138889","80.27916667","30-08-2021 02:00","0.5"
"10601","Chennai Mylapore (DGPOffice)","Tamil Nadu SW GW","33","Tamil Nadu","568","Chennai","Mylapore","-","-","-","-","-","-","-","-","13.04138889","80.27916667","30-08-2021 12:00","0.5"
"10602","Chennai Mylapore (DGPOffice)","Tamil Nadu SW GW","33","Tamil Nadu","568","Chennai","Mylapore","-","-","-","-","-","-","-","-","13.04138889","80.27916667","31-08-2021 02:00","0.5"
"10603","Chennai Mylapore (DGPOffice)","Tamil Nadu SW GW","33","Tamil Nadu","568","Chennai","Mylapore","-","-","-","-","-","-","-","-","13.04138889","80.27916667","31-08-2021 03:00","0.5"
"10604","Chennai Mylapore (DGPOffice)","Tamil Nadu SW GW","33","Tamil Nadu","568","Chennai","Mylapore","-","-","-","-","-","-","-","-","13.04138889","80.27916667","03-09-2021 15:00","0.5"
"10605","Chennai Mylapore (DGPOffice)","Tamil Nadu SW GW","33","Tamil Nadu","568","Chennai","Mylapore","-","-","-","-","-","-","-","-","13.04138889","80.27916667","04-09-2021 03:00","1.5"
"10606","Chennai Mylapore (DGPOffice)","Tamil Nadu SW GW","33","Tamil Nadu","568","Chennai","Mylapore","-","-","-","-","-","-","-","-","13.04138889","80.27916667","04-09-2021 07:00","0.5"
"10607","Chennai Mylapore (DGPOffice)","Tamil Nadu SW GW","33","Tamil Nadu","568","Chennai","Mylapore","-","-","-","-","-","-","-","-","13.04138889","80.27916667","04-09-2021 13:00","0.5"
"10608","Chennai Mylapore (DGPOffice)","Tamil Nadu SW GW","33","Tamil Nadu","568","Chennai","Mylapore","-","-","-","-","-","-","-","-","13.04138889","80.27916667","04-09-2021 18:00","1.5"
"10609","Chennai Mylapore (DGPOffice)","Tamil Nadu SW GW","33","Tamil Nadu","568","Chennai","Mylapore","-","-","-","-","-","-","-","-","13.04138889","80.27916667","05-09-2021 17:00","10"
"10610","Chennai Mylapore (DGPOffice)","Tamil Nadu SW GW","33","Tamil Nadu","568","Chennai","Mylapore","-","-","-","-","-","-","-","-","13.04138889","80.27916667","05-09-2021 18:00","0.5"
"10611","Chennai Mylapore (DGPOffice)","Tamil Nadu SW GW","33","Tamil Nadu","568","Chennai","Mylapore","-","-","-","-","-","-","-","-","13.04138889","80.27916667","06-09-2021 20:00","26.5"
"10612","Chennai Mylapore (DGPOffice)","Tamil Nadu SW GW","33","Tamil Nadu","568","Chennai","Mylapore","-","-","-","-","-","-","-","-","13.04138889","80.27916667","06-09-2021 21:00","0.5"
"10613","Chennai Mylapore (DGPOffice)","Tamil Nadu SW GW","33","Tamil Nadu","568","Chennai","Mylapore","-","-","-","-","-","-","-","-","13.04138889","80.27916667","17-09-2021 16:00","7"
"10614","Chennai Mylapore (DGPOffice)","Tamil Nadu SW GW","33","Tamil Nadu","568","Chennai","Mylapore","-","-","-","-","-","-","-","-","13.04138889","80.27916667","18-09-2021 00:00","7"
"10615","Chennai Mylapore (DGPOffice)","Tamil Nadu SW GW","33","Tamil Nadu","568","Chennai","Mylapore","-","-","-","-","-","-","-","-","13.04138889","80.27916667","18-09-2021 01:00","1"
"10616","Chennai Mylapore (DGPOffice)","Tamil Nadu SW GW","33","Tamil Nadu","568","Chennai","Mylapore","-","-","-","-","-","-","-","-","13.04138889","80.27916667","21-09-2021 15:00","18.5"
"10617","Chennai Mylapore (DGPOffice)","Tamil Nadu SW GW","33","Tamil Nadu","568","Chennai","Mylapore","-","-","-","-","-","-","-","-","13.04138889","80.27916667","21-09-2021 16:00","2.5"
"10618","Chennai Mylapore (DGPOffice)","Tamil Nadu SW GW","33","Tamil Nadu","568","Chennai","Mylapore","-","-","-","-","-","-","-","-","13.04138889","80.27916667","21-09-2021 23:00","14"
"10619","Chennai Mylapore (DGPOffice)","Tamil Nadu SW GW","33","Tamil Nadu","568","Chennai","Mylapore","-","-","-","-","-","-","-","-","13.04138889","80.27916667","22-09-2021 03:00","37"
"10620","Chennai Mylapore (DGPOffice)","Tamil Nadu SW GW","33","Tamil Nadu","568","Chennai","Mylapore","-","-","-","-","-","-","-","-","13.04138889","80.27916667","22-09-2021 04:00","8"
"10621","Chennai Mylapore (DGPOffice)","Tamil Nadu SW GW","33","Tamil Nadu","568","Chennai","Mylapore","-","-","-","-","-","-","-","-","13.04138889","80.27916667","22-09-2021 05:00","5.5"
"10622","Chennai Mylapore (DGPOffice)","Tamil Nadu SW GW","33","Tamil Nadu","568","Chennai","Mylapore","-","-","-","-","-","-","-","-","13.04138889","80.27916667","22-09-2021 06:00","2"
"10623","Chennai Mylapore (DGPOffice)","Tamil Nadu SW GW","33","Tamil Nadu","568","Chennai","Mylapore","-","-","-","-","-","-","-","-","13.04138889","80.27916667","22-09-2021 07:00","2.5"
"10624","Chennai Mylapore (DGPOffice)","Tamil Nadu SW GW","33","Tamil Nadu","568","Chennai","Mylapore","-","-","-","-","-","-","-","-","13.04138889","80.27916667","30-09-2021 10:00","1"
"10625","Chennai Mylapore (DGPOffice)","Tamil Nadu SW GW","33","Tamil Nadu","568","Chennai","Mylapore","-","-","-","-","-","-","-","-","13.04138889","80.27916667","30-09-2021 11:00","0.5"
"10626","Chennai Mylapore (DGPOffice)","Tamil Nadu SW GW","33","Tamil Nadu","568","Chennai","Mylapore","-","-","-","-","-","-","-","-","13.04138889","80.27916667","30-09-2021 17:00","0.5"
"10627","Chennai Mylapore (DGPOffice)","Tamil Nadu SW GW","33","Tamil Nadu","568","Chennai","Mylapore","-","-","-","-","-","-","-","-","13.04138889","80.27916667","01-10-2021 20:00","1"
"10628","Chennai Mylapore (DGPOffice)","Tamil Nadu SW GW","33","Tamil Nadu","568","Chennai","Mylapore","-","-","-","-","-","-","-","-","13.04138889","80.27916667","02-10-2021 03:00","0.5"
"10629","Chennai Mylapore (DGPOffice)","Tamil Nadu SW GW","33","Tamil Nadu","568","Chennai","Mylapore","-","-","-","-","-","-","-","-","13.04138889","80.27916667","02-10-2021 06:00","4"
"10630","Chennai Mylapore (DGPOffice)","Tamil Nadu SW GW","33","Tamil Nadu","568","Chennai","Mylapore","-","-","-","-","-","-","-","-","13.04138889","80.27916667","03-10-2021 06:00","1"
"10631","Chennai Mylapore (DGPOffice)","Tamil Nadu SW GW","33","Tamil Nadu","568","Chennai","Mylapore","-","-","-","-","-","-","-","-","13.04138889","80.27916667","03-10-2021 13:00","1"
"10632","Chennai Mylapore (DGPOffice)","Tamil Nadu SW GW","33","Tamil Nadu","568","Chennai","Mylapore","-","-","-","-","-","-","-","-","13.04138889","80.27916667","03-10-2021 19:00","1.5"
"10633","Chennai Mylapore (DGPOffice)","Tamil Nadu SW GW","33","Tamil Nadu","568","Chennai","Mylapore","-","-","-","-","-","-","-","-","13.04138889","80.27916667","05-10-2021 04:00","13.5"
"10634","Chennai Mylapore (DGPOffice)","Tamil Nadu SW GW","33","Tamil Nadu","568","Chennai","Mylapore","-","-","-","-","-","-","-","-","13.04138889","80.27916667","05-10-2021 05:00","11.5"
"10635","Chennai Mylapore (DGPOffice)","Tamil Nadu SW GW","33","Tamil Nadu","568","Chennai","Mylapore","-","-","-","-","-","-","-","-","13.04138889","80.27916667","05-10-2021 06:00","7.5"
"10636","Chennai Mylapore (DGPOffice)","Tamil Nadu SW GW","33","Tamil Nadu","568","Chennai","Mylapore","-","-","-","-","-","-","-","-","13.04138889","80.27916667","05-10-2021 07:00","0.5"
"10637","Chennai Mylapore (DGPOffice)","Tamil Nadu SW GW","33","Tamil Nadu","568","Chennai","Mylapore","-","-","-","-","-","-","-","-","13.04138889","80.27916667","05-10-2021 09:00","9"
"10638","Chennai Mylapore (DGPOffice)","Tamil Nadu SW GW","33","Tamil Nadu","568","Chennai","Mylapore","-","-","-","-","-","-","-","-","13.04138889","80.27916667","05-10-2021 11:00","1.5"
"10639","Chennai Mylapore (DGPOffice)","Tamil Nadu SW GW","33","Tamil Nadu","568","Chennai","Mylapore","-","-","-","-","-","-","-","-","13.04138889","80.27916667","05-10-2021 18:00","1"
"10640","Chennai Mylapore (DGPOffice)","Tamil Nadu SW GW","33","Tamil Nadu","568","Chennai","Mylapore","-","-","-","-","-","-","-","-","13.04138889","80.27916667","05-10-2021 19:00","0.5"
"10641","Chennai Mylapore (DGPOffice)","Tamil Nadu SW GW","33","Tamil Nadu","568","Chennai","Mylapore","-","-","-","-","-","-","-","-","13.04138889","80.27916667","05-10-2021 20:00","6"
"10642","Chennai Mylapore (DGPOffice)","Tamil Nadu SW GW","33","Tamil Nadu","568","Chennai","Mylapore","-","-","-","-","-","-","-","-","13.04138889","80.27916667","05-10-2021 22:00","10.5"
"10643","Chennai Mylapore (DGPOffice)","Tamil Nadu SW GW","33","Tamil Nadu","568","Chennai","Mylapore","-","-","-","-","-","-","-","-","13.04138889","80.27916667","05-10-2021 23:00","4"
"10644","Chennai Mylapore (DGPOffice)","Tamil Nadu SW GW","33","Tamil Nadu","568","Chennai","Mylapore","-","-","-","-","-","-","-","-","13.04138889","80.27916667","06-10-2021 06:00","0.5"
"10645","Chennai Mylapore (DGPOffice)","Tamil Nadu SW GW","33","Tamil Nadu","568","Chennai","Mylapore","-","-","-","-","-","-","-","-","13.04138889","80.27916667","06-10-2021 08:00","0.5"
"10646","Chennai Mylapore (DGPOffice)","Tamil Nadu SW GW","33","Tamil Nadu","568","Chennai","Mylapore","-","-","-","-","-","-","-","-","13.04138889","80.27916667","07-10-2021 01:00","2.5"
"10647","Chennai Mylapore (DGPOffice)","Tamil Nadu SW GW","33","Tamil Nadu","568","Chennai","Mylapore","-","-","-","-","-","-","-","-","13.04138889","80.27916667","07-10-2021 02:00","5.5"
"10648","Chennai Mylapore (DGPOffice)","Tamil Nadu SW GW","33","Tamil Nadu","568","Chennai","Mylapore","-","-","-","-","-","-","-","-","13.04138889","80.27916667","07-10-2021 03:00","25.5"
"10649","Chennai Mylapore (DGPOffice)","Tamil Nadu SW GW","33","Tamil Nadu","568","Chennai","Mylapore","-","-","-","-","-","-","-","-","13.04138889","80.27916667","07-10-2021 04:00","0.5"
"10650","Chennai Mylapore (DGPOffice)","Tamil Nadu SW GW","33","Tamil Nadu","568","Chennai","Mylapore","-","-","-","-","-","-","-","-","13.04138889","80.27916667","07-10-2021 05:00","0.5"
"10651","Chennai Mylapore (DGPOffice)","Tamil Nadu SW GW","33","Tamil Nadu","568","Chennai","Mylapore","-","-","-","-","-","-","-","-","13.04138889","80.27916667","09-10-2021 16:00","3.5"
"10652","Chennai Mylapore (DGPOffice)","Tamil Nadu SW GW","33","Tamil Nadu","568","Chennai","Mylapore","-","-","-","-","-","-","-","-","13.04138889","80.27916667","09-10-2021 17:00","86"
"10653","Chennai Mylapore (DGPOffice)","Tamil Nadu SW GW","33","Tamil Nadu","568","Chennai","Mylapore","-","-","-","-","-","-","-","-","13.04138889","80.27916667","09-10-2021 18:00","1"
"10654","Chennai Mylapore (DGPOffice)","Tamil Nadu SW GW","33","Tamil Nadu","568","Chennai","Mylapore","-","-","-","-","-","-","-","-","13.04138889","80.27916667","10-10-2021 16:00","4"
"10655","Chennai Mylapore (DGPOffice)","Tamil Nadu SW GW","33","Tamil Nadu","568","Chennai","Mylapore","-","-","-","-","-","-","-","-","13.04138889","80.27916667","11-10-2021 11:00","0.5"
"10656","Chennai Mylapore (DGPOffice)","Tamil Nadu SW GW","33","Tamil Nadu","568","Chennai","Mylapore","-","-","-","-","-","-","-","-","13.04138889","80.27916667","13-10-2021 21:00","0.5"
"10657","Chennai Mylapore (DGPOffice)","Tamil Nadu SW GW","33","Tamil Nadu","568","Chennai","Mylapore","-","-","-","-","-","-","-","-","13.04138889","80.27916667","13-10-2021 23:00","0.5"
"10658","Chennai Mylapore (DGPOffice)","Tamil Nadu SW GW","33","Tamil Nadu","568","Chennai","Mylapore","-","-","-","-","-","-","-","-","13.04138889","80.27916667","15-10-2021 13:00","4.5"
"10659","Chennai Mylapore (DGPOffice)","Tamil Nadu SW GW","33","Tamil Nadu","568","Chennai","Mylapore","-","-","-","-","-","-","-","-","13.04138889","80.27916667","15-10-2021 14:00","13.5"
"10660","Chennai Mylapore (DGPOffice)","Tamil Nadu SW GW","33","Tamil Nadu","568","Chennai","Mylapore","-","-","-","-","-","-","-","-","13.04138889","80.27916667","28-10-2021 10:00","0.5"
"10661","Chennai Mylapore (DGPOffice)","Tamil Nadu SW GW","33","Tamil Nadu","568","Chennai","Mylapore","-","-","-","-","-","-","-","-","13.04138889","80.27916667","29-10-2021 02:00","7.5"
"10662","Chennai Mylapore (DGPOffice)","Tamil Nadu SW GW","33","Tamil Nadu","568","Chennai","Mylapore","-","-","-","-","-","-","-","-","13.04138889","80.27916667","29-10-2021 05:00","1.5"
"10663","Chennai Mylapore (DGPOffice)","Tamil Nadu SW GW","33","Tamil Nadu","568","Chennai","Mylapore","-","-","-","-","-","-","-","-","13.04138889","80.27916667","29-10-2021 06:00","3"
"10664","Chennai Mylapore (DGPOffice)","Tamil Nadu SW GW","33","Tamil Nadu","568","Chennai","Mylapore","-","-","-","-","-","-","-","-","13.04138889","80.27916667","29-10-2021 11:00","3.5"
"10665","Chennai Mylapore (DGPOffice)","Tamil Nadu SW GW","33","Tamil Nadu","568","Chennai","Mylapore","-","-","-","-","-","-","-","-","13.04138889","80.27916667","29-10-2021 13:00","1"
"10666","Chennai Mylapore (DGPOffice)","Tamil Nadu SW GW","33","Tamil Nadu","568","Chennai","Mylapore","-","-","-","-","-","-","-","-","13.04138889","80.27916667","29-10-2021 18:00","0.5"
"10667","Chennai Mylapore (DGPOffice)","Tamil Nadu SW GW","33","Tamil Nadu","568","Chennai","Mylapore","-","-","-","-","-","-","-","-","13.04138889","80.27916667","30-10-2021 00:00","2.5"
"10668","Chennai Mylapore (DGPOffice)","Tamil Nadu SW GW","33","Tamil Nadu","568","Chennai","Mylapore","-","-","-","-","-","-","-","-","13.04138889","80.27916667","30-10-2021 01:00","11"
"10669","Chennai Mylapore (DGPOffice)","Tamil Nadu SW GW","33","Tamil Nadu","568","Chennai","Mylapore","-","-","-","-","-","-","-","-","13.04138889","80.27916667","30-10-2021 02:00","0.5"
"10670","Chennai Mylapore (DGPOffice)","Tamil Nadu SW GW","33","Tamil Nadu","568","Chennai","Mylapore","-","-","-","-","-","-","-","-","13.04138889","80.27916667","30-10-2021 04:00","3"
"10671","Chennai Mylapore (DGPOffice)","Tamil Nadu SW GW","33","Tamil Nadu","568","Chennai","Mylapore","-","-","-","-","-","-","-","-","13.04138889","80.27916667","30-10-2021 05:00","0.5"
"10672","Chennai Mylapore (DGPOffice)","Tamil Nadu SW GW","33","Tamil Nadu","568","Chennai","Mylapore","-","-","-","-","-","-","-","-","13.04138889","80.27916667","30-10-2021 14:00","0.5"
"10673","Chennai Mylapore (DGPOffice)","Tamil Nadu SW GW","33","Tamil Nadu","568","Chennai","Mylapore","-","-","-","-","-","-","-","-","13.04138889","80.27916667","30-10-2021 15:00","1"
"10674","Chennai Mylapore (DGPOffice)","Tamil Nadu SW GW","33","Tamil Nadu","568","Chennai","Mylapore","-","-","-","-","-","-","-","-","13.04138889","80.27916667","31-10-2021 06:00","0.5"
"10675","Chennai Mylapore (DGPOffice)","Tamil Nadu SW GW","33","Tamil Nadu","568","Chennai","Mylapore","-","-","-","-","-","-","-","-","13.04138889","80.27916667","31-10-2021 09:00","0.5"
"10676","Chennai Mylapore (DGPOffice)","Tamil Nadu SW GW","33","Tamil Nadu","568","Chennai","Mylapore","-","-","-","-","-","-","-","-","13.04138889","80.27916667","31-10-2021 19:00","1"
"10677","Chennai Mylapore (DGPOffice)","Tamil Nadu SW GW","33","Tamil Nadu","568","Chennai","Mylapore","-","-","-","-","-","-","-","-","13.04138889","80.27916667","31-10-2021 20:00","0.5"
"10678","Chennai Mylapore (DGPOffice)","Tamil Nadu SW GW","33","Tamil Nadu","568","Chennai","Mylapore","-","-","-","-","-","-","-","-","13.04138889","80.27916667","31-10-2021 21:00","2"
"10679","Chennai Mylapore (DGPOffice)","Tamil Nadu SW GW","33","Tamil Nadu","568","Chennai","Mylapore","-","-","-","-","-","-","-","-","13.04138889","80.27916667","31-10-2021 22:00","3"
"10680","Chennai Mylapore (DGPOffice)","Tamil Nadu SW GW","33","Tamil Nadu","568","Chennai","Mylapore","-","-","-","-","-","-","-","-","13.04138889","80.27916667","31-10-2021 23:00","1.5"
"10681","Chennai Mylapore (DGPOffice)","Tamil Nadu SW GW","33","Tamil Nadu","568","Chennai","Mylapore","-","-","-","-","-","-","-","-","13.04138889","80.27916667","01-11-2021 05:00","2"
"10682","Chennai Mylapore (DGPOffice)","Tamil Nadu SW GW","33","Tamil Nadu","568","Chennai","Mylapore","-","-","-","-","-","-","-","-","13.04138889","80.27916667","01-11-2021 06:00","0.5"
"10683","Chennai Mylapore (DGPOffice)","Tamil Nadu SW GW","33","Tamil Nadu","568","Chennai","Mylapore","-","-","-","-","-","-","-","-","13.04138889","80.27916667","01-11-2021 07:00","0.5"
"10684","Chennai Mylapore (DGPOffice)","Tamil Nadu SW GW","33","Tamil Nadu","568","Chennai","Mylapore","-","-","-","-","-","-","-","-","13.04138889","80.27916667","01-11-2021 08:00","0.5"
"10685","Chennai Mylapore (DGPOffice)","Tamil Nadu SW GW","33","Tamil Nadu","568","Chennai","Mylapore","-","-","-","-","-","-","-","-","13.04138889","80.27916667","01-11-2021 09:00","0.5"
"10686","Chennai Mylapore (DGPOffice)","Tamil Nadu SW GW","33","Tamil Nadu","568","Chennai","Mylapore","-","-","-","-","-","-","-","-","13.04138889","80.27916667","01-11-2021 12:00","2"
"10687","Chennai Mylapore (DGPOffice)","Tamil Nadu SW GW","33","Tamil Nadu","568","Chennai","Mylapore","-","-","-","-","-","-","-","-","13.04138889","80.27916667","01-11-2021 18:00","6"
"10688","Chennai Mylapore (DGPOffice)","Tamil Nadu SW GW","33","Tamil Nadu","568","Chennai","Mylapore","-","-","-","-","-","-","-","-","13.04138889","80.27916667","01-11-2021 19:00","0.5"
"10689","Chennai Mylapore (DGPOffice)","Tamil Nadu SW GW","33","Tamil Nadu","568","Chennai","Mylapore","-","-","-","-","-","-","-","-","13.04138889","80.27916667","01-11-2021 21:00","0.5"
"10690","Chennai Mylapore (DGPOffice)","Tamil Nadu SW GW","33","Tamil Nadu","568","Chennai","Mylapore","-","-","-","-","-","-","-","-","13.04138889","80.27916667","01-11-2021 22:00","2.5"
"10691","Chennai Mylapore (DGPOffice)","Tamil Nadu SW GW","33","Tamil Nadu","568","Chennai","Mylapore","-","-","-","-","-","-","-","-","13.04138889","80.27916667","01-11-2021 23:00","3.5"
"10692","Chennai Mylapore (DGPOffice)","Tamil Nadu SW GW","33","Tamil Nadu","568","Chennai","Mylapore","-","-","-","-","-","-","-","-","13.04138889","80.27916667","02-11-2021 00:00","1"
"10693","Chennai Mylapore (DGPOffice)","Tamil Nadu SW GW","33","Tamil Nadu","568","Chennai","Mylapore","-","-","-","-","-","-","-","-","13.04138889","80.27916667","02-11-2021 01:00","3"
"10694","Chennai Mylapore (DGPOffice)","Tamil Nadu SW GW","33","Tamil Nadu","568","Chennai","Mylapore","-","-","-","-","-","-","-","-","13.04138889","80.27916667","02-11-2021 02:00","1"
"10695","Chennai Mylapore (DGPOffice)","Tamil Nadu SW GW","33","Tamil Nadu","568","Chennai","Mylapore","-","-","-","-","-","-","-","-","13.04138889","80.27916667","02-11-2021 03:00","2"
"10696","Chennai Mylapore (DGPOffice)","Tamil Nadu SW GW","33","Tamil Nadu","568","Chennai","Mylapore","-","-","-","-","-","-","-","-","13.04138889","80.27916667","02-11-2021 04:00","5"
"10697","Chennai Mylapore (DGPOffice)","Tamil Nadu SW GW","33","Tamil Nadu","568","Chennai","Mylapore","-","-","-","-","-","-","-","-","13.04138889","80.27916667","02-11-2021 05:00","0.5"
"10698","Chennai Mylapore (DGPOffice)","Tamil Nadu SW GW","33","Tamil Nadu","568","Chennai","Mylapore","-","-","-","-","-","-","-","-","13.04138889","80.27916667","02-11-2021 08:00","13"
"10699","Chennai Mylapore (DGPOffice)","Tamil Nadu SW GW","33","Tamil Nadu","568","Chennai","Mylapore","-","-","-","-","-","-","-","-","13.04138889","80.27916667","02-11-2021 09:00","0.5"
"10700","Chennai Mylapore (DGPOffice)","Tamil Nadu SW GW","33","Tamil Nadu","568","Chennai","Mylapore","-","-","-","-","-","-","-","-","13.04138889","80.27916667","02-11-2021 18:00","1"
"10701","Chennai Mylapore (DGPOffice)","Tamil Nadu SW GW","33","Tamil Nadu","568","Chennai","Mylapore","-","-","-","-","-","-","-","-","13.04138889","80.27916667","03-11-2021 00:00","0.5"
"10702","Chennai Mylapore (DGPOffice)","Tamil Nadu SW GW","33","Tamil Nadu","568","Chennai","Mylapore","-","-","-","-","-","-","-","-","13.04138889","80.27916667","03-11-2021 03:00","1"
"10703","Chennai Mylapore (DGPOffice)","Tamil Nadu SW GW","33","Tamil Nadu","568","Chennai","Mylapore","-","-","-","-","-","-","-","-","13.04138889","80.27916667","03-11-2021 04:00","12"
"10704","Chennai Mylapore (DGPOffice)","Tamil Nadu SW GW","33","Tamil Nadu","568","Chennai","Mylapore","-","-","-","-","-","-","-","-","13.04138889","80.27916667","03-11-2021 05:00","4.5"
"10705","Chennai Mylapore (DGPOffice)","Tamil Nadu SW GW","33","Tamil Nadu","568","Chennai","Mylapore","-","-","-","-","-","-","-","-","13.04138889","80.27916667","03-11-2021 06:00","4"
"10706","Chennai Mylapore (DGPOffice)","Tamil Nadu SW GW","33","Tamil Nadu","568","Chennai","Mylapore","-","-","-","-","-","-","-","-","13.04138889","80.27916667","03-11-2021 07:00","5"
"10707","Chennai Mylapore (DGPOffice)","Tamil Nadu SW GW","33","Tamil Nadu","568","Chennai","Mylapore","-","-","-","-","-","-","-","-","13.04138889","80.27916667","03-11-2021 08:00","1.5"
"10708","Chennai Mylapore (DGPOffice)","Tamil Nadu SW GW","33","Tamil Nadu","568","Chennai","Mylapore","-","-","-","-","-","-","-","-","13.04138889","80.27916667","03-11-2021 09:00","0.5"
"10709","Chennai Mylapore (DGPOffice)","Tamil Nadu SW GW","33","Tamil Nadu","568","Chennai","Mylapore","-","-","-","-","-","-","-","-","13.04138889","80.27916667","04-11-2021 01:00","5"
"10710","Chennai Mylapore (DGPOffice)","Tamil Nadu SW GW","33","Tamil Nadu","568","Chennai","Mylapore","-","-","-","-","-","-","-","-","13.04138889","80.27916667","04-11-2021 03:00","23.5"
"10711","Chennai Mylapore (DGPOffice)","Tamil Nadu SW GW","33","Tamil Nadu","568","Chennai","Mylapore","-","-","-","-","-","-","-","-","13.04138889","80.27916667","04-11-2021 04:00","1.5"
"10712","Chennai Mylapore (DGPOffice)","Tamil Nadu SW GW","33","Tamil Nadu","568","Chennai","Mylapore","-","-","-","-","-","-","-","-","13.04138889","80.27916667","04-11-2021 05:00","3.5"
"10713","Chennai Mylapore (DGPOffice)","Tamil Nadu SW GW","33","Tamil Nadu","568","Chennai","Mylapore","-","-","-","-","-","-","-","-","13.04138889","80.27916667","04-11-2021 06:00","6.5"
"10714","Chennai Mylapore (DGPOffice)","Tamil Nadu SW GW","33","Tamil Nadu","568","Chennai","Mylapore","-","-","-","-","-","-","-","-","13.04138889","80.27916667","04-11-2021 07:00","2"
"10715","Chennai Mylapore (DGPOffice)","Tamil Nadu SW GW","33","Tamil Nadu","568","Chennai","Mylapore","-","-","-","-","-","-","-","-","13.04138889","80.27916667","04-11-2021 08:00","1"
"10716","Chennai Mylapore (DGPOffice)","Tamil Nadu SW GW","33","Tamil Nadu","568","Chennai","Mylapore","-","-","-","-","-","-","-","-","13.04138889","80.27916667","04-11-2021 11:00","0.5"
"10717","Chennai Mylapore (DGPOffice)","Tamil Nadu SW GW","33","Tamil Nadu","568","Chennai","Mylapore","-","-","-","-","-","-","-","-","13.04138889","80.27916667","04-11-2021 15:00","0.5"
"10718","Chennai Mylapore (DGPOffice)","Tamil Nadu SW GW","33","Tamil Nadu","568","Chennai","Mylapore","-","-","-","-","-","-","-","-","13.04138889","80.27916667","05-11-2021 13:00","2"
"10719","Chennai Mylapore (DGPOffice)","Tamil Nadu SW GW","33","Tamil Nadu","568","Chennai","Mylapore","-","-","-","-","-","-","-","-","13.04138889","80.27916667","05-11-2021 23:00","4"
"10720","Chennai Mylapore (DGPOffice)","Tamil Nadu SW GW","33","Tamil Nadu","568","Chennai","Mylapore","-","-","-","-","-","-","-","-","13.04138889","80.27916667","06-11-2021 02:00","0.5"
"10721","Chennai Mylapore (DGPOffice)","Tamil Nadu SW GW","33","Tamil Nadu","568","Chennai","Mylapore","-","-","-","-","-","-","-","-","13.04138889","80.27916667","06-11-2021 03:00","1.5"
"10722","Chennai Mylapore (DGPOffice)","Tamil Nadu SW GW","33","Tamil Nadu","568","Chennai","Mylapore","-","-","-","-","-","-","-","-","13.04138889","80.27916667","06-11-2021 04:00","0.5"
"10723","Chennai Mylapore (DGPOffice)","Tamil Nadu SW GW","33","Tamil Nadu","568","Chennai","Mylapore","-","-","-","-","-","-","-","-","13.04138889","80.27916667","06-11-2021 14:00","1.5"
"10724","Chennai Mylapore (DGPOffice)","Tamil Nadu SW GW","33","Tamil Nadu","568","Chennai","Mylapore","-","-","-","-","-","-","-","-","13.04138889","80.27916667","06-11-2021 15:00","1.5"
"10725","Chennai Mylapore (DGPOffice)","Tamil Nadu SW GW","33","Tamil Nadu","568","Chennai","Mylapore","-","-","-","-","-","-","-","-","13.04138889","80.27916667","06-11-2021 22:00","28.5"
"10726","Chennai Mylapore (DGPOffice)","Tamil Nadu SW GW","33","Tamil Nadu","568","Chennai","Mylapore","-","-","-","-","-","-","-","-","13.04138889","80.27916667","06-11-2021 23:00","2"
"10727","Chennai Mylapore (DGPOffice)","Tamil Nadu SW GW","33","Tamil Nadu","568","Chennai","Mylapore","-","-","-","-","-","-","-","-","13.04138889","80.27916667","07-11-2021 00:00","5.5"
"10728","Chennai Mylapore (DGPOffice)","Tamil Nadu SW GW","33","Tamil Nadu","568","Chennai","Mylapore","-","-","-","-","-","-","-","-","13.04138889","80.27916667","07-11-2021 01:00","31.5"
"10729","Chennai Mylapore (DGPOffice)","Tamil Nadu SW GW","33","Tamil Nadu","568","Chennai","Mylapore","-","-","-","-","-","-","-","-","13.04138889","80.27916667","07-11-2021 02:00","25"
"10730","Chennai Mylapore (DGPOffice)","Tamil Nadu SW GW","33","Tamil Nadu","568","Chennai","Mylapore","-","-","-","-","-","-","-","-","13.04138889","80.27916667","07-11-2021 03:00","4"
"10731","Chennai Mylapore (DGPOffice)","Tamil Nadu SW GW","33","Tamil Nadu","568","Chennai","Mylapore","-","-","-","-","-","-","-","-","13.04138889","80.27916667","07-11-2021 04:00","24.5"
"10732","Chennai Mylapore (DGPOffice)","Tamil Nadu SW GW","33","Tamil Nadu","568","Chennai","Mylapore","-","-","-","-","-","-","-","-","13.04138889","80.27916667","07-11-2021 05:00","14"
"10733","Chennai Mylapore (DGPOffice)","Tamil Nadu SW GW","33","Tamil Nadu","568","Chennai","Mylapore","-","-","-","-","-","-","-","-","13.04138889","80.27916667","07-11-2021 06:00","33"
"10734","Chennai Mylapore (DGPOffice)","Tamil Nadu SW GW","33","Tamil Nadu","568","Chennai","Mylapore","-","-","-","-","-","-","-","-","13.04138889","80.27916667","07-11-2021 07:00","18"
"10735","Chennai Mylapore (DGPOffice)","Tamil Nadu SW GW","33","Tamil Nadu","568","Chennai","Mylapore","-","-","-","-","-","-","-","-","13.04138889","80.27916667","07-11-2021 08:00","9"
"10736","Chennai Mylapore (DGPOffice)","Tamil Nadu SW GW","33","Tamil Nadu","568","Chennai","Mylapore","-","-","-","-","-","-","-","-","13.04138889","80.27916667","07-11-2021 09:00","11.5"
"10737","Chennai Mylapore (DGPOffice)","Tamil Nadu SW GW","33","Tamil Nadu","568","Chennai","Mylapore","-","-","-","-","-","-","-","-","13.04138889","80.27916667","07-11-2021 13:00","1.5"
"10738","Chennai Mylapore (DGPOffice)","Tamil Nadu SW GW","33","Tamil Nadu","568","Chennai","Mylapore","-","-","-","-","-","-","-","-","13.04138889","80.27916667","07-11-2021 15:00","20"
"10739","Chennai Mylapore (DGPOffice)","Tamil Nadu SW GW","33","Tamil Nadu","568","Chennai","Mylapore","-","-","-","-","-","-","-","-","13.04138889","80.27916667","07-11-2021 16:00","15"
"10740","Chennai Mylapore (DGPOffice)","Tamil Nadu SW GW","33","Tamil Nadu","568","Chennai","Mylapore","-","-","-","-","-","-","-","-","13.04138889","80.27916667","07-11-2021 17:00","1"
"10741","Chennai Mylapore (DGPOffice)","Tamil Nadu SW GW","33","Tamil Nadu","568","Chennai","Mylapore","-","-","-","-","-","-","-","-","13.04138889","80.27916667","07-11-2021 21:00","0.5"
"10742","Chennai Mylapore (DGPOffice)","Tamil Nadu SW GW","33","Tamil Nadu","568","Chennai","Mylapore","-","-","-","-","-","-","-","-","13.04138889","80.27916667","08-11-2021 08:00","3"
"10743","Chennai Mylapore (DGPOffice)","Tamil Nadu SW GW","33","Tamil Nadu","568","Chennai","Mylapore","-","-","-","-","-","-","-","-","13.04138889","80.27916667","08-11-2021 09:00","0.5"
"10744","Chennai Mylapore (DGPOffice)","Tamil Nadu SW GW","33","Tamil Nadu","568","Chennai","Mylapore","-","-","-","-","-","-","-","-","13.04138889","80.27916667","08-11-2021 11:00","2"
"10745","Chennai Mylapore (DGPOffice)","Tamil Nadu SW GW","33","Tamil Nadu","568","Chennai","Mylapore","-","-","-","-","-","-","-","-","13.04138889","80.27916667","08-11-2021 12:00","4"
"10746","Chennai Mylapore (DGPOffice)","Tamil Nadu SW GW","33","Tamil Nadu","568","Chennai","Mylapore","-","-","-","-","-","-","-","-","13.04138889","80.27916667","08-11-2021 13:00","0.5"
"10747","Chennai Mylapore (DGPOffice)","Tamil Nadu SW GW","33","Tamil Nadu","568","Chennai","Mylapore","-","-","-","-","-","-","-","-","13.04138889","80.27916667","08-11-2021 14:00","1"
"10748","Chennai Mylapore (DGPOffice)","Tamil Nadu SW GW","33","Tamil Nadu","568","Chennai","Mylapore","-","-","-","-","-","-","-","-","13.04138889","80.27916667","08-11-2021 15:00","1.5"
"10749","Chennai Mylapore (DGPOffice)","Tamil Nadu SW GW","33","Tamil Nadu","568","Chennai","Mylapore","-","-","-","-","-","-","-","-","13.04138889","80.27916667","08-11-2021 16:00","1"
"10750","Chennai Mylapore (DGPOffice)","Tamil Nadu SW GW","33","Tamil Nadu","568","Chennai","Mylapore","-","-","-","-","-","-","-","-","13.04138889","80.27916667","08-11-2021 17:00","1"
"10751","Chennai Mylapore (DGPOffice)","Tamil Nadu SW GW","33","Tamil Nadu","568","Chennai","Mylapore","-","-","-","-","-","-","-","-","13.04138889","80.27916667","08-11-2021 18:00","1"
"10752","Chennai Mylapore (DGPOffice)","Tamil Nadu SW GW","33","Tamil Nadu","568","Chennai","Mylapore","-","-","-","-","-","-","-","-","13.04138889","80.27916667","08-11-2021 19:00","6"
"10753","Chennai Mylapore (DGPOffice)","Tamil Nadu SW GW","33","Tamil Nadu","568","Chennai","Mylapore","-","-","-","-","-","-","-","-","13.04138889","80.27916667","08-11-2021 20:00","3.5"
"10754","Chennai Mylapore (DGPOffice)","Tamil Nadu SW GW","33","Tamil Nadu","568","Chennai","Mylapore","-","-","-","-","-","-","-","-","13.04138889","80.27916667","08-11-2021 21:00","1.5"
"10755","Chennai Mylapore (DGPOffice)","Tamil Nadu SW GW","33","Tamil Nadu","568","Chennai","Mylapore","-","-","-","-","-","-","-","-","13.04138889","80.27916667","08-11-2021 22:00","2"
"10756","Chennai Mylapore (DGPOffice)","Tamil Nadu SW GW","33","Tamil Nadu","568","Chennai","Mylapore","-","-","-","-","-","-","-","-","13.04138889","80.27916667","08-11-2021 23:00","8.5"
"10757","Chennai Mylapore (DGPOffice)","Tamil Nadu SW GW","33","Tamil Nadu","568","Chennai","Mylapore","-","-","-","-","-","-","-","-","13.04138889","80.27916667","09-11-2021 00:00","2"
"10758","Chennai Mylapore (DGPOffice)","Tamil Nadu SW GW","33","Tamil Nadu","568","Chennai","Mylapore","-","-","-","-","-","-","-","-","13.04138889","80.27916667","09-11-2021 01:00","3.5"
"10759","Chennai Mylapore (DGPOffice)","Tamil Nadu SW GW","33","Tamil Nadu","568","Chennai","Mylapore","-","-","-","-","-","-","-","-","13.04138889","80.27916667","09-11-2021 03:00","3"
"10760","Chennai Mylapore (DGPOffice)","Tamil Nadu SW GW","33","Tamil Nadu","568","Chennai","Mylapore","-","-","-","-","-","-","-","-","13.04138889","80.27916667","09-11-2021 04:00","0.5"
"10761","Chennai Mylapore (DGPOffice)","Tamil Nadu SW GW","33","Tamil Nadu","568","Chennai","Mylapore","-","-","-","-","-","-","-","-","13.04138889","80.27916667","09-11-2021 08:00","0.5"
"10762","Chennai Mylapore (DGPOffice)","Tamil Nadu SW GW","33","Tamil Nadu","568","Chennai","Mylapore","-","-","-","-","-","-","-","-","13.04138889","80.27916667","09-11-2021 13:00","5"
"10763","Chennai Mylapore (DGPOffice)","Tamil Nadu SW GW","33","Tamil Nadu","568","Chennai","Mylapore","-","-","-","-","-","-","-","-","13.04138889","80.27916667","09-11-2021 14:00","0.5"
"10764","Chennai Mylapore (DGPOffice)","Tamil Nadu SW GW","33","Tamil Nadu","568","Chennai","Mylapore","-","-","-","-","-","-","-","-","13.04138889","80.27916667","09-11-2021 20:00","0.5"
"10765","Chennai Mylapore (DGPOffice)","Tamil Nadu SW GW","33","Tamil Nadu","568","Chennai","Mylapore","-","-","-","-","-","-","-","-","13.04138889","80.27916667","09-11-2021 22:00","1"
"10766","Chennai Mylapore (DGPOffice)","Tamil Nadu SW GW","33","Tamil Nadu","568","Chennai","Mylapore","-","-","-","-","-","-","-","-","13.04138889","80.27916667","10-11-2021 02:00","1"
"10767","Chennai Mylapore (DGPOffice)","Tamil Nadu SW GW","33","Tamil Nadu","568","Chennai","Mylapore","-","-","-","-","-","-","-","-","13.04138889","80.27916667","10-11-2021 04:00","5"
"10768","Chennai Mylapore (DGPOffice)","Tamil Nadu SW GW","33","Tamil Nadu","568","Chennai","Mylapore","-","-","-","-","-","-","-","-","13.04138889","80.27916667","10-11-2021 05:00","1"
"10769","Chennai Mylapore (DGPOffice)","Tamil Nadu SW GW","33","Tamil Nadu","568","Chennai","Mylapore","-","-","-","-","-","-","-","-","13.04138889","80.27916667","10-11-2021 06:00","14"
"10770","Chennai Mylapore (DGPOffice)","Tamil Nadu SW GW","33","Tamil Nadu","568","Chennai","Mylapore","-","-","-","-","-","-","-","-","13.04138889","80.27916667","10-11-2021 07:00","3"
"10771","Chennai Mylapore (DGPOffice)","Tamil Nadu SW GW","33","Tamil Nadu","568","Chennai","Mylapore","-","-","-","-","-","-","-","-","13.04138889","80.27916667","10-11-2021 12:00","1"
"10772","Chennai Mylapore (DGPOffice)","Tamil Nadu SW GW","33","Tamil Nadu","568","Chennai","Mylapore","-","-","-","-","-","-","-","-","13.04138889","80.27916667","10-11-2021 13:00","13"
"10773","Chennai Mylapore (DGPOffice)","Tamil Nadu SW GW","33","Tamil Nadu","568","Chennai","Mylapore","-","-","-","-","-","-","-","-","13.04138889","80.27916667","10-11-2021 15:00","3.5"
"10774","Chennai Mylapore (DGPOffice)","Tamil Nadu SW GW","33","Tamil Nadu","568","Chennai","Mylapore","-","-","-","-","-","-","-","-","13.04138889","80.27916667","10-11-2021 19:00","16.5"
"10775","Chennai Mylapore (DGPOffice)","Tamil Nadu SW GW","33","Tamil Nadu","568","Chennai","Mylapore","-","-","-","-","-","-","-","-","13.04138889","80.27916667","10-11-2021 20:00","4"
"10776","Chennai Mylapore (DGPOffice)","Tamil Nadu SW GW","33","Tamil Nadu","568","Chennai","Mylapore","-","-","-","-","-","-","-","-","13.04138889","80.27916667","10-11-2021 21:00","7"
"10777","Chennai Mylapore (DGPOffice)","Tamil Nadu SW GW","33","Tamil Nadu","568","Chennai","Mylapore","-","-","-","-","-","-","-","-","13.04138889","80.27916667","10-11-2021 22:00","4.5"
"10778","Chennai Mylapore (DGPOffice)","Tamil Nadu SW GW","33","Tamil Nadu","568","Chennai","Mylapore","-","-","-","-","-","-","-","-","13.04138889","80.27916667","10-11-2021 23:00","12"
"10779","Chennai Mylapore (DGPOffice)","Tamil Nadu SW GW","33","Tamil Nadu","568","Chennai","Mylapore","-","-","-","-","-","-","-","-","13.04138889","80.27916667","11-11-2021 00:00","18.5"
"10780","Chennai Mylapore (DGPOffice)","Tamil Nadu SW GW","33","Tamil Nadu","568","Chennai","Mylapore","-","-","-","-","-","-","-","-","13.04138889","80.27916667","11-11-2021 01:00","18"
"10781","Chennai Mylapore (DGPOffice)","Tamil Nadu SW GW","33","Tamil Nadu","568","Chennai","Mylapore","-","-","-","-","-","-","-","-","13.04138889","80.27916667","11-11-2021 02:00","21.5"
"10782","Chennai Mylapore (DGPOffice)","Tamil Nadu SW GW","33","Tamil Nadu","568","Chennai","Mylapore","-","-","-","-","-","-","-","-","13.04138889","80.27916667","11-11-2021 03:00","13.5"
"10783","Chennai Mylapore (DGPOffice)","Tamil Nadu SW GW","33","Tamil Nadu","568","Chennai","Mylapore","-","-","-","-","-","-","-","-","13.04138889","80.27916667","11-11-2021 04:00","8"
"10784","Chennai Mylapore (DGPOffice)","Tamil Nadu SW GW","33","Tamil Nadu","568","Chennai","Mylapore","-","-","-","-","-","-","-","-","13.04138889","80.27916667","11-11-2021 05:00","5"
"10785","Chennai Mylapore (DGPOffice)","Tamil Nadu SW GW","33","Tamil Nadu","568","Chennai","Mylapore","-","-","-","-","-","-","-","-","13.04138889","80.27916667","11-11-2021 06:00","2.5"
"10786","Chennai Mylapore (DGPOffice)","Tamil Nadu SW GW","33","Tamil Nadu","568","Chennai","Mylapore","-","-","-","-","-","-","-","-","13.04138889","80.27916667","11-11-2021 07:00","8"
"10787","Chennai Mylapore (DGPOffice)","Tamil Nadu SW GW","33","Tamil Nadu","568","Chennai","Mylapore","-","-","-","-","-","-","-","-","13.04138889","80.27916667","11-11-2021 08:00","6.5"
"10788","Chennai Mylapore (DGPOffice)","Tamil Nadu SW GW","33","Tamil Nadu","568","Chennai","Mylapore","-","-","-","-","-","-","-","-","13.04138889","80.27916667","11-11-2021 09:00","0.5"
"10789","Chennai Mylapore (DGPOffice)","Tamil Nadu SW GW","33","Tamil Nadu","568","Chennai","Mylapore","-","-","-","-","-","-","-","-","13.04138889","80.27916667","11-11-2021 10:00","7"
"10790","Chennai Mylapore (DGPOffice)","Tamil Nadu SW GW","33","Tamil Nadu","568","Chennai","Mylapore","-","-","-","-","-","-","-","-","13.04138889","80.27916667","11-11-2021 11:00","10"
"10791","Chennai Mylapore (DGPOffice)","Tamil Nadu SW GW","33","Tamil Nadu","568","Chennai","Mylapore","-","-","-","-","-","-","-","-","13.04138889","80.27916667","11-11-2021 12:00","20.5"
"10792","Chennai Mylapore (DGPOffice)","Tamil Nadu SW GW","33","Tamil Nadu","568","Chennai","Mylapore","-","-","-","-","-","-","-","-","13.04138889","80.27916667","11-11-2021 13:00","18.5"
"10793","Chennai Mylapore (DGPOffice)","Tamil Nadu SW GW","33","Tamil Nadu","568","Chennai","Mylapore","-","-","-","-","-","-","-","-","13.04138889","80.27916667","11-11-2021 14:00","1"
"10794","Chennai Mylapore (DGPOffice)","Tamil Nadu SW GW","33","Tamil Nadu","568","Chennai","Mylapore","-","-","-","-","-","-","-","-","13.04138889","80.27916667","13-11-2021 00:00","0.5"
"10795","Chennai Mylapore (DGPOffice)","Tamil Nadu SW GW","33","Tamil Nadu","568","Chennai","Mylapore","-","-","-","-","-","-","-","-","13.04138889","80.27916667","15-11-2021 04:00","1.5"
"10796","Chennai Mylapore (DGPOffice)","Tamil Nadu SW GW","33","Tamil Nadu","568","Chennai","Mylapore","-","-","-","-","-","-","-","-","13.04138889","80.27916667","15-11-2021 05:00","1"
"10797","Chennai Mylapore (DGPOffice)","Tamil Nadu SW GW","33","Tamil Nadu","568","Chennai","Mylapore","-","-","-","-","-","-","-","-","13.04138889","80.27916667","17-11-2021 00:00","1"
"10798","Chennai Mylapore (DGPOffice)","Tamil Nadu SW GW","33","Tamil Nadu","568","Chennai","Mylapore","-","-","-","-","-","-","-","-","13.04138889","80.27916667","17-11-2021 13:00","1"
"10799","Chennai Mylapore (DGPOffice)","Tamil Nadu SW GW","33","Tamil Nadu","568","Chennai","Mylapore","-","-","-","-","-","-","-","-","13.04138889","80.27916667","17-11-2021 14:00","1"
"10800","Chennai Mylapore (DGPOffice)","Tamil Nadu SW GW","33","Tamil Nadu","568","Chennai","Mylapore","-","-","-","-","-","-","-","-","13.04138889","80.27916667","17-11-2021 16:00","2"
"10801","Chennai Mylapore (DGPOffice)","Tamil Nadu SW GW","33","Tamil Nadu","568","Chennai","Mylapore","-","-","-","-","-","-","-","-","13.04138889","80.27916667","17-11-2021 21:00","5"
"10802","Chennai Mylapore (DGPOffice)","Tamil Nadu SW GW","33","Tamil Nadu","568","Chennai","Mylapore","-","-","-","-","-","-","-","-","13.04138889","80.27916667","18-11-2021 02:00","8.5"
"10803","Chennai Mylapore (DGPOffice)","Tamil Nadu SW GW","33","Tamil Nadu","568","Chennai","Mylapore","-","-","-","-","-","-","-","-","13.04138889","80.27916667","18-11-2021 03:00","2.5"
"10804","Chennai Mylapore (DGPOffice)","Tamil Nadu SW GW","33","Tamil Nadu","568","Chennai","Mylapore","-","-","-","-","-","-","-","-","13.04138889","80.27916667","18-11-2021 04:00","1"
"10805","Chennai Mylapore (DGPOffice)","Tamil Nadu SW GW","33","Tamil Nadu","568","Chennai","Mylapore","-","-","-","-","-","-","-","-","13.04138889","80.27916667","18-11-2021 09:00","2.5"
"10806","Chennai Mylapore (DGPOffice)","Tamil Nadu SW GW","33","Tamil Nadu","568","Chennai","Mylapore","-","-","-","-","-","-","-","-","13.04138889","80.27916667","18-11-2021 11:00","13.5"
"10807","Chennai Mylapore (DGPOffice)","Tamil Nadu SW GW","33","Tamil Nadu","568","Chennai","Mylapore","-","-","-","-","-","-","-","-","13.04138889","80.27916667","18-11-2021 12:00","5"
"10808","Chennai Mylapore (DGPOffice)","Tamil Nadu SW GW","33","Tamil Nadu","568","Chennai","Mylapore","-","-","-","-","-","-","-","-","13.04138889","80.27916667","18-11-2021 14:00","6"
"10809","Chennai Mylapore (DGPOffice)","Tamil Nadu SW GW","33","Tamil Nadu","568","Chennai","Mylapore","-","-","-","-","-","-","-","-","13.04138889","80.27916667","18-11-2021 15:00","0.5"
"10810","Chennai Mylapore (DGPOffice)","Tamil Nadu SW GW","33","Tamil Nadu","568","Chennai","Mylapore","-","-","-","-","-","-","-","-","13.04138889","80.27916667","18-11-2021 16:00","1.5"
"10811","Chennai Mylapore (DGPOffice)","Tamil Nadu SW GW","33","Tamil Nadu","568","Chennai","Mylapore","-","-","-","-","-","-","-","-","13.04138889","80.27916667","18-11-2021 17:00","4.5"
"10812","Chennai Mylapore (DGPOffice)","Tamil Nadu SW GW","33","Tamil Nadu","568","Chennai","Mylapore","-","-","-","-","-","-","-","-","13.04138889","80.27916667","18-11-2021 18:00","2"
"10813","Chennai Mylapore (DGPOffice)","Tamil Nadu SW GW","33","Tamil Nadu","568","Chennai","Mylapore","-","-","-","-","-","-","-","-","13.04138889","80.27916667","18-11-2021 21:00","3.5"
"10814","Chennai Mylapore (DGPOffice)","Tamil Nadu SW GW","33","Tamil Nadu","568","Chennai","Mylapore","-","-","-","-","-","-","-","-","13.04138889","80.27916667","18-11-2021 22:00","5"
"10815","Chennai Mylapore (DGPOffice)","Tamil Nadu SW GW","33","Tamil Nadu","568","Chennai","Mylapore","-","-","-","-","-","-","-","-","13.04138889","80.27916667","19-11-2021 06:00","0.5"
"10816","Chennai Mylapore (DGPOffice)","Tamil Nadu SW GW","33","Tamil Nadu","568","Chennai","Mylapore","-","-","-","-","-","-","-","-","13.04138889","80.27916667","19-11-2021 16:00","1"
"10817","Chennai Mylapore (DGPOffice)","Tamil Nadu SW GW","33","Tamil Nadu","568","Chennai","Mylapore","-","-","-","-","-","-","-","-","13.04138889","80.27916667","19-11-2021 17:00","0.5"
"10818","Chennai Mylapore (DGPOffice)","Tamil Nadu SW GW","33","Tamil Nadu","568","Chennai","Mylapore","-","-","-","-","-","-","-","-","13.04138889","80.27916667","20-11-2021 03:00","0.5"
"10819","Chennai Mylapore (DGPOffice)","Tamil Nadu SW GW","33","Tamil Nadu","568","Chennai","Mylapore","-","-","-","-","-","-","-","-","13.04138889","80.27916667","20-11-2021 05:00","0.5"
"10820","Chennai Mylapore (DGPOffice)","Tamil Nadu SW GW","33","Tamil Nadu","568","Chennai","Mylapore","-","-","-","-","-","-","-","-","13.04138889","80.27916667","20-11-2021 06:00","1.5"
"10821","Chennai Mylapore (DGPOffice)","Tamil Nadu SW GW","33","Tamil Nadu","568","Chennai","Mylapore","-","-","-","-","-","-","-","-","13.04138889","80.27916667","20-11-2021 09:00","1.5"
"10822","Chennai Mylapore (DGPOffice)","Tamil Nadu SW GW","33","Tamil Nadu","568","Chennai","Mylapore","-","-","-","-","-","-","-","-","13.04138889","80.27916667","20-11-2021 10:00","1"
"10823","Chennai Mylapore (DGPOffice)","Tamil Nadu SW GW","33","Tamil Nadu","568","Chennai","Mylapore","-","-","-","-","-","-","-","-","13.04138889","80.27916667","22-11-2021 06:00","2.5"
"10824","Chennai Mylapore (DGPOffice)","Tamil Nadu SW GW","33","Tamil Nadu","568","Chennai","Mylapore","-","-","-","-","-","-","-","-","13.04138889","80.27916667","22-11-2021 09:00","22"
"10825","Chennai Mylapore (DGPOffice)","Tamil Nadu SW GW","33","Tamil Nadu","568","Chennai","Mylapore","-","-","-","-","-","-","-","-","13.04138889","80.27916667","22-11-2021 10:00","6"
"10826","Chennai Mylapore (DGPOffice)","Tamil Nadu SW GW","33","Tamil Nadu","568","Chennai","Mylapore","-","-","-","-","-","-","-","-","13.04138889","80.27916667","25-11-2021 07:00","7.5"
"10827","Chennai Mylapore (DGPOffice)","Tamil Nadu SW GW","33","Tamil Nadu","568","Chennai","Mylapore","-","-","-","-","-","-","-","-","13.04138889","80.27916667","25-11-2021 08:00","1"
"10828","Chennai Mylapore (DGPOffice)","Tamil Nadu SW GW","33","Tamil Nadu","568","Chennai","Mylapore","-","-","-","-","-","-","-","-","13.04138889","80.27916667","25-11-2021 13:00","1"
"10829","Chennai Mylapore (DGPOffice)","Tamil Nadu SW GW","33","Tamil Nadu","568","Chennai","Mylapore","-","-","-","-","-","-","-","-","13.04138889","80.27916667","25-11-2021 19:00","3.5"
"10830","Chennai Mylapore (DGPOffice)","Tamil Nadu SW GW","33","Tamil Nadu","568","Chennai","Mylapore","-","-","-","-","-","-","-","-","13.04138889","80.27916667","25-11-2021 20:00","0.5"
"10831","Chennai Mylapore (DGPOffice)","Tamil Nadu SW GW","33","Tamil Nadu","568","Chennai","Mylapore","-","-","-","-","-","-","-","-","13.04138889","80.27916667","25-11-2021 21:00","2.5"
"10832","Chennai Mylapore (DGPOffice)","Tamil Nadu SW GW","33","Tamil Nadu","568","Chennai","Mylapore","-","-","-","-","-","-","-","-","13.04138889","80.27916667","25-11-2021 22:00","7.5"
"10833","Chennai Mylapore (DGPOffice)","Tamil Nadu SW GW","33","Tamil Nadu","568","Chennai","Mylapore","-","-","-","-","-","-","-","-","13.04138889","80.27916667","25-11-2021 23:00","15.5"
"10834","Chennai Mylapore (DGPOffice)","Tamil Nadu SW GW","33","Tamil Nadu","568","Chennai","Mylapore","-","-","-","-","-","-","-","-","13.04138889","80.27916667","26-11-2021 00:00","11.5"
"10835","Chennai Mylapore (DGPOffice)","Tamil Nadu SW GW","33","Tamil Nadu","568","Chennai","Mylapore","-","-","-","-","-","-","-","-","13.04138889","80.27916667","26-11-2021 01:00","0.5"
"10836","Chennai Mylapore (DGPOffice)","Tamil Nadu SW GW","33","Tamil Nadu","568","Chennai","Mylapore","-","-","-","-","-","-","-","-","13.04138889","80.27916667","26-11-2021 02:00","1"
"10837","Chennai Mylapore (DGPOffice)","Tamil Nadu SW GW","33","Tamil Nadu","568","Chennai","Mylapore","-","-","-","-","-","-","-","-","13.04138889","80.27916667","26-11-2021 03:00","2"
"10838","Chennai Mylapore (DGPOffice)","Tamil Nadu SW GW","33","Tamil Nadu","568","Chennai","Mylapore","-","-","-","-","-","-","-","-","13.04138889","80.27916667","26-11-2021 04:00","5.5"
"10839","Chennai Mylapore (DGPOffice)","Tamil Nadu SW GW","33","Tamil Nadu","568","Chennai","Mylapore","-","-","-","-","-","-","-","-","13.04138889","80.27916667","26-11-2021 05:00","0.5"
"10840","Chennai Mylapore (DGPOffice)","Tamil Nadu SW GW","33","Tamil Nadu","568","Chennai","Mylapore","-","-","-","-","-","-","-","-","13.04138889","80.27916667","26-11-2021 07:00","0.5"
"10841","Chennai Mylapore (DGPOffice)","Tamil Nadu SW GW","33","Tamil Nadu","568","Chennai","Mylapore","-","-","-","-","-","-","-","-","13.04138889","80.27916667","26-11-2021 08:00","1"
"10842","Chennai Mylapore (DGPOffice)","Tamil Nadu SW GW","33","Tamil Nadu","568","Chennai","Mylapore","-","-","-","-","-","-","-","-","13.04138889","80.27916667","26-11-2021 13:00","11.5"
"10843","Chennai Mylapore (DGPOffice)","Tamil Nadu SW GW","33","Tamil Nadu","568","Chennai","Mylapore","-","-","-","-","-","-","-","-","13.04138889","80.27916667","26-11-2021 14:00","24"
"10844","Chennai Mylapore (DGPOffice)","Tamil Nadu SW GW","33","Tamil Nadu","568","Chennai","Mylapore","-","-","-","-","-","-","-","-","13.04138889","80.27916667","26-11-2021 15:00","0.5"
"10845","Chennai Mylapore (DGPOffice)","Tamil Nadu SW GW","33","Tamil Nadu","568","Chennai","Mylapore","-","-","-","-","-","-","-","-","13.04138889","80.27916667","26-11-2021 16:00","0.5"
"10846","Chennai Mylapore (DGPOffice)","Tamil Nadu SW GW","33","Tamil Nadu","568","Chennai","Mylapore","-","-","-","-","-","-","-","-","13.04138889","80.27916667","26-11-2021 22:00","1"
"10847","Chennai Mylapore (DGPOffice)","Tamil Nadu SW GW","33","Tamil Nadu","568","Chennai","Mylapore","-","-","-","-","-","-","-","-","13.04138889","80.27916667","27-11-2021 00:00","11.5"
"10848","Chennai Mylapore (DGPOffice)","Tamil Nadu SW GW","33","Tamil Nadu","568","Chennai","Mylapore","-","-","-","-","-","-","-","-","13.04138889","80.27916667","27-11-2021 01:00","2.5"
"10849","Chennai Mylapore (DGPOffice)","Tamil Nadu SW GW","33","Tamil Nadu","568","Chennai","Mylapore","-","-","-","-","-","-","-","-","13.04138889","80.27916667","27-11-2021 02:00","3"
"10850","Chennai Mylapore (DGPOffice)","Tamil Nadu SW GW","33","Tamil Nadu","568","Chennai","Mylapore","-","-","-","-","-","-","-","-","13.04138889","80.27916667","27-11-2021 03:00","2.5"
"10851","Chennai Mylapore (DGPOffice)","Tamil Nadu SW GW","33","Tamil Nadu","568","Chennai","Mylapore","-","-","-","-","-","-","-","-","13.04138889","80.27916667","27-11-2021 04:00","10.5"
"10852","Chennai Mylapore (DGPOffice)","Tamil Nadu SW GW","33","Tamil Nadu","568","Chennai","Mylapore","-","-","-","-","-","-","-","-","13.04138889","80.27916667","27-11-2021 05:00","4"
"10853","Chennai Mylapore (DGPOffice)","Tamil Nadu SW GW","33","Tamil Nadu","568","Chennai","Mylapore","-","-","-","-","-","-","-","-","13.04138889","80.27916667","27-11-2021 06:00","17"
"10854","Chennai Mylapore (DGPOffice)","Tamil Nadu SW GW","33","Tamil Nadu","568","Chennai","Mylapore","-","-","-","-","-","-","-","-","13.04138889","80.27916667","27-11-2021 07:00","13.5"
"10855","Chennai Mylapore (DGPOffice)","Tamil Nadu SW GW","33","Tamil Nadu","568","Chennai","Mylapore","-","-","-","-","-","-","-","-","13.04138889","80.27916667","27-11-2021 08:00","1.5"
"10856","Chennai Mylapore (DGPOffice)","Tamil Nadu SW GW","33","Tamil Nadu","568","Chennai","Mylapore","-","-","-","-","-","-","-","-","13.04138889","80.27916667","27-11-2021 09:00","1.5"
"10857","Chennai Mylapore (DGPOffice)","Tamil Nadu SW GW","33","Tamil Nadu","568","Chennai","Mylapore","-","-","-","-","-","-","-","-","13.04138889","80.27916667","27-11-2021 10:00","1"
"10858","Chennai Mylapore (DGPOffice)","Tamil Nadu SW GW","33","Tamil Nadu","568","Chennai","Mylapore","-","-","-","-","-","-","-","-","13.04138889","80.27916667","27-11-2021 18:00","0.5"
"10859","Chennai Mylapore (DGPOffice)","Tamil Nadu SW GW","33","Tamil Nadu","568","Chennai","Mylapore","-","-","-","-","-","-","-","-","13.04138889","80.27916667","27-11-2021 19:00","9"
"10860","Chennai Mylapore (DGPOffice)","Tamil Nadu SW GW","33","Tamil Nadu","568","Chennai","Mylapore","-","-","-","-","-","-","-","-","13.04138889","80.27916667","27-11-2021 20:00","8.5"
"10861","Chennai Mylapore (DGPOffice)","Tamil Nadu SW GW","33","Tamil Nadu","568","Chennai","Mylapore","-","-","-","-","-","-","-","-","13.04138889","80.27916667","27-11-2021 22:00","4.5"
"10862","Chennai Mylapore (DGPOffice)","Tamil Nadu SW GW","33","Tamil Nadu","568","Chennai","Mylapore","-","-","-","-","-","-","-","-","13.04138889","80.27916667","28-11-2021 00:00","0.5"
"10863","Chennai Mylapore (DGPOffice)","Tamil Nadu SW GW","33","Tamil Nadu","568","Chennai","Mylapore","-","-","-","-","-","-","-","-","13.04138889","80.27916667","28-11-2021 02:00","0.5"
"10864","Chennai Mylapore (DGPOffice)","Tamil Nadu SW GW","33","Tamil Nadu","568","Chennai","Mylapore","-","-","-","-","-","-","-","-","13.04138889","80.27916667","28-11-2021 04:00","2"
"10865","Chennai Mylapore (DGPOffice)","Tamil Nadu SW GW","33","Tamil Nadu","568","Chennai","Mylapore","-","-","-","-","-","-","-","-","13.04138889","80.27916667","28-11-2021 05:00","0.5"
"10866","Chennai Mylapore (DGPOffice)","Tamil Nadu SW GW","33","Tamil Nadu","568","Chennai","Mylapore","-","-","-","-","-","-","-","-","13.04138889","80.27916667","28-11-2021 06:00","0.5"
"10867","Chennai Mylapore (DGPOffice)","Tamil Nadu SW GW","33","Tamil Nadu","568","Chennai","Mylapore","-","-","-","-","-","-","-","-","13.04138889","80.27916667","28-11-2021 13:00","1"
"10868","Chennai Mylapore (DGPOffice)","Tamil Nadu SW GW","33","Tamil Nadu","568","Chennai","Mylapore","-","-","-","-","-","-","-","-","13.04138889","80.27916667","28-11-2021 14:00","0.5"
"10869","Chennai Mylapore (DGPOffice)","Tamil Nadu SW GW","33","Tamil Nadu","568","Chennai","Mylapore","-","-","-","-","-","-","-","-","13.04138889","80.27916667","28-11-2021 15:00","0.5"
"10870","Chennai Mylapore (DGPOffice)","Tamil Nadu SW GW","33","Tamil Nadu","568","Chennai","Mylapore","-","-","-","-","-","-","-","-","13.04138889","80.27916667","28-11-2021 16:00","0.5"
"10871","Chennai Mylapore (DGPOffice)","Tamil Nadu SW GW","33","Tamil Nadu","568","Chennai","Mylapore","-","-","-","-","-","-","-","-","13.04138889","80.27916667","28-11-2021 18:00","12"
"10872","Chennai Mylapore (DGPOffice)","Tamil Nadu SW GW","33","Tamil Nadu","568","Chennai","Mylapore","-","-","-","-","-","-","-","-","13.04138889","80.27916667","28-11-2021 21:00","1.5"
"10873","Chennai Mylapore (DGPOffice)","Tamil Nadu SW GW","33","Tamil Nadu","568","Chennai","Mylapore","-","-","-","-","-","-","-","-","13.04138889","80.27916667","29-11-2021 01:00","0.5"
"10874","Chennai Mylapore (DGPOffice)","Tamil Nadu SW GW","33","Tamil Nadu","568","Chennai","Mylapore","-","-","-","-","-","-","-","-","13.04138889","80.27916667","29-11-2021 09:00","0.5"
"10875","Chennai Mylapore (DGPOffice)","Tamil Nadu SW GW","33","Tamil Nadu","568","Chennai","Mylapore","-","-","-","-","-","-","-","-","13.04138889","80.27916667","29-11-2021 12:00","1.5"
"10876","Chennai Mylapore (DGPOffice)","Tamil Nadu SW GW","33","Tamil Nadu","568","Chennai","Mylapore","-","-","-","-","-","-","-","-","13.04138889","80.27916667","29-11-2021 14:00","2.5"
"10877","Chennai Mylapore (DGPOffice)","Tamil Nadu SW GW","33","Tamil Nadu","568","Chennai","Mylapore","-","-","-","-","-","-","-","-","13.04138889","80.27916667","29-11-2021 16:00","8.5"
"10878","Chennai Mylapore (DGPOffice)","Tamil Nadu SW GW","33","Tamil Nadu","568","Chennai","Mylapore","-","-","-","-","-","-","-","-","13.04138889","80.27916667","30-11-2021 18:00","0.5"
"10879","Chennai Mylapore (DGPOffice)","Tamil Nadu SW GW","33","Tamil Nadu","568","Chennai","Mylapore","-","-","-","-","-","-","-","-","13.04138889","80.27916667","30-11-2021 23:00","2.5"
"10880","Chennai Mylapore (DGPOffice)","Tamil Nadu SW GW","33","Tamil Nadu","568","Chennai","Mylapore","-","-","-","-","-","-","-","-","13.04138889","80.27916667","30-12-2021 13:00","13"
"10881","Chennai Mylapore (DGPOffice)","Tamil Nadu SW GW","33","Tamil Nadu","568","Chennai","Mylapore","-","-","-","-","-","-","-","-","13.04138889","80.27916667","30-12-2021 14:00","2.5"
"10882","Chennai Mylapore (DGPOffice)","Tamil Nadu SW GW","33","Tamil Nadu","568","Chennai","Mylapore","-","-","-","-","-","-","-","-","13.04138889","80.27916667","30-12-2021 15:00","27"
"10883","Chennai Mylapore (DGPOffice)","Tamil Nadu SW GW","33","Tamil Nadu","568","Chennai","Mylapore","-","-","-","-","-","-","-","-","13.04138889","80.27916667","30-12-2021 16:00","42"
"10884","Chennai Mylapore (DGPOffice)","Tamil Nadu SW GW","33","Tamil Nadu","568","Chennai","Mylapore","-","-","-","-","-","-","-","-","13.04138889","80.27916667","30-12-2021 17:00","62"
"10885","Chennai Mylapore (DGPOffice)","Tamil Nadu SW GW","33","Tamil Nadu","568","Chennai","Mylapore","-","-","-","-","-","-","-","-","13.04138889","80.27916667","30-12-2021 18:00","60"
"10886","Chennai Mylapore (DGPOffice)","Tamil Nadu SW GW","33","Tamil Nadu","568","Chennai","Mylapore","-","-","-","-","-","-","-","-","13.04138889","80.27916667","30-12-2021 19:00","23"
"10887","Chennai Mylapore (DGPOffice)","Tamil Nadu SW GW","33","Tamil Nadu","568","Chennai","Mylapore","-","-","-","-","-","-","-","-","13.04138889","80.27916667","30-12-2021 20:00","7.5"
"10888","Chennai Mylapore (DGPOffice)","Tamil Nadu SW GW","33","Tamil Nadu","568","Chennai","Mylapore","-","-","-","-","-","-","-","-","13.04138889","80.27916667","30-12-2021 21:00","1"
"10889","Chennai Mylapore (DGPOffice)","Tamil Nadu SW GW","33","Tamil Nadu","568","Chennai","Mylapore","-","-","-","-","-","-","-","-","13.04138889","80.27916667","30-12-2021 22:00","3.5"
"10890","Chennai Mylapore (DGPOffice)","Tamil Nadu SW GW","33","Tamil Nadu","568","Chennai","Mylapore","-","-","-","-","-","-","-","-","13.04138889","80.27916667","30-12-2021 23:00","2.5"
"10891","Chennai Mylapore (DGPOffice)","Tamil Nadu SW GW","33","Tamil Nadu","568","Chennai","Mylapore","-","-","-","-","-","-","-","-","13.04138889","80.27916667","31-12-2021 14:00","2.5"
"10892","Chennai Mylapore (DGPOffice)","Tamil Nadu SW GW","33","Tamil Nadu","568","Chennai","Mylapore","-","-","-","-","-","-","-","-","13.04138889","80.27916667","31-12-2021 16:00","12.5"
"10893","Chennai Mylapore (DGPOffice)","Tamil Nadu SW GW","33","Tamil Nadu","568","Chennai","Mylapore","-","-","-","-","-","-","-","-","13.04138889","80.27916667","31-12-2021 17:00","1"
"10894","Chennai Mylapore (DGPOffice)","Tamil Nadu SW GW","33","Tamil Nadu","568","Chennai","Mylapore","-","-","-","-","-","-","-","-","13.04138889","80.27916667","31-12-2021 18:00","0.5"
"10895","Chennai Mylapore (DGPOffice)","Tamil Nadu SW GW","33","Tamil Nadu","568","Chennai","Mylapore","-","-","-","-","-","-","-","-","13.04138889","80.27916667","31-12-2021 20:00","0.5"
"10896","Chennai Mylapore (DGPOffice)","Tamil Nadu SW GW","33","Tamil Nadu","568","Chennai","Mylapore","-","-","-","-","-","-","-","-","13.04138889","80.27916667","14-01-2022 05:00","0.5"
"10897","Chennai Mylapore (DGPOffice)","Tamil Nadu SW GW","33","Tamil Nadu","568","Chennai","Mylapore","-","-","-","-","-","-","-","-","13.04138889","80.27916667","17-01-2022 07:00","2"
"10898","Chennai Mylapore (DGPOffice)","Tamil Nadu SW GW","33","Tamil Nadu","568","Chennai","Mylapore","-","-","-","-","-","-","-","-","13.04138889","80.27916667","17-01-2022 08:00","1.5"
"10899","Chennai Mylapore (DGPOffice)","Tamil Nadu SW GW","33","Tamil Nadu","568","Chennai","Mylapore","-","-","-","-","-","-","-","-","13.04138889","80.27916667","17-01-2022 09:00","2"
"10900","Chennai Mylapore (DGPOffice)","Tamil Nadu SW GW","33","Tamil Nadu","568","Chennai","Mylapore","-","-","-","-","-","-","-","-","13.04138889","80.27916667","17-01-2022 11:00","1.5"
"10901","Chennai Mylapore (DGPOffice)","Tamil Nadu SW GW","33","Tamil Nadu","568","Chennai","Mylapore","-","-","-","-","-","-","-","-","13.04138889","80.27916667","17-01-2022 16:00","1.5"
"10902","Chennai Mylapore (DGPOffice)","Tamil Nadu SW GW","33","Tamil Nadu","568","Chennai","Mylapore","-","-","-","-","-","-","-","-","13.04138889","80.27916667","13-04-2022 03:00","1"
"10903","Chennai Mylapore (DGPOffice)","Tamil Nadu SW GW","33","Tamil Nadu","568","Chennai","Mylapore","-","-","-","-","-","-","-","-","13.04138889","80.27916667","14-06-2022 14:25","8.5"
"10904","Chennai Mylapore (DGPOffice)","Tamil Nadu SW GW","33","Tamil Nadu","568","Chennai","Mylapore","-","-","-","-","-","-","-","-","13.04138889","80.27916667","14-06-2022 15:00","8.5"
"10905","Chennai Mylapore (DGPOffice)","Tamil Nadu SW GW","33","Tamil Nadu","568","Chennai","Mylapore","-","-","-","-","-","-","-","-","13.04138889","80.27916667","18-06-2022 06:00","5.5"
"10906","Chennai Mylapore (DGPOffice)","Tamil Nadu SW GW","33","Tamil Nadu","568","Chennai","Mylapore","-","-","-","-","-","-","-","-","13.04138889","80.27916667","19-06-2022 21:00","0.5"
"10907","Chennai Mylapore (DGPOffice)","Tamil Nadu SW GW","33","Tamil Nadu","568","Chennai","Mylapore","-","-","-","-","-","-","-","-","13.04138889","80.27916667","19-06-2022 23:00","12.5"
"10908","Chennai Mylapore (DGPOffice)","Tamil Nadu SW GW","33","Tamil Nadu","568","Chennai","Mylapore","-","-","-","-","-","-","-","-","13.04138889","80.27916667","20-06-2022 00:00","27"
"10909","Chennai Mylapore (DGPOffice)","Tamil Nadu SW GW","33","Tamil Nadu","568","Chennai","Mylapore","-","-","-","-","-","-","-","-","13.04138889","80.27916667","20-06-2022 01:00","10.5"
"10910","Chennai Mylapore (DGPOffice)","Tamil Nadu SW GW","33","Tamil Nadu","568","Chennai","Mylapore","-","-","-","-","-","-","-","-","13.04138889","80.27916667","20-06-2022 03:00","25"
"10911","Chennai Mylapore (DGPOffice)","Tamil Nadu SW GW","33","Tamil Nadu","568","Chennai","Mylapore","-","-","-","-","-","-","-","-","13.04138889","80.27916667","20-06-2022 04:00","1"
"10912","Chennai Mylapore (DGPOffice)","Tamil Nadu SW GW","33","Tamil Nadu","568","Chennai","Mylapore","-","-","-","-","-","-","-","-","13.04138889","80.27916667","20-06-2022 19:00","4.5"
"10913","Chennai Mylapore (DGPOffice)","Tamil Nadu SW GW","33","Tamil Nadu","568","Chennai","Mylapore","-","-","-","-","-","-","-","-","13.04138889","80.27916667","20-06-2022 23:00","7"
"10914","Chennai Mylapore (DGPOffice)","Tamil Nadu SW GW","33","Tamil Nadu","568","Chennai","Mylapore","-","-","-","-","-","-","-","-","13.04138889","80.27916667","21-06-2022 00:00","19"
"10915","Chennai Mylapore (DGPOffice)","Tamil Nadu SW GW","33","Tamil Nadu","568","Chennai","Mylapore","-","-","-","-","-","-","-","-","13.04138889","80.27916667","21-06-2022 01:00","1.5"
"10916","Chennai Mylapore (DGPOffice)","Tamil Nadu SW GW","33","Tamil Nadu","568","Chennai","Mylapore","-","-","-","-","-","-","-","-","13.04138889","80.27916667","21-06-2022 02:00","1.5"
"10917","Chennai Mylapore (DGPOffice)","Tamil Nadu SW GW","33","Tamil Nadu","568","Chennai","Mylapore","-","-","-","-","-","-","-","-","13.04138889","80.27916667","21-06-2022 18:00","0.5"
"10918","Chennai Mylapore (DGPOffice)","Tamil Nadu SW GW","33","Tamil Nadu","568","Chennai","Mylapore","-","-","-","-","-","-","-","-","13.04138889","80.27916667","21-06-2022 23:00","2"
"10919","Chennai Mylapore (DGPOffice)","Tamil Nadu SW GW","33","Tamil Nadu","568","Chennai","Mylapore","-","-","-","-","-","-","-","-","13.04138889","80.27916667","22-06-2022 00:00","19.5"
"10920","Chennai Mylapore (DGPOffice)","Tamil Nadu SW GW","33","Tamil Nadu","568","Chennai","Mylapore","-","-","-","-","-","-","-","-","13.04138889","80.27916667","22-06-2022 01:00","7.5"
"10921","Chennai Mylapore (DGPOffice)","Tamil Nadu SW GW","33","Tamil Nadu","568","Chennai","Mylapore","-","-","-","-","-","-","-","-","13.04138889","80.27916667","29-06-2022 23:00","0.5"
"10922","Chennai Mylapore (DGPOffice)","Tamil Nadu SW GW","33","Tamil Nadu","568","Chennai","Mylapore","-","-","-","-","-","-","-","-","13.04138889","80.27916667","04-07-2022 00:00","1.5"
"10923","Chennai Mylapore (DGPOffice)","Tamil Nadu SW GW","33","Tamil Nadu","568","Chennai","Mylapore","-","-","-","-","-","-","-","-","13.04138889","80.27916667","04-07-2022 01:00","0.5"
"10924","Chennai Mylapore (DGPOffice)","Tamil Nadu SW GW","33","Tamil Nadu","568","Chennai","Mylapore","-","-","-","-","-","-","-","-","13.04138889","80.27916667","04-07-2022 02:00","0.5"
"10925","Chennai Mylapore (DGPOffice)","Tamil Nadu SW GW","33","Tamil Nadu","568","Chennai","Mylapore","-","-","-","-","-","-","-","-","13.04138889","80.27916667","04-07-2022 03:00","0.5"
"10926","Chennai Mylapore (DGPOffice)","Tamil Nadu SW GW","33","Tamil Nadu","568","Chennai","Mylapore","-","-","-","-","-","-","-","-","13.04138889","80.27916667","05-07-2022 19:00","0.5"
"10927","Chennai Mylapore (DGPOffice)","Tamil Nadu SW GW","33","Tamil Nadu","568","Chennai","Mylapore","-","-","-","-","-","-","-","-","13.04138889","80.27916667","08-07-2022 03:00","0.5"
"10928","Chennai Mylapore (DGPOffice)","Tamil Nadu SW GW","33","Tamil Nadu","568","Chennai","Mylapore","-","-","-","-","-","-","-","-","13.04138889","80.27916667","03-08-2022 11:00","0.5"
"10929","Chennai Mylapore (DGPOffice)","Tamil Nadu SW GW","33","Tamil Nadu","568","Chennai","Mylapore","-","-","-","-","-","-","-","-","13.04138889","80.27916667","05-10-2022 14:00","0.5"
"10930","Chennai Mylapore (DGPOffice)","Tamil Nadu SW GW","33","Tamil Nadu","568","Chennai","Mylapore","-","-","-","-","-","-","-","-","13.04138889","80.27916667","07-10-2022 15:00","0.5"
"10931","Chennai Mylapore (DGPOffice)","Tamil Nadu SW GW","33","Tamil Nadu","568","Chennai","Mylapore","-","-","-","-","-","-","-","-","13.04138889","80.27916667","08-10-2022 22:00","3.5"
"10932","Chennai Mylapore (DGPOffice)","Tamil Nadu SW GW","33","Tamil Nadu","568","Chennai","Mylapore","-","-","-","-","-","-","-","-","13.04138889","80.27916667","09-10-2022 06:00","0.5"
"10933","Chennai Mylapore (DGPOffice)","Tamil Nadu SW GW","33","Tamil Nadu","568","Chennai","Mylapore","-","-","-","-","-","-","-","-","13.04138889","80.27916667","10-10-2022 01:00","5.5"
"10934","Chennai Mylapore (DGPOffice)","Tamil Nadu SW GW","33","Tamil Nadu","568","Chennai","Mylapore","-","-","-","-","-","-","-","-","13.04138889","80.27916667","10-10-2022 03:00","11"
"10935","Chennai Mylapore (DGPOffice)","Tamil Nadu SW GW","33","Tamil Nadu","568","Chennai","Mylapore","-","-","-","-","-","-","-","-","13.04138889","80.27916667","10-10-2022 04:00","11"
"10936","Chennai Mylapore (DGPOffice)","Tamil Nadu SW GW","33","Tamil Nadu","568","Chennai","Mylapore","-","-","-","-","-","-","-","-","13.04138889","80.27916667","10-10-2022 07:00","2"
"10937","Chennai Mylapore (DGPOffice)","Tamil Nadu SW GW","33","Tamil Nadu","568","Chennai","Mylapore","-","-","-","-","-","-","-","-","13.04138889","80.27916667","11-10-2022 11:00","6"
"10938","Chennai Mylapore (DGPOffice)","Tamil Nadu SW GW","33","Tamil Nadu","568","Chennai","Mylapore","-","-","-","-","-","-","-","-","13.04138889","80.27916667","17-10-2022 01:00","0.5"
"10939","Chennai Mylapore (DGPOffice)","Tamil Nadu SW GW","33","Tamil Nadu","568","Chennai","Mylapore","-","-","-","-","-","-","-","-","13.04138889","80.27916667","17-10-2022 09:00","5.5"
"10940","Chennai Mylapore (DGPOffice)","Tamil Nadu SW GW","33","Tamil Nadu","568","Chennai","Mylapore","-","-","-","-","-","-","-","-","13.04138889","80.27916667","20-10-2022 18:00","2.5"
"10941","Chennai Mylapore (DGPOffice)","Tamil Nadu SW GW","33","Tamil Nadu","568","Chennai","Mylapore","-","-","-","-","-","-","-","-","13.04138889","80.27916667","21-10-2022 02:00","0.5"
"10942","Chennai Mylapore (DGPOffice)","Tamil Nadu SW GW","33","Tamil Nadu","568","Chennai","Mylapore","-","-","-","-","-","-","-","-","13.04138889","80.27916667","21-10-2022 06:00","3.5"
"10943","Chennai Mylapore (DGPOffice)","Tamil Nadu SW GW","33","Tamil Nadu","568","Chennai","Mylapore","-","-","-","-","-","-","-","-","13.04138889","80.27916667","21-10-2022 07:00","29.5"
"10944","Chennai Mylapore (DGPOffice)","Tamil Nadu SW GW","33","Tamil Nadu","568","Chennai","Mylapore","-","-","-","-","-","-","-","-","13.04138889","80.27916667","22-10-2022 04:00","1.5"
"10945","Chennai Mylapore (DGPOffice)","Tamil Nadu SW GW","33","Tamil Nadu","568","Chennai","Mylapore","-","-","-","-","-","-","-","-","13.04138889","80.27916667","22-10-2022 15:00","3"
"10946","Chennai Mylapore (DGPOffice)","Tamil Nadu SW GW","33","Tamil Nadu","568","Chennai","Mylapore","-","-","-","-","-","-","-","-","13.04138889","80.27916667","22-10-2022 16:00","2"
"10947","Chennai Mylapore (DGPOffice)","Tamil Nadu SW GW","33","Tamil Nadu","568","Chennai","Mylapore","-","-","-","-","-","-","-","-","13.04138889","80.27916667","22-10-2022 21:00","0.5"
"10948","Chennai Mylapore (DGPOffice)","Tamil Nadu SW GW","33","Tamil Nadu","568","Chennai","Mylapore","-","-","-","-","-","-","-","-","13.04138889","80.27916667","27-10-2022 08:00","1.5"
"10949","Chennai Mylapore (DGPOffice)","Tamil Nadu SW GW","33","Tamil Nadu","568","Chennai","Mylapore","-","-","-","-","-","-","-","-","13.04138889","80.27916667","27-10-2022 10:00","2"
"10950","Chennai Mylapore (DGPOffice)","Tamil Nadu SW GW","33","Tamil Nadu","568","Chennai","Mylapore","-","-","-","-","-","-","-","-","13.04138889","80.27916667","27-10-2022 11:00","2"
"10951","Chennai Mylapore (DGPOffice)","Tamil Nadu SW GW","33","Tamil Nadu","568","Chennai","Mylapore","-","-","-","-","-","-","-","-","13.04138889","80.27916667","27-10-2022 13:00","0.5"
"10952","Chennai Mylapore (DGPOffice)","Tamil Nadu SW GW","33","Tamil Nadu","568","Chennai","Mylapore","-","-","-","-","-","-","-","-","13.04138889","80.27916667","27-10-2022 19:00","1"
"10953","Chennai Mylapore (DGPOffice)","Tamil Nadu SW GW","33","Tamil Nadu","568","Chennai","Mylapore","-","-","-","-","-","-","-","-","13.04138889","80.27916667","28-10-2022 01:00","0.5"
"10954","Chennai Mylapore (DGPOffice)","Tamil Nadu SW GW","33","Tamil Nadu","568","Chennai","Mylapore","-","-","-","-","-","-","-","-","13.04138889","80.27916667","31-10-2022 01:00","1.5"
"10955","Chennai Mylapore (DGPOffice)","Tamil Nadu SW GW","33","Tamil Nadu","568","Chennai","Mylapore","-","-","-","-","-","-","-","-","13.04138889","80.27916667","01-11-2022 13:00","2"
"10956","Chennai Mylapore (DGPOffice)","Tamil Nadu SW GW","33","Tamil Nadu","568","Chennai","Mylapore","-","-","-","-","-","-","-","-","13.04138889","80.27916667","01-11-2022 14:00","24.5"
"10957","Chennai Mylapore (DGPOffice)","Tamil Nadu SW GW","33","Tamil Nadu","568","Chennai","Mylapore","-","-","-","-","-","-","-","-","13.04138889","80.27916667","01-11-2022 15:00","4"
"10958","Chennai Mylapore (DGPOffice)","Tamil Nadu SW GW","33","Tamil Nadu","568","Chennai","Mylapore","-","-","-","-","-","-","-","-","13.04138889","80.27916667","01-11-2022 20:00","2.5"
"10959","Chennai Mylapore (DGPOffice)","Tamil Nadu SW GW","33","Tamil Nadu","568","Chennai","Mylapore","-","-","-","-","-","-","-","-","13.04138889","80.27916667","01-11-2022 21:00","52"
"10960","Chennai Mylapore (DGPOffice)","Tamil Nadu SW GW","33","Tamil Nadu","568","Chennai","Mylapore","-","-","-","-","-","-","-","-","13.04138889","80.27916667","01-11-2022 22:00","113.5"
"10961","Chennai Mylapore (DGPOffice)","Tamil Nadu SW GW","33","Tamil Nadu","568","Chennai","Mylapore","-","-","-","-","-","-","-","-","13.04138889","80.27916667","01-11-2022 23:00","88.5"
"10962","Chennai Mylapore (DGPOffice)","Tamil Nadu SW GW","33","Tamil Nadu","568","Chennai","Mylapore","-","-","-","-","-","-","-","-","13.04138889","80.27916667","02-11-2022 01:00","32"
"10963","Chennai Mylapore (DGPOffice)","Tamil Nadu SW GW","33","Tamil Nadu","568","Chennai","Mylapore","-","-","-","-","-","-","-","-","13.04138889","80.27916667","02-11-2022 02:00","119.5"
"10964","Chennai Mylapore (DGPOffice)","Tamil Nadu SW GW","33","Tamil Nadu","568","Chennai","Mylapore","-","-","-","-","-","-","-","-","13.04138889","80.27916667","02-11-2022 04:00","184.5"
"10965","Chennai Mylapore (DGPOffice)","Tamil Nadu SW GW","33","Tamil Nadu","568","Chennai","Mylapore","-","-","-","-","-","-","-","-","13.04138889","80.27916667","02-11-2022 05:00","769.5"
"10966","Chennai Mylapore (DGPOffice)","Tamil Nadu SW GW","33","Tamil Nadu","568","Chennai","Mylapore","-","-","-","-","-","-","-","-","13.04138889","80.27916667","02-11-2022 06:00","1412.5"
"10967","Chennai Mylapore (DGPOffice)","Tamil Nadu SW GW","33","Tamil Nadu","568","Chennai","Mylapore","-","-","-","-","-","-","-","-","13.04138889","80.27916667","02-11-2022 07:00","135.5"
"10968","Chennai Mylapore (DGPOffice)","Tamil Nadu SW GW","33","Tamil Nadu","568","Chennai","Mylapore","-","-","-","-","-","-","-","-","13.04138889","80.27916667","02-11-2022 08:00","79.5"
"10969","Chennai Mylapore (DGPOffice)","Tamil Nadu SW GW","33","Tamil Nadu","568","Chennai","Mylapore","-","-","-","-","-","-","-","-","13.04138889","80.27916667","02-11-2022 09:00","170.5"
"10970","Chennai Mylapore (DGPOffice)","Tamil Nadu SW GW","33","Tamil Nadu","568","Chennai","Mylapore","-","-","-","-","-","-","-","-","13.04138889","80.27916667","02-11-2022 10:00","4"
"10971","Chennai Mylapore (DGPOffice)","Tamil Nadu SW GW","33","Tamil Nadu","568","Chennai","Mylapore","-","-","-","-","-","-","-","-","13.04138889","80.27916667","02-11-2022 11:00","0.5"
"10972","Chennai Mylapore (DGPOffice)","Tamil Nadu SW GW","33","Tamil Nadu","568","Chennai","Mylapore","-","-","-","-","-","-","-","-","13.04138889","80.27916667","02-11-2022 12:00","3"
"10973","Chennai Mylapore (DGPOffice)","Tamil Nadu SW GW","33","Tamil Nadu","568","Chennai","Mylapore","-","-","-","-","-","-","-","-","13.04138889","80.27916667","02-11-2022 18:00","6"
"10974","Chennai Mylapore (DGPOffice)","Tamil Nadu SW GW","33","Tamil Nadu","568","Chennai","Mylapore","-","-","-","-","-","-","-","-","13.04138889","80.27916667","02-11-2022 23:00","2"
"10975","Chennai Mylapore (DGPOffice)","Tamil Nadu SW GW","33","Tamil Nadu","568","Chennai","Mylapore","-","-","-","-","-","-","-","-","13.04138889","80.27916667","03-11-2022 17:00","9"
"10976","Chennai Mylapore (DGPOffice)","Tamil Nadu SW GW","33","Tamil Nadu","568","Chennai","Mylapore","-","-","-","-","-","-","-","-","13.04138889","80.27916667","03-11-2022 18:00","8.5"
"10977","Chennai Mylapore (DGPOffice)","Tamil Nadu SW GW","33","Tamil Nadu","568","Chennai","Mylapore","-","-","-","-","-","-","-","-","13.04138889","80.27916667","03-11-2022 19:00","5"
"10978","Chennai Mylapore (DGPOffice)","Tamil Nadu SW GW","33","Tamil Nadu","568","Chennai","Mylapore","-","-","-","-","-","-","-","-","13.04138889","80.27916667","03-11-2022 20:00","1.5"
"10979","Chennai Mylapore (DGPOffice)","Tamil Nadu SW GW","33","Tamil Nadu","568","Chennai","Mylapore","-","-","-","-","-","-","-","-","13.04138889","80.27916667","03-11-2022 21:00","11"
"10980","Chennai Mylapore (DGPOffice)","Tamil Nadu SW GW","33","Tamil Nadu","568","Chennai","Mylapore","-","-","-","-","-","-","-","-","13.04138889","80.27916667","03-11-2022 22:00","10"
"10981","Chennai Mylapore (DGPOffice)","Tamil Nadu SW GW","33","Tamil Nadu","568","Chennai","Mylapore","-","-","-","-","-","-","-","-","13.04138889","80.27916667","03-11-2022 23:00","3.5"
"10982","Chennai Mylapore (DGPOffice)","Tamil Nadu SW GW","33","Tamil Nadu","568","Chennai","Mylapore","-","-","-","-","-","-","-","-","13.04138889","80.27916667","04-11-2022 00:00","2"
"10983","Chennai Mylapore (DGPOffice)","Tamil Nadu SW GW","33","Tamil Nadu","568","Chennai","Mylapore","-","-","-","-","-","-","-","-","13.04138889","80.27916667","04-11-2022 01:00","0.5"
"10984","Chennai Mylapore (DGPOffice)","Tamil Nadu SW GW","33","Tamil Nadu","568","Chennai","Mylapore","-","-","-","-","-","-","-","-","13.04138889","80.27916667","04-11-2022 03:00","2"
"10985","Chennai Mylapore (DGPOffice)","Tamil Nadu SW GW","33","Tamil Nadu","568","Chennai","Mylapore","-","-","-","-","-","-","-","-","13.04138889","80.27916667","04-11-2022 19:00","1"
"10986","Chennai Mylapore (DGPOffice)","Tamil Nadu SW GW","33","Tamil Nadu","568","Chennai","Mylapore","-","-","-","-","-","-","-","-","13.04138889","80.27916667","05-11-2022 20:00","0.5"
"10987","Chennai Mylapore (DGPOffice)","Tamil Nadu SW GW","33","Tamil Nadu","568","Chennai","Mylapore","-","-","-","-","-","-","-","-","13.04138889","80.27916667","05-11-2022 21:00","3"
"10988","Chennai Mylapore (DGPOffice)","Tamil Nadu SW GW","33","Tamil Nadu","568","Chennai","Mylapore","-","-","-","-","-","-","-","-","13.04138889","80.27916667","10-11-2022 06:00","2.5"
"10989","Chennai Mylapore (DGPOffice)","Tamil Nadu SW GW","33","Tamil Nadu","568","Chennai","Mylapore","-","-","-","-","-","-","-","-","13.04138889","80.27916667","10-11-2022 08:00","4.5"
"10990","Chennai Mylapore (DGPOffice)","Tamil Nadu SW GW","33","Tamil Nadu","568","Chennai","Mylapore","-","-","-","-","-","-","-","-","13.04138889","80.27916667","10-11-2022 18:00","2"
"10991","Chennai Mylapore (DGPOffice)","Tamil Nadu SW GW","33","Tamil Nadu","568","Chennai","Mylapore","-","-","-","-","-","-","-","-","13.04138889","80.27916667","10-11-2022 19:00","6.5"
"10992","Chennai Mylapore (DGPOffice)","Tamil Nadu SW GW","33","Tamil Nadu","568","Chennai","Mylapore","-","-","-","-","-","-","-","-","13.04138889","80.27916667","11-11-2022 00:00","0.5"
"10993","Chennai Mylapore (DGPOffice)","Tamil Nadu SW GW","33","Tamil Nadu","568","Chennai","Mylapore","-","-","-","-","-","-","-","-","13.04138889","80.27916667","11-11-2022 01:00","9.5"
"10994","Chennai Mylapore (DGPOffice)","Tamil Nadu SW GW","33","Tamil Nadu","568","Chennai","Mylapore","-","-","-","-","-","-","-","-","13.04138889","80.27916667","11-11-2022 02:00","7.5"
"10995","Chennai Mylapore (DGPOffice)","Tamil Nadu SW GW","33","Tamil Nadu","568","Chennai","Mylapore","-","-","-","-","-","-","-","-","13.04138889","80.27916667","11-11-2022 05:00","1"
"10996","Chennai Mylapore (DGPOffice)","Tamil Nadu SW GW","33","Tamil Nadu","568","Chennai","Mylapore","-","-","-","-","-","-","-","-","13.04138889","80.27916667","11-11-2022 06:00","1"
"10997","Chennai Mylapore (DGPOffice)","Tamil Nadu SW GW","33","Tamil Nadu","568","Chennai","Mylapore","-","-","-","-","-","-","-","-","13.04138889","80.27916667","11-11-2022 07:00","7.5"
"10998","Chennai Mylapore (DGPOffice)","Tamil Nadu SW GW","33","Tamil Nadu","568","Chennai","Mylapore","-","-","-","-","-","-","-","-","13.04138889","80.27916667","11-11-2022 10:00","3"
"10999","Chennai Mylapore (DGPOffice)","Tamil Nadu SW GW","33","Tamil Nadu","568","Chennai","Mylapore","-","-","-","-","-","-","-","-","13.04138889","80.27916667","11-11-2022 12:00","0.5"
"11000","Chennai Mylapore (DGPOffice)","Tamil Nadu SW GW","33","Tamil Nadu","568","Chennai","Mylapore","-","-","-","-","-","-","-","-","13.04138889","80.27916667","11-11-2022 14:00","0.5"
"11001","Chennai Mylapore (DGPOffice)","Tamil Nadu SW GW","33","Tamil Nadu","568","Chennai","Mylapore","-","-","-","-","-","-","-","-","13.04138889","80.27916667","11-11-2022 18:00","0.5"
"11002","Chennai Mylapore (DGPOffice)","Tamil Nadu SW GW","33","Tamil Nadu","568","Chennai","Mylapore","-","-","-","-","-","-","-","-","13.04138889","80.27916667","11-11-2022 22:00","0.5"
"11003","Chennai Mylapore (DGPOffice)","Tamil Nadu SW GW","33","Tamil Nadu","568","Chennai","Mylapore","-","-","-","-","-","-","-","-","13.04138889","80.27916667","12-11-2022 05:00","1"
"11004","Chennai Mylapore (DGPOffice)","Tamil Nadu SW GW","33","Tamil Nadu","568","Chennai","Mylapore","-","-","-","-","-","-","-","-","13.04138889","80.27916667","12-11-2022 06:00","8.5"
"11005","Chennai Mylapore (DGPOffice)","Tamil Nadu SW GW","33","Tamil Nadu","568","Chennai","Mylapore","-","-","-","-","-","-","-","-","13.04138889","80.27916667","12-11-2022 07:00","0.5"
"11006","Chennai Mylapore (DGPOffice)","Tamil Nadu SW GW","33","Tamil Nadu","568","Chennai","Mylapore","-","-","-","-","-","-","-","-","13.04138889","80.27916667","12-11-2022 21:00","0.5"
"11007","Chennai Mylapore (DGPOffice)","Tamil Nadu SW GW","33","Tamil Nadu","568","Chennai","Mylapore","-","-","-","-","-","-","-","-","13.04138889","80.27916667","13-11-2022 03:00","0.5"
"11008","Chennai Mylapore (DGPOffice)","Tamil Nadu SW GW","33","Tamil Nadu","568","Chennai","Mylapore","-","-","-","-","-","-","-","-","13.04138889","80.27916667","13-11-2022 04:00","1.5"
"11009","Chennai Mylapore (DGPOffice)","Tamil Nadu SW GW","33","Tamil Nadu","568","Chennai","Mylapore","-","-","-","-","-","-","-","-","13.04138889","80.27916667","13-11-2022 05:00","10"
"11010","Chennai Mylapore (DGPOffice)","Tamil Nadu SW GW","33","Tamil Nadu","568","Chennai","Mylapore","-","-","-","-","-","-","-","-","13.04138889","80.27916667","13-11-2022 06:00","0.5"
"11011","Chennai Mylapore (DGPOffice)","Tamil Nadu SW GW","33","Tamil Nadu","568","Chennai","Mylapore","-","-","-","-","-","-","-","-","13.04138889","80.27916667","13-11-2022 07:00","5"
"11012","Chennai Mylapore (DGPOffice)","Tamil Nadu SW GW","33","Tamil Nadu","568","Chennai","Mylapore","-","-","-","-","-","-","-","-","13.04138889","80.27916667","13-11-2022 16:00","0.5"
"11013","Chennai Mylapore (DGPOffice)","Tamil Nadu SW GW","33","Tamil Nadu","568","Chennai","Mylapore","-","-","-","-","-","-","-","-","13.04138889","80.27916667","14-11-2022 14:00","3.5"
"11014","Chennai Mylapore (DGPOffice)","Tamil Nadu SW GW","33","Tamil Nadu","568","Chennai","Mylapore","-","-","-","-","-","-","-","-","13.04138889","80.27916667","14-11-2022 20:00","1.5"
"11015","Chennai Mylapore (DGPOffice)","Tamil Nadu SW GW","33","Tamil Nadu","568","Chennai","Mylapore","-","-","-","-","-","-","-","-","13.04138889","80.27916667","14-11-2022 21:00","14.5"
"11016","Chennai Mylapore (DGPOffice)","Tamil Nadu SW GW","33","Tamil Nadu","568","Chennai","Mylapore","-","-","-","-","-","-","-","-","13.04138889","80.27916667","15-11-2022 05:00","0.5"
"11017","Chennai Mylapore (DGPOffice)","Tamil Nadu SW GW","33","Tamil Nadu","568","Chennai","Mylapore","-","-","-","-","-","-","-","-","13.04138889","80.27916667","16-11-2022 16:35","4.5"
"11018","Chennai Mylapore (DGPOffice)","Tamil Nadu SW GW","33","Tamil Nadu","568","Chennai","Mylapore","-","-","-","-","-","-","-","-","13.04138889","80.27916667","16-11-2022 16:40","4.5"
"11019","Chennai Mylapore (DGPOffice)","Tamil Nadu SW GW","33","Tamil Nadu","568","Chennai","Mylapore","-","-","-","-","-","-","-","-","13.04138889","80.27916667","16-11-2022 16:45","4.5"
"11020","Chennai Mylapore (DGPOffice)","Tamil Nadu SW GW","33","Tamil Nadu","568","Chennai","Mylapore","-","-","-","-","-","-","-","-","13.04138889","80.27916667","16-11-2022 16:50","4.5"
"11021","Chennai Mylapore (DGPOffice)","Tamil Nadu SW GW","33","Tamil Nadu","568","Chennai","Mylapore","-","-","-","-","-","-","-","-","13.04138889","80.27916667","16-11-2022 16:55","4.5"
"11022","Chennai Mylapore (DGPOffice)","Tamil Nadu SW GW","33","Tamil Nadu","568","Chennai","Mylapore","-","-","-","-","-","-","-","-","13.04138889","80.27916667","16-11-2022 17:00","4.5"
"11023","Chennai Mylapore (DGPOffice)","Tamil Nadu SW GW","33","Tamil Nadu","568","Chennai","Mylapore","-","-","-","-","-","-","-","-","13.04138889","80.27916667","21-11-2022 20:30","0.5"
"11024","Chennai Mylapore (DGPOffice)","Tamil Nadu SW GW","33","Tamil Nadu","568","Chennai","Mylapore","-","-","-","-","-","-","-","-","13.04138889","80.27916667","21-11-2022 21:00","1"
"11025","Chennai Mylapore (DGPOffice)","Tamil Nadu SW GW","33","Tamil Nadu","568","Chennai","Mylapore","-","-","-","-","-","-","-","-","13.04138889","80.27916667","21-11-2022 22:00","0.5"
"11026","Chennai Mylapore (DGPOffice)","Tamil Nadu SW GW","33","Tamil Nadu","568","Chennai","Mylapore","-","-","-","-","-","-","-","-","13.04138889","80.27916667","21-11-2022 23:00","0.5"
"11027","Chennai Mylapore (DGPOffice)","Tamil Nadu SW GW","33","Tamil Nadu","568","Chennai","Mylapore","-","-","-","-","-","-","-","-","13.04138889","80.27916667","21-11-2022 23:30","1.5"
"11028","Chennai Mylapore (DGPOffice)","Tamil Nadu SW GW","33","Tamil Nadu","568","Chennai","Mylapore","-","-","-","-","-","-","-","-","13.04138889","80.27916667","22-11-2022 00:00","1.5"
"11029","Chennai Mylapore (DGPOffice)","Tamil Nadu SW GW","33","Tamil Nadu","568","Chennai","Mylapore","-","-","-","-","-","-","-","-","13.04138889","80.27916667","22-11-2022 11:00","0.5"
"11030","Chennai Mylapore (DGPOffice)","Tamil Nadu SW GW","33","Tamil Nadu","568","Chennai","Mylapore","-","-","-","-","-","-","-","-","13.04138889","80.27916667","22-11-2022 23:30","0.5"
"11031","Chennai Mylapore (DGPOffice)","Tamil Nadu SW GW","33","Tamil Nadu","568","Chennai","Mylapore","-","-","-","-","-","-","-","-","13.04138889","80.27916667","23-11-2022 00:00","16.5"
"11032","Chennai Mylapore (DGPOffice)","Tamil Nadu SW GW","33","Tamil Nadu","568","Chennai","Mylapore","-","-","-","-","-","-","-","-","13.04138889","80.27916667","23-11-2022 00:30","3.5"
"11033","Chennai Mylapore (DGPOffice)","Tamil Nadu SW GW","33","Tamil Nadu","568","Chennai","Mylapore","-","-","-","-","-","-","-","-","13.04138889","80.27916667","23-11-2022 01:00","4"
"11034","Chennai Mylapore (DGPOffice)","Tamil Nadu SW GW","33","Tamil Nadu","568","Chennai","Mylapore","-","-","-","-","-","-","-","-","13.04138889","80.27916667","24-11-2022 07:00","4"
"11035","Chennai Mylapore (DGPOffice)","Tamil Nadu SW GW","33","Tamil Nadu","568","Chennai","Mylapore","-","-","-","-","-","-","-","-","13.04138889","80.27916667","01-12-2022 01:30","0.5"
"11036","Chennai Mylapore (DGPOffice)","Tamil Nadu SW GW","33","Tamil Nadu","568","Chennai","Mylapore","-","-","-","-","-","-","-","-","13.04138889","80.27916667","01-12-2022 02:00","1"
"11037","Chennai Mylapore (DGPOffice)","Tamil Nadu SW GW","33","Tamil Nadu","568","Chennai","Mylapore","-","-","-","-","-","-","-","-","13.04138889","80.27916667","04-12-2022 04:00","0.5"
"11038","Chennai Mylapore (DGPOffice)","Tamil Nadu SW GW","33","Tamil Nadu","568","Chennai","Mylapore","-","-","-","-","-","-","-","-","13.04138889","80.27916667","08-12-2022 10:00","0.5"
"11039","Chennai Mylapore (DGPOffice)","Tamil Nadu SW GW","33","Tamil Nadu","568","Chennai","Mylapore","-","-","-","-","-","-","-","-","13.04138889","80.27916667","08-12-2022 11:00","0.5"
"11040","Chennai Mylapore (DGPOffice)","Tamil Nadu SW GW","33","Tamil Nadu","568","Chennai","Mylapore","-","-","-","-","-","-","-","-","13.04138889","80.27916667","08-12-2022 19:00","2"
"11041","Chennai Mylapore (DGPOffice)","Tamil Nadu SW GW","33","Tamil Nadu","568","Chennai","Mylapore","-","-","-","-","-","-","-","-","13.04138889","80.27916667","08-12-2022 19:30","0.5"
"11042","Chennai Mylapore (DGPOffice)","Tamil Nadu SW GW","33","Tamil Nadu","568","Chennai","Mylapore","-","-","-","-","-","-","-","-","13.04138889","80.27916667","08-12-2022 20:00","1"
"11043","Chennai Mylapore (DGPOffice)","Tamil Nadu SW GW","33","Tamil Nadu","568","Chennai","Mylapore","-","-","-","-","-","-","-","-","13.04138889","80.27916667","08-12-2022 20:30","0.5"
"11044","Chennai Mylapore (DGPOffice)","Tamil Nadu SW GW","33","Tamil Nadu","568","Chennai","Mylapore","-","-","-","-","-","-","-","-","13.04138889","80.27916667","08-12-2022 21:00","3"
"11045","Chennai Mylapore (DGPOffice)","Tamil Nadu SW GW","33","Tamil Nadu","568","Chennai","Mylapore","-","-","-","-","-","-","-","-","13.04138889","80.27916667","08-12-2022 21:30","1"
"11046","Chennai Mylapore (DGPOffice)","Tamil Nadu SW GW","33","Tamil Nadu","568","Chennai","Mylapore","-","-","-","-","-","-","-","-","13.04138889","80.27916667","08-12-2022 22:00","4.5"
"11047","Chennai Mylapore (DGPOffice)","Tamil Nadu SW GW","33","Tamil Nadu","568","Chennai","Mylapore","-","-","-","-","-","-","-","-","13.04138889","80.27916667","08-12-2022 22:30","3.5"
"11048","Chennai Mylapore (DGPOffice)","Tamil Nadu SW GW","33","Tamil Nadu","568","Chennai","Mylapore","-","-","-","-","-","-","-","-","13.04138889","80.27916667","08-12-2022 23:00","3.5"
"11049","Chennai Mylapore (DGPOffice)","Tamil Nadu SW GW","33","Tamil Nadu","568","Chennai","Mylapore","-","-","-","-","-","-","-","-","13.04138889","80.27916667","09-12-2022 00:00","0.5"
"11050","Chennai Mylapore (DGPOffice)","Tamil Nadu SW GW","33","Tamil Nadu","568","Chennai","Mylapore","-","-","-","-","-","-","-","-","13.04138889","80.27916667","09-12-2022 00:30","1"
"11051","Chennai Mylapore (DGPOffice)","Tamil Nadu SW GW","33","Tamil Nadu","568","Chennai","Mylapore","-","-","-","-","-","-","-","-","13.04138889","80.27916667","09-12-2022 01:00","1.5"
"11052","Chennai Mylapore (DGPOffice)","Tamil Nadu SW GW","33","Tamil Nadu","568","Chennai","Mylapore","-","-","-","-","-","-","-","-","13.04138889","80.27916667","09-12-2022 01:30","1"
"11053","Chennai Mylapore (DGPOffice)","Tamil Nadu SW GW","33","Tamil Nadu","568","Chennai","Mylapore","-","-","-","-","-","-","-","-","13.04138889","80.27916667","09-12-2022 02:00","1.5"
"11054","Chennai Mylapore (DGPOffice)","Tamil Nadu SW GW","33","Tamil Nadu","568","Chennai","Mylapore","-","-","-","-","-","-","-","-","13.04138889","80.27916667","09-12-2022 02:30","1.5"
"11055","Chennai Mylapore (DGPOffice)","Tamil Nadu SW GW","33","Tamil Nadu","568","Chennai","Mylapore","-","-","-","-","-","-","-","-","13.04138889","80.27916667","09-12-2022 03:00","1.5"
"11056","Chennai Mylapore (DGPOffice)","Tamil Nadu SW GW","33","Tamil Nadu","568","Chennai","Mylapore","-","-","-","-","-","-","-","-","13.04138889","80.27916667","09-12-2022 03:30","13"
"11057","Chennai Mylapore (DGPOffice)","Tamil Nadu SW GW","33","Tamil Nadu","568","Chennai","Mylapore","-","-","-","-","-","-","-","-","13.04138889","80.27916667","09-12-2022 04:00","17.5"
"11058","Chennai Mylapore (DGPOffice)","Tamil Nadu SW GW","33","Tamil Nadu","568","Chennai","Mylapore","-","-","-","-","-","-","-","-","13.04138889","80.27916667","09-12-2022 04:30","7.5"
"11059","Chennai Mylapore (DGPOffice)","Tamil Nadu SW GW","33","Tamil Nadu","568","Chennai","Mylapore","-","-","-","-","-","-","-","-","13.04138889","80.27916667","09-12-2022 05:00","17.5"
"11060","Chennai Mylapore (DGPOffice)","Tamil Nadu SW GW","33","Tamil Nadu","568","Chennai","Mylapore","-","-","-","-","-","-","-","-","13.04138889","80.27916667","09-12-2022 05:30","0.5"
"11061","Chennai Mylapore (DGPOffice)","Tamil Nadu SW GW","33","Tamil Nadu","568","Chennai","Mylapore","-","-","-","-","-","-","-","-","13.04138889","80.27916667","09-12-2022 06:00","9"
"11062","Chennai Mylapore (DGPOffice)","Tamil Nadu SW GW","33","Tamil Nadu","568","Chennai","Mylapore","-","-","-","-","-","-","-","-","13.04138889","80.27916667","09-12-2022 06:30","3"
"11063","Chennai Mylapore (DGPOffice)","Tamil Nadu SW GW","33","Tamil Nadu","568","Chennai","Mylapore","-","-","-","-","-","-","-","-","13.04138889","80.27916667","09-12-2022 07:00","3.5"
"11064","Chennai Mylapore (DGPOffice)","Tamil Nadu SW GW","33","Tamil Nadu","568","Chennai","Mylapore","-","-","-","-","-","-","-","-","13.04138889","80.27916667","09-12-2022 08:30","5"
"11065","Chennai Mylapore (DGPOffice)","Tamil Nadu SW GW","33","Tamil Nadu","568","Chennai","Mylapore","-","-","-","-","-","-","-","-","13.04138889","80.27916667","09-12-2022 09:00","6"
"11066","Chennai Mylapore (DGPOffice)","Tamil Nadu SW GW","33","Tamil Nadu","568","Chennai","Mylapore","-","-","-","-","-","-","-","-","13.04138889","80.27916667","09-12-2022 11:00","0.5"
"11067","Chennai Mylapore (DGPOffice)","Tamil Nadu SW GW","33","Tamil Nadu","568","Chennai","Mylapore","-","-","-","-","-","-","-","-","13.04138889","80.27916667","09-12-2022 11:30","3"
"11068","Chennai Mylapore (DGPOffice)","Tamil Nadu SW GW","33","Tamil Nadu","568","Chennai","Mylapore","-","-","-","-","-","-","-","-","13.04138889","80.27916667","09-12-2022 12:00","3"
"11069","Chennai Mylapore (DGPOffice)","Tamil Nadu SW GW","33","Tamil Nadu","568","Chennai","Mylapore","-","-","-","-","-","-","-","-","13.04138889","80.27916667","09-12-2022 12:30","0.5"
"11070","Chennai Mylapore (DGPOffice)","Tamil Nadu SW GW","33","Tamil Nadu","568","Chennai","Mylapore","-","-","-","-","-","-","-","-","13.04138889","80.27916667","09-12-2022 13:00","2"
"11071","Chennai Mylapore (DGPOffice)","Tamil Nadu SW GW","33","Tamil Nadu","568","Chennai","Mylapore","-","-","-","-","-","-","-","-","13.04138889","80.27916667","09-12-2022 13:30","2.5"
"11072","Chennai Mylapore (DGPOffice)","Tamil Nadu SW GW","33","Tamil Nadu","568","Chennai","Mylapore","-","-","-","-","-","-","-","-","13.04138889","80.27916667","09-12-2022 14:00","2.5"
"11073","Chennai Mylapore (DGPOffice)","Tamil Nadu SW GW","33","Tamil Nadu","568","Chennai","Mylapore","-","-","-","-","-","-","-","-","13.04138889","80.27916667","09-12-2022 15:30","0.5"
"11074","Chennai Mylapore (DGPOffice)","Tamil Nadu SW GW","33","Tamil Nadu","568","Chennai","Mylapore","-","-","-","-","-","-","-","-","13.04138889","80.27916667","09-12-2022 16:00","7"
"11075","Chennai Mylapore (DGPOffice)","Tamil Nadu SW GW","33","Tamil Nadu","568","Chennai","Mylapore","-","-","-","-","-","-","-","-","13.04138889","80.27916667","09-12-2022 16:30","2.5"
"11076","Chennai Mylapore (DGPOffice)","Tamil Nadu SW GW","33","Tamil Nadu","568","Chennai","Mylapore","-","-","-","-","-","-","-","-","13.04138889","80.27916667","09-12-2022 17:00","4.5"
"11077","Chennai Mylapore (DGPOffice)","Tamil Nadu SW GW","33","Tamil Nadu","568","Chennai","Mylapore","-","-","-","-","-","-","-","-","13.04138889","80.27916667","09-12-2022 17:30","3"
"11078","Chennai Mylapore (DGPOffice)","Tamil Nadu SW GW","33","Tamil Nadu","568","Chennai","Mylapore","-","-","-","-","-","-","-","-","13.04138889","80.27916667","09-12-2022 18:00","7.5"
"11079","Chennai Mylapore (DGPOffice)","Tamil Nadu SW GW","33","Tamil Nadu","568","Chennai","Mylapore","-","-","-","-","-","-","-","-","13.04138889","80.27916667","09-12-2022 18:30","6"
"11080","Chennai Mylapore (DGPOffice)","Tamil Nadu SW GW","33","Tamil Nadu","568","Chennai","Mylapore","-","-","-","-","-","-","-","-","13.04138889","80.27916667","09-12-2022 19:00","14"
"11081","Chennai Mylapore (DGPOffice)","Tamil Nadu SW GW","33","Tamil Nadu","568","Chennai","Mylapore","-","-","-","-","-","-","-","-","13.04138889","80.27916667","09-12-2022 19:30","10.5"
"11082","Chennai Mylapore (DGPOffice)","Tamil Nadu SW GW","33","Tamil Nadu","568","Chennai","Mylapore","-","-","-","-","-","-","-","-","13.04138889","80.27916667","09-12-2022 20:00","19.5"
"11083","Chennai Mylapore (DGPOffice)","Tamil Nadu SW GW","33","Tamil Nadu","568","Chennai","Mylapore","-","-","-","-","-","-","-","-","13.04138889","80.27916667","09-12-2022 20:30","6"
"11084","Chennai Mylapore (DGPOffice)","Tamil Nadu SW GW","33","Tamil Nadu","568","Chennai","Mylapore","-","-","-","-","-","-","-","-","13.04138889","80.27916667","09-12-2022 21:00","8"
"11085","Chennai Mylapore (DGPOffice)","Tamil Nadu SW GW","33","Tamil Nadu","568","Chennai","Mylapore","-","-","-","-","-","-","-","-","13.04138889","80.27916667","09-12-2022 21:30","3"
"11086","Chennai Mylapore (DGPOffice)","Tamil Nadu SW GW","33","Tamil Nadu","568","Chennai","Mylapore","-","-","-","-","-","-","-","-","13.04138889","80.27916667","09-12-2022 22:00","3.5"
"11087","Chennai Mylapore (DGPOffice)","Tamil Nadu SW GW","33","Tamil Nadu","568","Chennai","Mylapore","-","-","-","-","-","-","-","-","13.04138889","80.27916667","09-12-2022 22:30","6"
"11088","Chennai Mylapore (DGPOffice)","Tamil Nadu SW GW","33","Tamil Nadu","568","Chennai","Mylapore","-","-","-","-","-","-","-","-","13.04138889","80.27916667","09-12-2022 23:00","7.5"
"11089","Chennai Mylapore (DGPOffice)","Tamil Nadu SW GW","33","Tamil Nadu","568","Chennai","Mylapore","-","-","-","-","-","-","-","-","13.04138889","80.27916667","09-12-2022 23:30","1"
"11090","Chennai Mylapore (DGPOffice)","Tamil Nadu SW GW","33","Tamil Nadu","568","Chennai","Mylapore","-","-","-","-","-","-","-","-","13.04138889","80.27916667","10-12-2022 00:00","1"
"11091","Chennai Mylapore (DGPOffice)","Tamil Nadu SW GW","33","Tamil Nadu","568","Chennai","Mylapore","-","-","-","-","-","-","-","-","13.04138889","80.27916667","10-12-2022 00:30","0.5"
"11092","Chennai Mylapore (DGPOffice)","Tamil Nadu SW GW","33","Tamil Nadu","568","Chennai","Mylapore","-","-","-","-","-","-","-","-","13.04138889","80.27916667","10-12-2022 01:00","0.5"
"11093","Chennai Mylapore (DGPOffice)","Tamil Nadu SW GW","33","Tamil Nadu","568","Chennai","Mylapore","-","-","-","-","-","-","-","-","13.04138889","80.27916667","10-12-2022 05:00","0.5"
"11094","Chennai Mylapore (DGPOffice)","Tamil Nadu SW GW","33","Tamil Nadu","568","Chennai","Mylapore","-","-","-","-","-","-","-","-","13.04138889","80.27916667","10-12-2022 06:00","0.5"
"11095","Chennai Mylapore (DGPOffice)","Tamil Nadu SW GW","33","Tamil Nadu","568","Chennai","Mylapore","-","-","-","-","-","-","-","-","13.04138889","80.27916667","10-12-2022 06:30","0.5"
"11096","Chennai Mylapore (DGPOffice)","Tamil Nadu SW GW","33","Tamil Nadu","568","Chennai","Mylapore","-","-","-","-","-","-","-","-","13.04138889","80.27916667","10-12-2022 07:00","0.5"
"11097","Chennai Mylapore (DGPOffice)","Tamil Nadu SW GW","33","Tamil Nadu","568","Chennai","Mylapore","-","-","-","-","-","-","-","-","13.04138889","80.27916667","10-12-2022 10:00","0.5"
"11098","Chennai Mylapore (DGPOffice)","Tamil Nadu SW GW","33","Tamil Nadu","568","Chennai","Mylapore","-","-","-","-","-","-","-","-","13.04138889","80.27916667","10-12-2022 15:00","0.5"
"11099","Chennai Mylapore (DGPOffice)","Tamil Nadu SW GW","33","Tamil Nadu","568","Chennai","Mylapore","-","-","-","-","-","-","-","-","13.04138889","80.27916667","11-12-2022 03:30","6"
"11100","Chennai Mylapore (DGPOffice)","Tamil Nadu SW GW","33","Tamil Nadu","568","Chennai","Mylapore","-","-","-","-","-","-","-","-","13.04138889","80.27916667","11-12-2022 04:00","6"
"11101","Chennai Mylapore (DGPOffice)","Tamil Nadu SW GW","33","Tamil Nadu","568","Chennai","Mylapore","-","-","-","-","-","-","-","-","13.04138889","80.27916667","11-12-2022 06:00","1"
"11102","Chennai Mylapore (DGPOffice)","Tamil Nadu SW GW","33","Tamil Nadu","568","Chennai","Mylapore","-","-","-","-","-","-","-","-","13.04138889","80.27916667","11-12-2022 08:00","1.5"
"11103","Chennai Mylapore (DGPOffice)","Tamil Nadu SW GW","33","Tamil Nadu","568","Chennai","Mylapore","-","-","-","-","-","-","-","-","13.04138889","80.27916667","11-12-2022 08:30","0.5"
"11104","Chennai Mylapore (DGPOffice)","Tamil Nadu SW GW","33","Tamil Nadu","568","Chennai","Mylapore","-","-","-","-","-","-","-","-","13.04138889","80.27916667","11-12-2022 09:00","0.5"
"11105","Chennai Mylapore (DGPOffice)","Tamil Nadu SW GW","33","Tamil Nadu","568","Chennai","Mylapore","-","-","-","-","-","-","-","-","13.04138889","80.27916667","12-12-2022 03:00","2"
"11106","Chennai Mylapore (DGPOffice)","Tamil Nadu SW GW","33","Tamil Nadu","568","Chennai","Mylapore","-","-","-","-","-","-","-","-","13.04138889","80.27916667","12-12-2022 05:00","2.5"
"11107","Chennai Mylapore (DGPOffice)","Tamil Nadu SW GW","33","Tamil Nadu","568","Chennai","Mylapore","-","-","-","-","-","-","-","-","13.04138889","80.27916667","12-12-2022 05:30","2"
"11108","Chennai Mylapore (DGPOffice)","Tamil Nadu SW GW","33","Tamil Nadu","568","Chennai","Mylapore","-","-","-","-","-","-","-","-","13.04138889","80.27916667","12-12-2022 06:00","2"
"11109","Chennai Mylapore (DGPOffice)","Tamil Nadu SW GW","33","Tamil Nadu","568","Chennai","Mylapore","-","-","-","-","-","-","-","-","13.04138889","80.27916667","12-12-2022 10:00","1"
"11110","Chennai Mylapore (DGPOffice)","Tamil Nadu SW GW","33","Tamil Nadu","568","Chennai","Mylapore","-","-","-","-","-","-","-","-","13.04138889","80.27916667","12-12-2022 10:30","0.5"
"11111","Chennai Mylapore (DGPOffice)","Tamil Nadu SW GW","33","Tamil Nadu","568","Chennai","Mylapore","-","-","-","-","-","-","-","-","13.04138889","80.27916667","12-12-2022 11:00","1"
"11112","Chennai Mylapore (DGPOffice)","Tamil Nadu SW GW","33","Tamil Nadu","568","Chennai","Mylapore","-","-","-","-","-","-","-","-","13.04138889","80.27916667","12-12-2022 12:00","5"
"11113","Chennai Mylapore (DGPOffice)","Tamil Nadu SW GW","33","Tamil Nadu","568","Chennai","Mylapore","-","-","-","-","-","-","-","-","13.04138889","80.27916667","12-12-2022 12:30","3"
"11114","Chennai Mylapore (DGPOffice)","Tamil Nadu SW GW","33","Tamil Nadu","568","Chennai","Mylapore","-","-","-","-","-","-","-","-","13.04138889","80.27916667","12-12-2022 13:00","3.5"
"11115","Chennai Mylapore (DGPOffice)","Tamil Nadu SW GW","33","Tamil Nadu","568","Chennai","Mylapore","-","-","-","-","-","-","-","-","13.04138889","80.27916667","12-12-2022 13:30","0.5"
"11116","Chennai Mylapore (DGPOffice)","Tamil Nadu SW GW","33","Tamil Nadu","568","Chennai","Mylapore","-","-","-","-","-","-","-","-","13.04138889","80.27916667","12-12-2022 14:00","1"
"11117","Chennai Mylapore (DGPOffice)","Tamil Nadu SW GW","33","Tamil Nadu","568","Chennai","Mylapore","-","-","-","-","-","-","-","-","13.04138889","80.27916667","12-12-2022 14:30","2.5"
"11118","Chennai Mylapore (DGPOffice)","Tamil Nadu SW GW","33","Tamil Nadu","568","Chennai","Mylapore","-","-","-","-","-","-","-","-","13.04138889","80.27916667","12-12-2022 15:00","4.5"
"11119","Chennai Mylapore (DGPOffice)","Tamil Nadu SW GW","33","Tamil Nadu","568","Chennai","Mylapore","-","-","-","-","-","-","-","-","13.04138889","80.27916667","12-12-2022 15:30","1"
"11120","Chennai Mylapore (DGPOffice)","Tamil Nadu SW GW","33","Tamil Nadu","568","Chennai","Mylapore","-","-","-","-","-","-","-","-","13.04138889","80.27916667","12-12-2022 16:00","1"
"11121","Chennai Mylapore (DGPOffice)","Tamil Nadu SW GW","33","Tamil Nadu","568","Chennai","Mylapore","-","-","-","-","-","-","-","-","13.04138889","80.27916667","24-12-2022 20:30","2"
"11122","Chennai Mylapore (DGPOffice)","Tamil Nadu SW GW","33","Tamil Nadu","568","Chennai","Mylapore","-","-","-","-","-","-","-","-","13.04138889","80.27916667","24-12-2022 21:00","7"
"11123","Chennai Mylapore (DGPOffice)","Tamil Nadu SW GW","33","Tamil Nadu","568","Chennai","Mylapore","-","-","-","-","-","-","-","-","13.04138889","80.27916667","24-12-2022 21:30","2"
"11124","Chennai Mylapore (DGPOffice)","Tamil Nadu SW GW","33","Tamil Nadu","568","Chennai","Mylapore","-","-","-","-","-","-","-","-","13.04138889","80.27916667","24-12-2022 22:00","2.5"
"11125","Chennai Mylapore (DGPOffice)","Tamil Nadu SW GW","33","Tamil Nadu","568","Chennai","Mylapore","-","-","-","-","-","-","-","-","13.04138889","80.27916667","25-12-2022 01:30","1"
"11126","Chennai Mylapore (DGPOffice)","Tamil Nadu SW GW","33","Tamil Nadu","568","Chennai","Mylapore","-","-","-","-","-","-","-","-","13.04138889","80.27916667","25-12-2022 02:00","2"
"11127","Chennai Mylapore (DGPOffice)","Tamil Nadu SW GW","33","Tamil Nadu","568","Chennai","Mylapore","-","-","-","-","-","-","-","-","13.04138889","80.27916667","25-12-2022 02:30","0.5"
"11128","Chennai Mylapore (DGPOffice)","Tamil Nadu SW GW","33","Tamil Nadu","568","Chennai","Mylapore","-","-","-","-","-","-","-","-","13.04138889","80.27916667","25-12-2022 03:00","1"
"11129","Chennai Mylapore (DGPOffice)","Tamil Nadu SW GW","33","Tamil Nadu","568","Chennai","Mylapore","-","-","-","-","-","-","-","-","13.04138889","80.27916667","25-12-2022 03:30","5.5"
"11130","Chennai Mylapore (DGPOffice)","Tamil Nadu SW GW","33","Tamil Nadu","568","Chennai","Mylapore","-","-","-","-","-","-","-","-","13.04138889","80.27916667","25-12-2022 04:00","6"
"11131","Chennai Mylapore (DGPOffice)","Tamil Nadu SW GW","33","Tamil Nadu","568","Chennai","Mylapore","-","-","-","-","-","-","-","-","13.04138889","80.27916667","25-12-2022 04:30","1"
"11132","Chennai Mylapore (DGPOffice)","Tamil Nadu SW GW","33","Tamil Nadu","568","Chennai","Mylapore","-","-","-","-","-","-","-","-","13.04138889","80.27916667","25-12-2022 05:00","1"
"11133","Chennai Mylapore (DGPOffice)","Tamil Nadu SW GW","33","Tamil Nadu","568","Chennai","Mylapore","-","-","-","-","-","-","-","-","13.04138889","80.27916667","25-12-2022 06:00","0.5"
"11134","Chennai Mylapore (DGPOffice)","Tamil Nadu SW GW","33","Tamil Nadu","568","Chennai","Mylapore","-","-","-","-","-","-","-","-","13.04138889","80.27916667","25-12-2022 06:30","0.5"
"11135","Chennai Mylapore (DGPOffice)","Tamil Nadu SW GW","33","Tamil Nadu","568","Chennai","Mylapore","-","-","-","-","-","-","-","-","13.04138889","80.27916667","25-12-2022 07:00","0.5"
"11136","Chennai Mylapore (DGPOffice)","Tamil Nadu SW GW","33","Tamil Nadu","568","Chennai","Mylapore","-","-","-","-","-","-","-","-","13.04138889","80.27916667","25-12-2022 07:30","0.5"
"11137","Chennai Mylapore (DGPOffice)","Tamil Nadu SW GW","33","Tamil Nadu","568","Chennai","Mylapore","-","-","-","-","-","-","-","-","13.04138889","80.27916667","25-12-2022 08:00","3.5"
"11138","Chennai Mylapore (DGPOffice)","Tamil Nadu SW GW","33","Tamil Nadu","568","Chennai","Mylapore","-","-","-","-","-","-","-","-","13.04138889","80.27916667","25-12-2022 08:30","1"
"11139","Chennai Mylapore (DGPOffice)","Tamil Nadu SW GW","33","Tamil Nadu","568","Chennai","Mylapore","-","-","-","-","-","-","-","-","13.04138889","80.27916667","25-12-2022 09:00","1.5"
"11140","Chennai Mylapore (DGPOffice)","Tamil Nadu SW GW","33","Tamil Nadu","568","Chennai","Mylapore","-","-","-","-","-","-","-","-","13.04138889","80.27916667","25-12-2022 09:30","2"
"11141","Chennai Mylapore (DGPOffice)","Tamil Nadu SW GW","33","Tamil Nadu","568","Chennai","Mylapore","-","-","-","-","-","-","-","-","13.04138889","80.27916667","25-12-2022 10:00","2.5"
"11142","Chennai Mylapore (DGPOffice)","Tamil Nadu SW GW","33","Tamil Nadu","568","Chennai","Mylapore","-","-","-","-","-","-","-","-","13.04138889","80.27916667","25-12-2022 10:30","1"
"11143","Chennai Mylapore (DGPOffice)","Tamil Nadu SW GW","33","Tamil Nadu","568","Chennai","Mylapore","-","-","-","-","-","-","-","-","13.04138889","80.27916667","25-12-2022 11:00","2.5"
"11144","Chennai Mylapore (DGPOffice)","Tamil Nadu SW GW","33","Tamil Nadu","568","Chennai","Mylapore","-","-","-","-","-","-","-","-","13.04138889","80.27916667","25-12-2022 11:30","0.5"
"11145","Chennai Mylapore (DGPOffice)","Tamil Nadu SW GW","33","Tamil Nadu","568","Chennai","Mylapore","-","-","-","-","-","-","-","-","13.04138889","80.27916667","25-12-2022 12:00","0.5"
"11146","Chennai Mylapore (DGPOffice)","Tamil Nadu SW GW","33","Tamil Nadu","568","Chennai","Mylapore","-","-","-","-","-","-","-","-","13.04138889","80.27916667","26-12-2022 02:00","1"
"11147","Chennai Mylapore (DGPOffice)","Tamil Nadu SW GW","33","Tamil Nadu","568","Chennai","Mylapore","-","-","-","-","-","-","-","-","13.04138889","80.27916667","26-12-2022 13:30","0.5"
"11148","Chennai Mylapore (DGPOffice)","Tamil Nadu SW GW","33","Tamil Nadu","568","Chennai","Mylapore","-","-","-","-","-","-","-","-","13.04138889","80.27916667","26-12-2022 14:00","0.5"
"11149","Chennai Mylapore (DGPOffice)","Tamil Nadu SW GW","33","Tamil Nadu","568","Chennai","Mylapore","-","-","-","-","-","-","-","-","13.04138889","80.27916667","27-12-2022 14:30","1"
"11150","Chennai Mylapore (DGPOffice)","Tamil Nadu SW GW","33","Tamil Nadu","568","Chennai","Mylapore","-","-","-","-","-","-","-","-","13.04138889","80.27916667","27-12-2022 15:00","1"
"11151","Chennai Mylapore (DGPOffice)","Tamil Nadu SW GW","33","Tamil Nadu","568","Chennai","Mylapore","-","-","-","-","-","-","-","-","13.04138889","80.27916667","07-01-2023 11:00","0.5"
"11152","Chennai Mylapore (DGPOffice)","Tamil Nadu SW GW","33","Tamil Nadu","568","Chennai","Mylapore","-","-","-","-","-","-","-","-","13.04138889","80.27916667","07-01-2023 22:00","3"
"11153","Chennai Mylapore (DGPOffice)","Tamil Nadu SW GW","33","Tamil Nadu","568","Chennai","Mylapore","-","-","-","-","-","-","-","-","13.04138889","80.27916667","07-01-2023 22:30","2.5"
"11154","Chennai Mylapore (DGPOffice)","Tamil Nadu SW GW","33","Tamil Nadu","568","Chennai","Mylapore","-","-","-","-","-","-","-","-","13.04138889","80.27916667","07-01-2023 23:00","2.5"
"11155","Chennai Mylapore (DGPOffice)","Tamil Nadu SW GW","33","Tamil Nadu","568","Chennai","Mylapore","-","-","-","-","-","-","-","-","13.04138889","80.27916667","01-02-2023 23:00","0.5"
"11156","Chennai Mylapore (DGPOffice)","Tamil Nadu SW GW","33","Tamil Nadu","568","Chennai","Mylapore","-","-","-","-","-","-","-","-","13.04138889","80.27916667","01-02-2023 23:30","1"
"11157","Chennai Mylapore (DGPOffice)","Tamil Nadu SW GW","33","Tamil Nadu","568","Chennai","Mylapore","-","-","-","-","-","-","-","-","13.04138889","80.27916667","02-02-2023 00:00","1"
"11158","Chennai Mylapore (DGPOffice)","Tamil Nadu SW GW","33","Tamil Nadu","568","Chennai","Mylapore","-","-","-","-","-","-","-","-","13.04138889","80.27916667","17-03-2023 12:30","0.5"
"11159","Chennai Mylapore (DGPOffice)","Tamil Nadu SW GW","33","Tamil Nadu","568","Chennai","Mylapore","-","-","-","-","-","-","-","-","13.04138889","80.27916667","17-03-2023 13:00","1"
"11160","Chennai Mylapore (DGPOffice)","Tamil Nadu SW GW","33","Tamil Nadu","568","Chennai","Mylapore","-","-","-","-","-","-","-","-","13.04138889","80.27916667","17-03-2023 13:30","0.5"
"11161","Chennai Mylapore (DGPOffice)","Tamil Nadu SW GW","33","Tamil Nadu","568","Chennai","Mylapore","-","-","-","-","-","-","-","-","13.04138889","80.27916667","17-03-2023 14:00","1"
"11162","Chennai Mylapore (DGPOffice)","Tamil Nadu SW GW","33","Tamil Nadu","568","Chennai","Mylapore","-","-","-","-","-","-","-","-","13.04138889","80.27916667","17-03-2023 14:30","0.5"
"11163","Chennai Mylapore (DGPOffice)","Tamil Nadu SW GW","33","Tamil Nadu","568","Chennai","Mylapore","-","-","-","-","-","-","-","-","13.04138889","80.27916667","17-03-2023 15:00","0.5"
"11164","Chennai Mylapore (DGPOffice)","Tamil Nadu SW GW","33","Tamil Nadu","568","Chennai","Mylapore","-","-","-","-","-","-","-","-","13.04138889","80.27916667","17-03-2023 15:30","0.5"
"11165","Chennai Mylapore (DGPOffice)","Tamil Nadu SW GW","33","Tamil Nadu","568","Chennai","Mylapore","-","-","-","-","-","-","-","-","13.04138889","80.27916667","17-03-2023 16:00","0.5"
"11166","Chennai Mylapore (DGPOffice)","Tamil Nadu SW GW","33","Tamil Nadu","568","Chennai","Mylapore","-","-","-","-","-","-","-","-","13.04138889","80.27916667","18-03-2023 03:00","0.5"
"11167","Chennai Mylapore (DGPOffice)","Tamil Nadu SW GW","33","Tamil Nadu","568","Chennai","Mylapore","-","-","-","-","-","-","-","-","13.04138889","80.27916667","18-03-2023 12:30","0.5"
"11168","Chennai Mylapore (DGPOffice)","Tamil Nadu SW GW","33","Tamil Nadu","568","Chennai","Mylapore","-","-","-","-","-","-","-","-","13.04138889","80.27916667","18-03-2023 13:00","0.5"
"11169","Chennai Mylapore (DGPOffice)","Tamil Nadu SW GW","33","Tamil Nadu","568","Chennai","Mylapore","-","-","-","-","-","-","-","-","13.04138889","80.27916667","18-03-2023 13:30","0.5"
"11170","Chennai Mylapore (DGPOffice)","Tamil Nadu SW GW","33","Tamil Nadu","568","Chennai","Mylapore","-","-","-","-","-","-","-","-","13.04138889","80.27916667","18-03-2023 14:00","0.5"
"11171","Chennai Mylapore (DGPOffice)","Tamil Nadu SW GW","33","Tamil Nadu","568","Chennai","Mylapore","-","-","-","-","-","-","-","-","13.04138889","80.27916667","19-03-2023 06:30","0.5"
"11172","Chennai Mylapore (DGPOffice)","Tamil Nadu SW GW","33","Tamil Nadu","568","Chennai","Mylapore","-","-","-","-","-","-","-","-","13.04138889","80.27916667","19-03-2023 07:00","0.5"
"11173","Chennai Mylapore (DGPOffice)","Tamil Nadu SW GW","33","Tamil Nadu","568","Chennai","Mylapore","-","-","-","-","-","-","-","-","13.04138889","80.27916667","20-03-2023 02:00","0.5"
"11174","Chennai Mylapore (DGPOffice)","Tamil Nadu SW GW","33","Tamil Nadu","568","Chennai","Mylapore","-","-","-","-","-","-","-","-","13.04138889","80.27916667","20-03-2023 02:30","1"
"11175","Chennai Mylapore (DGPOffice)","Tamil Nadu SW GW","33","Tamil Nadu","568","Chennai","Mylapore","-","-","-","-","-","-","-","-","13.04138889","80.27916667","20-03-2023 03:00","1.5"
"11176","Chennai Mylapore (DGPOffice)","Tamil Nadu SW GW","33","Tamil Nadu","568","Chennai","Mylapore","-","-","-","-","-","-","-","-","13.04138889","80.27916667","20-03-2023 03:30","0.5"
"11177","Chennai Mylapore (DGPOffice)","Tamil Nadu SW GW","33","Tamil Nadu","568","Chennai","Mylapore","-","-","-","-","-","-","-","-","13.04138889","80.27916667","20-03-2023 04:00","1"
"11178","Chennai Mylapore (DGPOffice)","Tamil Nadu SW GW","33","Tamil Nadu","568","Chennai","Mylapore","-","-","-","-","-","-","-","-","13.04138889","80.27916667","20-03-2023 04:30","0.5"
"11179","Chennai Mylapore (DGPOffice)","Tamil Nadu SW GW","33","Tamil Nadu","568","Chennai","Mylapore","-","-","-","-","-","-","-","-","13.04138889","80.27916667","20-03-2023 05:00","1"
"11180","Chennai Mylapore (DGPOffice)","Tamil Nadu SW GW","33","Tamil Nadu","568","Chennai","Mylapore","-","-","-","-","-","-","-","-","13.04138889","80.27916667","20-03-2023 05:30","0.5"
"11181","Chennai Mylapore (DGPOffice)","Tamil Nadu SW GW","33","Tamil Nadu","568","Chennai","Mylapore","-","-","-","-","-","-","-","-","13.04138889","80.27916667","20-03-2023 06:00","0.5"
"11182","Chennai Mylapore (DGPOffice)","Tamil Nadu SW GW","33","Tamil Nadu","568","Chennai","Mylapore","-","-","-","-","-","-","-","-","13.04138889","80.27916667","20-03-2023 06:30","0.5"
"11183","Chennai Mylapore (DGPOffice)","Tamil Nadu SW GW","33","Tamil Nadu","568","Chennai","Mylapore","-","-","-","-","-","-","-","-","13.04138889","80.27916667","20-03-2023 07:00","1"
"11184","Chennai Mylapore (DGPOffice)","Tamil Nadu SW GW","33","Tamil Nadu","568","Chennai","Mylapore","-","-","-","-","-","-","-","-","13.04138889","80.27916667","20-03-2023 08:00","0.5"
"11185","Chennai Mylapore (DGPOffice)","Tamil Nadu SW GW","33","Tamil Nadu","568","Chennai","Mylapore","-","-","-","-","-","-","-","-","13.04138889","80.27916667","20-03-2023 09:00","0.5"
"11186","Chennai Mylapore (DGPOffice)","Tamil Nadu SW GW","33","Tamil Nadu","568","Chennai","Mylapore","-","-","-","-","-","-","-","-","13.04138889","80.27916667","20-03-2023 09:30","0.5"
"11187","Chennai Mylapore (DGPOffice)","Tamil Nadu SW GW","33","Tamil Nadu","568","Chennai","Mylapore","-","-","-","-","-","-","-","-","13.04138889","80.27916667","20-03-2023 10:00","0.5"
"11188","Chennai Mylapore (DGPOffice)","Tamil Nadu SW GW","33","Tamil Nadu","568","Chennai","Mylapore","-","-","-","-","-","-","-","-","13.04138889","80.27916667","20-03-2023 10:30","0.5"
"11189","Chennai Mylapore (DGPOffice)","Tamil Nadu SW GW","33","Tamil Nadu","568","Chennai","Mylapore","-","-","-","-","-","-","-","-","13.04138889","80.27916667","20-03-2023 11:00","0.5"
"11190","Chennai Mylapore (DGPOffice)","Tamil Nadu SW GW","33","Tamil Nadu","568","Chennai","Mylapore","-","-","-","-","-","-","-","-","13.04138889","80.27916667","20-03-2023 12:00","0.5"
"11191","Chennai Mylapore (DGPOffice)","Tamil Nadu SW GW","33","Tamil Nadu","568","Chennai","Mylapore","-","-","-","-","-","-","-","-","13.04138889","80.27916667","20-03-2023 13:00","0.5"
"11192","Chennai Mylapore (DGPOffice)","Tamil Nadu SW GW","33","Tamil Nadu","568","Chennai","Mylapore","-","-","-","-","-","-","-","-","13.04138889","80.27916667","20-03-2023 14:00","0.5"
"11193","Chennai Mylapore (DGPOffice)","Tamil Nadu SW GW","33","Tamil Nadu","568","Chennai","Mylapore","-","-","-","-","-","-","-","-","13.04138889","80.27916667","20-03-2023 15:00","0.5"
"11194","Chennai Mylapore (DGPOffice)","Tamil Nadu SW GW","33","Tamil Nadu","568","Chennai","Mylapore","-","-","-","-","-","-","-","-","13.04138889","80.27916667","20-03-2023 16:30","0.5"
"11195","Chennai Mylapore (DGPOffice)","Tamil Nadu SW GW","33","Tamil Nadu","568","Chennai","Mylapore","-","-","-","-","-","-","-","-","13.04138889","80.27916667","20-03-2023 17:00","0.5"
"11196","Chennai Mylapore (DGPOffice)","Tamil Nadu SW GW","33","Tamil Nadu","568","Chennai","Mylapore","-","-","-","-","-","-","-","-","13.04138889","80.27916667","20-03-2023 18:30","0.5"
"11197","Chennai Mylapore (DGPOffice)","Tamil Nadu SW GW","33","Tamil Nadu","568","Chennai","Mylapore","-","-","-","-","-","-","-","-","13.04138889","80.27916667","20-03-2023 19:00","0.5"
"11198","Chennai Mylapore (DGPOffice)","Tamil Nadu SW GW","33","Tamil Nadu","568","Chennai","Mylapore","-","-","-","-","-","-","-","-","13.04138889","80.27916667","20-03-2023 20:30","0.5"
"11199","Chennai Mylapore (DGPOffice)","Tamil Nadu SW GW","33","Tamil Nadu","568","Chennai","Mylapore","-","-","-","-","-","-","-","-","13.04138889","80.27916667","20-03-2023 21:00","0.5"
"11200","Chennai Mylapore (DGPOffice)","Tamil Nadu SW GW","33","Tamil Nadu","568","Chennai","Mylapore","-","-","-","-","-","-","-","-","13.04138889","80.27916667","20-03-2023 23:30","0.5"
"11201","Chennai Mylapore (DGPOffice)","Tamil Nadu SW GW","33","Tamil Nadu","568","Chennai","Mylapore","-","-","-","-","-","-","-","-","13.04138889","80.27916667","21-03-2023 00:00","0.5"
"11202","Chennai Mylapore (DGPOffice)","Tamil Nadu SW GW","33","Tamil Nadu","568","Chennai","Mylapore","-","-","-","-","-","-","-","-","13.04138889","80.27916667","21-03-2023 03:00","0.5"
"11203","Chennai Mylapore (DGPOffice)","Tamil Nadu SW GW","33","Tamil Nadu","568","Chennai","Mylapore","-","-","-","-","-","-","-","-","13.04138889","80.27916667","21-03-2023 07:30","0.5"
"11204","Chennai Mylapore (DGPOffice)","Tamil Nadu SW GW","33","Tamil Nadu","568","Chennai","Mylapore","-","-","-","-","-","-","-","-","13.04138889","80.27916667","21-03-2023 08:00","0.5"
"11205","Chennai Mylapore (DGPOffice)","Tamil Nadu SW GW","33","Tamil Nadu","568","Chennai","Mylapore","-","-","-","-","-","-","-","-","13.04138889","80.27916667","21-03-2023 11:30","0.5"
"11206","Chennai Mylapore (DGPOffice)","Tamil Nadu SW GW","33","Tamil Nadu","568","Chennai","Mylapore","-","-","-","-","-","-","-","-","13.04138889","80.27916667","21-03-2023 12:00","0.5"
"11207","Chennai Mylapore (DGPOffice)","Tamil Nadu SW GW","33","Tamil Nadu","568","Chennai","Mylapore","-","-","-","-","-","-","-","-","13.04138889","80.27916667","21-03-2023 17:00","0.5"
"11208","Chennai Mylapore (DGPOffice)","Tamil Nadu SW GW","33","Tamil Nadu","568","Chennai","Mylapore","-","-","-","-","-","-","-","-","13.04138889","80.27916667","22-03-2023 00:00","0.5"
"11209","Chennai Mylapore (DGPOffice)","Tamil Nadu SW GW","33","Tamil Nadu","568","Chennai","Mylapore","-","-","-","-","-","-","-","-","13.04138889","80.27916667","22-03-2023 09:00","0.5"
"11210","Chennai Mylapore (DGPOffice)","Tamil Nadu SW GW","33","Tamil Nadu","568","Chennai","Mylapore","-","-","-","-","-","-","-","-","13.04138889","80.27916667","22-03-2023 18:30","0.5"
"11211","Chennai Mylapore (DGPOffice)","Tamil Nadu SW GW","33","Tamil Nadu","568","Chennai","Mylapore","-","-","-","-","-","-","-","-","13.04138889","80.27916667","22-03-2023 19:00","0.5"
"11212","Chennai Mylapore (DGPOffice)","Tamil Nadu SW GW","33","Tamil Nadu","568","Chennai","Mylapore","-","-","-","-","-","-","-","-","13.04138889","80.27916667","23-03-2023 07:30","0.5"
"11213","Chennai Mylapore (DGPOffice)","Tamil Nadu SW GW","33","Tamil Nadu","568","Chennai","Mylapore","-","-","-","-","-","-","-","-","13.04138889","80.27916667","23-03-2023 08:00","0.5"
"11214","Chennai Mylapore (DGPOffice)","Tamil Nadu SW GW","33","Tamil Nadu","568","Chennai","Mylapore","-","-","-","-","-","-","-","-","13.04138889","80.27916667","23-04-2023 21:30","0.5"
"11215","Chennai Mylapore (DGPOffice)","Tamil Nadu SW GW","33","Tamil Nadu","568","Chennai","Mylapore","-","-","-","-","-","-","-","-","13.04138889","80.27916667","23-04-2023 22:00","0.5"
"11216","Chennai Mylapore (DGPOffice)","Tamil Nadu SW GW","33","Tamil Nadu","568","Chennai","Mylapore","-","-","-","-","-","-","-","-","13.04138889","80.27916667","01-05-2023 06:30","0.5"
"11217","Chennai Mylapore (DGPOffice)","Tamil Nadu SW GW","33","Tamil Nadu","568","Chennai","Mylapore","-","-","-","-","-","-","-","-","13.04138889","80.27916667","01-05-2023 07:00","1"
"11218","Chennai Mylapore (DGPOffice)","Tamil Nadu SW GW","33","Tamil Nadu","568","Chennai","Mylapore","-","-","-","-","-","-","-","-","13.04138889","80.27916667","01-05-2023 07:30","0.5"
"11219","Chennai Mylapore (DGPOffice)","Tamil Nadu SW GW","33","Tamil Nadu","568","Chennai","Mylapore","-","-","-","-","-","-","-","-","13.04138889","80.27916667","01-05-2023 08:00","1"
"11220","Chennai Mylapore (DGPOffice)","Tamil Nadu SW GW","33","Tamil Nadu","568","Chennai","Mylapore","-","-","-","-","-","-","-","-","13.04138889","80.27916667","01-05-2023 08:30","0.5"
"11221","Chennai Mylapore (DGPOffice)","Tamil Nadu SW GW","33","Tamil Nadu","568","Chennai","Mylapore","-","-","-","-","-","-","-","-","13.04138889","80.27916667","01-05-2023 09:00","0.5"
"11222","Chennai Mylapore (DGPOffice)","Tamil Nadu SW GW","33","Tamil Nadu","568","Chennai","Mylapore","-","-","-","-","-","-","-","-","13.04138889","80.27916667","01-05-2023 09:30","0.5"
"11223","Chennai Mylapore (DGPOffice)","Tamil Nadu SW GW","33","Tamil Nadu","568","Chennai","Mylapore","-","-","-","-","-","-","-","-","13.04138889","80.27916667","01-05-2023 10:00","0.5"
"11224","Chennai Mylapore (DGPOffice)","Tamil Nadu SW GW","33","Tamil Nadu","568","Chennai","Mylapore","-","-","-","-","-","-","-","-","13.04138889","80.27916667","01-05-2023 10:30","0.5"
"11225","Chennai Mylapore (DGPOffice)","Tamil Nadu SW GW","33","Tamil Nadu","568","Chennai","Mylapore","-","-","-","-","-","-","-","-","13.04138889","80.27916667","01-05-2023 11:00","0.5"
"11226","Chennai Mylapore (DGPOffice)","Tamil Nadu SW GW","33","Tamil Nadu","568","Chennai","Mylapore","-","-","-","-","-","-","-","-","13.04138889","80.27916667","01-05-2023 11:30","0.5"
"11227","Chennai Mylapore (DGPOffice)","Tamil Nadu SW GW","33","Tamil Nadu","568","Chennai","Mylapore","-","-","-","-","-","-","-","-","13.04138889","80.27916667","01-05-2023 12:00","0.5"
"11228","Chennai Mylapore (DGPOffice)","Tamil Nadu SW GW","33","Tamil Nadu","568","Chennai","Mylapore","-","-","-","-","-","-","-","-","13.04138889","80.27916667","01-05-2023 12:30","0.5"
"11229","Chennai Mylapore (DGPOffice)","Tamil Nadu SW GW","33","Tamil Nadu","568","Chennai","Mylapore","-","-","-","-","-","-","-","-","13.04138889","80.27916667","01-05-2023 13:00","0.5"
"11230","Chennai Mylapore (DGPOffice)","Tamil Nadu SW GW","33","Tamil Nadu","568","Chennai","Mylapore","-","-","-","-","-","-","-","-","13.04138889","80.27916667","01-05-2023 13:30","0.5"
"11231","Chennai Mylapore (DGPOffice)","Tamil Nadu SW GW","33","Tamil Nadu","568","Chennai","Mylapore","-","-","-","-","-","-","-","-","13.04138889","80.27916667","01-05-2023 14:00","0.5"
"11232","Chennai Mylapore (DGPOffice)","Tamil Nadu SW GW","33","Tamil Nadu","568","Chennai","Mylapore","-","-","-","-","-","-","-","-","13.04138889","80.27916667","01-05-2023 14:30","0.5"
"11233","Chennai Mylapore (DGPOffice)","Tamil Nadu SW GW","33","Tamil Nadu","568","Chennai","Mylapore","-","-","-","-","-","-","-","-","13.04138889","80.27916667","01-05-2023 15:00","0.5"
"11234","Chennai Mylapore (DGPOffice)","Tamil Nadu SW GW","33","Tamil Nadu","568","Chennai","Mylapore","-","-","-","-","-","-","-","-","13.04138889","80.27916667","01-05-2023 16:00","0.5"
"11235","Chennai Mylapore (DGPOffice)","Tamil Nadu SW GW","33","Tamil Nadu","568","Chennai","Mylapore","-","-","-","-","-","-","-","-","13.04138889","80.27916667","01-05-2023 17:30","0.5"
"11236","Chennai Mylapore (DGPOffice)","Tamil Nadu SW GW","33","Tamil Nadu","568","Chennai","Mylapore","-","-","-","-","-","-","-","-","13.04138889","80.27916667","01-05-2023 18:00","0.5"
"11237","Chennai Mylapore (DGPOffice)","Tamil Nadu SW GW","33","Tamil Nadu","568","Chennai","Mylapore","-","-","-","-","-","-","-","-","13.04138889","80.27916667","01-05-2023 19:30","0.5"
"11238","Chennai Mylapore (DGPOffice)","Tamil Nadu SW GW","33","Tamil Nadu","568","Chennai","Mylapore","-","-","-","-","-","-","-","-","13.04138889","80.27916667","01-05-2023 20:00","0.5"
"11239","Chennai Mylapore (DGPOffice)","Tamil Nadu SW GW","33","Tamil Nadu","568","Chennai","Mylapore","-","-","-","-","-","-","-","-","13.04138889","80.27916667","01-05-2023 22:00","0.5"
"11240","Chennai Mylapore (DGPOffice)","Tamil Nadu SW GW","33","Tamil Nadu","568","Chennai","Mylapore","-","-","-","-","-","-","-","-","13.04138889","80.27916667","02-05-2023 00:00","0.5"
"11241","Chennai Mylapore (DGPOffice)","Tamil Nadu SW GW","33","Tamil Nadu","568","Chennai","Mylapore","-","-","-","-","-","-","-","-","13.04138889","80.27916667","02-05-2023 01:30","0.5"
"11242","Chennai Mylapore (DGPOffice)","Tamil Nadu SW GW","33","Tamil Nadu","568","Chennai","Mylapore","-","-","-","-","-","-","-","-","13.04138889","80.27916667","02-05-2023 02:00","0.5"
"11243","Chennai Mylapore (DGPOffice)","Tamil Nadu SW GW","33","Tamil Nadu","568","Chennai","Mylapore","-","-","-","-","-","-","-","-","13.04138889","80.27916667","02-05-2023 03:00","0.5"
"11244","Chennai Mylapore (DGPOffice)","Tamil Nadu SW GW","33","Tamil Nadu","568","Chennai","Mylapore","-","-","-","-","-","-","-","-","13.04138889","80.27916667","02-05-2023 05:00","0.5"
"11245","Chennai Mylapore (DGPOffice)","Tamil Nadu SW GW","33","Tamil Nadu","568","Chennai","Mylapore","-","-","-","-","-","-","-","-","13.04138889","80.27916667","02-05-2023 06:30","0.5"
"11246","Chennai Mylapore (DGPOffice)","Tamil Nadu SW GW","33","Tamil Nadu","568","Chennai","Mylapore","-","-","-","-","-","-","-","-","13.04138889","80.27916667","02-05-2023 07:00","0.5"
"11247","Chennai Mylapore (DGPOffice)","Tamil Nadu SW GW","33","Tamil Nadu","568","Chennai","Mylapore","-","-","-","-","-","-","-","-","13.04138889","80.27916667","02-05-2023 08:00","0.5"
"11248","Chennai Mylapore (DGPOffice)","Tamil Nadu SW GW","33","Tamil Nadu","568","Chennai","Mylapore","-","-","-","-","-","-","-","-","13.04138889","80.27916667","02-05-2023 10:00","0.5"
"11249","Chennai Mylapore (DGPOffice)","Tamil Nadu SW GW","33","Tamil Nadu","568","Chennai","Mylapore","-","-","-","-","-","-","-","-","13.04138889","80.27916667","02-05-2023 12:00","0.5"
"11250","Chennai Mylapore (DGPOffice)","Tamil Nadu SW GW","33","Tamil Nadu","568","Chennai","Mylapore","-","-","-","-","-","-","-","-","13.04138889","80.27916667","02-05-2023 13:30","0.5"
"11251","Chennai Mylapore (DGPOffice)","Tamil Nadu SW GW","33","Tamil Nadu","568","Chennai","Mylapore","-","-","-","-","-","-","-","-","13.04138889","80.27916667","02-05-2023 14:00","0.5"
"11252","Chennai Mylapore (DGPOffice)","Tamil Nadu SW GW","33","Tamil Nadu","568","Chennai","Mylapore","-","-","-","-","-","-","-","-","13.04138889","80.27916667","02-05-2023 15:30","0.5"
"11253","Chennai Mylapore (DGPOffice)","Tamil Nadu SW GW","33","Tamil Nadu","568","Chennai","Mylapore","-","-","-","-","-","-","-","-","13.04138889","80.27916667","02-05-2023 16:00","0.5"
"11254","Chennai Mylapore (DGPOffice)","Tamil Nadu SW GW","33","Tamil Nadu","568","Chennai","Mylapore","-","-","-","-","-","-","-","-","13.04138889","80.27916667","02-05-2023 17:30","0.5"
"11255","Chennai Mylapore (DGPOffice)","Tamil Nadu SW GW","33","Tamil Nadu","568","Chennai","Mylapore","-","-","-","-","-","-","-","-","13.04138889","80.27916667","02-05-2023 18:00","0.5"
"11256","Chennai Mylapore (DGPOffice)","Tamil Nadu SW GW","33","Tamil Nadu","568","Chennai","Mylapore","-","-","-","-","-","-","-","-","13.04138889","80.27916667","02-05-2023 20:00","0.5"
"11257","Chennai Mylapore (DGPOffice)","Tamil Nadu SW GW","33","Tamil Nadu","568","Chennai","Mylapore","-","-","-","-","-","-","-","-","13.04138889","80.27916667","02-05-2023 22:30","0.5"
"11258","Chennai Mylapore (DGPOffice)","Tamil Nadu SW GW","33","Tamil Nadu","568","Chennai","Mylapore","-","-","-","-","-","-","-","-","13.04138889","80.27916667","02-05-2023 23:00","0.5"
"11259","Chennai Mylapore (DGPOffice)","Tamil Nadu SW GW","33","Tamil Nadu","568","Chennai","Mylapore","-","-","-","-","-","-","-","-","13.04138889","80.27916667","03-05-2023 01:00","0.5"
"11260","Chennai Mylapore (DGPOffice)","Tamil Nadu SW GW","33","Tamil Nadu","568","Chennai","Mylapore","-","-","-","-","-","-","-","-","13.04138889","80.27916667","03-05-2023 04:00","0.5"
"11261","Chennai Mylapore (DGPOffice)","Tamil Nadu SW GW","33","Tamil Nadu","568","Chennai","Mylapore","-","-","-","-","-","-","-","-","13.04138889","80.27916667","03-05-2023 07:00","0.5"
"11262","Chennai Mylapore (DGPOffice)","Tamil Nadu SW GW","33","Tamil Nadu","568","Chennai","Mylapore","-","-","-","-","-","-","-","-","13.04138889","80.27916667","03-05-2023 10:30","0.5"
"11263","Chennai Mylapore (DGPOffice)","Tamil Nadu SW GW","33","Tamil Nadu","568","Chennai","Mylapore","-","-","-","-","-","-","-","-","13.04138889","80.27916667","03-05-2023 11:00","0.5"
"11264","Chennai Mylapore (DGPOffice)","Tamil Nadu SW GW","33","Tamil Nadu","568","Chennai","Mylapore","-","-","-","-","-","-","-","-","13.04138889","80.27916667","03-05-2023 13:30","0.5"
"11265","Chennai Mylapore (DGPOffice)","Tamil Nadu SW GW","33","Tamil Nadu","568","Chennai","Mylapore","-","-","-","-","-","-","-","-","13.04138889","80.27916667","03-05-2023 14:00","0.5"
"11266","Chennai Mylapore (DGPOffice)","Tamil Nadu SW GW","33","Tamil Nadu","568","Chennai","Mylapore","-","-","-","-","-","-","-","-","13.04138889","80.27916667","03-05-2023 17:00","0.5"
"11267","Chennai Mylapore (DGPOffice)","Tamil Nadu SW GW","33","Tamil Nadu","568","Chennai","Mylapore","-","-","-","-","-","-","-","-","13.04138889","80.27916667","03-05-2023 20:30","0.5"
"11268","Chennai Mylapore (DGPOffice)","Tamil Nadu SW GW","33","Tamil Nadu","568","Chennai","Mylapore","-","-","-","-","-","-","-","-","13.04138889","80.27916667","03-05-2023 21:00","0.5"
"11269","Chennai Mylapore (DGPOffice)","Tamil Nadu SW GW","33","Tamil Nadu","568","Chennai","Mylapore","-","-","-","-","-","-","-","-","13.04138889","80.27916667","04-05-2023 01:00","0.5"
"11270","Chennai Mylapore (DGPOffice)","Tamil Nadu SW GW","33","Tamil Nadu","568","Chennai","Mylapore","-","-","-","-","-","-","-","-","13.04138889","80.27916667","04-05-2023 05:00","0.5"
"11271","Chennai Mylapore (DGPOffice)","Tamil Nadu SW GW","33","Tamil Nadu","568","Chennai","Mylapore","-","-","-","-","-","-","-","-","13.04138889","80.27916667","04-05-2023 10:00","0.5"
"11272","Chennai Mylapore (DGPOffice)","Tamil Nadu SW GW","33","Tamil Nadu","568","Chennai","Mylapore","-","-","-","-","-","-","-","-","13.04138889","80.27916667","04-05-2023 13:30","0.5"
"11273","Chennai Mylapore (DGPOffice)","Tamil Nadu SW GW","33","Tamil Nadu","568","Chennai","Mylapore","-","-","-","-","-","-","-","-","13.04138889","80.27916667","04-05-2023 14:00","0.5"
"11274","Chennai Mylapore (DGPOffice)","Tamil Nadu SW GW","33","Tamil Nadu","568","Chennai","Mylapore","-","-","-","-","-","-","-","-","13.04138889","80.27916667","04-05-2023 18:00","0.5"
"11275","Chennai Mylapore (DGPOffice)","Tamil Nadu SW GW","33","Tamil Nadu","568","Chennai","Mylapore","-","-","-","-","-","-","-","-","13.04138889","80.27916667","04-05-2023 23:30","0.5"
"11276","Chennai Mylapore (DGPOffice)","Tamil Nadu SW GW","33","Tamil Nadu","568","Chennai","Mylapore","-","-","-","-","-","-","-","-","13.04138889","80.27916667","05-05-2023 00:00","0.5"
"11277","Chennai Mylapore (DGPOffice)","Tamil Nadu SW GW","33","Tamil Nadu","568","Chennai","Mylapore","-","-","-","-","-","-","-","-","13.04138889","80.27916667","05-05-2023 06:30","0.5"
"11278","Chennai Mylapore (DGPOffice)","Tamil Nadu SW GW","33","Tamil Nadu","568","Chennai","Mylapore","-","-","-","-","-","-","-","-","13.04138889","80.27916667","05-05-2023 07:00","0.5"
"11279","Chennai Mylapore (DGPOffice)","Tamil Nadu SW GW","33","Tamil Nadu","568","Chennai","Mylapore","-","-","-","-","-","-","-","-","13.04138889","80.27916667","05-05-2023 12:00","0.5"
"11280","Chennai Mylapore (DGPOffice)","Tamil Nadu SW GW","33","Tamil Nadu","568","Chennai","Mylapore","-","-","-","-","-","-","-","-","13.04138889","80.27916667","05-05-2023 19:00","0.5"
"11281","Chennai Mylapore (DGPOffice)","Tamil Nadu SW GW","33","Tamil Nadu","568","Chennai","Mylapore","-","-","-","-","-","-","-","-","13.04138889","80.27916667","06-05-2023 03:00","0.5"
"11282","Chennai Mylapore (DGPOffice)","Tamil Nadu SW GW","33","Tamil Nadu","568","Chennai","Mylapore","-","-","-","-","-","-","-","-","13.04138889","80.27916667","06-05-2023 11:30","0.5"
"11283","Chennai Mylapore (DGPOffice)","Tamil Nadu SW GW","33","Tamil Nadu","568","Chennai","Mylapore","-","-","-","-","-","-","-","-","13.04138889","80.27916667","06-05-2023 12:00","0.5"
"11284","Chennai Mylapore (DGPOffice)","Tamil Nadu SW GW","33","Tamil Nadu","568","Chennai","Mylapore","-","-","-","-","-","-","-","-","13.04138889","80.27916667","06-05-2023 20:00","0.5"
"11285","Chennai Mylapore (DGPOffice)","Tamil Nadu SW GW","33","Tamil Nadu","568","Chennai","Mylapore","-","-","-","-","-","-","-","-","13.04138889","80.27916667","07-05-2023 07:00","0.5"
"11286","Chennai Mylapore (DGPOffice)","Tamil Nadu SW GW","33","Tamil Nadu","568","Chennai","Mylapore","-","-","-","-","-","-","-","-","13.04138889","80.27916667","07-05-2023 17:30","0.5"
"11287","Chennai Mylapore (DGPOffice)","Tamil Nadu SW GW","33","Tamil Nadu","568","Chennai","Mylapore","-","-","-","-","-","-","-","-","13.04138889","80.27916667","07-05-2023 18:00","0.5"
"11288","Chennai Mylapore (DGPOffice)","Tamil Nadu SW GW","33","Tamil Nadu","568","Chennai","Mylapore","-","-","-","-","-","-","-","-","13.04138889","80.27916667","08-05-2023 07:30","0.5"
"11289","Chennai Mylapore (DGPOffice)","Tamil Nadu SW GW","33","Tamil Nadu","568","Chennai","Mylapore","-","-","-","-","-","-","-","-","13.04138889","80.27916667","08-05-2023 08:00","0.5"
"11290","Chennai Mylapore (DGPOffice)","Tamil Nadu SW GW","33","Tamil Nadu","568","Chennai","Mylapore","-","-","-","-","-","-","-","-","13.04138889","80.27916667","08-05-2023 21:30","0.5"
"11291","Chennai Mylapore (DGPOffice)","Tamil Nadu SW GW","33","Tamil Nadu","568","Chennai","Mylapore","-","-","-","-","-","-","-","-","13.04138889","80.27916667","08-05-2023 22:00","0.5"
"11292","Chennai Mylapore (DGPOffice)","Tamil Nadu SW GW","33","Tamil Nadu","568","Chennai","Mylapore","-","-","-","-","-","-","-","-","13.04138889","80.27916667","09-05-2023 18:30","0.5"
"11293","Chennai Mylapore (DGPOffice)","Tamil Nadu SW GW","33","Tamil Nadu","568","Chennai","Mylapore","-","-","-","-","-","-","-","-","13.04138889","80.27916667","09-05-2023 19:00","0.5"
"11294","Chennai Mylapore (DGPOffice)","Tamil Nadu SW GW","33","Tamil Nadu","568","Chennai","Mylapore","-","-","-","-","-","-","-","-","13.04138889","80.27916667","10-05-2023 14:30","0.5"
"11295","Chennai Mylapore (DGPOffice)","Tamil Nadu SW GW","33","Tamil Nadu","568","Chennai","Mylapore","-","-","-","-","-","-","-","-","13.04138889","80.27916667","10-05-2023 15:00","0.5"
"11296","Chennai Mylapore (DGPOffice)","Tamil Nadu SW GW","33","Tamil Nadu","568","Chennai","Mylapore","-","-","-","-","-","-","-","-","13.04138889","80.27916667","11-05-2023 18:00","0.5"
"11297","Chennai Mylapore (DGPOffice)","Tamil Nadu SW GW","33","Tamil Nadu","568","Chennai","Mylapore","-","-","-","-","-","-","-","-","13.04138889","80.27916667","12-05-2023 22:00","0.5"
"11298","Chennai Mylapore (DGPOffice)","Tamil Nadu SW GW","33","Tamil Nadu","568","Chennai","Mylapore","-","-","-","-","-","-","-","-","13.04138889","80.27916667","16-05-2023 05:00","0.5"
"11299","Chennai Mylapore (DGPOffice)","Tamil Nadu SW GW","33","Tamil Nadu","568","Chennai","Mylapore","-","-","-","-","-","-","-","-","13.04138889","80.27916667","06-06-2023 17:00","0.5"
"11300","Chennai Mylapore (DGPOffice)","Tamil Nadu SW GW","33","Tamil Nadu","568","Chennai","Mylapore","-","-","-","-","-","-","-","-","13.04138889","80.27916667","06-06-2023 17:30","0.5"
"11301","Chennai Mylapore (DGPOffice)","Tamil Nadu SW GW","33","Tamil Nadu","568","Chennai","Mylapore","-","-","-","-","-","-","-","-","13.04138889","80.27916667","06-06-2023 18:00","1"
"11302","Chennai Mylapore (DGPOffice)","Tamil Nadu SW GW","33","Tamil Nadu","568","Chennai","Mylapore","-","-","-","-","-","-","-","-","13.04138889","80.27916667","06-06-2023 18:30","0.5"
"11303","Chennai Mylapore (DGPOffice)","Tamil Nadu SW GW","33","Tamil Nadu","568","Chennai","Mylapore","-","-","-","-","-","-","-","-","13.04138889","80.27916667","06-06-2023 19:00","1"
"11304","Chennai Mylapore (DGPOffice)","Tamil Nadu SW GW","33","Tamil Nadu","568","Chennai","Mylapore","-","-","-","-","-","-","-","-","13.04138889","80.27916667","06-06-2023 20:00","0.5"
"11305","Chennai Mylapore (DGPOffice)","Tamil Nadu SW GW","33","Tamil Nadu","568","Chennai","Mylapore","-","-","-","-","-","-","-","-","13.04138889","80.27916667","06-06-2023 20:30","0.5"
"11306","Chennai Mylapore (DGPOffice)","Tamil Nadu SW GW","33","Tamil Nadu","568","Chennai","Mylapore","-","-","-","-","-","-","-","-","13.04138889","80.27916667","06-06-2023 21:00","0.5"
"11307","Chennai Mylapore (DGPOffice)","Tamil Nadu SW GW","33","Tamil Nadu","568","Chennai","Mylapore","-","-","-","-","-","-","-","-","13.04138889","80.27916667","11-06-2023 21:00","1"
"11308","Chennai Mylapore (DGPOffice)","Tamil Nadu SW GW","33","Tamil Nadu","568","Chennai","Mylapore","-","-","-","-","-","-","-","-","13.04138889","80.27916667","11-06-2023 22:00","1"
"11309","Chennai Mylapore (DGPOffice)","Tamil Nadu SW GW","33","Tamil Nadu","568","Chennai","Mylapore","-","-","-","-","-","-","-","-","13.04138889","80.27916667","11-06-2023 23:00","1"
"11310","Chennai Mylapore (DGPOffice)","Tamil Nadu SW GW","33","Tamil Nadu","568","Chennai","Mylapore","-","-","-","-","-","-","-","-","13.04138889","80.27916667","12-06-2023 00:00","0.5"
"11311","Chennai Mylapore (DGPOffice)","Tamil Nadu SW GW","33","Tamil Nadu","568","Chennai","Mylapore","-","-","-","-","-","-","-","-","13.04138889","80.27916667","13-06-2023 00:00","0.5"
"11312","Chennai Mylapore (DGPOffice)","Tamil Nadu SW GW","33","Tamil Nadu","568","Chennai","Mylapore","-","-","-","-","-","-","-","-","13.04138889","80.27916667","18-06-2023 13:00","0.5"
"11313","Chennai Mylapore (DGPOffice)","Tamil Nadu SW GW","33","Tamil Nadu","568","Chennai","Mylapore","-","-","-","-","-","-","-","-","13.04138889","80.27916667","18-06-2023 14:00","0.5"
"11314","Chennai Mylapore (DGPOffice)","Tamil Nadu SW GW","33","Tamil Nadu","568","Chennai","Mylapore","-","-","-","-","-","-","-","-","13.04138889","80.27916667","18-06-2023 15:00","0.5"
"11315","Chennai Mylapore (DGPOffice)","Tamil Nadu SW GW","33","Tamil Nadu","568","Chennai","Mylapore","-","-","-","-","-","-","-","-","13.04138889","80.27916667","18-06-2023 17:00","0.5"
"11316","Chennai Mylapore (DGPOffice)","Tamil Nadu SW GW","33","Tamil Nadu","568","Chennai","Mylapore","-","-","-","-","-","-","-","-","13.04138889","80.27916667","18-06-2023 19:00","0.5"
"11317","Chennai Mylapore (DGPOffice)","Tamil Nadu SW GW","33","Tamil Nadu","568","Chennai","Mylapore","-","-","-","-","-","-","-","-","13.04138889","80.27916667","18-06-2023 21:00","0.5"
"11318","Chennai Mylapore (DGPOffice)","Tamil Nadu SW GW","33","Tamil Nadu","568","Chennai","Mylapore","-","-","-","-","-","-","-","-","13.04138889","80.27916667","19-06-2023 12:00","3"
"11319","Chennai Mylapore (DGPOffice)","Tamil Nadu SW GW","33","Tamil Nadu","568","Chennai","Mylapore","-","-","-","-","-","-","-","-","13.04138889","80.27916667","19-06-2023 13:00","2.5"
"11320","Chennai Mylapore (DGPOffice)","Tamil Nadu SW GW","33","Tamil Nadu","568","Chennai","Mylapore","-","-","-","-","-","-","-","-","13.04138889","80.27916667","19-06-2023 14:00","2"
"11321","Chennai Mylapore (DGPOffice)","Tamil Nadu SW GW","33","Tamil Nadu","568","Chennai","Mylapore","-","-","-","-","-","-","-","-","13.04138889","80.27916667","19-06-2023 15:00","2"
"11322","Chennai Mylapore (DGPOffice)","Tamil Nadu SW GW","33","Tamil Nadu","568","Chennai","Mylapore","-","-","-","-","-","-","-","-","13.04138889","80.27916667","20-06-2023 09:00","1"
"11323","Chennai Mylapore (DGPOffice)","Tamil Nadu SW GW","33","Tamil Nadu","568","Chennai","Mylapore","-","-","-","-","-","-","-","-","13.04138889","80.27916667","20-06-2023 10:00","0.5"
"11324","Chennai Mylapore (DGPOffice)","Tamil Nadu SW GW","33","Tamil Nadu","568","Chennai","Mylapore","-","-","-","-","-","-","-","-","13.04138889","80.27916667","20-06-2023 11:00","1"
"11325","Chennai Mylapore (DGPOffice)","Tamil Nadu SW GW","33","Tamil Nadu","568","Chennai","Mylapore","-","-","-","-","-","-","-","-","13.04138889","80.27916667","20-06-2023 12:00","0.5"
"11326","Chennai Mylapore (DGPOffice)","Tamil Nadu SW GW","33","Tamil Nadu","568","Chennai","Mylapore","-","-","-","-","-","-","-","-","13.04138889","80.27916667","20-06-2023 13:00","1"
"11327","Chennai Mylapore (DGPOffice)","Tamil Nadu SW GW","33","Tamil Nadu","568","Chennai","Mylapore","-","-","-","-","-","-","-","-","13.04138889","80.27916667","20-06-2023 14:00","1"
"11328","Chennai Mylapore (DGPOffice)","Tamil Nadu SW GW","33","Tamil Nadu","568","Chennai","Mylapore","-","-","-","-","-","-","-","-","13.04138889","80.27916667","20-06-2023 15:00","1"
"11329","Chennai Mylapore (DGPOffice)","Tamil Nadu SW GW","33","Tamil Nadu","568","Chennai","Mylapore","-","-","-","-","-","-","-","-","13.04138889","80.27916667","20-06-2023 16:00","1"
"11330","Chennai Mylapore (DGPOffice)","Tamil Nadu SW GW","33","Tamil Nadu","568","Chennai","Mylapore","-","-","-","-","-","-","-","-","13.04138889","80.27916667","20-06-2023 17:00","0.5"
"11331","Chennai Mylapore (DGPOffice)","Tamil Nadu SW GW","33","Tamil Nadu","568","Chennai","Mylapore","-","-","-","-","-","-","-","-","13.04138889","80.27916667","20-06-2023 18:00","1"
"11332","Chennai Mylapore (DGPOffice)","Tamil Nadu SW GW","33","Tamil Nadu","568","Chennai","Mylapore","-","-","-","-","-","-","-","-","13.04138889","80.27916667","20-06-2023 19:00","0.5"
"11333","Chennai Mylapore (DGPOffice)","Tamil Nadu SW GW","33","Tamil Nadu","568","Chennai","Mylapore","-","-","-","-","-","-","-","-","13.04138889","80.27916667","20-06-2023 20:00","1"
"11334","Chennai Mylapore (DGPOffice)","Tamil Nadu SW GW","33","Tamil Nadu","568","Chennai","Mylapore","-","-","-","-","-","-","-","-","13.04138889","80.27916667","20-06-2023 21:00","0.5"
"11335","Chennai Mylapore (DGPOffice)","Tamil Nadu SW GW","33","Tamil Nadu","568","Chennai","Mylapore","-","-","-","-","-","-","-","-","13.04138889","80.27916667","20-06-2023 22:00","1"
"11336","Chennai Mylapore (DGPOffice)","Tamil Nadu SW GW","33","Tamil Nadu","568","Chennai","Mylapore","-","-","-","-","-","-","-","-","13.04138889","80.27916667","20-06-2023 23:00","0.5"
"11337","Chennai Mylapore (DGPOffice)","Tamil Nadu SW GW","33","Tamil Nadu","568","Chennai","Mylapore","-","-","-","-","-","-","-","-","13.04138889","80.27916667","21-06-2023 00:00","1"
"11338","Chennai Mylapore (DGPOffice)","Tamil Nadu SW GW","33","Tamil Nadu","568","Chennai","Mylapore","-","-","-","-","-","-","-","-","13.04138889","80.27916667","21-06-2023 09:00","0.5"
"11339","Chennai Mylapore (DGPOffice)","Tamil Nadu SW GW","33","Tamil Nadu","568","Chennai","Mylapore","-","-","-","-","-","-","-","-","13.04138889","80.27916667","21-06-2023 10:00","1"
"11340","Chennai Mylapore (DGPOffice)","Tamil Nadu SW GW","33","Tamil Nadu","568","Chennai","Mylapore","-","-","-","-","-","-","-","-","13.04138889","80.27916667","21-06-2023 11:00","0.5"
"11341","Chennai Mylapore (DGPOffice)","Tamil Nadu SW GW","33","Tamil Nadu","568","Chennai","Mylapore","-","-","-","-","-","-","-","-","13.04138889","80.27916667","21-06-2023 12:00","0.5"
"11342","Chennai Mylapore (DGPOffice)","Tamil Nadu SW GW","33","Tamil Nadu","568","Chennai","Mylapore","-","-","-","-","-","-","-","-","13.04138889","80.27916667","21-06-2023 13:00","0.5"
"11343","Chennai Mylapore (DGPOffice)","Tamil Nadu SW GW","33","Tamil Nadu","568","Chennai","Mylapore","-","-","-","-","-","-","-","-","13.04138889","80.27916667","21-06-2023 14:00","1"
"11344","Chennai Mylapore (DGPOffice)","Tamil Nadu SW GW","33","Tamil Nadu","568","Chennai","Mylapore","-","-","-","-","-","-","-","-","13.04138889","80.27916667","21-06-2023 15:00","0.5"
"11345","Chennai Mylapore (DGPOffice)","Tamil Nadu SW GW","33","Tamil Nadu","568","Chennai","Mylapore","-","-","-","-","-","-","-","-","13.04138889","80.27916667","21-06-2023 16:00","0.5"
"11346","Chennai Mylapore (DGPOffice)","Tamil Nadu SW GW","33","Tamil Nadu","568","Chennai","Mylapore","-","-","-","-","-","-","-","-","13.04138889","80.27916667","21-06-2023 17:00","0.5"
"11347","Chennai Mylapore (DGPOffice)","Tamil Nadu SW GW","33","Tamil Nadu","568","Chennai","Mylapore","-","-","-","-","-","-","-","-","13.04138889","80.27916667","21-06-2023 18:00","1"
"11348","Chennai Mylapore (DGPOffice)","Tamil Nadu SW GW","33","Tamil Nadu","568","Chennai","Mylapore","-","-","-","-","-","-","-","-","13.04138889","80.27916667","21-06-2023 19:00","0.5"
"11349","Chennai Mylapore (DGPOffice)","Tamil Nadu SW GW","33","Tamil Nadu","568","Chennai","Mylapore","-","-","-","-","-","-","-","-","13.04138889","80.27916667","21-06-2023 20:00","0.5"
"11350","Chennai Mylapore (DGPOffice)","Tamil Nadu SW GW","33","Tamil Nadu","568","Chennai","Mylapore","-","-","-","-","-","-","-","-","13.04138889","80.27916667","21-06-2023 21:00","0.5"
"11351","Chennai Mylapore (DGPOffice)","Tamil Nadu SW GW","33","Tamil Nadu","568","Chennai","Mylapore","-","-","-","-","-","-","-","-","13.04138889","80.27916667","21-06-2023 22:00","0.5"
"11352","Chennai Mylapore (DGPOffice)","Tamil Nadu SW GW","33","Tamil Nadu","568","Chennai","Mylapore","-","-","-","-","-","-","-","-","13.04138889","80.27916667","21-06-2023 23:00","0.5"
"11353","Chennai Mylapore (DGPOffice)","Tamil Nadu SW GW","33","Tamil Nadu","568","Chennai","Mylapore","-","-","-","-","-","-","-","-","13.04138889","80.27916667","22-06-2023 00:00","0.5"
"11354","Chennai Mylapore (DGPOffice)","Tamil Nadu SW GW","33","Tamil Nadu","568","Chennai","Mylapore","-","-","-","-","-","-","-","-","13.04138889","80.27916667","22-06-2023 01:00","0.5"
"11355","Chennai Mylapore (DGPOffice)","Tamil Nadu SW GW","33","Tamil Nadu","568","Chennai","Mylapore","-","-","-","-","-","-","-","-","13.04138889","80.27916667","22-06-2023 02:00","0.5"
"11356","Chennai Mylapore (DGPOffice)","Tamil Nadu SW GW","33","Tamil Nadu","568","Chennai","Mylapore","-","-","-","-","-","-","-","-","13.04138889","80.27916667","22-06-2023 04:00","0.5"
"11357","Chennai Mylapore (DGPOffice)","Tamil Nadu SW GW","33","Tamil Nadu","568","Chennai","Mylapore","-","-","-","-","-","-","-","-","13.04138889","80.27916667","22-06-2023 09:00","0.5"
"11358","Chennai Mylapore (DGPOffice)","Tamil Nadu SW GW","33","Tamil Nadu","568","Chennai","Mylapore","-","-","-","-","-","-","-","-","13.04138889","80.27916667","22-06-2023 11:00","0.5"
"11359","Chennai Mylapore (DGPOffice)","Tamil Nadu SW GW","33","Tamil Nadu","568","Chennai","Mylapore","-","-","-","-","-","-","-","-","13.04138889","80.27916667","22-06-2023 12:00","0.5"
"11360","Chennai Mylapore (DGPOffice)","Tamil Nadu SW GW","33","Tamil Nadu","568","Chennai","Mylapore","-","-","-","-","-","-","-","-","13.04138889","80.27916667","22-06-2023 13:00","0.5"
"11361","Chennai Mylapore (DGPOffice)","Tamil Nadu SW GW","33","Tamil Nadu","568","Chennai","Mylapore","-","-","-","-","-","-","-","-","13.04138889","80.27916667","22-06-2023 14:00","0.5"
"11362","Chennai Mylapore (DGPOffice)","Tamil Nadu SW GW","33","Tamil Nadu","568","Chennai","Mylapore","-","-","-","-","-","-","-","-","13.04138889","80.27916667","22-06-2023 15:00","0.5"
"11363","Chennai Mylapore (DGPOffice)","Tamil Nadu SW GW","33","Tamil Nadu","568","Chennai","Mylapore","-","-","-","-","-","-","-","-","13.04138889","80.27916667","22-06-2023 16:00","0.5"
"11364","Chennai Mylapore (DGPOffice)","Tamil Nadu SW GW","33","Tamil Nadu","568","Chennai","Mylapore","-","-","-","-","-","-","-","-","13.04138889","80.27916667","22-06-2023 17:00","0.5"
"11365","Chennai Mylapore (DGPOffice)","Tamil Nadu SW GW","33","Tamil Nadu","568","Chennai","Mylapore","-","-","-","-","-","-","-","-","13.04138889","80.27916667","22-06-2023 19:00","0.5"
"11366","Chennai Mylapore (DGPOffice)","Tamil Nadu SW GW","33","Tamil Nadu","568","Chennai","Mylapore","-","-","-","-","-","-","-","-","13.04138889","80.27916667","22-06-2023 20:00","0.5"
"11367","Chennai Mylapore (DGPOffice)","Tamil Nadu SW GW","33","Tamil Nadu","568","Chennai","Mylapore","-","-","-","-","-","-","-","-","13.04138889","80.27916667","22-06-2023 21:00","0.5"
"11368","Chennai Mylapore (DGPOffice)","Tamil Nadu SW GW","33","Tamil Nadu","568","Chennai","Mylapore","-","-","-","-","-","-","-","-","13.04138889","80.27916667","23-06-2023 11:00","0.5"
"11369","Chennai Mylapore (DGPOffice)","Tamil Nadu SW GW","33","Tamil Nadu","568","Chennai","Mylapore","-","-","-","-","-","-","-","-","13.04138889","80.27916667","23-06-2023 13:00","0.5"
"11370","Chennai Mylapore (DGPOffice)","Tamil Nadu SW GW","33","Tamil Nadu","568","Chennai","Mylapore","-","-","-","-","-","-","-","-","13.04138889","80.27916667","23-06-2023 15:00","0.5"
"11371","Chennai Mylapore (DGPOffice)","Tamil Nadu SW GW","33","Tamil Nadu","568","Chennai","Mylapore","-","-","-","-","-","-","-","-","13.04138889","80.27916667","23-06-2023 17:00","0.5"
"11372","Chennai Mylapore (DGPOffice)","Tamil Nadu SW GW","33","Tamil Nadu","568","Chennai","Mylapore","-","-","-","-","-","-","-","-","13.04138889","80.27916667","23-06-2023 20:00","0.5"
"11373","Chennai Mylapore (DGPOffice)","Tamil Nadu SW GW","33","Tamil Nadu","568","Chennai","Mylapore","-","-","-","-","-","-","-","-","13.04138889","80.27916667","24-06-2023 10:00","0.5"
"11374","Chennai Mylapore (DGPOffice)","Tamil Nadu SW GW","33","Tamil Nadu","568","Chennai","Mylapore","-","-","-","-","-","-","-","-","13.04138889","80.27916667","24-06-2023 20:00","0.5"
"11375","Chennai Mylapore (DGPOffice)","Tamil Nadu SW GW","33","Tamil Nadu","568","Chennai","Mylapore","-","-","-","-","-","-","-","-","13.04138889","80.27916667","25-06-2023 14:00","0.5"
"11376","Chennai Mylapore (DGPOffice)","Tamil Nadu SW GW","33","Tamil Nadu","568","Chennai","Mylapore","-","-","-","-","-","-","-","-","13.04138889","80.27916667","26-06-2023 09:00","0.5"
"11377","Chennai Mylapore (DGPOffice)","Tamil Nadu SW GW","33","Tamil Nadu","568","Chennai","Mylapore","-","-","-","-","-","-","-","-","13.04138889","80.27916667","26-06-2023 15:00","0.5"
"11378","Chennai Mylapore (DGPOffice)","Tamil Nadu SW GW","33","Tamil Nadu","568","Chennai","Mylapore","-","-","-","-","-","-","-","-","13.04138889","80.27916667","26-06-2023 16:00","0.5"
"11379","Chennai Mylapore (DGPOffice)","Tamil Nadu SW GW","33","Tamil Nadu","568","Chennai","Mylapore","-","-","-","-","-","-","-","-","13.04138889","80.27916667","26-06-2023 17:00","0.5"
"11380","Chennai Mylapore (DGPOffice)","Tamil Nadu SW GW","33","Tamil Nadu","568","Chennai","Mylapore","-","-","-","-","-","-","-","-","13.04138889","80.27916667","26-06-2023 19:00","0.5"
"11381","Chennai Mylapore (DGPOffice)","Tamil Nadu SW GW","33","Tamil Nadu","568","Chennai","Mylapore","-","-","-","-","-","-","-","-","13.04138889","80.27916667","26-06-2023 20:00","0.5"
"11382","Chennai Mylapore (DGPOffice)","Tamil Nadu SW GW","33","Tamil Nadu","568","Chennai","Mylapore","-","-","-","-","-","-","-","-","13.04138889","80.27916667","27-06-2023 00:00","0.5"
"11383","Chennai Mylapore (DGPOffice)","Tamil Nadu SW GW","33","Tamil Nadu","568","Chennai","Mylapore","-","-","-","-","-","-","-","-","13.04138889","80.27916667","27-06-2023 14:00","0.5"
"11384","Chennai Mylapore (DGPOffice)","Tamil Nadu SW GW","33","Tamil Nadu","568","Chennai","Mylapore","-","-","-","-","-","-","-","-","13.04138889","80.27916667","27-06-2023 17:00","0.5"
"11385","Chennai Mylapore (DGPOffice)","Tamil Nadu SW GW","33","Tamil Nadu","568","Chennai","Mylapore","-","-","-","-","-","-","-","-","13.04138889","80.27916667","27-06-2023 20:00","0.5"
"11386","Chennai Mylapore (DGPOffice)","Tamil Nadu SW GW","33","Tamil Nadu","568","Chennai","Mylapore","-","-","-","-","-","-","-","-","13.04138889","80.27916667","28-06-2023 11:00","0.5"
"11387","Chennai Mylapore (DGPOffice)","Tamil Nadu SW GW","33","Tamil Nadu","568","Chennai","Mylapore","-","-","-","-","-","-","-","-","13.04138889","80.27916667","29-06-2023 22:00","0.5"
"11388","Chennai Mylapore (DGPOffice)","Tamil Nadu SW GW","33","Tamil Nadu","568","Chennai","Mylapore","-","-","-","-","-","-","-","-","13.04138889","80.27916667","03-07-2023 03:00","1"
"11389","Chennai Mylapore (DGPOffice)","Tamil Nadu SW GW","33","Tamil Nadu","568","Chennai","Mylapore","-","-","-","-","-","-","-","-","13.04138889","80.27916667","03-07-2023 04:00","0.5"
"11390","Chennai Mylapore (DGPOffice)","Tamil Nadu SW GW","33","Tamil Nadu","568","Chennai","Mylapore","-","-","-","-","-","-","-","-","13.04138889","80.27916667","03-07-2023 05:00","0.5"
"11391","Chennai Mylapore (DGPOffice)","Tamil Nadu SW GW","33","Tamil Nadu","568","Chennai","Mylapore","-","-","-","-","-","-","-","-","13.04138889","80.27916667","03-07-2023 06:00","0.5"
"11392","Chennai Mylapore (DGPOffice)","Tamil Nadu SW GW","33","Tamil Nadu","568","Chennai","Mylapore","-","-","-","-","-","-","-","-","13.04138889","80.27916667","03-07-2023 09:00","0.5"
"11393","Chennai Mylapore (DGPOffice)","Tamil Nadu SW GW","33","Tamil Nadu","568","Chennai","Mylapore","-","-","-","-","-","-","-","-","13.04138889","80.27916667","03-07-2023 13:00","0.5"
"11394","Chennai Mylapore (DGPOffice)","Tamil Nadu SW GW","33","Tamil Nadu","568","Chennai","Mylapore","-","-","-","-","-","-","-","-","13.04138889","80.27916667","09-07-2023 18:00","2"
"11395","Chennai Mylapore (DGPOffice)","Tamil Nadu SW GW","33","Tamil Nadu","568","Chennai","Mylapore","-","-","-","-","-","-","-","-","13.04138889","80.27916667","09-07-2023 19:00","2.5"
"11396","Chennai Mylapore (DGPOffice)","Tamil Nadu SW GW","33","Tamil Nadu","568","Chennai","Mylapore","-","-","-","-","-","-","-","-","13.04138889","80.27916667","09-07-2023 20:00","1.5"
"11397","Chennai Mylapore (DGPOffice)","Tamil Nadu SW GW","33","Tamil Nadu","568","Chennai","Mylapore","-","-","-","-","-","-","-","-","13.04138889","80.27916667","09-07-2023 22:00","0.5"
"11398","Chennai Mylapore (DGPOffice)","Tamil Nadu SW GW","33","Tamil Nadu","568","Chennai","Mylapore","-","-","-","-","-","-","-","-","13.04138889","80.27916667","09-07-2023 23:00","2"
"11399","Chennai Mylapore (DGPOffice)","Tamil Nadu SW GW","33","Tamil Nadu","568","Chennai","Mylapore","-","-","-","-","-","-","-","-","13.04138889","80.27916667","10-07-2023 00:00","1.5"
"11400","Chennai Mylapore (DGPOffice)","Tamil Nadu SW GW","33","Tamil Nadu","568","Chennai","Mylapore","-","-","-","-","-","-","-","-","13.04138889","80.27916667","10-07-2023 03:00","0.5"
"11401","Chennai Mylapore (DGPOffice)","Tamil Nadu SW GW","33","Tamil Nadu","568","Chennai","Mylapore","-","-","-","-","-","-","-","-","13.04138889","80.27916667","13-07-2023 01:00","0.5"
"11402","Chennai Mylapore (DGPOffice)","Tamil Nadu SW GW","33","Tamil Nadu","568","Chennai","Mylapore","-","-","-","-","-","-","-","-","13.04138889","80.27916667","13-07-2023 02:00","0.5"
"11403","Chennai Mylapore (DGPOffice)","Tamil Nadu SW GW","33","Tamil Nadu","568","Chennai","Mylapore","-","-","-","-","-","-","-","-","13.04138889","80.27916667","13-07-2023 03:00","1"
"11404","Chennai Mylapore (DGPOffice)","Tamil Nadu SW GW","33","Tamil Nadu","568","Chennai","Mylapore","-","-","-","-","-","-","-","-","13.04138889","80.27916667","13-07-2023 04:00","2"
"11405","Chennai Mylapore (DGPOffice)","Tamil Nadu SW GW","33","Tamil Nadu","568","Chennai","Mylapore","-","-","-","-","-","-","-","-","13.04138889","80.27916667","13-07-2023 05:00","3"
"11406","Chennai Mylapore (DGPOffice)","Tamil Nadu SW GW","33","Tamil Nadu","568","Chennai","Mylapore","-","-","-","-","-","-","-","-","13.04138889","80.27916667","13-07-2023 06:00","2"
"11407","Chennai Mylapore (DGPOffice)","Tamil Nadu SW GW","33","Tamil Nadu","568","Chennai","Mylapore","-","-","-","-","-","-","-","-","13.04138889","80.27916667","13-07-2023 23:00","7"
"11408","Chennai Mylapore (DGPOffice)","Tamil Nadu SW GW","33","Tamil Nadu","568","Chennai","Mylapore","-","-","-","-","-","-","-","-","13.04138889","80.27916667","14-07-2023 00:00","2"
"11409","Chennai Mylapore (DGPOffice)","Tamil Nadu SW GW","33","Tamil Nadu","568","Chennai","Mylapore","-","-","-","-","-","-","-","-","13.04138889","80.27916667","22-07-2023 21:00","4"
"11410","Chennai Mylapore (DGPOffice)","Tamil Nadu SW GW","33","Tamil Nadu","568","Chennai","Mylapore","-","-","-","-","-","-","-","-","13.04138889","80.27916667","22-07-2023 22:00","2.5"
"11411","Chennai Mylapore (DGPOffice)","Tamil Nadu SW GW","33","Tamil Nadu","568","Chennai","Mylapore","-","-","-","-","-","-","-","-","13.04138889","80.27916667","22-07-2023 23:00","0.5"
"11412","Chennai Mylapore (DGPOffice)","Tamil Nadu SW GW","33","Tamil Nadu","568","Chennai","Mylapore","-","-","-","-","-","-","-","-","13.04138889","80.27916667","23-07-2023 12:00","0.5"
"11413","Chennai Mylapore (DGPOffice)","Tamil Nadu SW GW","33","Tamil Nadu","568","Chennai","Mylapore","-","-","-","-","-","-","-","-","13.04138889","80.27916667","23-07-2023 16:00","0.5"
"11414","Chennai Mylapore (DGPOffice)","Tamil Nadu SW GW","33","Tamil Nadu","568","Chennai","Mylapore","-","-","-","-","-","-","-","-","13.04138889","80.27916667","24-07-2023 19:00","19"
"11415","Chennai Mylapore (DGPOffice)","Tamil Nadu SW GW","33","Tamil Nadu","568","Chennai","Mylapore","-","-","-","-","-","-","-","-","13.04138889","80.27916667","24-07-2023 20:00","1"
"11416","Chennai Mylapore (DGPOffice)","Tamil Nadu SW GW","33","Tamil Nadu","568","Chennai","Mylapore","-","-","-","-","-","-","-","-","13.04138889","80.27916667","24-07-2023 21:00","5"
"11417","Chennai Mylapore (DGPOffice)","Tamil Nadu SW GW","33","Tamil Nadu","568","Chennai","Mylapore","-","-","-","-","-","-","-","-","13.04138889","80.27916667","24-07-2023 22:00","2"
"11418","Chennai Mylapore (DGPOffice)","Tamil Nadu SW GW","33","Tamil Nadu","568","Chennai","Mylapore","-","-","-","-","-","-","-","-","13.04138889","80.27916667","25-07-2023 10:00","0.5"
"11419","Chennai Mylapore (DGPOffice)","Tamil Nadu SW GW","33","Tamil Nadu","568","Chennai","Mylapore","-","-","-","-","-","-","-","-","13.04138889","80.27916667","25-07-2023 14:00","2.5"
"11420","Chennai Mylapore (DGPOffice)","Tamil Nadu SW GW","33","Tamil Nadu","568","Chennai","Mylapore","-","-","-","-","-","-","-","-","13.04138889","80.27916667","25-07-2023 15:00","0.5"
"11421","Chennai Mylapore (DGPOffice)","Tamil Nadu SW GW","33","Tamil Nadu","568","Chennai","Mylapore","-","-","-","-","-","-","-","-","13.04138889","80.27916667","25-07-2023 17:00","0.5"
"11422","Chennai Mylapore (DGPOffice)","Tamil Nadu SW GW","33","Tamil Nadu","568","Chennai","Mylapore","-","-","-","-","-","-","-","-","13.04138889","80.27916667","25-07-2023 19:00","0.5"
"11423","Chennai Mylapore (DGPOffice)","Tamil Nadu SW GW","33","Tamil Nadu","568","Chennai","Mylapore","-","-","-","-","-","-","-","-","13.04138889","80.27916667","26-07-2023 05:00","0.5"
"11424","Chennai Mylapore (DGPOffice)","Tamil Nadu SW GW","33","Tamil Nadu","568","Chennai","Mylapore","-","-","-","-","-","-","-","-","13.04138889","80.27916667","26-07-2023 07:00","0.5"
"11425","Chennai Mylapore (DGPOffice)","Tamil Nadu SW GW","33","Tamil Nadu","568","Chennai","Mylapore","-","-","-","-","-","-","-","-","13.04138889","80.27916667","10-08-2023 16:00","7"
"11426","Chennai Mylapore (DGPOffice)","Tamil Nadu SW GW","33","Tamil Nadu","568","Chennai","Mylapore","-","-","-","-","-","-","-","-","13.04138889","80.27916667","10-08-2023 17:00","2.5"
"11427","Chennai Mylapore (DGPOffice)","Tamil Nadu SW GW","33","Tamil Nadu","568","Chennai","Mylapore","-","-","-","-","-","-","-","-","13.04138889","80.27916667","10-08-2023 18:00","0.5"
"11428","Chennai Mylapore (DGPOffice)","Tamil Nadu SW GW","33","Tamil Nadu","568","Chennai","Mylapore","-","-","-","-","-","-","-","-","13.04138889","80.27916667","12-08-2023 14:00","0.5"
"11429","Chennai Mylapore (DGPOffice)","Tamil Nadu SW GW","33","Tamil Nadu","568","Chennai","Mylapore","-","-","-","-","-","-","-","-","13.04138889","80.27916667","12-08-2023 15:00","2"
"11430","Chennai Mylapore (DGPOffice)","Tamil Nadu SW GW","33","Tamil Nadu","568","Chennai","Mylapore","-","-","-","-","-","-","-","-","13.04138889","80.27916667","12-08-2023 17:00","0.5"
"11431","Chennai Mylapore (DGPOffice)","Tamil Nadu SW GW","33","Tamil Nadu","568","Chennai","Mylapore","-","-","-","-","-","-","-","-","13.04138889","80.27916667","13-08-2023 06:00","0.5"
"11432","Chennai Mylapore (DGPOffice)","Tamil Nadu SW GW","33","Tamil Nadu","568","Chennai","Mylapore","-","-","-","-","-","-","-","-","13.04138889","80.27916667","14-08-2023 00:00","9"
"11433","Chennai Mylapore (DGPOffice)","Tamil Nadu SW GW","33","Tamil Nadu","568","Chennai","Mylapore","-","-","-","-","-","-","-","-","13.04138889","80.27916667","14-08-2023 01:00","52.5"
"11434","Chennai Mylapore (DGPOffice)","Tamil Nadu SW GW","33","Tamil Nadu","568","Chennai","Mylapore","-","-","-","-","-","-","-","-","13.04138889","80.27916667","14-08-2023 02:00","2"
"11435","Chennai Mylapore (DGPOffice)","Tamil Nadu SW GW","33","Tamil Nadu","568","Chennai","Mylapore","-","-","-","-","-","-","-","-","13.04138889","80.27916667","14-08-2023 03:00","6.5"
"11436","Chennai Mylapore (DGPOffice)","Tamil Nadu SW GW","33","Tamil Nadu","568","Chennai","Mylapore","-","-","-","-","-","-","-","-","13.04138889","80.27916667","14-08-2023 04:00","4"
"11437","Chennai Mylapore (DGPOffice)","Tamil Nadu SW GW","33","Tamil Nadu","568","Chennai","Mylapore","-","-","-","-","-","-","-","-","13.04138889","80.27916667","14-08-2023 05:00","8"
"11438","Chennai Mylapore (DGPOffice)","Tamil Nadu SW GW","33","Tamil Nadu","568","Chennai","Mylapore","-","-","-","-","-","-","-","-","13.04138889","80.27916667","14-08-2023 06:00","0.5"
"11439","Chennai Mylapore (DGPOffice)","Tamil Nadu SW GW","33","Tamil Nadu","568","Chennai","Mylapore","-","-","-","-","-","-","-","-","13.04138889","80.27916667","14-08-2023 17:00","0.5"
"11440","Chennai Mylapore (DGPOffice)","Tamil Nadu SW GW","33","Tamil Nadu","568","Chennai","Mylapore","-","-","-","-","-","-","-","-","13.04138889","80.27916667","14-08-2023 19:00","0.5"
"11441","Chennai Mylapore (DGPOffice)","Tamil Nadu SW GW","33","Tamil Nadu","568","Chennai","Mylapore","-","-","-","-","-","-","-","-","13.04138889","80.27916667","14-08-2023 23:00","4.5"
"11442","Chennai Mylapore (DGPOffice)","Tamil Nadu SW GW","33","Tamil Nadu","568","Chennai","Mylapore","-","-","-","-","-","-","-","-","13.04138889","80.27916667","16-08-2023 03:00","1"
"11443","Chennai Mylapore (DGPOffice)","Tamil Nadu SW GW","33","Tamil Nadu","568","Chennai","Mylapore","-","-","-","-","-","-","-","-","13.04138889","80.27916667","16-08-2023 23:00","0.5"
"11444","Chennai Mylapore (DGPOffice)","Tamil Nadu SW GW","33","Tamil Nadu","568","Chennai","Mylapore","-","-","-","-","-","-","-","-","13.04138889","80.27916667","17-08-2023 19:00","1.5"
"11445","Chennai Mylapore (DGPOffice)","Tamil Nadu SW GW","33","Tamil Nadu","568","Chennai","Mylapore","-","-","-","-","-","-","-","-","13.04138889","80.27916667","17-08-2023 21:00","0.5"
"11446","Chennai Mylapore (DGPOffice)","Tamil Nadu SW GW","33","Tamil Nadu","568","Chennai","Mylapore","-","-","-","-","-","-","-","-","13.04138889","80.27916667","17-08-2023 22:00","1.5"
"11447","Chennai Mylapore (DGPOffice)","Tamil Nadu SW GW","33","Tamil Nadu","568","Chennai","Mylapore","-","-","-","-","-","-","-","-","13.04138889","80.27916667","17-08-2023 23:00","36"
"11448","Chennai Mylapore (DGPOffice)","Tamil Nadu SW GW","33","Tamil Nadu","568","Chennai","Mylapore","-","-","-","-","-","-","-","-","13.04138889","80.27916667","18-08-2023 00:00","4"
"11449","Chennai Mylapore (DGPOffice)","Tamil Nadu SW GW","33","Tamil Nadu","568","Chennai","Mylapore","-","-","-","-","-","-","-","-","13.04138889","80.27916667","18-08-2023 01:00","7"
"11450","Chennai Mylapore (DGPOffice)","Tamil Nadu SW GW","33","Tamil Nadu","568","Chennai","Mylapore","-","-","-","-","-","-","-","-","13.04138889","80.27916667","18-08-2023 04:00","0.5"
"11451","Chennai Mylapore (DGPOffice)","Tamil Nadu SW GW","33","Tamil Nadu","568","Chennai","Mylapore","-","-","-","-","-","-","-","-","13.04138889","80.27916667","19-08-2023 20:00","1"
"11452","Chennai Mylapore (DGPOffice)","Tamil Nadu SW GW","33","Tamil Nadu","568","Chennai","Mylapore","-","-","-","-","-","-","-","-","13.04138889","80.27916667","19-08-2023 21:00","2"
"11453","Chennai Mylapore (DGPOffice)","Tamil Nadu SW GW","33","Tamil Nadu","568","Chennai","Mylapore","-","-","-","-","-","-","-","-","13.04138889","80.27916667","22-08-2023 08:00","3.5"
"11454","Chennai Mylapore (DGPOffice)","Tamil Nadu SW GW","33","Tamil Nadu","568","Chennai","Mylapore","-","-","-","-","-","-","-","-","13.04138889","80.27916667","22-08-2023 09:00","0.5"
"11455","Chennai Mylapore (DGPOffice)","Tamil Nadu SW GW","33","Tamil Nadu","568","Chennai","Mylapore","-","-","-","-","-","-","-","-","13.04138889","80.27916667","23-08-2023 02:00","1.5"
"11456","Chennai Mylapore (DGPOffice)","Tamil Nadu SW GW","33","Tamil Nadu","568","Chennai","Mylapore","-","-","-","-","-","-","-","-","13.04138889","80.27916667","23-08-2023 03:00","0.5"
"11457","Chennai Mylapore (DGPOffice)","Tamil Nadu SW GW","33","Tamil Nadu","568","Chennai","Mylapore","-","-","-","-","-","-","-","-","13.04138889","80.27916667","23-08-2023 06:00","0.5"
"11458","Chennai Mylapore (DGPOffice)","Tamil Nadu SW GW","33","Tamil Nadu","568","Chennai","Mylapore","-","-","-","-","-","-","-","-","13.04138889","80.27916667","23-08-2023 07:00","0.5"
"11459","Chennai Mylapore (DGPOffice)","Tamil Nadu SW GW","33","Tamil Nadu","568","Chennai","Mylapore","-","-","-","-","-","-","-","-","13.04138889","80.27916667","24-08-2023 01:00","11.5"
"11460","Chennai Mylapore (DGPOffice)","Tamil Nadu SW GW","33","Tamil Nadu","568","Chennai","Mylapore","-","-","-","-","-","-","-","-","13.04138889","80.27916667","24-08-2023 02:00","21"
"11461","Chennai Mylapore (DGPOffice)","Tamil Nadu SW GW","33","Tamil Nadu","568","Chennai","Mylapore","-","-","-","-","-","-","-","-","13.04138889","80.27916667","24-08-2023 03:00","1.5"
"11462","Chennai Mylapore (DGPOffice)","Tamil Nadu SW GW","33","Tamil Nadu","568","Chennai","Mylapore","-","-","-","-","-","-","-","-","13.04138889","80.27916667","24-08-2023 04:00","2.5"
"11463","Chennai Mylapore (DGPOffice)","Tamil Nadu SW GW","33","Tamil Nadu","568","Chennai","Mylapore","-","-","-","-","-","-","-","-","13.04138889","80.27916667","24-08-2023 05:00","4"
"11464","Chennai Mylapore (DGPOffice)","Tamil Nadu SW GW","33","Tamil Nadu","568","Chennai","Mylapore","-","-","-","-","-","-","-","-","13.04138889","80.27916667","24-08-2023 06:00","0.5"
"11465","Chennai Mylapore (DGPOffice)","Tamil Nadu SW GW","33","Tamil Nadu","568","Chennai","Mylapore","-","-","-","-","-","-","-","-","13.04138889","80.27916667","27-08-2023 04:00","29.5"
"11466","Chennai Mylapore (DGPOffice)","Tamil Nadu SW GW","33","Tamil Nadu","568","Chennai","Mylapore","-","-","-","-","-","-","-","-","13.04138889","80.27916667","27-08-2023 05:00","0.5"
"11467","Chennai Mylapore (DGPOffice)","Tamil Nadu SW GW","33","Tamil Nadu","568","Chennai","Mylapore","-","-","-","-","-","-","-","-","13.04138889","80.27916667","29-08-2023 04:00","2"
"11468","Chennai Mylapore (DGPOffice)","Tamil Nadu SW GW","33","Tamil Nadu","568","Chennai","Mylapore","-","-","-","-","-","-","-","-","13.04138889","80.27916667","29-08-2023 05:00","36.5"
"11469","Chennai Mylapore (DGPOffice)","Tamil Nadu SW GW","33","Tamil Nadu","568","Chennai","Mylapore","-","-","-","-","-","-","-","-","13.04138889","80.27916667","29-08-2023 06:00","1"
"11470","Chennai Mylapore (DGPOffice)","Tamil Nadu SW GW","33","Tamil Nadu","568","Chennai","Mylapore","-","-","-","-","-","-","-","-","13.04138889","80.27916667","29-08-2023 07:00","1.5"
"11471","Chennai Mylapore (DGPOffice)","Tamil Nadu SW GW","33","Tamil Nadu","568","Chennai","Mylapore","-","-","-","-","-","-","-","-","13.04138889","80.27916667","02-09-2023 19:00","1"
"11472","Chennai Mylapore (DGPOffice)","Tamil Nadu SW GW","33","Tamil Nadu","568","Chennai","Mylapore","-","-","-","-","-","-","-","-","13.04138889","80.27916667","03-09-2023 17:00","29"
"11473","Chennai Mylapore (DGPOffice)","Tamil Nadu SW GW","33","Tamil Nadu","568","Chennai","Mylapore","-","-","-","-","-","-","-","-","13.04138889","80.27916667","03-09-2023 18:00","2"
"11474","Chennai Mylapore (DGPOffice)","Tamil Nadu SW GW","33","Tamil Nadu","568","Chennai","Mylapore","-","-","-","-","-","-","-","-","13.04138889","80.27916667","03-09-2023 21:00","1"
"11475","Chennai Mylapore (DGPOffice)","Tamil Nadu SW GW","33","Tamil Nadu","568","Chennai","Mylapore","-","-","-","-","-","-","-","-","13.04138889","80.27916667","04-09-2023 02:00","0.5"
"11476","Chennai Mylapore (DGPOffice)","Tamil Nadu SW GW","33","Tamil Nadu","568","Chennai","Mylapore","-","-","-","-","-","-","-","-","13.04138889","80.27916667","07-09-2023 20:00","0.5"
"11477","Chennai Mylapore (DGPOffice)","Tamil Nadu SW GW","33","Tamil Nadu","568","Chennai","Mylapore","-","-","-","-","-","-","-","-","13.04138889","80.27916667","07-09-2023 21:00","9.5"
"11478","Chennai Mylapore (DGPOffice)","Tamil Nadu SW GW","33","Tamil Nadu","568","Chennai","Mylapore","-","-","-","-","-","-","-","-","13.04138889","80.27916667","07-09-2023 22:00","3"
"11479","Chennai Mylapore (DGPOffice)","Tamil Nadu SW GW","33","Tamil Nadu","568","Chennai","Mylapore","-","-","-","-","-","-","-","-","13.04138889","80.27916667","07-09-2023 23:00","27.5"
"11480","Chennai Mylapore (DGPOffice)","Tamil Nadu SW GW","33","Tamil Nadu","568","Chennai","Mylapore","-","-","-","-","-","-","-","-","13.04138889","80.27916667","08-09-2023 00:00","1.5"
"11481","Chennai Mylapore (DGPOffice)","Tamil Nadu SW GW","33","Tamil Nadu","568","Chennai","Mylapore","-","-","-","-","-","-","-","-","13.04138889","80.27916667","13-09-2023 22:00","4.5"
"11482","Chennai Mylapore (DGPOffice)","Tamil Nadu SW GW","33","Tamil Nadu","568","Chennai","Mylapore","-","-","-","-","-","-","-","-","13.04138889","80.27916667","13-09-2023 23:00","0.5"
"11483","Chennai Mylapore (DGPOffice)","Tamil Nadu SW GW","33","Tamil Nadu","568","Chennai","Mylapore","-","-","-","-","-","-","-","-","13.04138889","80.27916667","14-09-2023 21:00","1"
"11484","Chennai Mylapore (DGPOffice)","Tamil Nadu SW GW","33","Tamil Nadu","568","Chennai","Mylapore","-","-","-","-","-","-","-","-","13.04138889","80.27916667","16-09-2023 16:00","11"
"11485","Chennai Mylapore (DGPOffice)","Tamil Nadu SW GW","33","Tamil Nadu","568","Chennai","Mylapore","-","-","-","-","-","-","-","-","13.04138889","80.27916667","16-09-2023 17:00","2.5"
"11486","Chennai Mylapore (DGPOffice)","Tamil Nadu SW GW","33","Tamil Nadu","568","Chennai","Mylapore","-","-","-","-","-","-","-","-","13.04138889","80.27916667","16-09-2023 19:00","0.5"
"11487","Chennai Mylapore (DGPOffice)","Tamil Nadu SW GW","33","Tamil Nadu","568","Chennai","Mylapore","-","-","-","-","-","-","-","-","13.04138889","80.27916667","16-09-2023 22:00","22.5"
"11488","Chennai Mylapore (DGPOffice)","Tamil Nadu SW GW","33","Tamil Nadu","568","Chennai","Mylapore","-","-","-","-","-","-","-","-","13.04138889","80.27916667","16-09-2023 23:00","2.5"
"11489","Chennai Mylapore (DGPOffice)","Tamil Nadu SW GW","33","Tamil Nadu","568","Chennai","Mylapore","-","-","-","-","-","-","-","-","13.04138889","80.27916667","17-09-2023 00:00","2"
"11490","Chennai Mylapore (DGPOffice)","Tamil Nadu SW GW","33","Tamil Nadu","568","Chennai","Mylapore","-","-","-","-","-","-","-","-","13.04138889","80.27916667","17-09-2023 01:00","3"
"11491","Chennai Mylapore (DGPOffice)","Tamil Nadu SW GW","33","Tamil Nadu","568","Chennai","Mylapore","-","-","-","-","-","-","-","-","13.04138889","80.27916667","17-09-2023 02:00","1"
"11492","Chennai Mylapore (DGPOffice)","Tamil Nadu SW GW","33","Tamil Nadu","568","Chennai","Mylapore","-","-","-","-","-","-","-","-","13.04138889","80.27916667","17-09-2023 03:00","0.5"
"11493","Chennai Mylapore (DGPOffice)","Tamil Nadu SW GW","33","Tamil Nadu","568","Chennai","Mylapore","-","-","-","-","-","-","-","-","13.04138889","80.27916667","18-09-2023 18:00","1"
"11494","Chennai Mylapore (DGPOffice)","Tamil Nadu SW GW","33","Tamil Nadu","568","Chennai","Mylapore","-","-","-","-","-","-","-","-","13.04138889","80.27916667","19-09-2023 01:00","5"
"11495","Chennai Mylapore (DGPOffice)","Tamil Nadu SW GW","33","Tamil Nadu","568","Chennai","Mylapore","-","-","-","-","-","-","-","-","13.04138889","80.27916667","19-09-2023 02:00","3"
"11496","Chennai Mylapore (DGPOffice)","Tamil Nadu SW GW","33","Tamil Nadu","568","Chennai","Mylapore","-","-","-","-","-","-","-","-","13.04138889","80.27916667","19-09-2023 03:00","1"
"11497","Chennai Mylapore (DGPOffice)","Tamil Nadu SW GW","33","Tamil Nadu","568","Chennai","Mylapore","-","-","-","-","-","-","-","-","13.04138889","80.27916667","19-09-2023 04:00","1"
"11498","Chennai Mylapore (DGPOffice)","Tamil Nadu SW GW","33","Tamil Nadu","568","Chennai","Mylapore","-","-","-","-","-","-","-","-","13.04138889","80.27916667","21-09-2023 07:00","5"
"11499","Chennai Mylapore (DGPOffice)","Tamil Nadu SW GW","33","Tamil Nadu","568","Chennai","Mylapore","-","-","-","-","-","-","-","-","13.04138889","80.27916667","21-09-2023 08:00","4"
"11500","Chennai Mylapore (DGPOffice)","Tamil Nadu SW GW","33","Tamil Nadu","568","Chennai","Mylapore","-","-","-","-","-","-","-","-","13.04138889","80.27916667","21-09-2023 09:00","2"
"11501","Chennai Mylapore (DGPOffice)","Tamil Nadu SW GW","33","Tamil Nadu","568","Chennai","Mylapore","-","-","-","-","-","-","-","-","13.04138889","80.27916667","24-09-2023 04:00","1"
"11502","Chennai Mylapore (DGPOffice)","Tamil Nadu SW GW","33","Tamil Nadu","568","Chennai","Mylapore","-","-","-","-","-","-","-","-","13.04138889","80.27916667","26-09-2023 22:00","0.5"
"11503","Chennai Mylapore (DGPOffice)","Tamil Nadu SW GW","33","Tamil Nadu","568","Chennai","Mylapore","-","-","-","-","-","-","-","-","13.04138889","80.27916667","27-09-2023 18:00","3.5"
"11504","Chennai Mylapore (DGPOffice)","Tamil Nadu SW GW","33","Tamil Nadu","568","Chennai","Mylapore","-","-","-","-","-","-","-","-","13.04138889","80.27916667","27-09-2023 19:00","1"
"11505","Chennai Mylapore (DGPOffice)","Tamil Nadu SW GW","33","Tamil Nadu","568","Chennai","Mylapore","-","-","-","-","-","-","-","-","13.04138889","80.27916667","29-09-2023 01:00","2"
"11506","Chennai Mylapore (DGPOffice)","Tamil Nadu SW GW","33","Tamil Nadu","568","Chennai","Mylapore","-","-","-","-","-","-","-","-","13.04138889","80.27916667","29-09-2023 19:00","11"
"11507","Chennai Mylapore (DGPOffice)","Tamil Nadu SW GW","33","Tamil Nadu","568","Chennai","Mylapore","-","-","-","-","-","-","-","-","13.04138889","80.27916667","29-09-2023 20:00","28"
"11508","Chennai Mylapore (DGPOffice)","Tamil Nadu SW GW","33","Tamil Nadu","568","Chennai","Mylapore","-","-","-","-","-","-","-","-","13.04138889","80.27916667","29-09-2023 21:00","0.5"
"11509","Chennai Mylapore (DGPOffice)","Tamil Nadu SW GW","33","Tamil Nadu","568","Chennai","Mylapore","-","-","-","-","-","-","-","-","13.04138889","80.27916667","29-09-2023 23:00","1"
"11510","Chennai Mylapore (DGPOffice)","Tamil Nadu SW GW","33","Tamil Nadu","568","Chennai","Mylapore","-","-","-","-","-","-","-","-","13.04138889","80.27916667","30-09-2023 00:00","0.5"
"11511","Chennai Mylapore (DGPOffice)","Tamil Nadu SW GW","33","Tamil Nadu","568","Chennai","Mylapore","-","-","-","-","-","-","-","-","13.04138889","80.27916667","30-09-2023 06:00","0.5"
"11512","Chennai Mylapore (DGPOffice)","Tamil Nadu SW GW","33","Tamil Nadu","568","Chennai","Mylapore","-","-","-","-","-","-","-","-","13.04138889","80.27916667","05-10-2023 03:00","3"
"11513","Chennai Mylapore (DGPOffice)","Tamil Nadu SW GW","33","Tamil Nadu","568","Chennai","Mylapore","-","-","-","-","-","-","-","-","13.04138889","80.27916667","05-10-2023 04:00","1"
"11514","Chennai Mylapore (DGPOffice)","Tamil Nadu SW GW","33","Tamil Nadu","568","Chennai","Mylapore","-","-","-","-","-","-","-","-","13.04138889","80.27916667","14-10-2023 08:00","3"
"11515","Chennai Mylapore (DGPOffice)","Tamil Nadu SW GW","33","Tamil Nadu","568","Chennai","Mylapore","-","-","-","-","-","-","-","-","13.04138889","80.27916667","14-10-2023 09:00","0.5"
"11516","Chennai Mylapore (DGPOffice)","Tamil Nadu SW GW","33","Tamil Nadu","568","Chennai","Mylapore","-","-","-","-","-","-","-","-","13.04138889","80.27916667","15-10-2023 04:00","26"
"11517","Chennai Mylapore (DGPOffice)","Tamil Nadu SW GW","33","Tamil Nadu","568","Chennai","Mylapore","-","-","-","-","-","-","-","-","13.04138889","80.27916667","15-10-2023 05:00","4"
"11518","Chennai Mylapore (DGPOffice)","Tamil Nadu SW GW","33","Tamil Nadu","568","Chennai","Mylapore","-","-","-","-","-","-","-","-","13.04138889","80.27916667","15-10-2023 06:00","2.5"
"11519","Chennai Mylapore (DGPOffice)","Tamil Nadu SW GW","33","Tamil Nadu","568","Chennai","Mylapore","-","-","-","-","-","-","-","-","13.04138889","80.27916667","15-10-2023 07:00","1.5"
"11520","Chennai Mylapore (DGPOffice)","Tamil Nadu SW GW","33","Tamil Nadu","568","Chennai","Mylapore","-","-","-","-","-","-","-","-","13.04138889","80.27916667","21-10-2023 05:00","3.5"
"11521","Chennai Mylapore (DGPOffice)","Tamil Nadu SW GW","33","Tamil Nadu","568","Chennai","Mylapore","-","-","-","-","-","-","-","-","13.04138889","80.27916667","22-10-2023 07:00","0.5"
"11522","Chennai Mylapore (DGPOffice)","Tamil Nadu SW GW","33","Tamil Nadu","568","Chennai","Mylapore","-","-","-","-","-","-","-","-","13.04138889","80.27916667","28-10-2023 23:00","0.5"
"11523","Chennai Mylapore (DGPOffice)","Tamil Nadu SW GW","33","Tamil Nadu","568","Chennai","Mylapore","-","-","-","-","-","-","-","-","13.04138889","80.27916667","29-10-2023 00:00","0.5"
"11524","Chennai Mylapore (DGPOffice)","Tamil Nadu SW GW","33","Tamil Nadu","568","Chennai","Mylapore","-","-","-","-","-","-","-","-","13.04138889","80.27916667","29-10-2023 05:00","1"
"11525","Chennai Mylapore (DGPOffice)","Tamil Nadu SW GW","33","Tamil Nadu","568","Chennai","Mylapore","-","-","-","-","-","-","-","-","13.04138889","80.27916667","29-10-2023 23:00","3"
"11526","Chennai Mylapore (DGPOffice)","Tamil Nadu SW GW","33","Tamil Nadu","568","Chennai","Mylapore","-","-","-","-","-","-","-","-","13.04138889","80.27916667","30-10-2023 00:00","7.5"
"11527","Chennai Mylapore (DGPOffice)","Tamil Nadu SW GW","33","Tamil Nadu","568","Chennai","Mylapore","-","-","-","-","-","-","-","-","13.04138889","80.27916667","30-10-2023 01:00","3.5"
"11528","Chennai Mylapore (DGPOffice)","Tamil Nadu SW GW","33","Tamil Nadu","568","Chennai","Mylapore","-","-","-","-","-","-","-","-","13.04138889","80.27916667","30-10-2023 02:00","20.5"
"11529","Chennai Mylapore (DGPOffice)","Tamil Nadu SW GW","33","Tamil Nadu","568","Chennai","Mylapore","-","-","-","-","-","-","-","-","13.04138889","80.27916667","30-10-2023 03:00","7.5"
"11530","Chennai Mylapore (DGPOffice)","Tamil Nadu SW GW","33","Tamil Nadu","568","Chennai","Mylapore","-","-","-","-","-","-","-","-","13.04138889","80.27916667","30-10-2023 16:00","1"
"11531","Chennai Mylapore (DGPOffice)","Tamil Nadu SW GW","33","Tamil Nadu","568","Chennai","Mylapore","-","-","-","-","-","-","-","-","13.04138889","80.27916667","31-10-2023 09:00","3.5"
"11532","Chennai Mylapore (DGPOffice)","Tamil Nadu SW GW","33","Tamil Nadu","568","Chennai","Mylapore","-","-","-","-","-","-","-","-","13.04138889","80.27916667","31-10-2023 10:00","0.5"
"11533","Chennai Mylapore (DGPOffice)","Tamil Nadu SW GW","33","Tamil Nadu","568","Chennai","Mylapore","-","-","-","-","-","-","-","-","13.04138889","80.27916667","01-11-2023 13:00","0.5"
"11534","Chennai Mylapore (DGPOffice)","Tamil Nadu SW GW","33","Tamil Nadu","568","Chennai","Mylapore","-","-","-","-","-","-","-","-","13.04138889","80.27916667","01-11-2023 14:00","2.5"
"11535","Chennai Mylapore (DGPOffice)","Tamil Nadu SW GW","33","Tamil Nadu","568","Chennai","Mylapore","-","-","-","-","-","-","-","-","13.04138889","80.27916667","01-11-2023 17:00","1.5"
"11536","Chennai Mylapore (DGPOffice)","Tamil Nadu SW GW","33","Tamil Nadu","568","Chennai","Mylapore","-","-","-","-","-","-","-","-","13.04138889","80.27916667","02-11-2023 10:00","1"
"11537","Chennai Mylapore (DGPOffice)","Tamil Nadu SW GW","33","Tamil Nadu","568","Chennai","Mylapore","-","-","-","-","-","-","-","-","13.04138889","80.27916667","02-11-2023 11:00","1.5"
"11538","Chennai Mylapore (DGPOffice)","Tamil Nadu SW GW","33","Tamil Nadu","568","Chennai","Mylapore","-","-","-","-","-","-","-","-","13.04138889","80.27916667","03-11-2023 02:00","3"
"11539","Chennai Mylapore (DGPOffice)","Tamil Nadu SW GW","33","Tamil Nadu","568","Chennai","Mylapore","-","-","-","-","-","-","-","-","13.04138889","80.27916667","03-11-2023 04:00","1.5"
"11540","Chennai Mylapore (DGPOffice)","Tamil Nadu SW GW","33","Tamil Nadu","568","Chennai","Mylapore","-","-","-","-","-","-","-","-","13.04138889","80.27916667","03-11-2023 10:00","3"
"11541","Chennai Mylapore (DGPOffice)","Tamil Nadu SW GW","33","Tamil Nadu","568","Chennai","Mylapore","-","-","-","-","-","-","-","-","13.04138889","80.27916667","03-11-2023 13:00","2"
"11542","Chennai Mylapore (DGPOffice)","Tamil Nadu SW GW","33","Tamil Nadu","568","Chennai","Mylapore","-","-","-","-","-","-","-","-","13.04138889","80.27916667","03-11-2023 14:00","0.5"
"11543","Chennai Mylapore (DGPOffice)","Tamil Nadu SW GW","33","Tamil Nadu","568","Chennai","Mylapore","-","-","-","-","-","-","-","-","13.04138889","80.27916667","04-11-2023 04:00","5"
"11544","Chennai Mylapore (DGPOffice)","Tamil Nadu SW GW","33","Tamil Nadu","568","Chennai","Mylapore","-","-","-","-","-","-","-","-","13.04138889","80.27916667","04-11-2023 07:00","20.5"
"11545","Chennai Mylapore (DGPOffice)","Tamil Nadu SW GW","33","Tamil Nadu","568","Chennai","Mylapore","-","-","-","-","-","-","-","-","13.04138889","80.27916667","07-11-2023 02:00","14.5"
"11546","Chennai Mylapore (DGPOffice)","Tamil Nadu SW GW","33","Tamil Nadu","568","Chennai","Mylapore","-","-","-","-","-","-","-","-","13.04138889","80.27916667","07-11-2023 03:00","1"
"11547","Chennai Mylapore (DGPOffice)","Tamil Nadu SW GW","33","Tamil Nadu","568","Chennai","Mylapore","-","-","-","-","-","-","-","-","13.04138889","80.27916667","07-11-2023 06:00","1"
"11548","Chennai Mylapore (DGPOffice)","Tamil Nadu SW GW","33","Tamil Nadu","568","Chennai","Mylapore","-","-","-","-","-","-","-","-","13.04138889","80.27916667","07-11-2023 23:00","3"
"11549","Chennai Mylapore (DGPOffice)","Tamil Nadu SW GW","33","Tamil Nadu","568","Chennai","Mylapore","-","-","-","-","-","-","-","-","13.04138889","80.27916667","08-11-2023 01:00","4.5"
"11550","Chennai Mylapore (DGPOffice)","Tamil Nadu SW GW","33","Tamil Nadu","568","Chennai","Mylapore","-","-","-","-","-","-","-","-","13.04138889","80.27916667","08-11-2023 03:00","1.5"
"11551","Chennai Mylapore (DGPOffice)","Tamil Nadu SW GW","33","Tamil Nadu","568","Chennai","Mylapore","-","-","-","-","-","-","-","-","13.04138889","80.27916667","09-11-2023 07:00","0.5"
"11552","Chennai Mylapore (DGPOffice)","Tamil Nadu SW GW","33","Tamil Nadu","568","Chennai","Mylapore","-","-","-","-","-","-","-","-","13.04138889","80.27916667","09-11-2023 17:00","16"
"11553","Chennai Mylapore (DGPOffice)","Tamil Nadu SW GW","33","Tamil Nadu","568","Chennai","Mylapore","-","-","-","-","-","-","-","-","13.04138889","80.27916667","09-11-2023 18:00","0.5"
"11554","Chennai Mylapore (DGPOffice)","Tamil Nadu SW GW","33","Tamil Nadu","568","Chennai","Mylapore","-","-","-","-","-","-","-","-","13.04138889","80.27916667","09-11-2023 21:00","3"
"11555","Chennai Mylapore (DGPOffice)","Tamil Nadu SW GW","33","Tamil Nadu","568","Chennai","Mylapore","-","-","-","-","-","-","-","-","13.04138889","80.27916667","13-11-2023 19:00","1"
"11556","Chennai Mylapore (DGPOffice)","Tamil Nadu SW GW","33","Tamil Nadu","568","Chennai","Mylapore","-","-","-","-","-","-","-","-","13.04138889","80.27916667","13-11-2023 22:00","3"
"11557","Chennai Mylapore (DGPOffice)","Tamil Nadu SW GW","33","Tamil Nadu","568","Chennai","Mylapore","-","-","-","-","-","-","-","-","13.04138889","80.27916667","13-11-2023 23:00","1"
"11558","Chennai Mylapore (DGPOffice)","Tamil Nadu SW GW","33","Tamil Nadu","568","Chennai","Mylapore","-","-","-","-","-","-","-","-","13.04138889","80.27916667","14-11-2023 00:00","5.5"
"11559","Chennai Mylapore (DGPOffice)","Tamil Nadu SW GW","33","Tamil Nadu","568","Chennai","Mylapore","-","-","-","-","-","-","-","-","13.04138889","80.27916667","14-11-2023 01:00","1.5"
"11560","Chennai Mylapore (DGPOffice)","Tamil Nadu SW GW","33","Tamil Nadu","568","Chennai","Mylapore","-","-","-","-","-","-","-","-","13.04138889","80.27916667","14-11-2023 02:00","1.5"
"11561","Chennai Mylapore (DGPOffice)","Tamil Nadu SW GW","33","Tamil Nadu","568","Chennai","Mylapore","-","-","-","-","-","-","-","-","13.04138889","80.27916667","14-11-2023 03:00","2.5"
"11562","Chennai Mylapore (DGPOffice)","Tamil Nadu SW GW","33","Tamil Nadu","568","Chennai","Mylapore","-","-","-","-","-","-","-","-","13.04138889","80.27916667","14-11-2023 10:00","1"
"11563","Chennai Mylapore (DGPOffice)","Tamil Nadu SW GW","33","Tamil Nadu","568","Chennai","Mylapore","-","-","-","-","-","-","-","-","13.04138889","80.27916667","14-11-2023 11:00","4.5"
"11564","Chennai Mylapore (DGPOffice)","Tamil Nadu SW GW","33","Tamil Nadu","568","Chennai","Mylapore","-","-","-","-","-","-","-","-","13.04138889","80.27916667","14-11-2023 12:00","2"
"11565","Chennai Mylapore (DGPOffice)","Tamil Nadu SW GW","33","Tamil Nadu","568","Chennai","Mylapore","-","-","-","-","-","-","-","-","13.04138889","80.27916667","14-11-2023 13:00","3.5"
"11566","Chennai Mylapore (DGPOffice)","Tamil Nadu SW GW","33","Tamil Nadu","568","Chennai","Mylapore","-","-","-","-","-","-","-","-","13.04138889","80.27916667","14-11-2023 14:00","14"
"11567","Chennai Mylapore (DGPOffice)","Tamil Nadu SW GW","33","Tamil Nadu","568","Chennai","Mylapore","-","-","-","-","-","-","-","-","13.04138889","80.27916667","14-11-2023 15:00","0.5"
"11568","Chennai Mylapore (DGPOffice)","Tamil Nadu SW GW","33","Tamil Nadu","568","Chennai","Mylapore","-","-","-","-","-","-","-","-","13.04138889","80.27916667","14-11-2023 17:00","1.5"
"11569","Chennai Mylapore (DGPOffice)","Tamil Nadu SW GW","33","Tamil Nadu","568","Chennai","Mylapore","-","-","-","-","-","-","-","-","13.04138889","80.27916667","14-11-2023 18:00","6.5"
"11570","Chennai Mylapore (DGPOffice)","Tamil Nadu SW GW","33","Tamil Nadu","568","Chennai","Mylapore","-","-","-","-","-","-","-","-","13.04138889","80.27916667","14-11-2023 19:00","12"
"11571","Chennai Mylapore (DGPOffice)","Tamil Nadu SW GW","33","Tamil Nadu","568","Chennai","Mylapore","-","-","-","-","-","-","-","-","13.04138889","80.27916667","14-11-2023 20:00","5"
"11572","Chennai Mylapore (DGPOffice)","Tamil Nadu SW GW","33","Tamil Nadu","568","Chennai","Mylapore","-","-","-","-","-","-","-","-","13.04138889","80.27916667","14-11-2023 21:00","2"
"11573","Chennai Mylapore (DGPOffice)","Tamil Nadu SW GW","33","Tamil Nadu","568","Chennai","Mylapore","-","-","-","-","-","-","-","-","13.04138889","80.27916667","14-11-2023 22:00","5.5"
"11574","Chennai Mylapore (DGPOffice)","Tamil Nadu SW GW","33","Tamil Nadu","568","Chennai","Mylapore","-","-","-","-","-","-","-","-","13.04138889","80.27916667","14-11-2023 23:00","7"
"11575","Chennai Mylapore (DGPOffice)","Tamil Nadu SW GW","33","Tamil Nadu","568","Chennai","Mylapore","-","-","-","-","-","-","-","-","13.04138889","80.27916667","15-11-2023 00:00","2.5"
"11576","Chennai Mylapore (DGPOffice)","Tamil Nadu SW GW","33","Tamil Nadu","568","Chennai","Mylapore","-","-","-","-","-","-","-","-","13.04138889","80.27916667","15-11-2023 02:00","1.5"
"11577","Chennai Mylapore (DGPOffice)","Tamil Nadu SW GW","33","Tamil Nadu","568","Chennai","Mylapore","-","-","-","-","-","-","-","-","13.04138889","80.27916667","15-11-2023 03:00","3"
"11578","Chennai Mylapore (DGPOffice)","Tamil Nadu SW GW","33","Tamil Nadu","568","Chennai","Mylapore","-","-","-","-","-","-","-","-","13.04138889","80.27916667","15-11-2023 08:00","7.5"
"11579","Chennai Mylapore (DGPOffice)","Tamil Nadu SW GW","33","Tamil Nadu","568","Chennai","Mylapore","-","-","-","-","-","-","-","-","13.04138889","80.27916667","15-11-2023 09:00","0.5"
"11580","Chennai Mylapore (DGPOffice)","Tamil Nadu SW GW","33","Tamil Nadu","568","Chennai","Mylapore","-","-","-","-","-","-","-","-","13.04138889","80.27916667","15-11-2023 11:00","0.5"
"11581","Chennai Mylapore (DGPOffice)","Tamil Nadu SW GW","33","Tamil Nadu","568","Chennai","Mylapore","-","-","-","-","-","-","-","-","13.04138889","80.27916667","15-11-2023 12:00","1.5"
"11582","Chennai Mylapore (DGPOffice)","Tamil Nadu SW GW","33","Tamil Nadu","568","Chennai","Mylapore","-","-","-","-","-","-","-","-","13.04138889","80.27916667","15-11-2023 14:00","3.5"
"11583","Chennai Mylapore (DGPOffice)","Tamil Nadu SW GW","33","Tamil Nadu","568","Chennai","Mylapore","-","-","-","-","-","-","-","-","13.04138889","80.27916667","15-11-2023 15:00","0.5"
"11584","Chennai Mylapore (DGPOffice)","Tamil Nadu SW GW","33","Tamil Nadu","568","Chennai","Mylapore","-","-","-","-","-","-","-","-","13.04138889","80.27916667","15-11-2023 19:00","1.5"
"11585","Chennai Mylapore (DGPOffice)","Tamil Nadu SW GW","33","Tamil Nadu","568","Chennai","Mylapore","-","-","-","-","-","-","-","-","13.04138889","80.27916667","15-11-2023 20:00","4.5"
"11586","Chennai Mylapore (DGPOffice)","Tamil Nadu SW GW","33","Tamil Nadu","568","Chennai","Mylapore","-","-","-","-","-","-","-","-","13.04138889","80.27916667","15-11-2023 21:00","0.5"
"11587","Chennai Mylapore (DGPOffice)","Tamil Nadu SW GW","33","Tamil Nadu","568","Chennai","Mylapore","-","-","-","-","-","-","-","-","13.04138889","80.27916667","15-11-2023 22:00","0.5"
"11588","Chennai Mylapore (DGPOffice)","Tamil Nadu SW GW","33","Tamil Nadu","568","Chennai","Mylapore","-","-","-","-","-","-","-","-","13.04138889","80.27916667","17-11-2023 13:00","1.5"
"11589","Chennai Mylapore (DGPOffice)","Tamil Nadu SW GW","33","Tamil Nadu","568","Chennai","Mylapore","-","-","-","-","-","-","-","-","13.04138889","80.27916667","20-11-2023 12:00","4"
"11590","Chennai Mylapore (DGPOffice)","Tamil Nadu SW GW","33","Tamil Nadu","568","Chennai","Mylapore","-","-","-","-","-","-","-","-","13.04138889","80.27916667","20-11-2023 13:00","3"
"11591","Chennai Mylapore (DGPOffice)","Tamil Nadu SW GW","33","Tamil Nadu","568","Chennai","Mylapore","-","-","-","-","-","-","-","-","13.04138889","80.27916667","20-11-2023 14:00","0.5"
"11592","Chennai Mylapore (DGPOffice)","Tamil Nadu SW GW","33","Tamil Nadu","568","Chennai","Mylapore","-","-","-","-","-","-","-","-","13.04138889","80.27916667","20-11-2023 15:00","1"
"11593","Chennai Mylapore (DGPOffice)","Tamil Nadu SW GW","33","Tamil Nadu","568","Chennai","Mylapore","-","-","-","-","-","-","-","-","13.04138889","80.27916667","20-11-2023 17:00","1"
"11594","Chennai Mylapore (DGPOffice)","Tamil Nadu SW GW","33","Tamil Nadu","568","Chennai","Mylapore","-","-","-","-","-","-","-","-","13.04138889","80.27916667","20-11-2023 18:00","1"
"11595","Chennai Mylapore (DGPOffice)","Tamil Nadu SW GW","33","Tamil Nadu","568","Chennai","Mylapore","-","-","-","-","-","-","-","-","13.04138889","80.27916667","20-11-2023 19:00","0.5"
"11596","Chennai Mylapore (DGPOffice)","Tamil Nadu SW GW","33","Tamil Nadu","568","Chennai","Mylapore","-","-","-","-","-","-","-","-","13.04138889","80.27916667","20-11-2023 20:00","5"
"11597","Chennai Mylapore (DGPOffice)","Tamil Nadu SW GW","33","Tamil Nadu","568","Chennai","Mylapore","-","-","-","-","-","-","-","-","13.04138889","80.27916667","20-11-2023 21:00","0.5"
"11598","Chennai Mylapore (DGPOffice)","Tamil Nadu SW GW","33","Tamil Nadu","568","Chennai","Mylapore","-","-","-","-","-","-","-","-","13.04138889","80.27916667","21-11-2023 01:00","31"
"11599","Chennai Mylapore (DGPOffice)","Tamil Nadu SW GW","33","Tamil Nadu","568","Chennai","Mylapore","-","-","-","-","-","-","-","-","13.04138889","80.27916667","21-11-2023 02:00","3.5"
"11600","Chennai Mylapore (DGPOffice)","Tamil Nadu SW GW","33","Tamil Nadu","568","Chennai","Mylapore","-","-","-","-","-","-","-","-","13.04138889","80.27916667","21-11-2023 03:00","12"
"11601","Chennai Mylapore (DGPOffice)","Tamil Nadu SW GW","33","Tamil Nadu","568","Chennai","Mylapore","-","-","-","-","-","-","-","-","13.04138889","80.27916667","21-11-2023 04:00","20.5"
"11602","Chennai Mylapore (DGPOffice)","Tamil Nadu SW GW","33","Tamil Nadu","568","Chennai","Mylapore","-","-","-","-","-","-","-","-","13.04138889","80.27916667","21-11-2023 05:00","1"
"11603","Chennai Mylapore (DGPOffice)","Tamil Nadu SW GW","33","Tamil Nadu","568","Chennai","Mylapore","-","-","-","-","-","-","-","-","13.04138889","80.27916667","21-11-2023 06:00","1.5"
"11604","Chennai Mylapore (DGPOffice)","Tamil Nadu SW GW","33","Tamil Nadu","568","Chennai","Mylapore","-","-","-","-","-","-","-","-","13.04138889","80.27916667","21-11-2023 10:00","0.5"
"11605","Chennai Mylapore (DGPOffice)","Tamil Nadu SW GW","33","Tamil Nadu","568","Chennai","Mylapore","-","-","-","-","-","-","-","-","13.04138889","80.27916667","21-11-2023 11:00","0.5"
"11606","Chennai Mylapore (DGPOffice)","Tamil Nadu SW GW","33","Tamil Nadu","568","Chennai","Mylapore","-","-","-","-","-","-","-","-","13.04138889","80.27916667","21-11-2023 12:00","1"
"11607","Chennai Mylapore (DGPOffice)","Tamil Nadu SW GW","33","Tamil Nadu","568","Chennai","Mylapore","-","-","-","-","-","-","-","-","13.04138889","80.27916667","21-11-2023 13:00","2.5"
"11608","Chennai Mylapore (DGPOffice)","Tamil Nadu SW GW","33","Tamil Nadu","568","Chennai","Mylapore","-","-","-","-","-","-","-","-","13.04138889","80.27916667","21-11-2023 14:00","2"
"11609","Chennai Mylapore (DGPOffice)","Tamil Nadu SW GW","33","Tamil Nadu","568","Chennai","Mylapore","-","-","-","-","-","-","-","-","13.04138889","80.27916667","21-11-2023 20:00","0.5"
"11610","Chennai Mylapore (DGPOffice)","Tamil Nadu SW GW","33","Tamil Nadu","568","Chennai","Mylapore","-","-","-","-","-","-","-","-","13.04138889","80.27916667","21-11-2023 21:00","4"
"11611","Chennai Mylapore (DGPOffice)","Tamil Nadu SW GW","33","Tamil Nadu","568","Chennai","Mylapore","-","-","-","-","-","-","-","-","13.04138889","80.27916667","21-11-2023 22:00","3"
"11612","Chennai Mylapore (DGPOffice)","Tamil Nadu SW GW","33","Tamil Nadu","568","Chennai","Mylapore","-","-","-","-","-","-","-","-","13.04138889","80.27916667","21-11-2023 23:00","5.5"
"11613","Chennai Mylapore (DGPOffice)","Tamil Nadu SW GW","33","Tamil Nadu","568","Chennai","Mylapore","-","-","-","-","-","-","-","-","13.04138889","80.27916667","22-11-2023 00:00","4"
"11614","Chennai Mylapore (DGPOffice)","Tamil Nadu SW GW","33","Tamil Nadu","568","Chennai","Mylapore","-","-","-","-","-","-","-","-","13.04138889","80.27916667","22-11-2023 01:00","1"
"11615","Chennai Mylapore (DGPOffice)","Tamil Nadu SW GW","33","Tamil Nadu","568","Chennai","Mylapore","-","-","-","-","-","-","-","-","13.04138889","80.27916667","22-11-2023 02:00","1"
"11616","Chennai Mylapore (DGPOffice)","Tamil Nadu SW GW","33","Tamil Nadu","568","Chennai","Mylapore","-","-","-","-","-","-","-","-","13.04138889","80.27916667","22-11-2023 03:00","3"
"11617","Chennai Mylapore (DGPOffice)","Tamil Nadu SW GW","33","Tamil Nadu","568","Chennai","Mylapore","-","-","-","-","-","-","-","-","13.04138889","80.27916667","22-11-2023 04:00","3.5"
"11618","Chennai Mylapore (DGPOffice)","Tamil Nadu SW GW","33","Tamil Nadu","568","Chennai","Mylapore","-","-","-","-","-","-","-","-","13.04138889","80.27916667","22-11-2023 06:00","1"
"11619","Chennai Mylapore (DGPOffice)","Tamil Nadu SW GW","33","Tamil Nadu","568","Chennai","Mylapore","-","-","-","-","-","-","-","-","13.04138889","80.27916667","22-11-2023 07:00","6"
"11620","Chennai Mylapore (DGPOffice)","Tamil Nadu SW GW","33","Tamil Nadu","568","Chennai","Mylapore","-","-","-","-","-","-","-","-","13.04138889","80.27916667","22-11-2023 09:00","1.5"
"11621","Chennai Mylapore (DGPOffice)","Tamil Nadu SW GW","33","Tamil Nadu","568","Chennai","Mylapore","-","-","-","-","-","-","-","-","13.04138889","80.27916667","22-11-2023 10:00","1"
"11622","Chennai Mylapore (DGPOffice)","Tamil Nadu SW GW","33","Tamil Nadu","568","Chennai","Mylapore","-","-","-","-","-","-","-","-","13.04138889","80.27916667","22-11-2023 21:00","2"
"11623","Chennai Mylapore (DGPOffice)","Tamil Nadu SW GW","33","Tamil Nadu","568","Chennai","Mylapore","-","-","-","-","-","-","-","-","13.04138889","80.27916667","22-11-2023 22:00","2.5"
"11624","Chennai Mylapore (DGPOffice)","Tamil Nadu SW GW","33","Tamil Nadu","568","Chennai","Mylapore","-","-","-","-","-","-","-","-","13.04138889","80.27916667","23-11-2023 07:00","3.5"
"11625","Chennai Mylapore (DGPOffice)","Tamil Nadu SW GW","33","Tamil Nadu","568","Chennai","Mylapore","-","-","-","-","-","-","-","-","13.04138889","80.27916667","23-11-2023 09:00","2.5"
"11626","Chennai Mylapore (DGPOffice)","Tamil Nadu SW GW","33","Tamil Nadu","568","Chennai","Mylapore","-","-","-","-","-","-","-","-","13.04138889","80.27916667","23-11-2023 10:00","1"
"11627","Chennai Mylapore (DGPOffice)","Tamil Nadu SW GW","33","Tamil Nadu","568","Chennai","Mylapore","-","-","-","-","-","-","-","-","13.04138889","80.27916667","25-11-2023 04:00","0.5"
"11628","Chennai Mylapore (DGPOffice)","Tamil Nadu SW GW","33","Tamil Nadu","568","Chennai","Mylapore","-","-","-","-","-","-","-","-","13.04138889","80.27916667","25-11-2023 06:00","25"
"11629","Chennai Mylapore (DGPOffice)","Tamil Nadu SW GW","33","Tamil Nadu","568","Chennai","Mylapore","-","-","-","-","-","-","-","-","13.04138889","80.27916667","25-11-2023 07:00","14"
"11630","Chennai Mylapore (DGPOffice)","Tamil Nadu SW GW","33","Tamil Nadu","568","Chennai","Mylapore","-","-","-","-","-","-","-","-","13.04138889","80.27916667","26-11-2023 17:00","3.5"
"11631","Chennai Mylapore (DGPOffice)","Tamil Nadu SW GW","33","Tamil Nadu","568","Chennai","Mylapore","-","-","-","-","-","-","-","-","13.04138889","80.27916667","26-11-2023 18:00","1.5"
"11632","Chennai Mylapore (DGPOffice)","Tamil Nadu SW GW","33","Tamil Nadu","568","Chennai","Mylapore","-","-","-","-","-","-","-","-","13.04138889","80.27916667","26-11-2023 19:00","2.5"
"11633","Chennai Mylapore (DGPOffice)","Tamil Nadu SW GW","33","Tamil Nadu","568","Chennai","Mylapore","-","-","-","-","-","-","-","-","13.04138889","80.27916667","26-11-2023 20:00","15.5"
"11634","Chennai Mylapore (DGPOffice)","Tamil Nadu SW GW","33","Tamil Nadu","568","Chennai","Mylapore","-","-","-","-","-","-","-","-","13.04138889","80.27916667","26-11-2023 21:00","0.5"
"11635","Chennai Mylapore (DGPOffice)","Tamil Nadu SW GW","33","Tamil Nadu","568","Chennai","Mylapore","-","-","-","-","-","-","-","-","13.04138889","80.27916667","27-11-2023 01:00","5.5"
"11636","Chennai Mylapore (DGPOffice)","Tamil Nadu SW GW","33","Tamil Nadu","568","Chennai","Mylapore","-","-","-","-","-","-","-","-","13.04138889","80.27916667","27-11-2023 02:00","0.5"
"11637","Chennai Mylapore (DGPOffice)","Tamil Nadu SW GW","33","Tamil Nadu","568","Chennai","Mylapore","-","-","-","-","-","-","-","-","13.04138889","80.27916667","27-11-2023 11:00","0.5"
"11638","Chennai Mylapore (DGPOffice)","Tamil Nadu SW GW","33","Tamil Nadu","568","Chennai","Mylapore","-","-","-","-","-","-","-","-","13.04138889","80.27916667","27-11-2023 13:00","0.5"
"11639","Chennai Mylapore (DGPOffice)","Tamil Nadu SW GW","33","Tamil Nadu","568","Chennai","Mylapore","-","-","-","-","-","-","-","-","13.04138889","80.27916667","27-11-2023 14:00","1.5"
"11640","Chennai Mylapore (DGPOffice)","Tamil Nadu SW GW","33","Tamil Nadu","568","Chennai","Mylapore","-","-","-","-","-","-","-","-","13.04138889","80.27916667","27-11-2023 22:00","15"
"11641","Chennai Mylapore (DGPOffice)","Tamil Nadu SW GW","33","Tamil Nadu","568","Chennai","Mylapore","-","-","-","-","-","-","-","-","13.04138889","80.27916667","27-11-2023 23:00","4"
"11642","Chennai Mylapore (DGPOffice)","Tamil Nadu SW GW","33","Tamil Nadu","568","Chennai","Mylapore","-","-","-","-","-","-","-","-","13.04138889","80.27916667","28-11-2023 02:00","2.5"
"11643","Chennai Mylapore (DGPOffice)","Tamil Nadu SW GW","33","Tamil Nadu","568","Chennai","Mylapore","-","-","-","-","-","-","-","-","13.04138889","80.27916667","29-11-2023 00:00","8"
"11644","Chennai Mylapore (DGPOffice)","Tamil Nadu SW GW","33","Tamil Nadu","568","Chennai","Mylapore","-","-","-","-","-","-","-","-","13.04138889","80.27916667","29-11-2023 01:00","4.5"
"11645","Chennai Mylapore (DGPOffice)","Tamil Nadu SW GW","33","Tamil Nadu","568","Chennai","Mylapore","-","-","-","-","-","-","-","-","13.04138889","80.27916667","29-11-2023 03:00","1.5"
"11646","Chennai Mylapore (DGPOffice)","Tamil Nadu SW GW","33","Tamil Nadu","568","Chennai","Mylapore","-","-","-","-","-","-","-","-","13.04138889","80.27916667","29-11-2023 04:00","7"
"11647","Chennai Mylapore (DGPOffice)","Tamil Nadu SW GW","33","Tamil Nadu","568","Chennai","Mylapore","-","-","-","-","-","-","-","-","13.04138889","80.27916667","29-11-2023 05:00","6"
"11648","Chennai Mylapore (DGPOffice)","Tamil Nadu SW GW","33","Tamil Nadu","568","Chennai","Mylapore","-","-","-","-","-","-","-","-","13.04138889","80.27916667","29-11-2023 09:00","0.5"
"11649","Chennai Mylapore (DGPOffice)","Tamil Nadu SW GW","33","Tamil Nadu","568","Chennai","Mylapore","-","-","-","-","-","-","-","-","13.04138889","80.27916667","29-11-2023 12:00","1"
"11650","Chennai Mylapore (DGPOffice)","Tamil Nadu SW GW","33","Tamil Nadu","568","Chennai","Mylapore","-","-","-","-","-","-","-","-","13.04138889","80.27916667","29-11-2023 13:00","1.5"
"11651","Chennai Mylapore (DGPOffice)","Tamil Nadu SW GW","33","Tamil Nadu","568","Chennai","Mylapore","-","-","-","-","-","-","-","-","13.04138889","80.27916667","29-11-2023 18:00","6"
"11652","Chennai Mylapore (DGPOffice)","Tamil Nadu SW GW","33","Tamil Nadu","568","Chennai","Mylapore","-","-","-","-","-","-","-","-","13.04138889","80.27916667","29-11-2023 19:00","4"
"11653","Chennai Mylapore (DGPOffice)","Tamil Nadu SW GW","33","Tamil Nadu","568","Chennai","Mylapore","-","-","-","-","-","-","-","-","13.04138889","80.27916667","29-11-2023 20:00","17.5"
"11654","Chennai Mylapore (DGPOffice)","Tamil Nadu SW GW","33","Tamil Nadu","568","Chennai","Mylapore","-","-","-","-","-","-","-","-","13.04138889","80.27916667","29-11-2023 21:00","2.5"
"11655","Chennai Mylapore (DGPOffice)","Tamil Nadu SW GW","33","Tamil Nadu","568","Chennai","Mylapore","-","-","-","-","-","-","-","-","13.04138889","80.27916667","29-11-2023 22:00","0.5"
"11656","Chennai Mylapore (DGPOffice)","Tamil Nadu SW GW","33","Tamil Nadu","568","Chennai","Mylapore","-","-","-","-","-","-","-","-","13.04138889","80.27916667","30-11-2023 02:00","0.5"
"11657","Chennai Mylapore (DGPOffice)","Tamil Nadu SW GW","33","Tamil Nadu","568","Chennai","Mylapore","-","-","-","-","-","-","-","-","13.04138889","80.27916667","30-11-2023 03:00","4"
"11658","Chennai Mylapore (DGPOffice)","Tamil Nadu SW GW","33","Tamil Nadu","568","Chennai","Mylapore","-","-","-","-","-","-","-","-","13.04138889","80.27916667","30-11-2023 04:00","9"
"11659","Chennai Mylapore (DGPOffice)","Tamil Nadu SW GW","33","Tamil Nadu","568","Chennai","Mylapore","-","-","-","-","-","-","-","-","13.04138889","80.27916667","30-11-2023 05:00","12"
"11660","Chennai Mylapore (DGPOffice)","Tamil Nadu SW GW","33","Tamil Nadu","568","Chennai","Mylapore","-","-","-","-","-","-","-","-","13.04138889","80.27916667","30-11-2023 06:00","0.5"
"11661","Chennai Mylapore (DGPOffice)","Tamil Nadu SW GW","33","Tamil Nadu","568","Chennai","Mylapore","-","-","-","-","-","-","-","-","13.04138889","80.27916667","30-11-2023 09:00","5"
"11662","Chennai Mylapore (DGPOffice)","Tamil Nadu SW GW","33","Tamil Nadu","568","Chennai","Mylapore","-","-","-","-","-","-","-","-","13.04138889","80.27916667","30-11-2023 10:00","3"
"11663","Chennai Mylapore (DGPOffice)","Tamil Nadu SW GW","33","Tamil Nadu","568","Chennai","Mylapore","-","-","-","-","-","-","-","-","13.04138889","80.27916667","30-11-2023 11:00","0.5"
"11664","Chennai Mylapore (DGPOffice)","Tamil Nadu SW GW","33","Tamil Nadu","568","Chennai","Mylapore","-","-","-","-","-","-","-","-","13.04138889","80.27916667","30-11-2023 20:00","8.5"
"11665","Chennai Mylapore (DGPOffice)","Tamil Nadu SW GW","33","Tamil Nadu","568","Chennai","Mylapore","-","-","-","-","-","-","-","-","13.04138889","80.27916667","30-11-2023 21:00","2.5"
"11666","Chennai Mylapore (DGPOffice)","Tamil Nadu SW GW","33","Tamil Nadu","568","Chennai","Mylapore","-","-","-","-","-","-","-","-","13.04138889","80.27916667","30-11-2023 22:00","2.5"
"11667","Chennai Mylapore (DGPOffice)","Tamil Nadu SW GW","33","Tamil Nadu","568","Chennai","Mylapore","-","-","-","-","-","-","-","-","13.04138889","80.27916667","02-12-2023 07:00","3"
"11668","Chennai Mylapore (DGPOffice)","Tamil Nadu SW GW","33","Tamil Nadu","568","Chennai","Mylapore","-","-","-","-","-","-","-","-","13.04138889","80.27916667","02-12-2023 12:00","1.5"
"11669","Chennai Mylapore (DGPOffice)","Tamil Nadu SW GW","33","Tamil Nadu","568","Chennai","Mylapore","-","-","-","-","-","-","-","-","13.04138889","80.27916667","02-12-2023 17:00","3.5"
"11670","Chennai Mylapore (DGPOffice)","Tamil Nadu SW GW","33","Tamil Nadu","568","Chennai","Mylapore","-","-","-","-","-","-","-","-","13.04138889","80.27916667","02-12-2023 19:00","12"
"11671","Chennai Mylapore (DGPOffice)","Tamil Nadu SW GW","33","Tamil Nadu","568","Chennai","Mylapore","-","-","-","-","-","-","-","-","13.04138889","80.27916667","02-12-2023 20:00","5"
"11672","Chennai Mylapore (DGPOffice)","Tamil Nadu SW GW","33","Tamil Nadu","568","Chennai","Mylapore","-","-","-","-","-","-","-","-","13.04138889","80.27916667","02-12-2023 22:00","1"
"11673","Chennai Mylapore (DGPOffice)","Tamil Nadu SW GW","33","Tamil Nadu","568","Chennai","Mylapore","-","-","-","-","-","-","-","-","13.04138889","80.27916667","03-12-2023 00:00","2.5"
"11674","Chennai Mylapore (DGPOffice)","Tamil Nadu SW GW","33","Tamil Nadu","568","Chennai","Mylapore","-","-","-","-","-","-","-","-","13.04138889","80.27916667","03-12-2023 01:00","5"
"11675","Chennai Mylapore (DGPOffice)","Tamil Nadu SW GW","33","Tamil Nadu","568","Chennai","Mylapore","-","-","-","-","-","-","-","-","13.04138889","80.27916667","03-12-2023 02:00","8.5"
"11676","Chennai Mylapore (DGPOffice)","Tamil Nadu SW GW","33","Tamil Nadu","568","Chennai","Mylapore","-","-","-","-","-","-","-","-","13.04138889","80.27916667","03-12-2023 03:00","3"
"11677","Chennai Mylapore (DGPOffice)","Tamil Nadu SW GW","33","Tamil Nadu","568","Chennai","Mylapore","-","-","-","-","-","-","-","-","13.04138889","80.27916667","03-12-2023 04:00","3"
"11678","Chennai Mylapore (DGPOffice)","Tamil Nadu SW GW","33","Tamil Nadu","568","Chennai","Mylapore","-","-","-","-","-","-","-","-","13.04138889","80.27916667","03-12-2023 05:00","2"
"11679","Chennai Mylapore (DGPOffice)","Tamil Nadu SW GW","33","Tamil Nadu","568","Chennai","Mylapore","-","-","-","-","-","-","-","-","13.04138889","80.27916667","03-12-2023 06:00","2.5"
"11680","Chennai Mylapore (DGPOffice)","Tamil Nadu SW GW","33","Tamil Nadu","568","Chennai","Mylapore","-","-","-","-","-","-","-","-","13.04138889","80.27916667","03-12-2023 10:00","1"
"11681","Chennai Mylapore (DGPOffice)","Tamil Nadu SW GW","33","Tamil Nadu","568","Chennai","Mylapore","-","-","-","-","-","-","-","-","13.04138889","80.27916667","03-12-2023 12:00","1.5"
"11682","Chennai Mylapore (DGPOffice)","Tamil Nadu SW GW","33","Tamil Nadu","568","Chennai","Mylapore","-","-","-","-","-","-","-","-","13.04138889","80.27916667","03-12-2023 15:00","4.5"
"11683","Chennai Mylapore (DGPOffice)","Tamil Nadu SW GW","33","Tamil Nadu","568","Chennai","Mylapore","-","-","-","-","-","-","-","-","13.04138889","80.27916667","03-12-2023 16:00","4"
"11684","Chennai Mylapore (DGPOffice)","Tamil Nadu SW GW","33","Tamil Nadu","568","Chennai","Mylapore","-","-","-","-","-","-","-","-","13.04138889","80.27916667","03-12-2023 17:00","0.5"
"11685","Chennai Mylapore (DGPOffice)","Tamil Nadu SW GW","33","Tamil Nadu","568","Chennai","Mylapore","-","-","-","-","-","-","-","-","13.04138889","80.27916667","03-12-2023 18:00","5.5"
"11686","Chennai Mylapore (DGPOffice)","Tamil Nadu SW GW","33","Tamil Nadu","568","Chennai","Mylapore","-","-","-","-","-","-","-","-","13.04138889","80.27916667","03-12-2023 19:00","1.5"
"11687","Chennai Mylapore (DGPOffice)","Tamil Nadu SW GW","33","Tamil Nadu","568","Chennai","Mylapore","-","-","-","-","-","-","-","-","13.04138889","80.27916667","03-12-2023 20:00","4"
"11688","Chennai Mylapore (DGPOffice)","Tamil Nadu SW GW","33","Tamil Nadu","568","Chennai","Mylapore","-","-","-","-","-","-","-","-","13.04138889","80.27916667","03-12-2023 21:00","3.5"
"11689","Chennai Mylapore (DGPOffice)","Tamil Nadu SW GW","33","Tamil Nadu","568","Chennai","Mylapore","-","-","-","-","-","-","-","-","13.04138889","80.27916667","03-12-2023 22:00","6.5"
"11690","Chennai Mylapore (DGPOffice)","Tamil Nadu SW GW","33","Tamil Nadu","568","Chennai","Mylapore","-","-","-","-","-","-","-","-","13.04138889","80.27916667","03-12-2023 23:00","9"
"11691","Chennai Mylapore (DGPOffice)","Tamil Nadu SW GW","33","Tamil Nadu","568","Chennai","Mylapore","-","-","-","-","-","-","-","-","13.04138889","80.27916667","04-12-2023 00:00","17.5"
"11692","Chennai Mylapore (DGPOffice)","Tamil Nadu SW GW","33","Tamil Nadu","568","Chennai","Mylapore","-","-","-","-","-","-","-","-","13.04138889","80.27916667","04-12-2023 01:00","3.5"
"11693","Chennai Mylapore (DGPOffice)","Tamil Nadu SW GW","33","Tamil Nadu","568","Chennai","Mylapore","-","-","-","-","-","-","-","-","13.04138889","80.27916667","04-12-2023 02:00","5.5"
"11694","Chennai Mylapore (DGPOffice)","Tamil Nadu SW GW","33","Tamil Nadu","568","Chennai","Mylapore","-","-","-","-","-","-","-","-","13.04138889","80.27916667","04-12-2023 03:00","11.5"
"11695","Chennai Mylapore (DGPOffice)","Tamil Nadu SW GW","33","Tamil Nadu","568","Chennai","Mylapore","-","-","-","-","-","-","-","-","13.04138889","80.27916667","04-12-2023 04:00","21.5"
"11696","Chennai Mylapore (DGPOffice)","Tamil Nadu SW GW","33","Tamil Nadu","568","Chennai","Mylapore","-","-","-","-","-","-","-","-","13.04138889","80.27916667","04-12-2023 05:00","38"
"11697","Chennai Mylapore (DGPOffice)","Tamil Nadu SW GW","33","Tamil Nadu","568","Chennai","Mylapore","-","-","-","-","-","-","-","-","13.04138889","80.27916667","04-12-2023 06:00","8"
"11698","Chennai Mylapore (DGPOffice)","Tamil Nadu SW GW","33","Tamil Nadu","568","Chennai","Mylapore","-","-","-","-","-","-","-","-","13.04138889","80.27916667","04-12-2023 07:00","14.5"
"11699","Chennai Mylapore (DGPOffice)","Tamil Nadu SW GW","33","Tamil Nadu","568","Chennai","Mylapore","-","-","-","-","-","-","-","-","13.04138889","80.27916667","04-12-2023 08:00","31"
"11700","Chennai Mylapore (DGPOffice)","Tamil Nadu SW GW","33","Tamil Nadu","568","Chennai","Mylapore","-","-","-","-","-","-","-","-","13.04138889","80.27916667","04-12-2023 09:00","29.5"
"11701","Chennai Mylapore (DGPOffice)","Tamil Nadu SW GW","33","Tamil Nadu","568","Chennai","Mylapore","-","-","-","-","-","-","-","-","13.04138889","80.27916667","04-12-2023 10:00","39.5"
"11702","Chennai Mylapore (DGPOffice)","Tamil Nadu SW GW","33","Tamil Nadu","568","Chennai","Mylapore","-","-","-","-","-","-","-","-","13.04138889","80.27916667","04-12-2023 11:00","25.5"
"11703","Chennai Mylapore (DGPOffice)","Tamil Nadu SW GW","33","Tamil Nadu","568","Chennai","Mylapore","-","-","-","-","-","-","-","-","13.04138889","80.27916667","04-12-2023 12:00","8"
"11704","Chennai Mylapore (DGPOffice)","Tamil Nadu SW GW","33","Tamil Nadu","568","Chennai","Mylapore","-","-","-","-","-","-","-","-","13.04138889","80.27916667","04-12-2023 13:00","5.5"
"11705","Chennai Mylapore (DGPOffice)","Tamil Nadu SW GW","33","Tamil Nadu","568","Chennai","Mylapore","-","-","-","-","-","-","-","-","13.04138889","80.27916667","04-12-2023 14:00","13"
"11706","Chennai Mylapore (DGPOffice)","Tamil Nadu SW GW","33","Tamil Nadu","568","Chennai","Mylapore","-","-","-","-","-","-","-","-","13.04138889","80.27916667","04-12-2023 15:00","21"
"11707","Chennai Mylapore (DGPOffice)","Tamil Nadu SW GW","33","Tamil Nadu","568","Chennai","Mylapore","-","-","-","-","-","-","-","-","13.04138889","80.27916667","04-12-2023 16:00","5"
"11708","Chennai Mylapore (DGPOffice)","Tamil Nadu SW GW","33","Tamil Nadu","568","Chennai","Mylapore","-","-","-","-","-","-","-","-","13.04138889","80.27916667","04-12-2023 17:00","8"
"11709","Chennai Mylapore (DGPOffice)","Tamil Nadu SW GW","33","Tamil Nadu","568","Chennai","Mylapore","-","-","-","-","-","-","-","-","13.04138889","80.27916667","04-12-2023 18:00","18.5"
"11710","Chennai Mylapore (DGPOffice)","Tamil Nadu SW GW","33","Tamil Nadu","568","Chennai","Mylapore","-","-","-","-","-","-","-","-","13.04138889","80.27916667","04-12-2023 19:00","16.5"
"11711","Chennai Mylapore (DGPOffice)","Tamil Nadu SW GW","33","Tamil Nadu","568","Chennai","Mylapore","-","-","-","-","-","-","-","-","13.04138889","80.27916667","04-12-2023 20:00","20"
"11712","Chennai Mylapore (DGPOffice)","Tamil Nadu SW GW","33","Tamil Nadu","568","Chennai","Mylapore","-","-","-","-","-","-","-","-","13.04138889","80.27916667","07-12-2023 07:00","0.5"
"11713","Chennai Mylapore (DGPOffice)","Tamil Nadu SW GW","33","Tamil Nadu","568","Chennai","Mylapore","-","-","-","-","-","-","-","-","13.04138889","80.27916667","08-12-2023 06:00","0.5"
"11714","Chennai Mylapore (DGPOffice)","Tamil Nadu SW GW","33","Tamil Nadu","568","Chennai","Mylapore","-","-","-","-","-","-","-","-","13.04138889","80.27916667","08-12-2023 07:00","0.5"
"11715","Chennai Mylapore (DGPOffice)","Tamil Nadu SW GW","33","Tamil Nadu","568","Chennai","Mylapore","-","-","-","-","-","-","-","-","13.04138889","80.27916667","10-12-2023 23:00","0.5"
"11716","Chennai Mylapore (DGPOffice)","Tamil Nadu SW GW","33","Tamil Nadu","568","Chennai","Mylapore","-","-","-","-","-","-","-","-","13.04138889","80.27916667","11-12-2023 03:00","0.5"
"11717","Chennai Mylapore (DGPOffice)","Tamil Nadu SW GW","33","Tamil Nadu","568","Chennai","Mylapore","-","-","-","-","-","-","-","-","13.04138889","80.27916667","15-12-2023 14:00","4"
"11718","Chennai Mylapore (DGPOffice)","Tamil Nadu SW GW","33","Tamil Nadu","568","Chennai","Mylapore","-","-","-","-","-","-","-","-","13.04138889","80.27916667","15-12-2023 15:00","0.5"
"11719","Chennai Mylapore (DGPOffice)","Tamil Nadu SW GW","33","Tamil Nadu","568","Chennai","Mylapore","-","-","-","-","-","-","-","-","13.04138889","80.27916667","15-12-2023 22:00","0.5"
"11720","Chennai Mylapore (DGPOffice)","Tamil Nadu SW GW","33","Tamil Nadu","568","Chennai","Mylapore","-","-","-","-","-","-","-","-","13.04138889","80.27916667","16-12-2023 08:00","0.5"
"11721","Chennai Mylapore (DGPOffice)","Tamil Nadu SW GW","33","Tamil Nadu","568","Chennai","Mylapore","-","-","-","-","-","-","-","-","13.04138889","80.27916667","04-01-2024 16:00","1"
"11722","Chennai Mylapore (DGPOffice)","Tamil Nadu SW GW","33","Tamil Nadu","568","Chennai","Mylapore","-","-","-","-","-","-","-","-","13.04138889","80.27916667","04-01-2024 17:00","2.5"
"11723","Chennai Mylapore (DGPOffice)","Tamil Nadu SW GW","33","Tamil Nadu","568","Chennai","Mylapore","-","-","-","-","-","-","-","-","13.04138889","80.27916667","06-01-2024 11:00","0.5"
"11724","Chennai Mylapore (DGPOffice)","Tamil Nadu SW GW","33","Tamil Nadu","568","Chennai","Mylapore","-","-","-","-","-","-","-","-","13.04138889","80.27916667","07-01-2024 10:00","7"
"11725","Chennai Mylapore (DGPOffice)","Tamil Nadu SW GW","33","Tamil Nadu","568","Chennai","Mylapore","-","-","-","-","-","-","-","-","13.04138889","80.27916667","07-01-2024 12:00","2"
"11726","Chennai Mylapore (DGPOffice)","Tamil Nadu SW GW","33","Tamil Nadu","568","Chennai","Mylapore","-","-","-","-","-","-","-","-","13.04138889","80.27916667","07-01-2024 15:00","4.5"
"11727","Chennai Mylapore (DGPOffice)","Tamil Nadu SW GW","33","Tamil Nadu","568","Chennai","Mylapore","-","-","-","-","-","-","-","-","13.04138889","80.27916667","07-01-2024 18:00","2"
"11728","Chennai Mylapore (DGPOffice)","Tamil Nadu SW GW","33","Tamil Nadu","568","Chennai","Mylapore","-","-","-","-","-","-","-","-","13.04138889","80.27916667","07-01-2024 19:00","9.5"
"11729","Chennai Mylapore (DGPOffice)","Tamil Nadu SW GW","33","Tamil Nadu","568","Chennai","Mylapore","-","-","-","-","-","-","-","-","13.04138889","80.27916667","07-01-2024 20:00","2.5"
"11730","Chennai Mylapore (DGPOffice)","Tamil Nadu SW GW","33","Tamil Nadu","568","Chennai","Mylapore","-","-","-","-","-","-","-","-","13.04138889","80.27916667","07-01-2024 21:00","1.5"
"11731","Chennai Mylapore (DGPOffice)","Tamil Nadu SW GW","33","Tamil Nadu","568","Chennai","Mylapore","-","-","-","-","-","-","-","-","13.04138889","80.27916667","07-01-2024 22:00","0.5"
"11732","Chennai Mylapore (DGPOffice)","Tamil Nadu SW GW","33","Tamil Nadu","568","Chennai","Mylapore","-","-","-","-","-","-","-","-","13.04138889","80.27916667","08-01-2024 01:00","0.5"
"11733","Chennai Mylapore (DGPOffice)","Tamil Nadu SW GW","33","Tamil Nadu","568","Chennai","Mylapore","-","-","-","-","-","-","-","-","13.04138889","80.27916667","08-01-2024 02:00","2.5"
"11734","Chennai Mylapore (DGPOffice)","Tamil Nadu SW GW","33","Tamil Nadu","568","Chennai","Mylapore","-","-","-","-","-","-","-","-","13.04138889","80.27916667","08-01-2024 03:00","3.5"
"11735","Chennai Mylapore (DGPOffice)","Tamil Nadu SW GW","33","Tamil Nadu","568","Chennai","Mylapore","-","-","-","-","-","-","-","-","13.04138889","80.27916667","08-01-2024 04:00","2.5"
"11736","Chennai Mylapore (DGPOffice)","Tamil Nadu SW GW","33","Tamil Nadu","568","Chennai","Mylapore","-","-","-","-","-","-","-","-","13.04138889","80.27916667","08-01-2024 08:00","4.5"
"11737","Chennai Mylapore (DGPOffice)","Tamil Nadu SW GW","33","Tamil Nadu","568","Chennai","Mylapore","-","-","-","-","-","-","-","-","13.04138889","80.27916667","08-01-2024 09:00","2"
"11738","Chennai Mylapore (DGPOffice)","Tamil Nadu SW GW","33","Tamil Nadu","568","Chennai","Mylapore","-","-","-","-","-","-","-","-","13.04138889","80.27916667","08-01-2024 10:00","0.5"
"11739","Chennai Mylapore (DGPOffice)","Tamil Nadu SW GW","33","Tamil Nadu","568","Chennai","Mylapore","-","-","-","-","-","-","-","-","13.04138889","80.27916667","08-01-2024 11:00","0.5"
"11740","Chennai Mylapore (DGPOffice)","Tamil Nadu SW GW","33","Tamil Nadu","568","Chennai","Mylapore","-","-","-","-","-","-","-","-","13.04138889","80.27916667","10-01-2024 11:00","26"
"11741","Chennai Mylapore (DGPOffice)","Tamil Nadu SW GW","33","Tamil Nadu","568","Chennai","Mylapore","-","-","-","-","-","-","-","-","13.04138889","80.27916667","13-05-2024 11:15","5.5"
"11742","Chennai Mylapore (DGPOffice)","Tamil Nadu SW GW","33","Tamil Nadu","568","Chennai","Mylapore","-","-","-","-","-","-","-","-","13.04138889","80.27916667","13-05-2024 11:20","5.5"
"11743","Chennai Mylapore (DGPOffice)","Tamil Nadu SW GW","33","Tamil Nadu","568","Chennai","Mylapore","-","-","-","-","-","-","-","-","13.04138889","80.27916667","13-05-2024 11:25","5.5"
"11744","Chennai Mylapore (DGPOffice)","Tamil Nadu SW GW","33","Tamil Nadu","568","Chennai","Mylapore","-","-","-","-","-","-","-","-","13.04138889","80.27916667","13-05-2024 11:30","5.5"
"11745","Chennai Mylapore (DGPOffice)","Tamil Nadu SW GW","33","Tamil Nadu","568","Chennai","Mylapore","-","-","-","-","-","-","-","-","13.04138889","80.27916667","13-05-2024 11:35","5.5"
"11746","Chennai Mylapore (DGPOffice)","Tamil Nadu SW GW","33","Tamil Nadu","568","Chennai","Mylapore","-","-","-","-","-","-","-","-","13.04138889","80.27916667","13-05-2024 11:40","5.5"
"11747","Chennai Mylapore (DGPOffice)","Tamil Nadu SW GW","33","Tamil Nadu","568","Chennai","Mylapore","-","-","-","-","-","-","-","-","13.04138889","80.27916667","13-05-2024 11:45","5.5"
"11748","Chennai Mylapore (DGPOffice)","Tamil Nadu SW GW","33","Tamil Nadu","568","Chennai","Mylapore","-","-","-","-","-","-","-","-","13.04138889","80.27916667","13-05-2024 11:50","5.5"
"11749","Chennai Mylapore (DGPOffice)","Tamil Nadu SW GW","33","Tamil Nadu","568","Chennai","Mylapore","-","-","-","-","-","-","-","-","13.04138889","80.27916667","13-05-2024 11:55","5.5"
"11750","Chennai Mylapore (DGPOffice)","Tamil Nadu SW GW","33","Tamil Nadu","568","Chennai","Mylapore","-","-","-","-","-","-","-","-","13.04138889","80.27916667","13-05-2024 12:00","5.5"
"11751","Chennai Mylapore (DGPOffice)","Tamil Nadu SW GW","33","Tamil Nadu","568","Chennai","Mylapore","-","-","-","-","-","-","-","-","13.04138889","80.27916667","16-05-2024 07:00","1"
"11752","Chennai Mylapore (DGPOffice)","Tamil Nadu SW GW","33","Tamil Nadu","568","Chennai","Mylapore","-","-","-","-","-","-","-","-","13.04138889","80.27916667","16-05-2024 08:00","0.5"
"11753","Chennai Mylapore (DGPOffice)","Tamil Nadu SW GW","33","Tamil Nadu","568","Chennai","Mylapore","-","-","-","-","-","-","-","-","13.04138889","80.27916667","16-05-2024 12:00","1"
"11754","Chennai Mylapore (DGPOffice)","Tamil Nadu SW GW","33","Tamil Nadu","568","Chennai","Mylapore","-","-","-","-","-","-","-","-","13.04138889","80.27916667","16-05-2024 13:00","2"
"11755","Chennai Mylapore (DGPOffice)","Tamil Nadu SW GW","33","Tamil Nadu","568","Chennai","Mylapore","-","-","-","-","-","-","-","-","13.04138889","80.27916667","16-05-2024 14:00","0.5"
"11756","Chennai Mylapore (DGPOffice)","Tamil Nadu SW GW","33","Tamil Nadu","568","Chennai","Mylapore","-","-","-","-","-","-","-","-","13.04138889","80.27916667","16-05-2024 15:00","0.5"
"11757","Chennai Mylapore (DGPOffice)","Tamil Nadu SW GW","33","Tamil Nadu","568","Chennai","Mylapore","-","-","-","-","-","-","-","-","13.04138889","80.27916667","19-05-2024 01:00","6"
"11758","Chennai Mylapore (DGPOffice)","Tamil Nadu SW GW","33","Tamil Nadu","568","Chennai","Mylapore","-","-","-","-","-","-","-","-","13.04138889","80.27916667","19-05-2024 02:00","5"
"11759","Chennai Mylapore (DGPOffice)","Tamil Nadu SW GW","33","Tamil Nadu","568","Chennai","Mylapore","-","-","-","-","-","-","-","-","13.04138889","80.27916667","20-05-2024 05:00","0.5"
"11760","Chennai Mylapore (DGPOffice)","Tamil Nadu SW GW","33","Tamil Nadu","568","Chennai","Mylapore","-","-","-","-","-","-","-","-","13.04138889","80.27916667","20-05-2024 06:00","0.5"
"11761","Chennai Mylapore (DGPOffice)","Tamil Nadu SW GW","33","Tamil Nadu","568","Chennai","Mylapore","-","-","-","-","-","-","-","-","13.04138889","80.27916667","21-05-2024 04:00","0.5"
"11762","Chennai Mylapore (DGPOffice)","Tamil Nadu SW GW","33","Tamil Nadu","568","Chennai","Mylapore","-","-","-","-","-","-","-","-","13.04138889","80.27916667","21-05-2024 05:00","1.5"
"11763","Chennai Mylapore (DGPOffice)","Tamil Nadu SW GW","33","Tamil Nadu","568","Chennai","Mylapore","-","-","-","-","-","-","-","-","13.04138889","80.27916667","21-05-2024 15:00","0.5"
"11764","Chennai Mylapore (DGPOffice)","Tamil Nadu SW GW","33","Tamil Nadu","568","Chennai","Mylapore","-","-","-","-","-","-","-","-","13.04138889","80.27916667","21-05-2024 18:00","0.5"
"11765","Chennai Mylapore (DGPOffice)","Tamil Nadu SW GW","33","Tamil Nadu","568","Chennai","Mylapore","-","-","-","-","-","-","-","-","13.04138889","80.27916667","22-05-2024 11:00","0.5"
"11766","Chennai Mylapore (DGPOffice)","Tamil Nadu SW GW","33","Tamil Nadu","568","Chennai","Mylapore","-","-","-","-","-","-","-","-","13.04138889","80.27916667","22-05-2024 12:00","2"
"11767","Chennai Mylapore (DGPOffice)","Tamil Nadu SW GW","33","Tamil Nadu","568","Chennai","Mylapore","-","-","-","-","-","-","-","-","13.04138889","80.27916667","22-05-2024 20:00","0.5"
"11768","Chennai Mylapore (DGPOffice)","Tamil Nadu SW GW","33","Tamil Nadu","568","Chennai","Mylapore","-","-","-","-","-","-","-","-","13.04138889","80.27916667","04-06-2024 19:00","6.5"
"11769","Chennai Mylapore (DGPOffice)","Tamil Nadu SW GW","33","Tamil Nadu","568","Chennai","Mylapore","-","-","-","-","-","-","-","-","13.04138889","80.27916667","05-06-2024 16:00","47"
"11770","Chennai Mylapore (DGPOffice)","Tamil Nadu SW GW","33","Tamil Nadu","568","Chennai","Mylapore","-","-","-","-","-","-","-","-","13.04138889","80.27916667","05-06-2024 17:00","6.5"
"11771","Chennai Mylapore (DGPOffice)","Tamil Nadu SW GW","33","Tamil Nadu","568","Chennai","Mylapore","-","-","-","-","-","-","-","-","13.04138889","80.27916667","06-06-2024 21:00","2"
"11772","Chennai Mylapore (DGPOffice)","Tamil Nadu SW GW","33","Tamil Nadu","568","Chennai","Mylapore","-","-","-","-","-","-","-","-","13.04138889","80.27916667","06-06-2024 22:00","2.5"
"11773","Chennai Mylapore (DGPOffice)","Tamil Nadu SW GW","33","Tamil Nadu","568","Chennai","Mylapore","-","-","-","-","-","-","-","-","13.04138889","80.27916667","06-06-2024 23:00","2"
"11774","Chennai Mylapore (DGPOffice)","Tamil Nadu SW GW","33","Tamil Nadu","568","Chennai","Mylapore","-","-","-","-","-","-","-","-","13.04138889","80.27916667","07-06-2024 00:00","0.5"
"11775","Chennai Mylapore (DGPOffice)","Tamil Nadu SW GW","33","Tamil Nadu","568","Chennai","Mylapore","-","-","-","-","-","-","-","-","13.04138889","80.27916667","07-06-2024 02:00","0.5"
"11776","Chennai Mylapore (DGPOffice)","Tamil Nadu SW GW","33","Tamil Nadu","568","Chennai","Mylapore","-","-","-","-","-","-","-","-","13.04138889","80.27916667","07-06-2024 03:00","2"
"11777","Chennai Mylapore (DGPOffice)","Tamil Nadu SW GW","33","Tamil Nadu","568","Chennai","Mylapore","-","-","-","-","-","-","-","-","13.04138889","80.27916667","10-06-2024 18:00","6.5"
"11778","Chennai Mylapore (DGPOffice)","Tamil Nadu SW GW","33","Tamil Nadu","568","Chennai","Mylapore","-","-","-","-","-","-","-","-","13.04138889","80.27916667","10-06-2024 19:00","0.5"
"11779","Chennai Mylapore (DGPOffice)","Tamil Nadu SW GW","33","Tamil Nadu","568","Chennai","Mylapore","-","-","-","-","-","-","-","-","13.04138889","80.27916667","11-06-2024 21:00","0.5"
"11780","Chennai Mylapore (DGPOffice)","Tamil Nadu SW GW","33","Tamil Nadu","568","Chennai","Mylapore","-","-","-","-","-","-","-","-","13.04138889","80.27916667","11-06-2024 22:00","14.5"
"11781","Chennai Mylapore (DGPOffice)","Tamil Nadu SW GW","33","Tamil Nadu","568","Chennai","Mylapore","-","-","-","-","-","-","-","-","13.04138889","80.27916667","12-06-2024 02:00","0.5"
"11782","Chennai Mylapore (DGPOffice)","Tamil Nadu SW GW","33","Tamil Nadu","568","Chennai","Mylapore","-","-","-","-","-","-","-","-","13.04138889","80.27916667","12-06-2024 03:00","0.5"
"11783","Chennai Mylapore (DGPOffice)","Tamil Nadu SW GW","33","Tamil Nadu","568","Chennai","Mylapore","-","-","-","-","-","-","-","-","13.04138889","80.27916667","12-06-2024 23:00","4.5"
"11784","Chennai Mylapore (DGPOffice)","Tamil Nadu SW GW","33","Tamil Nadu","568","Chennai","Mylapore","-","-","-","-","-","-","-","-","13.04138889","80.27916667","13-06-2024 00:00","9"
"11785","Chennai Mylapore (DGPOffice)","Tamil Nadu SW GW","33","Tamil Nadu","568","Chennai","Mylapore","-","-","-","-","-","-","-","-","13.04138889","80.27916667","13-06-2024 18:00","1"
"11786","Chennai Mylapore (DGPOffice)","Tamil Nadu SW GW","33","Tamil Nadu","568","Chennai","Mylapore","-","-","-","-","-","-","-","-","13.04138889","80.27916667","13-06-2024 19:00","2.5"
"11787","Chennai Mylapore (DGPOffice)","Tamil Nadu SW GW","33","Tamil Nadu","568","Chennai","Mylapore","-","-","-","-","-","-","-","-","13.04138889","80.27916667","18-06-2024 02:00","3"
"11788","Chennai Mylapore (DGPOffice)","Tamil Nadu SW GW","33","Tamil Nadu","568","Chennai","Mylapore","-","-","-","-","-","-","-","-","13.04138889","80.27916667","18-06-2024 03:00","10.5"
"11789","Chennai Mylapore (DGPOffice)","Tamil Nadu SW GW","33","Tamil Nadu","568","Chennai","Mylapore","-","-","-","-","-","-","-","-","13.04138889","80.27916667","18-06-2024 04:00","1.5"
"11790","Chennai Mylapore (DGPOffice)","Tamil Nadu SW GW","33","Tamil Nadu","568","Chennai","Mylapore","-","-","-","-","-","-","-","-","13.04138889","80.27916667","18-06-2024 05:00","0.5"
"11791","Chennai Mylapore (DGPOffice)","Tamil Nadu SW GW","33","Tamil Nadu","568","Chennai","Mylapore","-","-","-","-","-","-","-","-","13.04138889","80.27916667","18-06-2024 22:00","4.5"
"11792","Chennai Mylapore (DGPOffice)","Tamil Nadu SW GW","33","Tamil Nadu","568","Chennai","Mylapore","-","-","-","-","-","-","-","-","13.04138889","80.27916667","18-06-2024 23:00","48"
"11793","Chennai Mylapore (DGPOffice)","Tamil Nadu SW GW","33","Tamil Nadu","568","Chennai","Mylapore","-","-","-","-","-","-","-","-","13.04138889","80.27916667","19-06-2024 00:00","0.5"
"11794","Chennai Mylapore (DGPOffice)","Tamil Nadu SW GW","33","Tamil Nadu","568","Chennai","Mylapore","-","-","-","-","-","-","-","-","13.04138889","80.27916667","19-06-2024 01:00","1"
"11795","Chennai Mylapore (DGPOffice)","Tamil Nadu SW GW","33","Tamil Nadu","568","Chennai","Mylapore","-","-","-","-","-","-","-","-","13.04138889","80.27916667","20-06-2024 22:00","24.5"
"11796","Chennai Mylapore (DGPOffice)","Tamil Nadu SW GW","33","Tamil Nadu","568","Chennai","Mylapore","-","-","-","-","-","-","-","-","13.04138889","80.27916667","23-06-2024 22:00","0.5"
"11797","Chennai Mylapore (DGPOffice)","Tamil Nadu SW GW","33","Tamil Nadu","568","Chennai","Mylapore","-","-","-","-","-","-","-","-","13.04138889","80.27916667","25-06-2024 21:00","3.5"
"11798","Chennai Mylapore (DGPOffice)","Tamil Nadu SW GW","33","Tamil Nadu","568","Chennai","Mylapore","-","-","-","-","-","-","-","-","13.04138889","80.27916667","25-06-2024 22:00","0.5"
"11799","Chennai Mylapore (DGPOffice)","Tamil Nadu SW GW","33","Tamil Nadu","568","Chennai","Mylapore","-","-","-","-","-","-","-","-","13.04138889","80.27916667","03-07-2024 22:00","40.5"
"11800","Chennai Mylapore (DGPOffice)","Tamil Nadu SW GW","33","Tamil Nadu","568","Chennai","Mylapore","-","-","-","-","-","-","-","-","13.04138889","80.27916667","03-07-2024 23:00","3.5"
"11801","Chennai Mylapore (DGPOffice)","Tamil Nadu SW GW","33","Tamil Nadu","568","Chennai","Mylapore","-","-","-","-","-","-","-","-","13.04138889","80.27916667","04-07-2024 00:00","2"
"11802","Chennai Mylapore (DGPOffice)","Tamil Nadu SW GW","33","Tamil Nadu","568","Chennai","Mylapore","-","-","-","-","-","-","-","-","13.04138889","80.27916667","05-07-2024 23:00","7"
"11803","Chennai Mylapore (DGPOffice)","Tamil Nadu SW GW","33","Tamil Nadu","568","Chennai","Mylapore","-","-","-","-","-","-","-","-","13.04138889","80.27916667","06-07-2024 00:00","38"
"11804","Chennai Mylapore (DGPOffice)","Tamil Nadu SW GW","33","Tamil Nadu","568","Chennai","Mylapore","-","-","-","-","-","-","-","-","13.04138889","80.27916667","06-07-2024 01:00","4"
"11805","Chennai Mylapore (DGPOffice)","Tamil Nadu SW GW","33","Tamil Nadu","568","Chennai","Mylapore","-","-","-","-","-","-","-","-","13.04138889","80.27916667","06-07-2024 02:00","0.5"
"11806","Chennai Mylapore (DGPOffice)","Tamil Nadu SW GW","33","Tamil Nadu","568","Chennai","Mylapore","-","-","-","-","-","-","-","-","13.04138889","80.27916667","07-07-2024 18:00","10.5"
"11807","Chennai Mylapore (DGPOffice)","Tamil Nadu SW GW","33","Tamil Nadu","568","Chennai","Mylapore","-","-","-","-","-","-","-","-","13.04138889","80.27916667","07-07-2024 22:00","0.5"
"11808","Chennai Mylapore (DGPOffice)","Tamil Nadu SW GW","33","Tamil Nadu","568","Chennai","Mylapore","-","-","-","-","-","-","-","-","13.04138889","80.27916667","07-07-2024 23:00","0.5"
"11809","Chennai Mylapore (DGPOffice)","Tamil Nadu SW GW","33","Tamil Nadu","568","Chennai","Mylapore","-","-","-","-","-","-","-","-","13.04138889","80.27916667","08-07-2024 03:00","0.5"
"11810","Chennai Mylapore (DGPOffice)","Tamil Nadu SW GW","33","Tamil Nadu","568","Chennai","Mylapore","-","-","-","-","-","-","-","-","13.04138889","80.27916667","11-07-2024 01:00","3.5"
"11811","Chennai Mylapore (DGPOffice)","Tamil Nadu SW GW","33","Tamil Nadu","568","Chennai","Mylapore","-","-","-","-","-","-","-","-","13.04138889","80.27916667","11-07-2024 05:00","1"
"11812","Chennai Mylapore (DGPOffice)","Tamil Nadu SW GW","33","Tamil Nadu","568","Chennai","Mylapore","-","-","-","-","-","-","-","-","13.04138889","80.27916667","11-07-2024 06:00","1.5"
"11813","Chennai Mylapore (DGPOffice)","Tamil Nadu SW GW","33","Tamil Nadu","568","Chennai","Mylapore","-","-","-","-","-","-","-","-","13.04138889","80.27916667","12-07-2024 22:00","21"
"11814","Chennai Mylapore (DGPOffice)","Tamil Nadu SW GW","33","Tamil Nadu","568","Chennai","Mylapore","-","-","-","-","-","-","-","-","13.04138889","80.27916667","12-07-2024 23:00","1"
"11815","Chennai Mylapore (DGPOffice)","Tamil Nadu SW GW","33","Tamil Nadu","568","Chennai","Mylapore","-","-","-","-","-","-","-","-","13.04138889","80.27916667","13-07-2024 00:00","7.5"
"11816","Chennai Mylapore (DGPOffice)","Tamil Nadu SW GW","33","Tamil Nadu","568","Chennai","Mylapore","-","-","-","-","-","-","-","-","13.04138889","80.27916667","13-07-2024 01:00","3.5"
"11817","Chennai Mylapore (DGPOffice)","Tamil Nadu SW GW","33","Tamil Nadu","568","Chennai","Mylapore","-","-","-","-","-","-","-","-","13.04138889","80.27916667","13-07-2024 02:00","3"
"11818","Chennai Mylapore (DGPOffice)","Tamil Nadu SW GW","33","Tamil Nadu","568","Chennai","Mylapore","-","-","-","-","-","-","-","-","13.04138889","80.27916667","13-07-2024 03:00","1"
"11819","Chennai Mylapore (DGPOffice)","Tamil Nadu SW GW","33","Tamil Nadu","568","Chennai","Mylapore","-","-","-","-","-","-","-","-","13.04138889","80.27916667","13-07-2024 05:00","0.5"
"11820","Chennai Mylapore (DGPOffice)","Tamil Nadu SW GW","33","Tamil Nadu","568","Chennai","Mylapore","-","-","-","-","-","-","-","-","13.04138889","80.27916667","14-07-2024 23:00","0.5"
"11821","Chennai Mylapore (DGPOffice)","Tamil Nadu SW GW","33","Tamil Nadu","568","Chennai","Mylapore","-","-","-","-","-","-","-","-","13.04138889","80.27916667","15-07-2024 05:00","0.5"
"11822","Chennai Mylapore (DGPOffice)","Tamil Nadu SW GW","33","Tamil Nadu","568","Chennai","Mylapore","-","-","-","-","-","-","-","-","13.04138889","80.27916667","15-07-2024 13:00","0.5"
"11823","Chennai Mylapore (DGPOffice)","Tamil Nadu SW GW","33","Tamil Nadu","568","Chennai","Mylapore","-","-","-","-","-","-","-","-","13.04138889","80.27916667","15-07-2024 14:00","0.5"
"11824","Chennai Mylapore (DGPOffice)","Tamil Nadu SW GW","33","Tamil Nadu","568","Chennai","Mylapore","-","-","-","-","-","-","-","-","13.04138889","80.27916667","15-07-2024 15:00","0.5"
"11825","Chennai Mylapore (DGPOffice)","Tamil Nadu SW GW","33","Tamil Nadu","568","Chennai","Mylapore","-","-","-","-","-","-","-","-","13.04138889","80.27916667","18-07-2024 19:00","0.5"
"11826","Chennai Mylapore (DGPOffice)","Tamil Nadu SW GW","33","Tamil Nadu","568","Chennai","Mylapore","-","-","-","-","-","-","-","-","13.04138889","80.27916667","19-07-2024 13:30","1"
"11827","Chennai Mylapore (DGPOffice)","Tamil Nadu SW GW","33","Tamil Nadu","568","Chennai","Mylapore","-","-","-","-","-","-","-","-","13.04138889","80.27916667","19-07-2024 14:00","1"
"11828","Chennai Mylapore (DGPOffice)","Tamil Nadu SW GW","33","Tamil Nadu","568","Chennai","Mylapore","-","-","-","-","-","-","-","-","13.04138889","80.27916667","23-07-2024 21:00","13.5"
"11829","Chennai Mylapore (DGPOffice)","Tamil Nadu SW GW","33","Tamil Nadu","568","Chennai","Mylapore","-","-","-","-","-","-","-","-","13.04138889","80.27916667","30-07-2024 21:00","15.5"
"11830","Chennai Mylapore (DGPOffice)","Tamil Nadu SW GW","33","Tamil Nadu","568","Chennai","Mylapore","-","-","-","-","-","-","-","-","13.04138889","80.27916667","30-07-2024 23:00","0.5"
"11831","Chennai Mylapore (DGPOffice)","Tamil Nadu SW GW","33","Tamil Nadu","568","Chennai","Mylapore","-","-","-","-","-","-","-","-","13.04138889","80.27916667","04-08-2024 00:00","1"
"11832","Chennai Mylapore (DGPOffice)","Tamil Nadu SW GW","33","Tamil Nadu","568","Chennai","Mylapore","-","-","-","-","-","-","-","-","13.04138889","80.27916667","04-08-2024 01:00","0.5"
"11833","Chennai Mylapore (DGPOffice)","Tamil Nadu SW GW","33","Tamil Nadu","568","Chennai","Mylapore","-","-","-","-","-","-","-","-","13.04138889","80.27916667","04-08-2024 18:00","6.5"
"11834","Chennai Mylapore (DGPOffice)","Tamil Nadu SW GW","33","Tamil Nadu","568","Chennai","Mylapore","-","-","-","-","-","-","-","-","13.04138889","80.27916667","04-08-2024 19:00","5.5"
"11835","Chennai Mylapore (DGPOffice)","Tamil Nadu SW GW","33","Tamil Nadu","568","Chennai","Mylapore","-","-","-","-","-","-","-","-","13.04138889","80.27916667","05-08-2024 01:00","2"
"11836","Chennai Mylapore (DGPOffice)","Tamil Nadu SW GW","33","Tamil Nadu","568","Chennai","Mylapore","-","-","-","-","-","-","-","-","13.04138889","80.27916667","05-08-2024 02:00","10.5"
"11837","Chennai Mylapore (DGPOffice)","Tamil Nadu SW GW","33","Tamil Nadu","568","Chennai","Mylapore","-","-","-","-","-","-","-","-","13.04138889","80.27916667","05-08-2024 03:00","1"
"11838","Chennai Mylapore (DGPOffice)","Tamil Nadu SW GW","33","Tamil Nadu","568","Chennai","Mylapore","-","-","-","-","-","-","-","-","13.04138889","80.27916667","05-08-2024 04:00","14"
"11839","Chennai Mylapore (DGPOffice)","Tamil Nadu SW GW","33","Tamil Nadu","568","Chennai","Mylapore","-","-","-","-","-","-","-","-","13.04138889","80.27916667","05-08-2024 05:00","17"
"11840","Chennai Mylapore (DGPOffice)","Tamil Nadu SW GW","33","Tamil Nadu","568","Chennai","Mylapore","-","-","-","-","-","-","-","-","13.04138889","80.27916667","05-08-2024 06:00","17"
"11841","Chennai Mylapore (DGPOffice)","Tamil Nadu SW GW","33","Tamil Nadu","568","Chennai","Mylapore","-","-","-","-","-","-","-","-","13.04138889","80.27916667","05-08-2024 07:00","4.5"
"11842","Chennai Mylapore (DGPOffice)","Tamil Nadu SW GW","33","Tamil Nadu","568","Chennai","Mylapore","-","-","-","-","-","-","-","-","13.04138889","80.27916667","06-08-2024 20:00","1.5"
"11843","Chennai Mylapore (DGPOffice)","Tamil Nadu SW GW","33","Tamil Nadu","568","Chennai","Mylapore","-","-","-","-","-","-","-","-","13.04138889","80.27916667","06-08-2024 21:00","16"
"11844","Chennai Mylapore (DGPOffice)","Tamil Nadu SW GW","33","Tamil Nadu","568","Chennai","Mylapore","-","-","-","-","-","-","-","-","13.04138889","80.27916667","06-08-2024 22:00","1.5"
"11845","Chennai Mylapore (DGPOffice)","Tamil Nadu SW GW","33","Tamil Nadu","568","Chennai","Mylapore","-","-","-","-","-","-","-","-","13.04138889","80.27916667","08-08-2024 04:00","0.5"
"11846","Chennai Mylapore (DGPOffice)","Tamil Nadu SW GW","33","Tamil Nadu","568","Chennai","Mylapore","-","-","-","-","-","-","-","-","13.04138889","80.27916667","08-08-2024 15:00","1.5"
"11847","Chennai Mylapore (DGPOffice)","Tamil Nadu SW GW","33","Tamil Nadu","568","Chennai","Mylapore","-","-","-","-","-","-","-","-","13.04138889","80.27916667","08-08-2024 16:00","0.5"
"11848","Chennai Mylapore (DGPOffice)","Tamil Nadu SW GW","33","Tamil Nadu","568","Chennai","Mylapore","-","-","-","-","-","-","-","-","13.04138889","80.27916667","09-08-2024 14:00","1"
"11849","Chennai Mylapore (DGPOffice)","Tamil Nadu SW GW","33","Tamil Nadu","568","Chennai","Mylapore","-","-","-","-","-","-","-","-","13.04138889","80.27916667","12-08-2024 06:00","7"
"11850","Chennai Mylapore (DGPOffice)","Tamil Nadu SW GW","33","Tamil Nadu","568","Chennai","Mylapore","-","-","-","-","-","-","-","-","13.04138889","80.27916667","28-08-2024 05:00","0.5"
"11851","Chennai Mylapore (DGPOffice)","Tamil Nadu SW GW","33","Tamil Nadu","568","Chennai","Mylapore","-","-","-","-","-","-","-","-","13.04138889","80.27916667","28-08-2024 06:00","0.5"
"11852","Chennai Mylapore (DGPOffice)","Tamil Nadu SW GW","33","Tamil Nadu","568","Chennai","Mylapore","-","-","-","-","-","-","-","-","13.04138889","80.27916667","30-08-2024 21:00","17"
"11853","Chennai Mylapore (DGPOffice)","Tamil Nadu SW GW","33","Tamil Nadu","568","Chennai","Mylapore","-","-","-","-","-","-","-","-","13.04138889","80.27916667","30-08-2024 22:00","3"
"11854","Chennai Mylapore (DGPOffice)","Tamil Nadu SW GW","33","Tamil Nadu","568","Chennai","Mylapore","-","-","-","-","-","-","-","-","13.04138889","80.27916667","30-08-2024 23:00","1"
"11855","Chennai Mylapore (DGPOffice)","Tamil Nadu SW GW","33","Tamil Nadu","568","Chennai","Mylapore","-","-","-","-","-","-","-","-","13.04138889","80.27916667","31-08-2024 00:00","0.5"
"11856","Chennai Mylapore (DGPOffice)","Tamil Nadu SW GW","33","Tamil Nadu","568","Chennai","Mylapore","-","-","-","-","-","-","-","-","13.04138889","80.27916667","03-09-2024 01:00","9.5"
"11857","Chennai Mylapore (DGPOffice)","Tamil Nadu SW GW","33","Tamil Nadu","568","Chennai","Mylapore","-","-","-","-","-","-","-","-","13.04138889","80.27916667","03-09-2024 02:00","17.5"
"11858","Chennai Mylapore (DGPOffice)","Tamil Nadu SW GW","33","Tamil Nadu","568","Chennai","Mylapore","-","-","-","-","-","-","-","-","13.04138889","80.27916667","03-09-2024 07:00","0.5"
"11859","Chennai Mylapore (DGPOffice)","Tamil Nadu SW GW","33","Tamil Nadu","568","Chennai","Mylapore","-","-","-","-","-","-","-","-","13.04138889","80.27916667","03-09-2024 21:00","1.5"
"11860","Chennai Mylapore (DGPOffice)","Tamil Nadu SW GW","33","Tamil Nadu","568","Chennai","Mylapore","-","-","-","-","-","-","-","-","13.04138889","80.27916667","03-09-2024 22:00","2.5"
"11861","Chennai Mylapore (DGPOffice)","Tamil Nadu SW GW","33","Tamil Nadu","568","Chennai","Mylapore","-","-","-","-","-","-","-","-","13.04138889","80.27916667","03-09-2024 23:00","2"
"11862","Chennai Mylapore (DGPOffice)","Tamil Nadu SW GW","33","Tamil Nadu","568","Chennai","Mylapore","-","-","-","-","-","-","-","-","13.04138889","80.27916667","04-09-2024 00:00","1"
"11863","Chennai Mylapore (DGPOffice)","Tamil Nadu SW GW","33","Tamil Nadu","568","Chennai","Mylapore","-","-","-","-","-","-","-","-","13.04138889","80.27916667","06-09-2024 03:00","0.5"
"11864","Chennai Mylapore (DGPOffice)","Tamil Nadu SW GW","33","Tamil Nadu","568","Chennai","Mylapore","-","-","-","-","-","-","-","-","13.04138889","80.27916667","06-09-2024 06:00","1"
"11865","Chennai Mylapore (DGPOffice)","Tamil Nadu SW GW","33","Tamil Nadu","568","Chennai","Mylapore","-","-","-","-","-","-","-","-","13.04138889","80.27916667","06-09-2024 07:00","0.5"
"11866","Chennai Mylapore (DGPOffice)","Tamil Nadu SW GW","33","Tamil Nadu","568","Chennai","Mylapore","-","-","-","-","-","-","-","-","13.04138889","80.27916667","07-09-2024 03:00","12"
"11867","Chennai Mylapore (DGPOffice)","Tamil Nadu SW GW","33","Tamil Nadu","568","Chennai","Mylapore","-","-","-","-","-","-","-","-","13.04138889","80.27916667","21-09-2024 01:00","6"
"11868","Chennai Mylapore (DGPOffice)","Tamil Nadu SW GW","33","Tamil Nadu","568","Chennai","Mylapore","-","-","-","-","-","-","-","-","13.04138889","80.27916667","21-09-2024 02:00","1.5"
"11869","Chennai Mylapore (DGPOffice)","Tamil Nadu SW GW","33","Tamil Nadu","568","Chennai","Mylapore","-","-","-","-","-","-","-","-","13.04138889","80.27916667","21-09-2024 04:00","1"
"11870","Chennai Mylapore (DGPOffice)","Tamil Nadu SW GW","33","Tamil Nadu","568","Chennai","Mylapore","-","-","-","-","-","-","-","-","13.04138889","80.27916667","21-09-2024 05:00","1.5"
"11871","Chennai Mylapore (DGPOffice)","Tamil Nadu SW GW","33","Tamil Nadu","568","Chennai","Mylapore","-","-","-","-","-","-","-","-","13.04138889","80.27916667","21-09-2024 06:00","2.5"
"11872","Chennai Mylapore (DGPOffice)","Tamil Nadu SW GW","33","Tamil Nadu","568","Chennai","Mylapore","-","-","-","-","-","-","-","-","13.04138889","80.27916667","21-09-2024 07:00","1.5"
"11873","Chennai Mylapore (DGPOffice)","Tamil Nadu SW GW","33","Tamil Nadu","568","Chennai","Mylapore","-","-","-","-","-","-","-","-","13.04138889","80.27916667","24-09-2024 01:00","8.5"
"11874","Chennai Mylapore (DGPOffice)","Tamil Nadu SW GW","33","Tamil Nadu","568","Chennai","Mylapore","-","-","-","-","-","-","-","-","13.04138889","80.27916667","24-09-2024 02:00","14"
"11875","Chennai Mylapore (DGPOffice)","Tamil Nadu SW GW","33","Tamil Nadu","568","Chennai","Mylapore","-","-","-","-","-","-","-","-","13.04138889","80.27916667","24-09-2024 03:00","2"
"11876","Chennai Mylapore (DGPOffice)","Tamil Nadu SW GW","33","Tamil Nadu","568","Chennai","Mylapore","-","-","-","-","-","-","-","-","13.04138889","80.27916667","24-09-2024 04:00","0.5"
"11877","Chennai Mylapore (DGPOffice)","Tamil Nadu SW GW","33","Tamil Nadu","568","Chennai","Mylapore","-","-","-","-","-","-","-","-","13.04138889","80.27916667","24-09-2024 17:00","2.5"
"11878","Chennai Mylapore (DGPOffice)","Tamil Nadu SW GW","33","Tamil Nadu","568","Chennai","Mylapore","-","-","-","-","-","-","-","-","13.04138889","80.27916667","03-10-2024 16:00","1.5"
"11879","Chennai Mylapore (DGPOffice)","Tamil Nadu SW GW","33","Tamil Nadu","568","Chennai","Mylapore","-","-","-","-","-","-","-","-","13.04138889","80.27916667","07-10-2024 21:35","0.5"
"11880","Chennai Mylapore (DGPOffice)","Tamil Nadu SW GW","33","Tamil Nadu","568","Chennai","Mylapore","-","-","-","-","-","-","-","-","13.04138889","80.27916667","07-10-2024 21:40","0.5"
"11881","Chennai Mylapore (DGPOffice)","Tamil Nadu SW GW","33","Tamil Nadu","568","Chennai","Mylapore","-","-","-","-","-","-","-","-","13.04138889","80.27916667","07-10-2024 21:45","0.5"
"11882","Chennai Mylapore (DGPOffice)","Tamil Nadu SW GW","33","Tamil Nadu","568","Chennai","Mylapore","-","-","-","-","-","-","-","-","13.04138889","80.27916667","07-10-2024 21:50","0.5"
"11883","Chennai Mylapore (DGPOffice)","Tamil Nadu SW GW","33","Tamil Nadu","568","Chennai","Mylapore","-","-","-","-","-","-","-","-","13.04138889","80.27916667","07-10-2024 21:55","0.5"
"11884","Chennai Mylapore (DGPOffice)","Tamil Nadu SW GW","33","Tamil Nadu","568","Chennai","Mylapore","-","-","-","-","-","-","-","-","13.04138889","80.27916667","07-10-2024 22:00","0.5"
"11885","Chennai Mylapore (DGPOffice)","Tamil Nadu SW GW","33","Tamil Nadu","568","Chennai","Mylapore","-","-","-","-","-","-","-","-","13.04138889","80.27916667","08-10-2024 01:45","0.5"
"11886","Chennai Mylapore (DGPOffice)","Tamil Nadu SW GW","33","Tamil Nadu","568","Chennai","Mylapore","-","-","-","-","-","-","-","-","13.04138889","80.27916667","08-10-2024 01:50","1"
"11887","Chennai Mylapore (DGPOffice)","Tamil Nadu SW GW","33","Tamil Nadu","568","Chennai","Mylapore","-","-","-","-","-","-","-","-","13.04138889","80.27916667","08-10-2024 01:55","1"
"11888","Chennai Mylapore (DGPOffice)","Tamil Nadu SW GW","33","Tamil Nadu","568","Chennai","Mylapore","-","-","-","-","-","-","-","-","13.04138889","80.27916667","08-10-2024 02:00","1"
"11889","Chennai Mylapore (DGPOffice)","Tamil Nadu SW GW","33","Tamil Nadu","568","Chennai","Mylapore","-","-","-","-","-","-","-","-","13.04138889","80.27916667","08-10-2024 02:30","0.5"
"11890","Chennai Mylapore (DGPOffice)","Tamil Nadu SW GW","33","Tamil Nadu","568","Chennai","Mylapore","-","-","-","-","-","-","-","-","13.04138889","80.27916667","08-10-2024 02:35","1.5"
"11891","Chennai Mylapore (DGPOffice)","Tamil Nadu SW GW","33","Tamil Nadu","568","Chennai","Mylapore","-","-","-","-","-","-","-","-","13.04138889","80.27916667","08-10-2024 02:40","3.5"
"11892","Chennai Mylapore (DGPOffice)","Tamil Nadu SW GW","33","Tamil Nadu","568","Chennai","Mylapore","-","-","-","-","-","-","-","-","13.04138889","80.27916667","08-10-2024 02:45","4.5"
"11893","Chennai Mylapore (DGPOffice)","Tamil Nadu SW GW","33","Tamil Nadu","568","Chennai","Mylapore","-","-","-","-","-","-","-","-","13.04138889","80.27916667","08-10-2024 02:50","5.5"
"11894","Chennai Mylapore (DGPOffice)","Tamil Nadu SW GW","33","Tamil Nadu","568","Chennai","Mylapore","-","-","-","-","-","-","-","-","13.04138889","80.27916667","09-10-2024 01:25","0.5"
"11895","Chennai Mylapore (DGPOffice)","Tamil Nadu SW GW","33","Tamil Nadu","568","Chennai","Mylapore","-","-","-","-","-","-","-","-","13.04138889","80.27916667","09-10-2024 01:30","0.5"
"11896","Chennai Mylapore (DGPOffice)","Tamil Nadu SW GW","33","Tamil Nadu","568","Chennai","Mylapore","-","-","-","-","-","-","-","-","13.04138889","80.27916667","09-10-2024 01:35","0.5"
"11897","Chennai Mylapore (DGPOffice)","Tamil Nadu SW GW","33","Tamil Nadu","568","Chennai","Mylapore","-","-","-","-","-","-","-","-","13.04138889","80.27916667","09-10-2024 01:40","0.5"
"11898","Chennai Mylapore (DGPOffice)","Tamil Nadu SW GW","33","Tamil Nadu","568","Chennai","Mylapore","-","-","-","-","-","-","-","-","13.04138889","80.27916667","09-10-2024 01:45","0.5"
"11899","Chennai Mylapore (DGPOffice)","Tamil Nadu SW GW","33","Tamil Nadu","568","Chennai","Mylapore","-","-","-","-","-","-","-","-","13.04138889","80.27916667","09-10-2024 01:50","0.5"
"11900","Chennai Mylapore (DGPOffice)","Tamil Nadu SW GW","33","Tamil Nadu","568","Chennai","Mylapore","-","-","-","-","-","-","-","-","13.04138889","80.27916667","09-10-2024 01:55","0.5"
"11901","Chennai Mylapore (DGPOffice)","Tamil Nadu SW GW","33","Tamil Nadu","568","Chennai","Mylapore","-","-","-","-","-","-","-","-","13.04138889","80.27916667","09-10-2024 02:00","0.5"
"11902","Chennai Mylapore (DGPOffice)","Tamil Nadu SW GW","33","Tamil Nadu","568","Chennai","Mylapore","-","-","-","-","-","-","-","-","13.04138889","80.27916667","09-10-2024 03:20","0.5"
"11903","Chennai Mylapore (DGPOffice)","Tamil Nadu SW GW","33","Tamil Nadu","568","Chennai","Mylapore","-","-","-","-","-","-","-","-","13.04138889","80.27916667","09-10-2024 03:25","0.5"
"11904","Chennai Mylapore (DGPOffice)","Tamil Nadu SW GW","33","Tamil Nadu","568","Chennai","Mylapore","-","-","-","-","-","-","-","-","13.04138889","80.27916667","09-10-2024 03:30","0.5"
"11905","Chennai Mylapore (DGPOffice)","Tamil Nadu SW GW","33","Tamil Nadu","568","Chennai","Mylapore","-","-","-","-","-","-","-","-","13.04138889","80.27916667","09-10-2024 03:35","0.5"
"11906","Chennai Mylapore (DGPOffice)","Tamil Nadu SW GW","33","Tamil Nadu","568","Chennai","Mylapore","-","-","-","-","-","-","-","-","13.04138889","80.27916667","09-10-2024 03:40","0.5"
"11907","Chennai Mylapore (DGPOffice)","Tamil Nadu SW GW","33","Tamil Nadu","568","Chennai","Mylapore","-","-","-","-","-","-","-","-","13.04138889","80.27916667","09-10-2024 03:45","0.5"
"11908","Chennai Mylapore (DGPOffice)","Tamil Nadu SW GW","33","Tamil Nadu","568","Chennai","Mylapore","-","-","-","-","-","-","-","-","13.04138889","80.27916667","09-10-2024 03:50","0.5"
"11909","Chennai Mylapore (DGPOffice)","Tamil Nadu SW GW","33","Tamil Nadu","568","Chennai","Mylapore","-","-","-","-","-","-","-","-","13.04138889","80.27916667","09-10-2024 03:55","0.5"
"11910","Chennai Mylapore (DGPOffice)","Tamil Nadu SW GW","33","Tamil Nadu","568","Chennai","Mylapore","-","-","-","-","-","-","-","-","13.04138889","80.27916667","09-10-2024 04:00","0.5"
"11911","Chennai Mylapore (DGPOffice)","Tamil Nadu SW GW","33","Tamil Nadu","568","Chennai","Mylapore","-","-","-","-","-","-","-","-","13.04138889","80.27916667","09-10-2024 05:15","0.5"
"11912","Chennai Mylapore (DGPOffice)","Tamil Nadu SW GW","33","Tamil Nadu","568","Chennai","Mylapore","-","-","-","-","-","-","-","-","13.04138889","80.27916667","09-10-2024 05:20","1.5"
"11913","Chennai Mylapore (DGPOffice)","Tamil Nadu SW GW","33","Tamil Nadu","568","Chennai","Mylapore","-","-","-","-","-","-","-","-","13.04138889","80.27916667","09-10-2024 05:25","2"
"11914","Chennai Mylapore (DGPOffice)","Tamil Nadu SW GW","33","Tamil Nadu","568","Chennai","Mylapore","-","-","-","-","-","-","-","-","13.04138889","80.27916667","09-10-2024 05:30","2"
"11915","Chennai Mylapore (DGPOffice)","Tamil Nadu SW GW","33","Tamil Nadu","568","Chennai","Mylapore","-","-","-","-","-","-","-","-","13.04138889","80.27916667","09-10-2024 05:35","2"
"11916","Chennai Mylapore (DGPOffice)","Tamil Nadu SW GW","33","Tamil Nadu","568","Chennai","Mylapore","-","-","-","-","-","-","-","-","13.04138889","80.27916667","09-10-2024 05:40","2"
"11917","Chennai Mylapore (DGPOffice)","Tamil Nadu SW GW","33","Tamil Nadu","568","Chennai","Mylapore","-","-","-","-","-","-","-","-","13.04138889","80.27916667","09-10-2024 05:45","2"
"11918","Chennai Mylapore (DGPOffice)","Tamil Nadu SW GW","33","Tamil Nadu","568","Chennai","Mylapore","-","-","-","-","-","-","-","-","13.04138889","80.27916667","09-10-2024 05:50","2"
"11919","Chennai Mylapore (DGPOffice)","Tamil Nadu SW GW","33","Tamil Nadu","568","Chennai","Mylapore","-","-","-","-","-","-","-","-","13.04138889","80.27916667","09-10-2024 05:55","2"
"11920","Chennai Mylapore (DGPOffice)","Tamil Nadu SW GW","33","Tamil Nadu","568","Chennai","Mylapore","-","-","-","-","-","-","-","-","13.04138889","80.27916667","09-10-2024 06:00","2"
"11921","Chennai Mylapore (DGPOffice)","Tamil Nadu SW GW","33","Tamil Nadu","568","Chennai","Mylapore","-","-","-","-","-","-","-","-","13.04138889","80.27916667","09-10-2024 06:25","0.5"
"11922","Chennai Mylapore (DGPOffice)","Tamil Nadu SW GW","33","Tamil Nadu","568","Chennai","Mylapore","-","-","-","-","-","-","-","-","13.04138889","80.27916667","09-10-2024 06:30","0.5"
"11923","Chennai Mylapore (DGPOffice)","Tamil Nadu SW GW","33","Tamil Nadu","568","Chennai","Mylapore","-","-","-","-","-","-","-","-","13.04138889","80.27916667","09-10-2024 06:35","0.5"
"11924","Chennai Mylapore (DGPOffice)","Tamil Nadu SW GW","33","Tamil Nadu","568","Chennai","Mylapore","-","-","-","-","-","-","-","-","13.04138889","80.27916667","09-10-2024 06:40","0.5"
"11925","Chennai Mylapore (DGPOffice)","Tamil Nadu SW GW","33","Tamil Nadu","568","Chennai","Mylapore","-","-","-","-","-","-","-","-","13.04138889","80.27916667","09-10-2024 06:45","0.5"
"11926","Chennai Mylapore (DGPOffice)","Tamil Nadu SW GW","33","Tamil Nadu","568","Chennai","Mylapore","-","-","-","-","-","-","-","-","13.04138889","80.27916667","09-10-2024 06:50","0.5"
"11927","Chennai Mylapore (DGPOffice)","Tamil Nadu SW GW","33","Tamil Nadu","568","Chennai","Mylapore","-","-","-","-","-","-","-","-","13.04138889","80.27916667","09-10-2024 06:55","0.5"
"11928","Chennai Mylapore (DGPOffice)","Tamil Nadu SW GW","33","Tamil Nadu","568","Chennai","Mylapore","-","-","-","-","-","-","-","-","13.04138889","80.27916667","09-10-2024 07:00","0.5"
"11929","Chennai Mylapore (DGPOffice)","Tamil Nadu SW GW","33","Tamil Nadu","568","Chennai","Mylapore","-","-","-","-","-","-","-","-","13.04138889","80.27916667","09-10-2024 09:45","1"
"11930","Chennai Mylapore (DGPOffice)","Tamil Nadu SW GW","33","Tamil Nadu","568","Chennai","Mylapore","-","-","-","-","-","-","-","-","13.04138889","80.27916667","09-10-2024 09:50","3.5"
"11931","Chennai Mylapore (DGPOffice)","Tamil Nadu SW GW","33","Tamil Nadu","568","Chennai","Mylapore","-","-","-","-","-","-","-","-","13.04138889","80.27916667","09-10-2024 09:55","4.5"
"11932","Chennai Mylapore (DGPOffice)","Tamil Nadu SW GW","33","Tamil Nadu","568","Chennai","Mylapore","-","-","-","-","-","-","-","-","13.04138889","80.27916667","09-10-2024 10:00","4.5"
"11933","Chennai Mylapore (DGPOffice)","Tamil Nadu SW GW","33","Tamil Nadu","568","Chennai","Mylapore","-","-","-","-","-","-","-","-","13.04138889","80.27916667","11-10-2024 03:20","0.5"
"11934","Chennai Mylapore (DGPOffice)","Tamil Nadu SW GW","33","Tamil Nadu","568","Chennai","Mylapore","-","-","-","-","-","-","-","-","13.04138889","80.27916667","11-10-2024 03:25","0.5"
"11935","Chennai Mylapore (DGPOffice)","Tamil Nadu SW GW","33","Tamil Nadu","568","Chennai","Mylapore","-","-","-","-","-","-","-","-","13.04138889","80.27916667","11-10-2024 03:30","0.5"
"11936","Chennai Mylapore (DGPOffice)","Tamil Nadu SW GW","33","Tamil Nadu","568","Chennai","Mylapore","-","-","-","-","-","-","-","-","13.04138889","80.27916667","11-10-2024 03:35","0.5"
"11937","Chennai Mylapore (DGPOffice)","Tamil Nadu SW GW","33","Tamil Nadu","568","Chennai","Mylapore","-","-","-","-","-","-","-","-","13.04138889","80.27916667","11-10-2024 03:40","0.5"
"11938","Chennai Mylapore (DGPOffice)","Tamil Nadu SW GW","33","Tamil Nadu","568","Chennai","Mylapore","-","-","-","-","-","-","-","-","13.04138889","80.27916667","11-10-2024 03:45","0.5"
"11939","Chennai Mylapore (DGPOffice)","Tamil Nadu SW GW","33","Tamil Nadu","568","Chennai","Mylapore","-","-","-","-","-","-","-","-","13.04138889","80.27916667","11-10-2024 03:50","0.5"
"11940","Chennai Mylapore (DGPOffice)","Tamil Nadu SW GW","33","Tamil Nadu","568","Chennai","Mylapore","-","-","-","-","-","-","-","-","13.04138889","80.27916667","11-10-2024 03:55","0.5"
"11941","Chennai Mylapore (DGPOffice)","Tamil Nadu SW GW","33","Tamil Nadu","568","Chennai","Mylapore","-","-","-","-","-","-","-","-","13.04138889","80.27916667","11-10-2024 04:00","0.5"
"11942","Chennai Mylapore (DGPOffice)","Tamil Nadu SW GW","33","Tamil Nadu","568","Chennai","Mylapore","-","-","-","-","-","-","-","-","13.04138889","80.27916667","12-10-2024 05:30","0.5"
"11943","Chennai Mylapore (DGPOffice)","Tamil Nadu SW GW","33","Tamil Nadu","568","Chennai","Mylapore","-","-","-","-","-","-","-","-","13.04138889","80.27916667","12-10-2024 05:35","4.5"
"11944","Chennai Mylapore (DGPOffice)","Tamil Nadu SW GW","33","Tamil Nadu","568","Chennai","Mylapore","-","-","-","-","-","-","-","-","13.04138889","80.27916667","12-10-2024 05:40","10"
"11945","Chennai Mylapore (DGPOffice)","Tamil Nadu SW GW","33","Tamil Nadu","568","Chennai","Mylapore","-","-","-","-","-","-","-","-","13.04138889","80.27916667","12-10-2024 05:45","13.5"
"11946","Chennai Mylapore (DGPOffice)","Tamil Nadu SW GW","33","Tamil Nadu","568","Chennai","Mylapore","-","-","-","-","-","-","-","-","13.04138889","80.27916667","12-10-2024 05:50","14.5"
"11947","Chennai Mylapore (DGPOffice)","Tamil Nadu SW GW","33","Tamil Nadu","568","Chennai","Mylapore","-","-","-","-","-","-","-","-","13.04138889","80.27916667","12-10-2024 06:00","14.5"
"11948","Chennai Mylapore (DGPOffice)","Tamil Nadu SW GW","33","Tamil Nadu","568","Chennai","Mylapore","-","-","-","-","-","-","-","-","13.04138889","80.27916667","12-10-2024 06:05","1"
"11949","Chennai Mylapore (DGPOffice)","Tamil Nadu SW GW","33","Tamil Nadu","568","Chennai","Mylapore","-","-","-","-","-","-","-","-","13.04138889","80.27916667","12-10-2024 06:15","3"
"11950","Chennai Mylapore (DGPOffice)","Tamil Nadu SW GW","33","Tamil Nadu","568","Chennai","Mylapore","-","-","-","-","-","-","-","-","13.04138889","80.27916667","12-10-2024 06:20","3"
"11951","Chennai Mylapore (DGPOffice)","Tamil Nadu SW GW","33","Tamil Nadu","568","Chennai","Mylapore","-","-","-","-","-","-","-","-","13.04138889","80.27916667","12-10-2024 06:25","3"
"11952","Chennai Mylapore (DGPOffice)","Tamil Nadu SW GW","33","Tamil Nadu","568","Chennai","Mylapore","-","-","-","-","-","-","-","-","13.04138889","80.27916667","12-10-2024 06:30","3"
"11953","Chennai Mylapore (DGPOffice)","Tamil Nadu SW GW","33","Tamil Nadu","568","Chennai","Mylapore","-","-","-","-","-","-","-","-","13.04138889","80.27916667","12-10-2024 06:35","3"
"11954","Chennai Mylapore (DGPOffice)","Tamil Nadu SW GW","33","Tamil Nadu","568","Chennai","Mylapore","-","-","-","-","-","-","-","-","13.04138889","80.27916667","12-10-2024 06:40","3"
"11955","Chennai Mylapore (DGPOffice)","Tamil Nadu SW GW","33","Tamil Nadu","568","Chennai","Mylapore","-","-","-","-","-","-","-","-","13.04138889","80.27916667","12-10-2024 06:45","3"
"11956","Chennai Mylapore (DGPOffice)","Tamil Nadu SW GW","33","Tamil Nadu","568","Chennai","Mylapore","-","-","-","-","-","-","-","-","13.04138889","80.27916667","12-10-2024 06:50","3"
"11957","Chennai Mylapore (DGPOffice)","Tamil Nadu SW GW","33","Tamil Nadu","568","Chennai","Mylapore","-","-","-","-","-","-","-","-","13.04138889","80.27916667","12-10-2024 06:55","3"
"11958","Chennai Mylapore (DGPOffice)","Tamil Nadu SW GW","33","Tamil Nadu","568","Chennai","Mylapore","-","-","-","-","-","-","-","-","13.04138889","80.27916667","12-10-2024 07:00","3"
"11959","Chennai Mylapore (DGPOffice)","Tamil Nadu SW GW","33","Tamil Nadu","568","Chennai","Mylapore","-","-","-","-","-","-","-","-","13.04138889","80.27916667","13-10-2024 06:00","1.5"
"11960","Chennai Mylapore (DGPOffice)","Tamil Nadu SW GW","33","Tamil Nadu","568","Chennai","Mylapore","-","-","-","-","-","-","-","-","13.04138889","80.27916667","13-10-2024 14:30","2.5"
"11961","Chennai Mylapore (DGPOffice)","Tamil Nadu SW GW","33","Tamil Nadu","568","Chennai","Mylapore","-","-","-","-","-","-","-","-","13.04138889","80.27916667","14-10-2024 01:30","0.5"
"11962","Chennai Mylapore (DGPOffice)","Tamil Nadu SW GW","33","Tamil Nadu","568","Chennai","Mylapore","-","-","-","-","-","-","-","-","13.04138889","80.27916667","14-10-2024 02:00","8"
"11963","Chennai Mylapore (DGPOffice)","Tamil Nadu SW GW","33","Tamil Nadu","568","Chennai","Mylapore","-","-","-","-","-","-","-","-","13.04138889","80.27916667","14-10-2024 02:30","11"
"11964","Chennai Mylapore (DGPOffice)","Tamil Nadu SW GW","33","Tamil Nadu","568","Chennai","Mylapore","-","-","-","-","-","-","-","-","13.04138889","80.27916667","14-10-2024 03:00","31.5"
"11965","Chennai Mylapore (DGPOffice)","Tamil Nadu SW GW","33","Tamil Nadu","568","Chennai","Mylapore","-","-","-","-","-","-","-","-","13.04138889","80.27916667","14-10-2024 03:30","6"
"11966","Chennai Mylapore (DGPOffice)","Tamil Nadu SW GW","33","Tamil Nadu","568","Chennai","Mylapore","-","-","-","-","-","-","-","-","13.04138889","80.27916667","14-10-2024 04:00","7"
"11967","Chennai Mylapore (DGPOffice)","Tamil Nadu SW GW","33","Tamil Nadu","568","Chennai","Mylapore","-","-","-","-","-","-","-","-","13.04138889","80.27916667","14-10-2024 04:30","3"
"11968","Chennai Mylapore (DGPOffice)","Tamil Nadu SW GW","33","Tamil Nadu","568","Chennai","Mylapore","-","-","-","-","-","-","-","-","13.04138889","80.27916667","14-10-2024 05:00","5.5"
"11969","Chennai Mylapore (DGPOffice)","Tamil Nadu SW GW","33","Tamil Nadu","568","Chennai","Mylapore","-","-","-","-","-","-","-","-","13.04138889","80.27916667","14-10-2024 05:30","1"
"11970","Chennai Mylapore (DGPOffice)","Tamil Nadu SW GW","33","Tamil Nadu","568","Chennai","Mylapore","-","-","-","-","-","-","-","-","13.04138889","80.27916667","14-10-2024 06:00","1"
"11971","Chennai Mylapore (DGPOffice)","Tamil Nadu SW GW","33","Tamil Nadu","568","Chennai","Mylapore","-","-","-","-","-","-","-","-","13.04138889","80.27916667","14-10-2024 12:15","0.5"
"11972","Chennai Mylapore (DGPOffice)","Tamil Nadu SW GW","33","Tamil Nadu","568","Chennai","Mylapore","-","-","-","-","-","-","-","-","13.04138889","80.27916667","14-10-2024 12:30","0.5"
"11973","Chennai Mylapore (DGPOffice)","Tamil Nadu SW GW","33","Tamil Nadu","568","Chennai","Mylapore","-","-","-","-","-","-","-","-","13.04138889","80.27916667","14-10-2024 13:00","0.5"
"11974","Chennai Mylapore (DGPOffice)","Tamil Nadu SW GW","33","Tamil Nadu","568","Chennai","Mylapore","-","-","-","-","-","-","-","-","13.04138889","80.27916667","14-10-2024 18:30","0.5"
"11975","Chennai Mylapore (DGPOffice)","Tamil Nadu SW GW","33","Tamil Nadu","568","Chennai","Mylapore","-","-","-","-","-","-","-","-","13.04138889","80.27916667","14-10-2024 19:00","0.5"
"11976","Chennai Mylapore (DGPOffice)","Tamil Nadu SW GW","33","Tamil Nadu","568","Chennai","Mylapore","-","-","-","-","-","-","-","-","13.04138889","80.27916667","14-10-2024 21:00","1.5"
"11977","Chennai Mylapore (DGPOffice)","Tamil Nadu SW GW","33","Tamil Nadu","568","Chennai","Mylapore","-","-","-","-","-","-","-","-","13.04138889","80.27916667","14-10-2024 21:30","0.5"
"11978","Chennai Mylapore (DGPOffice)","Tamil Nadu SW GW","33","Tamil Nadu","568","Chennai","Mylapore","-","-","-","-","-","-","-","-","13.04138889","80.27916667","14-10-2024 22:00","0.5"
"11979","Chennai Mylapore (DGPOffice)","Tamil Nadu SW GW","33","Tamil Nadu","568","Chennai","Mylapore","-","-","-","-","-","-","-","-","13.04138889","80.27916667","14-10-2024 22:30","1"
"11980","Chennai Mylapore (DGPOffice)","Tamil Nadu SW GW","33","Tamil Nadu","568","Chennai","Mylapore","-","-","-","-","-","-","-","-","13.04138889","80.27916667","14-10-2024 23:00","3.5"
"11981","Chennai Mylapore (DGPOffice)","Tamil Nadu SW GW","33","Tamil Nadu","568","Chennai","Mylapore","-","-","-","-","-","-","-","-","13.04138889","80.27916667","14-10-2024 23:30","43"
"11982","Chennai Mylapore (DGPOffice)","Tamil Nadu SW GW","33","Tamil Nadu","568","Chennai","Mylapore","-","-","-","-","-","-","-","-","13.04138889","80.27916667","15-10-2024 00:00","46.5"
"11983","Chennai Mylapore (DGPOffice)","Tamil Nadu SW GW","33","Tamil Nadu","568","Chennai","Mylapore","-","-","-","-","-","-","-","-","13.04138889","80.27916667","15-10-2024 00:30","0.5"
"11984","Chennai Mylapore (DGPOffice)","Tamil Nadu SW GW","33","Tamil Nadu","568","Chennai","Mylapore","-","-","-","-","-","-","-","-","13.04138889","80.27916667","15-10-2024 01:00","0.5"
"11985","Chennai Mylapore (DGPOffice)","Tamil Nadu SW GW","33","Tamil Nadu","568","Chennai","Mylapore","-","-","-","-","-","-","-","-","13.04138889","80.27916667","15-10-2024 03:00","1"
"11986","Chennai Mylapore (DGPOffice)","Tamil Nadu SW GW","33","Tamil Nadu","568","Chennai","Mylapore","-","-","-","-","-","-","-","-","13.04138889","80.27916667","15-10-2024 03:30","1"
"11987","Chennai Mylapore (DGPOffice)","Tamil Nadu SW GW","33","Tamil Nadu","568","Chennai","Mylapore","-","-","-","-","-","-","-","-","13.04138889","80.27916667","15-10-2024 04:00","1"
"11988","Chennai Mylapore (DGPOffice)","Tamil Nadu SW GW","33","Tamil Nadu","568","Chennai","Mylapore","-","-","-","-","-","-","-","-","13.04138889","80.27916667","15-10-2024 07:00","3.5"
"11989","Chennai Mylapore (DGPOffice)","Tamil Nadu SW GW","33","Tamil Nadu","568","Chennai","Mylapore","-","-","-","-","-","-","-","-","13.04138889","80.27916667","15-10-2024 07:30","6.5"
"11990","Chennai Mylapore (DGPOffice)","Tamil Nadu SW GW","33","Tamil Nadu","568","Chennai","Mylapore","-","-","-","-","-","-","-","-","13.04138889","80.27916667","15-10-2024 08:00","7"
"11991","Chennai Mylapore (DGPOffice)","Tamil Nadu SW GW","33","Tamil Nadu","568","Chennai","Mylapore","-","-","-","-","-","-","-","-","13.04138889","80.27916667","15-10-2024 09:00","3.5"
"11992","Chennai Mylapore (DGPOffice)","Tamil Nadu SW GW","33","Tamil Nadu","568","Chennai","Mylapore","-","-","-","-","-","-","-","-","13.04138889","80.27916667","15-10-2024 09:30","16"
"11993","Chennai Mylapore (DGPOffice)","Tamil Nadu SW GW","33","Tamil Nadu","568","Chennai","Mylapore","-","-","-","-","-","-","-","-","13.04138889","80.27916667","15-10-2024 10:00","25"
"11994","Chennai Mylapore (DGPOffice)","Tamil Nadu SW GW","33","Tamil Nadu","568","Chennai","Mylapore","-","-","-","-","-","-","-","-","13.04138889","80.27916667","15-10-2024 10:30","12.5"
"11995","Chennai Mylapore (DGPOffice)","Tamil Nadu SW GW","33","Tamil Nadu","568","Chennai","Mylapore","-","-","-","-","-","-","-","-","13.04138889","80.27916667","15-10-2024 11:00","24.5"
"11996","Chennai Mylapore (DGPOffice)","Tamil Nadu SW GW","33","Tamil Nadu","568","Chennai","Mylapore","-","-","-","-","-","-","-","-","13.04138889","80.27916667","15-10-2024 11:30","3"
"11997","Chennai Mylapore (DGPOffice)","Tamil Nadu SW GW","33","Tamil Nadu","568","Chennai","Mylapore","-","-","-","-","-","-","-","-","13.04138889","80.27916667","15-10-2024 12:00","9"
"11998","Chennai Mylapore (DGPOffice)","Tamil Nadu SW GW","33","Tamil Nadu","568","Chennai","Mylapore","-","-","-","-","-","-","-","-","13.04138889","80.27916667","15-10-2024 12:30","1.5"
"11999","Chennai Mylapore (DGPOffice)","Tamil Nadu SW GW","33","Tamil Nadu","568","Chennai","Mylapore","-","-","-","-","-","-","-","-","13.04138889","80.27916667","15-10-2024 13:30","8"
"12000","Chennai Mylapore (DGPOffice)","Tamil Nadu SW GW","33","Tamil Nadu","568","Chennai","Mylapore","-","-","-","-","-","-","-","-","13.04138889","80.27916667","15-10-2024 14:00","9"
"12001","Chennai Mylapore (DGPOffice)","Tamil Nadu SW GW","33","Tamil Nadu","568","Chennai","Mylapore","-","-","-","-","-","-","-","-","13.04138889","80.27916667","15-10-2024 14:30","3"
"12002","Chennai Mylapore (DGPOffice)","Tamil Nadu SW GW","33","Tamil Nadu","568","Chennai","Mylapore","-","-","-","-","-","-","-","-","13.04138889","80.27916667","15-10-2024 15:30","3"
"12003","Chennai Mylapore (DGPOffice)","Tamil Nadu SW GW","33","Tamil Nadu","568","Chennai","Mylapore","-","-","-","-","-","-","-","-","13.04138889","80.27916667","15-10-2024 16:00","3.5"
"12004","Chennai Mylapore (DGPOffice)","Tamil Nadu SW GW","33","Tamil Nadu","568","Chennai","Mylapore","-","-","-","-","-","-","-","-","13.04138889","80.27916667","15-10-2024 16:30","1"
"12005","Chennai Mylapore (DGPOffice)","Tamil Nadu SW GW","33","Tamil Nadu","568","Chennai","Mylapore","-","-","-","-","-","-","-","-","13.04138889","80.27916667","15-10-2024 17:00","2.5"
"12006","Chennai Mylapore (DGPOffice)","Tamil Nadu SW GW","33","Tamil Nadu","568","Chennai","Mylapore","-","-","-","-","-","-","-","-","13.04138889","80.27916667","15-10-2024 17:30","1.5"
"12007","Chennai Mylapore (DGPOffice)","Tamil Nadu SW GW","33","Tamil Nadu","568","Chennai","Mylapore","-","-","-","-","-","-","-","-","13.04138889","80.27916667","15-10-2024 18:00","3"
"12008","Chennai Mylapore (DGPOffice)","Tamil Nadu SW GW","33","Tamil Nadu","568","Chennai","Mylapore","-","-","-","-","-","-","-","-","13.04138889","80.27916667","15-10-2024 18:30","2.5"
"12009","Chennai Mylapore (DGPOffice)","Tamil Nadu SW GW","33","Tamil Nadu","568","Chennai","Mylapore","-","-","-","-","-","-","-","-","13.04138889","80.27916667","15-10-2024 19:00","6"
"12010","Chennai Mylapore (DGPOffice)","Tamil Nadu SW GW","33","Tamil Nadu","568","Chennai","Mylapore","-","-","-","-","-","-","-","-","13.04138889","80.27916667","15-10-2024 19:30","4.5"
"12011","Chennai Mylapore (DGPOffice)","Tamil Nadu SW GW","33","Tamil Nadu","568","Chennai","Mylapore","-","-","-","-","-","-","-","-","13.04138889","80.27916667","15-10-2024 20:00","8"
"12012","Chennai Mylapore (DGPOffice)","Tamil Nadu SW GW","33","Tamil Nadu","568","Chennai","Mylapore","-","-","-","-","-","-","-","-","13.04138889","80.27916667","15-10-2024 20:30","1.5"
"12013","Chennai Mylapore (DGPOffice)","Tamil Nadu SW GW","33","Tamil Nadu","568","Chennai","Mylapore","-","-","-","-","-","-","-","-","13.04138889","80.27916667","15-10-2024 21:00","1.5"
"12014","Chennai Mylapore (DGPOffice)","Tamil Nadu SW GW","33","Tamil Nadu","568","Chennai","Mylapore","-","-","-","-","-","-","-","-","13.04138889","80.27916667","15-10-2024 23:00","0.5"
"12015","Chennai Mylapore (DGPOffice)","Tamil Nadu SW GW","33","Tamil Nadu","568","Chennai","Mylapore","-","-","-","-","-","-","-","-","13.04138889","80.27916667","16-10-2024 01:00","0.5"
"12016","Chennai Mylapore (DGPOffice)","Tamil Nadu SW GW","33","Tamil Nadu","568","Chennai","Mylapore","-","-","-","-","-","-","-","-","13.04138889","80.27916667","16-10-2024 01:30","0.5"
"12017","Chennai Mylapore (DGPOffice)","Tamil Nadu SW GW","33","Tamil Nadu","568","Chennai","Mylapore","-","-","-","-","-","-","-","-","13.04138889","80.27916667","16-10-2024 02:00","1"
"12018","Chennai Mylapore (DGPOffice)","Tamil Nadu SW GW","33","Tamil Nadu","568","Chennai","Mylapore","-","-","-","-","-","-","-","-","13.04138889","80.27916667","16-10-2024 02:30","0.5"
"12019","Chennai Mylapore (DGPOffice)","Tamil Nadu SW GW","33","Tamil Nadu","568","Chennai","Mylapore","-","-","-","-","-","-","-","-","13.04138889","80.27916667","16-10-2024 03:00","1"
"12020","Chennai Mylapore (DGPOffice)","Tamil Nadu SW GW","33","Tamil Nadu","568","Chennai","Mylapore","-","-","-","-","-","-","-","-","13.04138889","80.27916667","16-10-2024 04:30","0.5"
"12021","Chennai Mylapore (DGPOffice)","Tamil Nadu SW GW","33","Tamil Nadu","568","Chennai","Mylapore","-","-","-","-","-","-","-","-","13.04138889","80.27916667","16-10-2024 05:00","1"
"12022","Chennai Mylapore (DGPOffice)","Tamil Nadu SW GW","33","Tamil Nadu","568","Chennai","Mylapore","-","-","-","-","-","-","-","-","13.04138889","80.27916667","16-10-2024 05:30","0.5"
"12023","Chennai Mylapore (DGPOffice)","Tamil Nadu SW GW","33","Tamil Nadu","568","Chennai","Mylapore","-","-","-","-","-","-","-","-","13.04138889","80.27916667","16-10-2024 06:00","0.5"
"12024","Chennai Mylapore (DGPOffice)","Tamil Nadu SW GW","33","Tamil Nadu","568","Chennai","Mylapore","-","-","-","-","-","-","-","-","13.04138889","80.27916667","16-10-2024 07:00","1"
"12025","Chennai Mylapore (DGPOffice)","Tamil Nadu SW GW","33","Tamil Nadu","568","Chennai","Mylapore","-","-","-","-","-","-","-","-","13.04138889","80.27916667","16-10-2024 07:30","0.5"
"12026","Chennai Mylapore (DGPOffice)","Tamil Nadu SW GW","33","Tamil Nadu","568","Chennai","Mylapore","-","-","-","-","-","-","-","-","13.04138889","80.27916667","16-10-2024 08:00","0.5"
"12027","Chennai Mylapore (DGPOffice)","Tamil Nadu SW GW","33","Tamil Nadu","568","Chennai","Mylapore","-","-","-","-","-","-","-","-","13.04138889","80.27916667","18-10-2024 07:00","9"
"12028","Chennai Mylapore (DGPOffice)","Tamil Nadu SW GW","33","Tamil Nadu","568","Chennai","Mylapore","-","-","-","-","-","-","-","-","13.04138889","80.27916667","18-10-2024 08:00","8.5"
"12029","Chennai Mylapore (DGPOffice)","Tamil Nadu SW GW","33","Tamil Nadu","568","Chennai","Mylapore","-","-","-","-","-","-","-","-","13.04138889","80.27916667","19-10-2024 04:00","37.5"
"12030","Chennai Mylapore (DGPOffice)","Tamil Nadu SW GW","33","Tamil Nadu","568","Chennai","Mylapore","-","-","-","-","-","-","-","-","13.04138889","80.27916667","19-10-2024 05:00","0.5"
"12031","Chennai Mylapore (DGPOffice)","Tamil Nadu SW GW","33","Tamil Nadu","568","Chennai","Mylapore","-","-","-","-","-","-","-","-","13.04138889","80.27916667","20-10-2024 05:00","26.5"
"12032","Chennai Mylapore (DGPOffice)","Tamil Nadu SW GW","33","Tamil Nadu","568","Chennai","Mylapore","-","-","-","-","-","-","-","-","13.04138889","80.27916667","20-10-2024 06:00","1.5"
"12033","Chennai Mylapore (DGPOffice)","Tamil Nadu SW GW","33","Tamil Nadu","568","Chennai","Mylapore","-","-","-","-","-","-","-","-","13.04138889","80.27916667","21-10-2024 06:00","0.5"
"12034","Chennai Mylapore (DGPOffice)","Tamil Nadu SW GW","33","Tamil Nadu","568","Chennai","Mylapore","-","-","-","-","-","-","-","-","13.04138889","80.27916667","29-10-2024 18:00","0.5"
"12035","Chennai Mylapore (DGPOffice)","Tamil Nadu SW GW","33","Tamil Nadu","568","Chennai","Mylapore","-","-","-","-","-","-","-","-","13.04138889","80.27916667","30-10-2024 14:00","6"
"12036","Chennai Mylapore (DGPOffice)","Tamil Nadu SW GW","33","Tamil Nadu","568","Chennai","Mylapore","-","-","-","-","-","-","-","-","13.04138889","80.27916667","02-11-2024 09:00","0.5"
"12037","Chennai Mylapore (DGPOffice)","Tamil Nadu SW GW","33","Tamil Nadu","568","Chennai","Mylapore","-","-","-","-","-","-","-","-","13.04138889","80.27916667","03-11-2024 06:00","7"
"12038","Chennai Mylapore (DGPOffice)","Tamil Nadu SW GW","33","Tamil Nadu","568","Chennai","Mylapore","-","-","-","-","-","-","-","-","13.04138889","80.27916667","03-11-2024 07:00","0.5"
"12039","Chennai Mylapore (DGPOffice)","Tamil Nadu SW GW","33","Tamil Nadu","568","Chennai","Mylapore","-","-","-","-","-","-","-","-","13.04138889","80.27916667","04-11-2024 05:00","0.5"
"12040","Chennai Mylapore (DGPOffice)","Tamil Nadu SW GW","33","Tamil Nadu","568","Chennai","Mylapore","-","-","-","-","-","-","-","-","13.04138889","80.27916667","04-11-2024 06:00","1"
"12041","Chennai Mylapore (DGPOffice)","Tamil Nadu SW GW","33","Tamil Nadu","568","Chennai","Mylapore","-","-","-","-","-","-","-","-","13.04138889","80.27916667","04-11-2024 07:00","0.5"
"12042","Chennai Mylapore (DGPOffice)","Tamil Nadu SW GW","33","Tamil Nadu","568","Chennai","Mylapore","-","-","-","-","-","-","-","-","13.04138889","80.27916667","06-11-2024 21:00","2.5"
"12043","Chennai Mylapore (DGPOffice)","Tamil Nadu SW GW","33","Tamil Nadu","568","Chennai","Mylapore","-","-","-","-","-","-","-","-","13.04138889","80.27916667","06-11-2024 22:00","10"
"12044","Chennai Mylapore (DGPOffice)","Tamil Nadu SW GW","33","Tamil Nadu","568","Chennai","Mylapore","-","-","-","-","-","-","-","-","13.04138889","80.27916667","07-11-2024 00:00","0.5"
"12045","Chennai Mylapore (DGPOffice)","Tamil Nadu SW GW","33","Tamil Nadu","568","Chennai","Mylapore","-","-","-","-","-","-","-","-","13.04138889","80.27916667","07-11-2024 01:00","1.5"
"12046","Chennai Mylapore (DGPOffice)","Tamil Nadu SW GW","33","Tamil Nadu","568","Chennai","Mylapore","-","-","-","-","-","-","-","-","13.04138889","80.27916667","07-11-2024 07:00","1"
"12047","Chennai Mylapore (DGPOffice)","Tamil Nadu SW GW","33","Tamil Nadu","568","Chennai","Mylapore","-","-","-","-","-","-","-","-","13.04138889","80.27916667","07-11-2024 08:00","4.5"
"12048","Chennai Mylapore (DGPOffice)","Tamil Nadu SW GW","33","Tamil Nadu","568","Chennai","Mylapore","-","-","-","-","-","-","-","-","13.04138889","80.27916667","07-11-2024 09:00","0.5"
"12049","Chennai Mylapore (DGPOffice)","Tamil Nadu SW GW","33","Tamil Nadu","568","Chennai","Mylapore","-","-","-","-","-","-","-","-","13.04138889","80.27916667","07-11-2024 11:00","0.5"
"12050","Chennai Mylapore (DGPOffice)","Tamil Nadu SW GW","33","Tamil Nadu","568","Chennai","Mylapore","-","-","-","-","-","-","-","-","13.04138889","80.27916667","07-11-2024 12:00","3"
"12051","Chennai Mylapore (DGPOffice)","Tamil Nadu SW GW","33","Tamil Nadu","568","Chennai","Mylapore","-","-","-","-","-","-","-","-","13.04138889","80.27916667","07-11-2024 13:00","1"
"12052","Chennai Mylapore (DGPOffice)","Tamil Nadu SW GW","33","Tamil Nadu","568","Chennai","Mylapore","-","-","-","-","-","-","-","-","13.04138889","80.27916667","07-11-2024 14:00","3.5"
"12053","Chennai Mylapore (DGPOffice)","Tamil Nadu SW GW","33","Tamil Nadu","568","Chennai","Mylapore","-","-","-","-","-","-","-","-","13.04138889","80.27916667","07-11-2024 19:00","0.5"
"12054","Chennai Mylapore (DGPOffice)","Tamil Nadu SW GW","33","Tamil Nadu","568","Chennai","Mylapore","-","-","-","-","-","-","-","-","13.04138889","80.27916667","11-11-2024 23:00","5"
"12055","Chennai Mylapore (DGPOffice)","Tamil Nadu SW GW","33","Tamil Nadu","568","Chennai","Mylapore","-","-","-","-","-","-","-","-","13.04138889","80.27916667","12-11-2024 02:00","0.5"
"12056","Chennai Mylapore (DGPOffice)","Tamil Nadu SW GW","33","Tamil Nadu","568","Chennai","Mylapore","-","-","-","-","-","-","-","-","13.04138889","80.27916667","12-11-2024 03:00","1.5"
"12057","Chennai Mylapore (DGPOffice)","Tamil Nadu SW GW","33","Tamil Nadu","568","Chennai","Mylapore","-","-","-","-","-","-","-","-","13.04138889","80.27916667","12-11-2024 04:00","4.5"
"12058","Chennai Mylapore (DGPOffice)","Tamil Nadu SW GW","33","Tamil Nadu","568","Chennai","Mylapore","-","-","-","-","-","-","-","-","13.04138889","80.27916667","12-11-2024 05:00","6"
"12059","Chennai Mylapore (DGPOffice)","Tamil Nadu SW GW","33","Tamil Nadu","568","Chennai","Mylapore","-","-","-","-","-","-","-","-","13.04138889","80.27916667","12-11-2024 06:00","5.5"
"12060","Chennai Mylapore (DGPOffice)","Tamil Nadu SW GW","33","Tamil Nadu","568","Chennai","Mylapore","-","-","-","-","-","-","-","-","13.04138889","80.27916667","12-11-2024 07:00","5.5"
"12061","Chennai Mylapore (DGPOffice)","Tamil Nadu SW GW","33","Tamil Nadu","568","Chennai","Mylapore","-","-","-","-","-","-","-","-","13.04138889","80.27916667","12-11-2024 08:00","2.5"
"12062","Chennai Mylapore (DGPOffice)","Tamil Nadu SW GW","33","Tamil Nadu","568","Chennai","Mylapore","-","-","-","-","-","-","-","-","13.04138889","80.27916667","12-11-2024 09:00","6"
"12063","Chennai Mylapore (DGPOffice)","Tamil Nadu SW GW","33","Tamil Nadu","568","Chennai","Mylapore","-","-","-","-","-","-","-","-","13.04138889","80.27916667","12-11-2024 10:00","2"
"12064","Chennai Mylapore (DGPOffice)","Tamil Nadu SW GW","33","Tamil Nadu","568","Chennai","Mylapore","-","-","-","-","-","-","-","-","13.04138889","80.27916667","12-11-2024 11:00","2"
"12065","Chennai Mylapore (DGPOffice)","Tamil Nadu SW GW","33","Tamil Nadu","568","Chennai","Mylapore","-","-","-","-","-","-","-","-","13.04138889","80.27916667","12-11-2024 12:00","0.5"
"12066","Chennai Mylapore (DGPOffice)","Tamil Nadu SW GW","33","Tamil Nadu","568","Chennai","Mylapore","-","-","-","-","-","-","-","-","13.04138889","80.27916667","12-11-2024 18:00","1.5"
"12067","Chennai Mylapore (DGPOffice)","Tamil Nadu SW GW","33","Tamil Nadu","568","Chennai","Mylapore","-","-","-","-","-","-","-","-","13.04138889","80.27916667","13-11-2024 01:00","0.5"
"12068","Chennai Mylapore (DGPOffice)","Tamil Nadu SW GW","33","Tamil Nadu","568","Chennai","Mylapore","-","-","-","-","-","-","-","-","13.04138889","80.27916667","13-11-2024 02:00","1.5"
"12069","Chennai Mylapore (DGPOffice)","Tamil Nadu SW GW","33","Tamil Nadu","568","Chennai","Mylapore","-","-","-","-","-","-","-","-","13.04138889","80.27916667","13-11-2024 03:00","2"
"12070","Chennai Mylapore (DGPOffice)","Tamil Nadu SW GW","33","Tamil Nadu","568","Chennai","Mylapore","-","-","-","-","-","-","-","-","13.04138889","80.27916667","13-11-2024 04:00","1"
"12071","Chennai Mylapore (DGPOffice)","Tamil Nadu SW GW","33","Tamil Nadu","568","Chennai","Mylapore","-","-","-","-","-","-","-","-","13.04138889","80.27916667","13-11-2024 05:00","0.5"
"12072","Chennai Mylapore (DGPOffice)","Tamil Nadu SW GW","33","Tamil Nadu","568","Chennai","Mylapore","-","-","-","-","-","-","-","-","13.04138889","80.27916667","13-11-2024 06:00","0.5"
"12073","Chennai Mylapore (DGPOffice)","Tamil Nadu SW GW","33","Tamil Nadu","568","Chennai","Mylapore","-","-","-","-","-","-","-","-","13.04138889","80.27916667","13-11-2024 18:00","0.5"
"12074","Chennai Mylapore (DGPOffice)","Tamil Nadu SW GW","33","Tamil Nadu","568","Chennai","Mylapore","-","-","-","-","-","-","-","-","13.04138889","80.27916667","14-11-2024 02:00","3"
"12075","Chennai Mylapore (DGPOffice)","Tamil Nadu SW GW","33","Tamil Nadu","568","Chennai","Mylapore","-","-","-","-","-","-","-","-","13.04138889","80.27916667","14-11-2024 03:00","4.5"
"12076","Chennai Mylapore (DGPOffice)","Tamil Nadu SW GW","33","Tamil Nadu","568","Chennai","Mylapore","-","-","-","-","-","-","-","-","13.04138889","80.27916667","14-11-2024 17:00","2"
"12077","Chennai Mylapore (DGPOffice)","Tamil Nadu SW GW","33","Tamil Nadu","568","Chennai","Mylapore","-","-","-","-","-","-","-","-","13.04138889","80.27916667","14-11-2024 23:00","4"
"12078","Chennai Mylapore (DGPOffice)","Tamil Nadu SW GW","33","Tamil Nadu","568","Chennai","Mylapore","-","-","-","-","-","-","-","-","13.04138889","80.27916667","15-11-2024 00:00","3.5"
"12079","Chennai Mylapore (DGPOffice)","Tamil Nadu SW GW","33","Tamil Nadu","568","Chennai","Mylapore","-","-","-","-","-","-","-","-","13.04138889","80.27916667","15-11-2024 02:00","1"
"12080","Chennai Mylapore (DGPOffice)","Tamil Nadu SW GW","33","Tamil Nadu","568","Chennai","Mylapore","-","-","-","-","-","-","-","-","13.04138889","80.27916667","15-11-2024 04:00","3"
"12081","Chennai Mylapore (DGPOffice)","Tamil Nadu SW GW","33","Tamil Nadu","568","Chennai","Mylapore","-","-","-","-","-","-","-","-","13.04138889","80.27916667","15-11-2024 06:00","3"
"12082","Chennai Mylapore (DGPOffice)","Tamil Nadu SW GW","33","Tamil Nadu","568","Chennai","Mylapore","-","-","-","-","-","-","-","-","13.04138889","80.27916667","15-11-2024 07:00","0.5"
"12083","Chennai Mylapore (DGPOffice)","Tamil Nadu SW GW","33","Tamil Nadu","568","Chennai","Mylapore","-","-","-","-","-","-","-","-","13.04138889","80.27916667","15-11-2024 08:00","0.5"
"12084","Chennai Mylapore (DGPOffice)","Tamil Nadu SW GW","33","Tamil Nadu","568","Chennai","Mylapore","-","-","-","-","-","-","-","-","13.04138889","80.27916667","16-11-2024 01:00","1"
"12085","Chennai Mylapore (DGPOffice)","Tamil Nadu SW GW","33","Tamil Nadu","568","Chennai","Mylapore","-","-","-","-","-","-","-","-","13.04138889","80.27916667","16-11-2024 08:00","1"
"12086","Chennai Mylapore (DGPOffice)","Tamil Nadu SW GW","33","Tamil Nadu","568","Chennai","Mylapore","-","-","-","-","-","-","-","-","13.04138889","80.27916667","16-11-2024 17:00","0.5"
"12087","Chennai Mylapore (DGPOffice)","Tamil Nadu SW GW","33","Tamil Nadu","568","Chennai","Mylapore","-","-","-","-","-","-","-","-","13.04138889","80.27916667","16-11-2024 18:00","4"
"12088","Chennai Mylapore (DGPOffice)","Tamil Nadu SW GW","33","Tamil Nadu","568","Chennai","Mylapore","-","-","-","-","-","-","-","-","13.04138889","80.27916667","16-11-2024 19:00","0.5"
"12089","Chennai Mylapore (DGPOffice)","Tamil Nadu SW GW","33","Tamil Nadu","568","Chennai","Mylapore","-","-","-","-","-","-","-","-","13.04138889","80.27916667","25-11-2024 23:00","12"
"12090","Chennai Mylapore (DGPOffice)","Tamil Nadu SW GW","33","Tamil Nadu","568","Chennai","Mylapore","-","-","-","-","-","-","-","-","13.04138889","80.27916667","26-11-2024 10:00","2"
"12091","Chennai Mylapore (DGPOffice)","Tamil Nadu SW GW","33","Tamil Nadu","568","Chennai","Mylapore","-","-","-","-","-","-","-","-","13.04138889","80.27916667","26-11-2024 11:00","21"
"12092","Chennai Mylapore (DGPOffice)","Tamil Nadu SW GW","33","Tamil Nadu","568","Chennai","Mylapore","-","-","-","-","-","-","-","-","13.04138889","80.27916667","26-11-2024 12:00","8.5"
"12093","Chennai Mylapore (DGPOffice)","Tamil Nadu SW GW","33","Tamil Nadu","568","Chennai","Mylapore","-","-","-","-","-","-","-","-","13.04138889","80.27916667","26-11-2024 13:00","3.5"
"12094","Chennai Mylapore (DGPOffice)","Tamil Nadu SW GW","33","Tamil Nadu","568","Chennai","Mylapore","-","-","-","-","-","-","-","-","13.04138889","80.27916667","26-11-2024 14:00","1.5"
"12095","Chennai Mylapore (DGPOffice)","Tamil Nadu SW GW","33","Tamil Nadu","568","Chennai","Mylapore","-","-","-","-","-","-","-","-","13.04138889","80.27916667","26-11-2024 15:00","0.5"
"12096","Chennai Mylapore (DGPOffice)","Tamil Nadu SW GW","33","Tamil Nadu","568","Chennai","Mylapore","-","-","-","-","-","-","-","-","13.04138889","80.27916667","26-11-2024 21:00","1.5"
"12097","Chennai Mylapore (DGPOffice)","Tamil Nadu SW GW","33","Tamil Nadu","568","Chennai","Mylapore","-","-","-","-","-","-","-","-","13.04138889","80.27916667","26-11-2024 22:00","2"
"12098","Chennai Mylapore (DGPOffice)","Tamil Nadu SW GW","33","Tamil Nadu","568","Chennai","Mylapore","-","-","-","-","-","-","-","-","13.04138889","80.27916667","29-11-2024 00:00","3.5"
"12099","Chennai Mylapore (DGPOffice)","Tamil Nadu SW GW","33","Tamil Nadu","568","Chennai","Mylapore","-","-","-","-","-","-","-","-","13.04138889","80.27916667","29-11-2024 01:00","7.5"
"12100","Chennai Mylapore (DGPOffice)","Tamil Nadu SW GW","33","Tamil Nadu","568","Chennai","Mylapore","-","-","-","-","-","-","-","-","13.04138889","80.27916667","29-11-2024 03:00","19.5"
"12101","Chennai Mylapore (DGPOffice)","Tamil Nadu SW GW","33","Tamil Nadu","568","Chennai","Mylapore","-","-","-","-","-","-","-","-","13.04138889","80.27916667","29-11-2024 05:00","5.5"
"12102","Chennai Mylapore (DGPOffice)","Tamil Nadu SW GW","33","Tamil Nadu","568","Chennai","Mylapore","-","-","-","-","-","-","-","-","13.04138889","80.27916667","29-11-2024 09:00","1"
"12103","Chennai Mylapore (DGPOffice)","Tamil Nadu SW GW","33","Tamil Nadu","568","Chennai","Mylapore","-","-","-","-","-","-","-","-","13.04138889","80.27916667","29-11-2024 13:00","2"
"12104","Chennai Mylapore (DGPOffice)","Tamil Nadu SW GW","33","Tamil Nadu","568","Chennai","Mylapore","-","-","-","-","-","-","-","-","13.04138889","80.27916667","29-11-2024 15:00","0.5"
"12105","Chennai Mylapore (DGPOffice)","Tamil Nadu SW GW","33","Tamil Nadu","568","Chennai","Mylapore","-","-","-","-","-","-","-","-","13.04138889","80.27916667","29-11-2024 20:00","4"
"12106","Chennai Mylapore (DGPOffice)","Tamil Nadu SW GW","33","Tamil Nadu","568","Chennai","Mylapore","-","-","-","-","-","-","-","-","13.04138889","80.27916667","29-11-2024 21:00","2"
"12107","Chennai Mylapore (DGPOffice)","Tamil Nadu SW GW","33","Tamil Nadu","568","Chennai","Mylapore","-","-","-","-","-","-","-","-","13.04138889","80.27916667","29-11-2024 22:00","0.5"
"12108","Chennai Mylapore (DGPOffice)","Tamil Nadu SW GW","33","Tamil Nadu","568","Chennai","Mylapore","-","-","-","-","-","-","-","-","13.04138889","80.27916667","30-11-2024 01:00","3"
"12109","Chennai Mylapore (DGPOffice)","Tamil Nadu SW GW","33","Tamil Nadu","568","Chennai","Mylapore","-","-","-","-","-","-","-","-","13.04138889","80.27916667","30-11-2024 04:00","2"
"12110","Chennai Mylapore (DGPOffice)","Tamil Nadu SW GW","33","Tamil Nadu","568","Chennai","Mylapore","-","-","-","-","-","-","-","-","13.04138889","80.27916667","30-11-2024 05:00","4.5"
"12111","Chennai Mylapore (DGPOffice)","Tamil Nadu SW GW","33","Tamil Nadu","568","Chennai","Mylapore","-","-","-","-","-","-","-","-","13.04138889","80.27916667","30-11-2024 07:00","12.5"
"12112","Chennai Mylapore (DGPOffice)","Tamil Nadu SW GW","33","Tamil Nadu","568","Chennai","Mylapore","-","-","-","-","-","-","-","-","13.04138889","80.27916667","30-11-2024 08:00","14.5"
"12113","Chennai Mylapore (DGPOffice)","Tamil Nadu SW GW","33","Tamil Nadu","568","Chennai","Mylapore","-","-","-","-","-","-","-","-","13.04138889","80.27916667","30-11-2024 10:00","18.5"
"12114","Chennai Mylapore (DGPOffice)","Tamil Nadu SW GW","33","Tamil Nadu","568","Chennai","Mylapore","-","-","-","-","-","-","-","-","13.04138889","80.27916667","30-11-2024 11:00","2"
"12115","Chennai Mylapore (DGPOffice)","Tamil Nadu SW GW","33","Tamil Nadu","568","Chennai","Mylapore","-","-","-","-","-","-","-","-","13.04138889","80.27916667","30-11-2024 12:00","2"
"12116","Chennai Mylapore (DGPOffice)","Tamil Nadu SW GW","33","Tamil Nadu","568","Chennai","Mylapore","-","-","-","-","-","-","-","-","13.04138889","80.27916667","30-11-2024 13:00","17"
"12117","Chennai Mylapore (DGPOffice)","Tamil Nadu SW GW","33","Tamil Nadu","568","Chennai","Mylapore","-","-","-","-","-","-","-","-","13.04138889","80.27916667","30-11-2024 14:00","6.5"
"12118","Chennai Mylapore (DGPOffice)","Tamil Nadu SW GW","33","Tamil Nadu","568","Chennai","Mylapore","-","-","-","-","-","-","-","-","13.04138889","80.27916667","30-11-2024 15:00","3.5"
"12119","Chennai Mylapore (DGPOffice)","Tamil Nadu SW GW","33","Tamil Nadu","568","Chennai","Mylapore","-","-","-","-","-","-","-","-","13.04138889","80.27916667","30-11-2024 17:00","0.5"
"12120","Chennai Mylapore (DGPOffice)","Tamil Nadu SW GW","33","Tamil Nadu","568","Chennai","Mylapore","-","-","-","-","-","-","-","-","13.04138889","80.27916667","01-12-2024 14:00","1.5"
"12121","Chennai Mylapore (DGPOffice)","Tamil Nadu SW GW","33","Tamil Nadu","568","Chennai","Mylapore","-","-","-","-","-","-","-","-","13.04138889","80.27916667","01-12-2024 19:00","1"
"12122","Chennai Mylapore (DGPOffice)","Tamil Nadu SW GW","33","Tamil Nadu","568","Chennai","Mylapore","-","-","-","-","-","-","-","-","13.04138889","80.27916667","01-12-2024 22:00","0.5"
"12123","Chennai Mylapore (DGPOffice)","Tamil Nadu SW GW","33","Tamil Nadu","568","Chennai","Mylapore","-","-","-","-","-","-","-","-","13.04138889","80.27916667","02-12-2024 00:00","0.5"
"12124","Chennai Mylapore (DGPOffice)","Tamil Nadu SW GW","33","Tamil Nadu","568","Chennai","Mylapore","-","-","-","-","-","-","-","-","13.04138889","80.27916667","04-12-2024 20:00","0.5"
"12125","Chennai Mylapore (DGPOffice)","Tamil Nadu SW GW","33","Tamil Nadu","568","Chennai","Mylapore","-","-","-","-","-","-","-","-","13.04138889","80.27916667","04-12-2024 21:00","2"
"12126","Chennai Mylapore (DGPOffice)","Tamil Nadu SW GW","33","Tamil Nadu","568","Chennai","Mylapore","-","-","-","-","-","-","-","-","13.04138889","80.27916667","05-12-2024 05:00","0.5"
"12127","Chennai Mylapore (DGPOffice)","Tamil Nadu SW GW","33","Tamil Nadu","568","Chennai","Mylapore","-","-","-","-","-","-","-","-","13.04138889","80.27916667","11-12-2024 10:00","9.5"
"12128","Chennai Mylapore (DGPOffice)","Tamil Nadu SW GW","33","Tamil Nadu","568","Chennai","Mylapore","-","-","-","-","-","-","-","-","13.04138889","80.27916667","11-12-2024 12:00","0.5"
"12129","Chennai Mylapore (DGPOffice)","Tamil Nadu SW GW","33","Tamil Nadu","568","Chennai","Mylapore","-","-","-","-","-","-","-","-","13.04138889","80.27916667","11-12-2024 15:00","0.5"
"12130","Chennai Mylapore (DGPOffice)","Tamil Nadu SW GW","33","Tamil Nadu","568","Chennai","Mylapore","-","-","-","-","-","-","-","-","13.04138889","80.27916667","11-12-2024 16:00","0.5"
"12131","Chennai Mylapore (DGPOffice)","Tamil Nadu SW GW","33","Tamil Nadu","568","Chennai","Mylapore","-","-","-","-","-","-","-","-","13.04138889","80.27916667","11-12-2024 20:00","0.5"
"12132","Chennai Mylapore (DGPOffice)","Tamil Nadu SW GW","33","Tamil Nadu","568","Chennai","Mylapore","-","-","-","-","-","-","-","-","13.04138889","80.27916667","11-12-2024 22:00","0.5"
"12133","Chennai Mylapore (DGPOffice)","Tamil Nadu SW GW","33","Tamil Nadu","568","Chennai","Mylapore","-","-","-","-","-","-","-","-","13.04138889","80.27916667","11-12-2024 23:00","0.5"
"12134","Chennai Mylapore (DGPOffice)","Tamil Nadu SW GW","33","Tamil Nadu","568","Chennai","Mylapore","-","-","-","-","-","-","-","-","13.04138889","80.27916667","12-12-2024 02:00","13.5"
"12135","Chennai Mylapore (DGPOffice)","Tamil Nadu SW GW","33","Tamil Nadu","568","Chennai","Mylapore","-","-","-","-","-","-","-","-","13.04138889","80.27916667","12-12-2024 03:00","3.5"
"12136","Chennai Mylapore (DGPOffice)","Tamil Nadu SW GW","33","Tamil Nadu","568","Chennai","Mylapore","-","-","-","-","-","-","-","-","13.04138889","80.27916667","12-12-2024 04:00","0.5"
"12137","Chennai Mylapore (DGPOffice)","Tamil Nadu SW GW","33","Tamil Nadu","568","Chennai","Mylapore","-","-","-","-","-","-","-","-","13.04138889","80.27916667","12-12-2024 05:00","0.5"
"12138","Chennai Mylapore (DGPOffice)","Tamil Nadu SW GW","33","Tamil Nadu","568","Chennai","Mylapore","-","-","-","-","-","-","-","-","13.04138889","80.27916667","12-12-2024 06:00","12.5"
"12139","Chennai Mylapore (DGPOffice)","Tamil Nadu SW GW","33","Tamil Nadu","568","Chennai","Mylapore","-","-","-","-","-","-","-","-","13.04138889","80.27916667","12-12-2024 07:00","3"
"12140","Chennai Mylapore (DGPOffice)","Tamil Nadu SW GW","33","Tamil Nadu","568","Chennai","Mylapore","-","-","-","-","-","-","-","-","13.04138889","80.27916667","12-12-2024 08:00","3.5"
"12141","Chennai Mylapore (DGPOffice)","Tamil Nadu SW GW","33","Tamil Nadu","568","Chennai","Mylapore","-","-","-","-","-","-","-","-","13.04138889","80.27916667","12-12-2024 09:00","2.5"
"12142","Chennai Mylapore (DGPOffice)","Tamil Nadu SW GW","33","Tamil Nadu","568","Chennai","Mylapore","-","-","-","-","-","-","-","-","13.04138889","80.27916667","12-12-2024 10:00","3"
"12143","Chennai Mylapore (DGPOffice)","Tamil Nadu SW GW","33","Tamil Nadu","568","Chennai","Mylapore","-","-","-","-","-","-","-","-","13.04138889","80.27916667","12-12-2024 12:00","2"
"12144","Chennai Mylapore (DGPOffice)","Tamil Nadu SW GW","33","Tamil Nadu","568","Chennai","Mylapore","-","-","-","-","-","-","-","-","13.04138889","80.27916667","12-12-2024 13:00","8"
"12145","Chennai Mylapore (DGPOffice)","Tamil Nadu SW GW","33","Tamil Nadu","568","Chennai","Mylapore","-","-","-","-","-","-","-","-","13.04138889","80.27916667","12-12-2024 17:00","3"
"12146","Chennai Mylapore (DGPOffice)","Tamil Nadu SW GW","33","Tamil Nadu","568","Chennai","Mylapore","-","-","-","-","-","-","-","-","13.04138889","80.27916667","12-12-2024 18:00","0.5"
"12147","Chennai Mylapore (DGPOffice)","Tamil Nadu SW GW","33","Tamil Nadu","568","Chennai","Mylapore","-","-","-","-","-","-","-","-","13.04138889","80.27916667","12-12-2024 19:00","1.5"
"12148","Chennai Mylapore (DGPOffice)","Tamil Nadu SW GW","33","Tamil Nadu","568","Chennai","Mylapore","-","-","-","-","-","-","-","-","13.04138889","80.27916667","18-12-2024 11:00","1"
"12149","Chennai Mylapore (DGPOffice)","Tamil Nadu SW GW","33","Tamil Nadu","568","Chennai","Mylapore","-","-","-","-","-","-","-","-","13.04138889","80.27916667","18-12-2024 12:00","0.5"
"12150","Chennai Mylapore (DGPOffice)","Tamil Nadu SW GW","33","Tamil Nadu","568","Chennai","Mylapore","-","-","-","-","-","-","-","-","13.04138889","80.27916667","18-12-2024 13:00","2"
"12151","Chennai Mylapore (DGPOffice)","Tamil Nadu SW GW","33","Tamil Nadu","568","Chennai","Mylapore","-","-","-","-","-","-","-","-","13.04138889","80.27916667","18-12-2024 14:00","5.5"
"12152","Chennai Mylapore (DGPOffice)","Tamil Nadu SW GW","33","Tamil Nadu","568","Chennai","Mylapore","-","-","-","-","-","-","-","-","13.04138889","80.27916667","18-12-2024 15:00","7.5"
"12153","Chennai Mylapore (DGPOffice)","Tamil Nadu SW GW","33","Tamil Nadu","568","Chennai","Mylapore","-","-","-","-","-","-","-","-","13.04138889","80.27916667","18-12-2024 16:00","13"
"12154","Chennai Mylapore (DGPOffice)","Tamil Nadu SW GW","33","Tamil Nadu","568","Chennai","Mylapore","-","-","-","-","-","-","-","-","13.04138889","80.27916667","18-12-2024 17:00","2.5"
"12155","Chennai Mylapore (DGPOffice)","Tamil Nadu SW GW","33","Tamil Nadu","568","Chennai","Mylapore","-","-","-","-","-","-","-","-","13.04138889","80.27916667","18-12-2024 21:00","0.5"
"12156","Chennai Mylapore (DGPOffice)","Tamil Nadu SW GW","33","Tamil Nadu","568","Chennai","Mylapore","-","-","-","-","-","-","-","-","13.04138889","80.27916667","19-12-2024 01:00","0.5"
"12157","Chennai Mylapore (DGPOffice)","Tamil Nadu SW GW","33","Tamil Nadu","568","Chennai","Mylapore","-","-","-","-","-","-","-","-","13.04138889","80.27916667","19-12-2024 02:00","0.5"
"12158","Chennai Mylapore (DGPOffice)","Tamil Nadu SW GW","33","Tamil Nadu","568","Chennai","Mylapore","-","-","-","-","-","-","-","-","13.04138889","80.27916667","19-12-2024 03:00","0.5"
"12159","Chennai Mylapore (DGPOffice)","Tamil Nadu SW GW","33","Tamil Nadu","568","Chennai","Mylapore","-","-","-","-","-","-","-","-","13.04138889","80.27916667","19-12-2024 08:00","1.5"
"12160","Chennai Mylapore (DGPOffice)","Tamil Nadu SW GW","33","Tamil Nadu","568","Chennai","Mylapore","-","-","-","-","-","-","-","-","13.04138889","80.27916667","19-12-2024 09:00","4"
"12161","Chennai Mylapore (DGPOffice)","Tamil Nadu SW GW","33","Tamil Nadu","568","Chennai","Mylapore","-","-","-","-","-","-","-","-","13.04138889","80.27916667","20-12-2024 07:00","3"
"12162","Chennai Mylapore (DGPOffice)","Tamil Nadu SW GW","33","Tamil Nadu","568","Chennai","Mylapore","-","-","-","-","-","-","-","-","13.04138889","80.27916667","24-12-2024 10:00","0.5"
"12163","Chennai Mylapore (DGPOffice)","Tamil Nadu SW GW","33","Tamil Nadu","568","Chennai","Mylapore","-","-","-","-","-","-","-","-","13.04138889","80.27916667","25-12-2024 17:00","1"
"12164","Chennai Mylapore (DGPOffice)","Tamil Nadu SW GW","33","Tamil Nadu","568","Chennai","Mylapore","-","-","-","-","-","-","-","-","13.04138889","80.27916667","26-12-2024 02:00","1"
"12165","Chennai Mylapore (DGPOffice)","Tamil Nadu SW GW","33","Tamil Nadu","568","Chennai","Mylapore","-","-","-","-","-","-","-","-","13.04138889","80.27916667","26-12-2024 03:00","2"
"12166","Chennai Mylapore (DGPOffice)","Tamil Nadu SW GW","33","Tamil Nadu","568","Chennai","Mylapore","-","-","-","-","-","-","-","-","13.04138889","80.27916667","26-12-2024 04:00","4"
"12167","Chennai Mylapore (DGPOffice)","Tamil Nadu SW GW","33","Tamil Nadu","568","Chennai","Mylapore","-","-","-","-","-","-","-","-","13.04138889","80.27916667","26-12-2024 05:00","1.5"
"12168","Chennai Mylapore (DGPOffice)","Tamil Nadu SW GW","33","Tamil Nadu","568","Chennai","Mylapore","-","-","-","-","-","-","-","-","13.04138889","80.27916667","26-12-2024 08:00","1"
"12169","Chennai Mylapore (DGPOffice)","Tamil Nadu SW GW","33","Tamil Nadu","568","Chennai","Mylapore","-","-","-","-","-","-","-","-","13.04138889","80.27916667","26-12-2024 23:00","1"
"12170","Chennai Mylapore (DGPOffice)","Tamil Nadu SW GW","33","Tamil Nadu","568","Chennai","Mylapore","-","-","-","-","-","-","-","-","13.04138889","80.27916667","27-12-2024 01:00","1"
"12171","Chennai Mylapore (DGPOffice)","Tamil Nadu SW GW","33","Tamil Nadu","568","Chennai","Mylapore","-","-","-","-","-","-","-","-","13.04138889","80.27916667","27-12-2024 02:00","15.5"
"12172","Chennai Mylapore (DGPOffice)","Tamil Nadu SW GW","33","Tamil Nadu","568","Chennai","Mylapore","-","-","-","-","-","-","-","-","13.04138889","80.27916667","27-12-2024 03:00","8.5"
"12173","Chennai Mylapore (DGPOffice)","Tamil Nadu SW GW","33","Tamil Nadu","568","Chennai","Mylapore","-","-","-","-","-","-","-","-","13.04138889","80.27916667","27-12-2024 04:00","1"
"12174","Chennai Mylapore (DGPOffice)","Tamil Nadu SW GW","33","Tamil Nadu","568","Chennai","Mylapore","-","-","-","-","-","-","-","-","13.04138889","80.27916667","27-12-2024 06:00","3"
"12175","Chennai Mylapore (DGPOffice)","Tamil Nadu SW GW","33","Tamil Nadu","568","Chennai","Mylapore","-","-","-","-","-","-","-","-","13.04138889","80.27916667","29-12-2024 21:00","0.5"
"12176","Chennai Mylapore (DGPOffice)","Tamil Nadu SW GW","33","Tamil Nadu","568","Chennai","Mylapore","-","-","-","-","-","-","-","-","13.04138889","80.27916667","30-12-2024 00:00","0.5"
"12177","Chennai Mylapore (DGPOffice)","Tamil Nadu SW GW","33","Tamil Nadu","568","Chennai","Mylapore","-","-","-","-","-","-","-","-","13.04138889","80.27916667","30-12-2024 01:00","0.5"
"12178","Chennai Mylapore (DGPOffice)","Tamil Nadu SW GW","33","Tamil Nadu","568","Chennai","Mylapore","-","-","-","-","-","-","-","-","13.04138889","80.27916667","10-01-2025 17:00","0.5"
"12179","Chennai Mylapore (DGPOffice)","Tamil Nadu SW GW","33","Tamil Nadu","568","Chennai","Mylapore","-","-","-","-","-","-","-","-","13.04138889","80.27916667","13-01-2025 01:00","3.5"
"12180","Chennai Mylapore (DGPOffice)","Tamil Nadu SW GW","33","Tamil Nadu","568","Chennai","Mylapore","-","-","-","-","-","-","-","-","13.04138889","80.27916667","13-01-2025 02:00","0.5"
"12181","Chennai Mylapore (DGPOffice)","Tamil Nadu SW GW","33","Tamil Nadu","568","Chennai","Mylapore","-","-","-","-","-","-","-","-","13.04138889","80.27916667","18-01-2025 22:00","0.5"
"12182","Chennai Mylapore (DGPOffice)","Tamil Nadu SW GW","33","Tamil Nadu","568","Chennai","Mylapore","-","-","-","-","-","-","-","-","13.04138889","80.27916667","19-01-2025 00:00","0.5"
"12183","Chennai Mylapore (DGPOffice)","Tamil Nadu SW GW","33","Tamil Nadu","568","Chennai","Mylapore","-","-","-","-","-","-","-","-","13.04138889","80.27916667","19-01-2025 03:00","0.5"
"12184","Chennai Mylapore (DGPOffice)","Tamil Nadu SW GW","33","Tamil Nadu","568","Chennai","Mylapore","-","-","-","-","-","-","-","-","13.04138889","80.27916667","19-01-2025 04:00","2.5"
"12185","Chennai Mylapore (DGPOffice)","Tamil Nadu SW GW","33","Tamil Nadu","568","Chennai","Mylapore","-","-","-","-","-","-","-","-","13.04138889","80.27916667","19-01-2025 05:00","7"
"12186","Chennai Mylapore (DGPOffice)","Tamil Nadu SW GW","33","Tamil Nadu","568","Chennai","Mylapore","-","-","-","-","-","-","-","-","13.04138889","80.27916667","19-01-2025 07:00","0.5"
"12187","Chennai Mylapore (DGPOffice)","Tamil Nadu SW GW","33","Tamil Nadu","568","Chennai","Mylapore","-","-","-","-","-","-","-","-","13.04138889","80.27916667","11-03-2025 13:00","11.5"
"12188","Chennai Mylapore (DGPOffice)","Tamil Nadu SW GW","33","Tamil Nadu","568","Chennai","Mylapore","-","-","-","-","-","-","-","-","13.04138889","80.27916667","11-03-2025 15:00","1"
"12189","Chennai Mylapore (DGPOffice)","Tamil Nadu SW GW","33","Tamil Nadu","568","Chennai","Mylapore","-","-","-","-","-","-","-","-","13.04138889","80.27916667","11-03-2025 16:00","0.5"
"12190","Chennai Mylapore (DGPOffice)","Tamil Nadu SW GW","33","Tamil Nadu","568","Chennai","Mylapore","-","-","-","-","-","-","-","-","13.04138889","80.27916667","11-03-2025 21:00","3"
"12191","Chennai Mylapore (DGPOffice)","Tamil Nadu SW GW","33","Tamil Nadu","568","Chennai","Mylapore","-","-","-","-","-","-","-","-","13.04138889","80.27916667","17-04-2025 12:45","3"
"12192","Chennai Mylapore (DGPOffice)","Tamil Nadu SW GW","33","Tamil Nadu","568","Chennai","Mylapore","-","-","-","-","-","-","-","-","13.04138889","80.27916667","17-04-2025 12:50","3"
"12193","Chennai Mylapore (DGPOffice)","Tamil Nadu SW GW","33","Tamil Nadu","568","Chennai","Mylapore","-","-","-","-","-","-","-","-","13.04138889","80.27916667","17-04-2025 12:55","3"
"12194","Chennai Mylapore (DGPOffice)","Tamil Nadu SW GW","33","Tamil Nadu","568","Chennai","Mylapore","-","-","-","-","-","-","-","-","13.04138889","80.27916667","17-04-2025 13:00","3"
"12195","Chennai Mylapore (DGPOffice)","Tamil Nadu SW GW","33","Tamil Nadu","568","Chennai","Mylapore","-","-","-","-","-","-","-","-","13.04138889","80.27916667","12-05-2025 18:00","2.5"
"12196","Chennai Mylapore (DGPOffice)","Tamil Nadu SW GW","33","Tamil Nadu","568","Chennai","Mylapore","-","-","-","-","-","-","-","-","13.04138889","80.27916667","19-05-2025 06:00","0.5"
"12197","Chennai Mylapore (DGPOffice)","Tamil Nadu SW GW","33","Tamil Nadu","568","Chennai","Mylapore","-","-","-","-","-","-","-","-","13.04138889","80.27916667","19-05-2025 07:00","0.5"
"12198","Chennai Mylapore (DGPOffice)","Tamil Nadu SW GW","33","Tamil Nadu","568","Chennai","Mylapore","-","-","-","-","-","-","-","-","13.04138889","80.27916667","19-05-2025 08:00","3"
"12199","Chennai Mylapore (DGPOffice)","Tamil Nadu SW GW","33","Tamil Nadu","568","Chennai","Mylapore","-","-","-","-","-","-","-","-","13.04138889","80.27916667","19-05-2025 09:00","3.5"
"12200","Chennai Mylapore (DGPOffice)","Tamil Nadu SW GW","33","Tamil Nadu","568","Chennai","Mylapore","-","-","-","-","-","-","-","-","13.04138889","80.27916667","20-05-2025 06:00","0.5"
"12201","Chennai Mylapore (DGPOffice)","Tamil Nadu SW GW","33","Tamil Nadu","568","Chennai","Mylapore","-","-","-","-","-","-","-","-","13.04138889","80.27916667","20-05-2025 08:00","0.5"
"12202","Chennai Mylapore (DGPOffice)","Tamil Nadu SW GW","33","Tamil Nadu","568","Chennai","Mylapore","-","-","-","-","-","-","-","-","13.04138889","80.27916667","11-08-2025 20:00","0.5"
"12203","Chennai Mylapore (DGPOffice)","Tamil Nadu SW GW","33","Tamil Nadu","568","Chennai","Mylapore","-","-","-","-","-","-","-","-","13.04138889","80.27916667","12-08-2025 07:00","0.5"
"12204","Chennai Mylapore (DGPOffice)","Tamil Nadu SW GW","33","Tamil Nadu","568","Chennai","Mylapore","-","-","-","-","-","-","-","-","13.04138889","80.27916667","22-08-2025 05:00","2.5"
"12205","Chennai Mylapore (DGPOffice)","Tamil Nadu SW GW","33","Tamil Nadu","568","Chennai","Mylapore","-","-","-","-","-","-","-","-","13.04138889","80.27916667","22-08-2025 06:00","26.5"
"12206","Chennai Mylapore (DGPOffice)","Tamil Nadu SW GW","33","Tamil Nadu","568","Chennai","Mylapore","-","-","-","-","-","-","-","-","13.04138889","80.27916667","22-08-2025 07:00","3.5"
"12207","Chennai Mylapore (DGPOffice)","Tamil Nadu SW GW","33","Tamil Nadu","568","Chennai","Mylapore","-","-","-","-","-","-","-","-","13.04138889","80.27916667","23-08-2025 03:00","2.5"
"12208","Chennai Mylapore (DGPOffice)","Tamil Nadu SW GW","33","Tamil Nadu","568","Chennai","Mylapore","-","-","-","-","-","-","-","-","13.04138889","80.27916667","23-08-2025 04:00","36.5"
"12209","Chennai Mylapore (DGPOffice)","Tamil Nadu SW GW","33","Tamil Nadu","568","Chennai","Mylapore","-","-","-","-","-","-","-","-","13.04138889","80.27916667","23-08-2025 05:00","4.5"
"12210","Chennai Mylapore (DGPOffice)","Tamil Nadu SW GW","33","Tamil Nadu","568","Chennai","Mylapore","-","-","-","-","-","-","-","-","13.04138889","80.27916667","23-08-2025 06:00","3"
"12211","Chennai Mylapore (DGPOffice)","Tamil Nadu SW GW","33","Tamil Nadu","568","Chennai","Mylapore","-","-","-","-","-","-","-","-","13.04138889","80.27916667","23-08-2025 07:00","4.5"
"12212","Chennai Mylapore (DGPOffice)","Tamil Nadu SW GW","33","Tamil Nadu","568","Chennai","Mylapore","-","-","-","-","-","-","-","-","13.04138889","80.27916667","23-08-2025 08:00","2"
"12213","Chennai Mylapore (DGPOffice)","Tamil Nadu SW GW","33","Tamil Nadu","568","Chennai","Mylapore","-","-","-","-","-","-","-","-","13.04138889","80.27916667","01-09-2025 00:00","7.5"
"12214","Chennai Mylapore (DGPOffice)","Tamil Nadu SW GW","33","Tamil Nadu","568","Chennai","Mylapore","-","-","-","-","-","-","-","-","13.04138889","80.27916667","01-09-2025 01:00","1.5"
"12215","Chennai Mylapore (DGPOffice)","Tamil Nadu SW GW","33","Tamil Nadu","568","Chennai","Mylapore","-","-","-","-","-","-","-","-","13.04138889","80.27916667","01-09-2025 02:00","1"
"12216","Chennai Mylapore (DGPOffice)","Tamil Nadu SW GW","33","Tamil Nadu","568","Chennai","Mylapore","-","-","-","-","-","-","-","-","13.04138889","80.27916667","02-09-2025 22:00","0.5"
"12217","Chennai Mylapore (DGPOffice)","Tamil Nadu SW GW","33","Tamil Nadu","568","Chennai","Mylapore","-","-","-","-","-","-","-","-","13.04138889","80.27916667","02-09-2025 23:00","1.5"
"12218","Chennai Mylapore (DGPOffice)","Tamil Nadu SW GW","33","Tamil Nadu","568","Chennai","Mylapore","-","-","-","-","-","-","-","-","13.04138889","80.27916667","05-09-2025 02:00","5"
"12219","Chennai Mylapore (DGPOffice)","Tamil Nadu SW GW","33","Tamil Nadu","568","Chennai","Mylapore","-","-","-","-","-","-","-","-","13.04138889","80.27916667","05-09-2025 07:00","0.5"
"12220","Chennai Mylapore (DGPOffice)","Tamil Nadu SW GW","33","Tamil Nadu","568","Chennai","Mylapore","-","-","-","-","-","-","-","-","13.04138889","80.27916667","07-09-2025 03:00","17.5"
"12221","Chennai Mylapore (DGPOffice)","Tamil Nadu SW GW","33","Tamil Nadu","568","Chennai","Mylapore","-","-","-","-","-","-","-","-","13.04138889","80.27916667","09-09-2025 15:00","0.5"
"12222","Chennai Mylapore (DGPOffice)","Tamil Nadu SW GW","33","Tamil Nadu","568","Chennai","Mylapore","-","-","-","-","-","-","-","-","13.04138889","80.27916667","10-09-2025 16:00","1"
"12223","Chennai Mylapore (DGPOffice)","Tamil Nadu SW GW","33","Tamil Nadu","568","Chennai","Mylapore","-","-","-","-","-","-","-","-","13.04138889","80.27916667","10-09-2025 17:00","1"
"12224","Chennai Mylapore (DGPOffice)","Tamil Nadu SW GW","33","Tamil Nadu","568","Chennai","Mylapore","-","-","-","-","-","-","-","-","13.04138889","80.27916667","14-09-2025 07:00","0.5"
"12225","Chennai Mylapore (DGPOffice)","Tamil Nadu SW GW","33","Tamil Nadu","568","Chennai","Mylapore","-","-","-","-","-","-","-","-","13.04138889","80.27916667","16-09-2025 04:00","65.5"
"12226","Chennai Mylapore (DGPOffice)","Tamil Nadu SW GW","33","Tamil Nadu","568","Chennai","Mylapore","-","-","-","-","-","-","-","-","13.04138889","80.27916667","16-09-2025 05:00","2"
"12227","Chennai Mylapore (DGPOffice)","Tamil Nadu SW GW","33","Tamil Nadu","568","Chennai","Mylapore","-","-","-","-","-","-","-","-","13.04138889","80.27916667","16-09-2025 06:00","1"
"12228","Chennai Mylapore (DGPOffice)","Tamil Nadu SW GW","33","Tamil Nadu","568","Chennai","Mylapore","-","-","-","-","-","-","-","-","13.04138889","80.27916667","17-09-2025 04:00","28"
"12229","Chennai Mylapore (DGPOffice)","Tamil Nadu SW GW","33","Tamil Nadu","568","Chennai","Mylapore","-","-","-","-","-","-","-","-","13.04138889","80.27916667","17-09-2025 05:00","6"
"12230","Chennai Mylapore (DGPOffice)","Tamil Nadu SW GW","33","Tamil Nadu","568","Chennai","Mylapore","-","-","-","-","-","-","-","-","13.04138889","80.27916667","18-09-2025 19:00","1"
"12231","Chennai Mylapore (DGPOffice)","Tamil Nadu SW GW","33","Tamil Nadu","568","Chennai","Mylapore","-","-","-","-","-","-","-","-","13.04138889","80.27916667","18-09-2025 20:00","1.5"
"12232","Chennai Mylapore (DGPOffice)","Tamil Nadu SW GW","33","Tamil Nadu","568","Chennai","Mylapore","-","-","-","-","-","-","-","-","13.04138889","80.27916667","18-09-2025 21:00","1"
"12233","Chennai Mylapore (DGPOffice)","Tamil Nadu SW GW","33","Tamil Nadu","568","Chennai","Mylapore","-","-","-","-","-","-","-","-","13.04138889","80.27916667","20-09-2025 02:00","29.5"
"12234","Chennai Mylapore (DGPOffice)","Tamil Nadu SW GW","33","Tamil Nadu","568","Chennai","Mylapore","-","-","-","-","-","-","-","-","13.04138889","80.27916667","20-09-2025 03:00","2.5"
"12235","Chennai Mylapore (DGPOffice)","Tamil Nadu SW GW","33","Tamil Nadu","568","Chennai","Mylapore","-","-","-","-","-","-","-","-","13.04138889","80.27916667","20-09-2025 04:00","2"
"12236","Chennai Mylapore (DGPOffice)","Tamil Nadu SW GW","33","Tamil Nadu","568","Chennai","Mylapore","-","-","-","-","-","-","-","-","13.04138889","80.27916667","20-09-2025 06:00","0.5"
"12237","Chennai Mylapore (DGPOffice)","Tamil Nadu SW GW","33","Tamil Nadu","568","Chennai","Mylapore","-","-","-","-","-","-","-","-","13.04138889","80.27916667","20-09-2025 08:00","0.5"
"12238","Chennai Mylapore (DGPOffice)","Tamil Nadu SW GW","33","Tamil Nadu","568","Chennai","Mylapore","-","-","-","-","-","-","-","-","13.04138889","80.27916667","22-09-2025 23:00","1"
"12239","Chennai Mylapore (DGPOffice)","Tamil Nadu SW GW","33","Tamil Nadu","568","Chennai","Mylapore","-","-","-","-","-","-","-","-","13.04138889","80.27916667","26-09-2025 19:00","2"
"12240","Chennai Mylapore (DGPOffice)","Tamil Nadu SW GW","33","Tamil Nadu","568","Chennai","Mylapore","-","-","-","-","-","-","-","-","13.04138889","80.27916667","26-09-2025 21:00","1.5"
"12241","Chennai Mylapore (DGPOffice)","Tamil Nadu SW GW","33","Tamil Nadu","568","Chennai","Mylapore","-","-","-","-","-","-","-","-","13.04138889","80.27916667","30-09-2025 03:00","7.5"
"12242","Chennai Mylapore (DGPOffice)","Tamil Nadu SW GW","33","Tamil Nadu","568","Chennai","Mylapore","-","-","-","-","-","-","-","-","13.04138889","80.27916667","30-09-2025 04:00","1.5"
"12243","Chennai Mylapore (DGPOffice)","Tamil Nadu SW GW","33","Tamil Nadu","568","Chennai","Mylapore","-","-","-","-","-","-","-","-","13.04138889","80.27916667","30-09-2025 05:00","0.5"
"12244","Chennai Mylapore (DGPOffice)","Tamil Nadu SW GW","33","Tamil Nadu","568","Chennai","Mylapore","-","-","-","-","-","-","-","-","13.04138889","80.27916667","30-09-2025 06:00","0.5"
"12245","Chennai Mylapore (DGPOffice)","Tamil Nadu SW GW","33","Tamil Nadu","568","Chennai","Mylapore","-","-","-","-","-","-","-","-","13.04138889","80.27916667","02-10-2025 03:00","0.5"
"12246","Chennai Mylapore (DGPOffice)","Tamil Nadu SW GW","33","Tamil Nadu","568","Chennai","Mylapore","-","-","-","-","-","-","-","-","13.04138889","80.27916667","03-10-2025 00:00","3"
"12247","Chennai Mylapore (DGPOffice)","Tamil Nadu SW GW","33","Tamil Nadu","568","Chennai","Mylapore","-","-","-","-","-","-","-","-","13.04138889","80.27916667","03-10-2025 02:00","4"
"12248","Chennai Mylapore (DGPOffice)","Tamil Nadu SW GW","33","Tamil Nadu","568","Chennai","Mylapore","-","-","-","-","-","-","-","-","13.04138889","80.27916667","03-10-2025 04:00","0.5"
"12249","Chennai Mylapore (DGPOffice)","Tamil Nadu SW GW","33","Tamil Nadu","568","Chennai","Mylapore","-","-","-","-","-","-","-","-","13.04138889","80.27916667","03-10-2025 06:00","0.5"
"12250","Chennai Mylapore (DGPOffice)","Tamil Nadu SW GW","33","Tamil Nadu","568","Chennai","Mylapore","-","-","-","-","-","-","-","-","13.04138889","80.27916667","05-10-2025 15:00","4"
"12251","Chennai Mylapore (DGPOffice)","Tamil Nadu SW GW","33","Tamil Nadu","568","Chennai","Mylapore","-","-","-","-","-","-","-","-","13.04138889","80.27916667","13-10-2025 05:00","0.5"
"12252","Chennai Mylapore (DGPOffice)","Tamil Nadu SW GW","33","Tamil Nadu","568","Chennai","Mylapore","-","-","-","-","-","-","-","-","13.04138889","80.27916667","14-10-2025 06:00","1.5"
"12253","Chennai Mylapore (DGPOffice)","Tamil Nadu SW GW","33","Tamil Nadu","568","Chennai","Mylapore","-","-","-","-","-","-","-","-","13.04138889","80.27916667","14-10-2025 08:00","0.5"
"12254","Chennai Mylapore (DGPOffice)","Tamil Nadu SW GW","33","Tamil Nadu","568","Chennai","Mylapore","-","-","-","-","-","-","-","-","13.04138889","80.27916667","15-10-2025 01:00","1"
"12255","Chennai Mylapore (DGPOffice)","Tamil Nadu SW GW","33","Tamil Nadu","568","Chennai","Mylapore","-","-","-","-","-","-","-","-","13.04138889","80.27916667","15-10-2025 03:00","1"
"12256","Chennai Mylapore (DGPOffice)","Tamil Nadu SW GW","33","Tamil Nadu","568","Chennai","Mylapore","-","-","-","-","-","-","-","-","13.04138889","80.27916667","15-10-2025 04:00","4.5"
"12257","Chennai Mylapore (DGPOffice)","Tamil Nadu SW GW","33","Tamil Nadu","568","Chennai","Mylapore","-","-","-","-","-","-","-","-","13.04138889","80.27916667","15-10-2025 05:00","5.5"
"12258","Chennai Mylapore (DGPOffice)","Tamil Nadu SW GW","33","Tamil Nadu","568","Chennai","Mylapore","-","-","-","-","-","-","-","-","13.04138889","80.27916667","15-10-2025 06:00","0.5"
"12259","Chennai Mylapore (DGPOffice)","Tamil Nadu SW GW","33","Tamil Nadu","568","Chennai","Mylapore","-","-","-","-","-","-","-","-","13.04138889","80.27916667","15-10-2025 07:00","2.5"
"12260","Chennai Mylapore (DGPOffice)","Tamil Nadu SW GW","33","Tamil Nadu","568","Chennai","Mylapore","-","-","-","-","-","-","-","-","13.04138889","80.27916667","15-10-2025 09:00","2"
"12261","Chennai Mylapore (DGPOffice)","Tamil Nadu SW GW","33","Tamil Nadu","568","Chennai","Mylapore","-","-","-","-","-","-","-","-","13.04138889","80.27916667","15-10-2025 11:00","0.5"
"12262","Chennai Mylapore (DGPOffice)","Tamil Nadu SW GW","33","Tamil Nadu","568","Chennai","Mylapore","-","-","-","-","-","-","-","-","13.04138889","80.27916667","15-10-2025 16:00","0.5"
"12263","Chennai Mylapore (DGPOffice)","Tamil Nadu SW GW","33","Tamil Nadu","568","Chennai","Mylapore","-","-","-","-","-","-","-","-","13.04138889","80.27916667","15-10-2025 23:00","2"
"12264","Chennai Mylapore (DGPOffice)","Tamil Nadu SW GW","33","Tamil Nadu","568","Chennai","Mylapore","-","-","-","-","-","-","-","-","13.04138889","80.27916667","17-10-2025 01:00","0.5"
"12265","Chennai Mylapore (DGPOffice)","Tamil Nadu SW GW","33","Tamil Nadu","568","Chennai","Mylapore","-","-","-","-","-","-","-","-","13.04138889","80.27916667","17-10-2025 02:00","24"
"12266","Chennai Mylapore (DGPOffice)","Tamil Nadu SW GW","33","Tamil Nadu","568","Chennai","Mylapore","-","-","-","-","-","-","-","-","13.04138889","80.27916667","17-10-2025 03:00","2.5"
"12267","Chennai Mylapore (DGPOffice)","Tamil Nadu SW GW","33","Tamil Nadu","568","Chennai","Mylapore","-","-","-","-","-","-","-","-","13.04138889","80.27916667","17-10-2025 04:00","0.5"
"12268","Chennai Mylapore (DGPOffice)","Tamil Nadu SW GW","33","Tamil Nadu","568","Chennai","Mylapore","-","-","-","-","-","-","-","-","13.04138889","80.27916667","17-10-2025 05:00","0.5"
"12269","Chennai Mylapore (DGPOffice)","Tamil Nadu SW GW","33","Tamil Nadu","568","Chennai","Mylapore","-","-","-","-","-","-","-","-","13.04138889","80.27916667","17-10-2025 06:00","1.5"
"12270","Chennai Mylapore (DGPOffice)","Tamil Nadu SW GW","33","Tamil Nadu","568","Chennai","Mylapore","-","-","-","-","-","-","-","-","13.04138889","80.27916667","17-10-2025 07:00","0.5"
"12271","Chennai Mylapore (DGPOffice)","Tamil Nadu SW GW","33","Tamil Nadu","568","Chennai","Mylapore","-","-","-","-","-","-","-","-","13.04138889","80.27916667","17-10-2025 08:00","0.5"
"12272","Chennai Mylapore (DGPOffice)","Tamil Nadu SW GW","33","Tamil Nadu","568","Chennai","Mylapore","-","-","-","-","-","-","-","-","13.04138889","80.27916667","17-10-2025 09:00","2"
"12273","Chennai Mylapore (DGPOffice)","Tamil Nadu SW GW","33","Tamil Nadu","568","Chennai","Mylapore","-","-","-","-","-","-","-","-","13.04138889","80.27916667","17-10-2025 15:00","9.5"
"12274","Chennai Mylapore (DGPOffice)","Tamil Nadu SW GW","33","Tamil Nadu","568","Chennai","Mylapore","-","-","-","-","-","-","-","-","13.04138889","80.27916667","17-10-2025 23:00","12"
"12275","Chennai Mylapore (DGPOffice)","Tamil Nadu SW GW","33","Tamil Nadu","568","Chennai","Mylapore","-","-","-","-","-","-","-","-","13.04138889","80.27916667","18-10-2025 00:00","7"
"12276","Chennai Mylapore (DGPOffice)","Tamil Nadu SW GW","33","Tamil Nadu","568","Chennai","Mylapore","-","-","-","-","-","-","-","-","13.04138889","80.27916667","18-10-2025 01:00","10.5"
"12277","Chennai Mylapore (DGPOffice)","Tamil Nadu SW GW","33","Tamil Nadu","568","Chennai","Mylapore","-","-","-","-","-","-","-","-","13.04138889","80.27916667","18-10-2025 11:00","0.5"
"12278","Chennai Mylapore (DGPOffice)","Tamil Nadu SW GW","33","Tamil Nadu","568","Chennai","Mylapore","-","-","-","-","-","-","-","-","13.04138889","80.27916667","18-10-2025 12:00","2"
"12279","Chennai Mylapore (DGPOffice)","Tamil Nadu SW GW","33","Tamil Nadu","568","Chennai","Mylapore","-","-","-","-","-","-","-","-","13.04138889","80.27916667","18-10-2025 13:00","1"
"12280","Chennai Mylapore (DGPOffice)","Tamil Nadu SW GW","33","Tamil Nadu","568","Chennai","Mylapore","-","-","-","-","-","-","-","-","13.04138889","80.27916667","18-10-2025 14:00","0.5"
"12281","Chennai Mylapore (DGPOffice)","Tamil Nadu SW GW","33","Tamil Nadu","568","Chennai","Mylapore","-","-","-","-","-","-","-","-","13.04138889","80.27916667","19-10-2025 03:00","3"
"12282","Chennai Mylapore (DGPOffice)","Tamil Nadu SW GW","33","Tamil Nadu","568","Chennai","Mylapore","-","-","-","-","-","-","-","-","13.04138889","80.27916667","19-10-2025 07:00","1"
"12283","Chennai Mylapore (DGPOffice)","Tamil Nadu SW GW","33","Tamil Nadu","568","Chennai","Mylapore","-","-","-","-","-","-","-","-","13.04138889","80.27916667","19-10-2025 10:00","1"
"12284","Chennai Mylapore (DGPOffice)","Tamil Nadu SW GW","33","Tamil Nadu","568","Chennai","Mylapore","-","-","-","-","-","-","-","-","13.04138889","80.27916667","19-10-2025 11:00","1.5"
"12285","Chennai Mylapore (DGPOffice)","Tamil Nadu SW GW","33","Tamil Nadu","568","Chennai","Mylapore","-","-","-","-","-","-","-","-","13.04138889","80.27916667","20-10-2025 00:00","1.5"
"12286","Chennai Mylapore (DGPOffice)","Tamil Nadu SW GW","33","Tamil Nadu","568","Chennai","Mylapore","-","-","-","-","-","-","-","-","13.04138889","80.27916667","20-10-2025 06:00","0.5"
"12287","Chennai Mylapore (DGPOffice)","Tamil Nadu SW GW","33","Tamil Nadu","568","Chennai","Mylapore","-","-","-","-","-","-","-","-","13.04138889","80.27916667","20-10-2025 09:00","7.5"
"12288","Chennai Mylapore (DGPOffice)","Tamil Nadu SW GW","33","Tamil Nadu","568","Chennai","Mylapore","-","-","-","-","-","-","-","-","13.04138889","80.27916667","20-10-2025 14:00","1"
"12289","Chennai Mylapore (DGPOffice)","Tamil Nadu SW GW","33","Tamil Nadu","568","Chennai","Mylapore","-","-","-","-","-","-","-","-","13.04138889","80.27916667","21-10-2025 06:00","3"
"12290","Chennai Mylapore (DGPOffice)","Tamil Nadu SW GW","33","Tamil Nadu","568","Chennai","Mylapore","-","-","-","-","-","-","-","-","13.04138889","80.27916667","21-10-2025 09:00","1.5"
"12291","Chennai Mylapore (DGPOffice)","Tamil Nadu SW GW","33","Tamil Nadu","568","Chennai","Mylapore","-","-","-","-","-","-","-","-","13.04138889","80.27916667","21-10-2025 10:00","0.5"
"12292","Chennai Mylapore (DGPOffice)","Tamil Nadu SW GW","33","Tamil Nadu","568","Chennai","Mylapore","-","-","-","-","-","-","-","-","13.04138889","80.27916667","21-10-2025 13:00","15"
"12293","Chennai Mylapore (DGPOffice)","Tamil Nadu SW GW","33","Tamil Nadu","568","Chennai","Mylapore","-","-","-","-","-","-","-","-","13.04138889","80.27916667","21-10-2025 14:00","0.5"
"12294","Chennai Mylapore (DGPOffice)","Tamil Nadu SW GW","33","Tamil Nadu","568","Chennai","Mylapore","-","-","-","-","-","-","-","-","13.04138889","80.27916667","21-10-2025 15:00","1.5"
"12295","Chennai Mylapore (DGPOffice)","Tamil Nadu SW GW","33","Tamil Nadu","568","Chennai","Mylapore","-","-","-","-","-","-","-","-","13.04138889","80.27916667","21-10-2025 17:00","3"
"12296","Chennai Mylapore (DGPOffice)","Tamil Nadu SW GW","33","Tamil Nadu","568","Chennai","Mylapore","-","-","-","-","-","-","-","-","13.04138889","80.27916667","21-10-2025 18:00","5.5"
"12297","Chennai Mylapore (DGPOffice)","Tamil Nadu SW GW","33","Tamil Nadu","568","Chennai","Mylapore","-","-","-","-","-","-","-","-","13.04138889","80.27916667","21-10-2025 23:00","2"
"12298","Chennai Mylapore (DGPOffice)","Tamil Nadu SW GW","33","Tamil Nadu","568","Chennai","Mylapore","-","-","-","-","-","-","-","-","13.04138889","80.27916667","22-10-2025 03:00","4.5"
"12299","Chennai Mylapore (DGPOffice)","Tamil Nadu SW GW","33","Tamil Nadu","568","Chennai","Mylapore","-","-","-","-","-","-","-","-","13.04138889","80.27916667","22-10-2025 04:00","3.5"
"12300","Chennai Mylapore (DGPOffice)","Tamil Nadu SW GW","33","Tamil Nadu","568","Chennai","Mylapore","-","-","-","-","-","-","-","-","13.04138889","80.27916667","22-10-2025 07:00","2"
"12301","Chennai Mylapore (DGPOffice)","Tamil Nadu SW GW","33","Tamil Nadu","568","Chennai","Mylapore","-","-","-","-","-","-","-","-","13.04138889","80.27916667","22-10-2025 08:00","3.5"
"12302","Chennai Mylapore (DGPOffice)","Tamil Nadu SW GW","33","Tamil Nadu","568","Chennai","Mylapore","-","-","-","-","-","-","-","-","13.04138889","80.27916667","22-10-2025 11:00","2"
"12303","Chennai Mylapore (DGPOffice)","Tamil Nadu SW GW","33","Tamil Nadu","568","Chennai","Mylapore","-","-","-","-","-","-","-","-","13.04138889","80.27916667","22-10-2025 14:00","1.5"
"12304","Chennai Mylapore (DGPOffice)","Tamil Nadu SW GW","33","Tamil Nadu","568","Chennai","Mylapore","-","-","-","-","-","-","-","-","13.04138889","80.27916667","23-10-2025 00:00","11.5"
"12305","Chennai Mylapore (DGPOffice)","Tamil Nadu SW GW","33","Tamil Nadu","568","Chennai","Mylapore","-","-","-","-","-","-","-","-","13.04138889","80.27916667","23-10-2025 01:00","3.5"
"12306","Chennai Mylapore (DGPOffice)","Tamil Nadu SW GW","33","Tamil Nadu","568","Chennai","Mylapore","-","-","-","-","-","-","-","-","13.04138889","80.27916667","23-10-2025 02:00","1"
"12307","Chennai Mylapore (DGPOffice)","Tamil Nadu SW GW","33","Tamil Nadu","568","Chennai","Mylapore","-","-","-","-","-","-","-","-","13.04138889","80.27916667","23-10-2025 03:00","2"
"12308","Chennai Mylapore (DGPOffice)","Tamil Nadu SW GW","33","Tamil Nadu","568","Chennai","Mylapore","-","-","-","-","-","-","-","-","13.04138889","80.27916667","23-10-2025 04:00","1"
"12309","Chennai Mylapore (DGPOffice)","Tamil Nadu SW GW","33","Tamil Nadu","568","Chennai","Mylapore","-","-","-","-","-","-","-","-","13.04138889","80.27916667","23-10-2025 06:00","0.5"
"12310","Chennai Mylapore (DGPOffice)","Tamil Nadu SW GW","33","Tamil Nadu","568","Chennai","Mylapore","-","-","-","-","-","-","-","-","13.04138889","80.27916667","24-10-2025 02:00","4.5"
"12311","Chennai Mylapore (DGPOffice)","Tamil Nadu SW GW","33","Tamil Nadu","568","Chennai","Mylapore","-","-","-","-","-","-","-","-","13.04138889","80.27916667","24-10-2025 03:00","2.5"
"12312","Chennai Mylapore (DGPOffice)","Tamil Nadu SW GW","33","Tamil Nadu","568","Chennai","Mylapore","-","-","-","-","-","-","-","-","13.04138889","80.27916667","24-10-2025 04:00","2.5"
"12313","Chennai Mylapore (DGPOffice)","Tamil Nadu SW GW","33","Tamil Nadu","568","Chennai","Mylapore","-","-","-","-","-","-","-","-","13.04138889","80.27916667","24-10-2025 05:00","1.5"
"12314","Chennai Mylapore (DGPOffice)","Tamil Nadu SW GW","33","Tamil Nadu","568","Chennai","Mylapore","-","-","-","-","-","-","-","-","13.04138889","80.27916667","24-10-2025 12:00","0.5"
"12315","Chennai Mylapore (DGPOffice)","Tamil Nadu SW GW","33","Tamil Nadu","568","Chennai","Mylapore","-","-","-","-","-","-","-","-","13.04138889","80.27916667","24-10-2025 14:00","0.5"
"12316","Chennai Mylapore (DGPOffice)","Tamil Nadu SW GW","33","Tamil Nadu","568","Chennai","Mylapore","-","-","-","-","-","-","-","-","13.04138889","80.27916667","25-10-2025 09:00","0.5"
"12317","Chennai Mylapore (DGPOffice)","Tamil Nadu SW GW","33","Tamil Nadu","568","Chennai","Mylapore","-","-","-","-","-","-","-","-","13.04138889","80.27916667","27-10-2025 05:00","0.5"
"12318","Chennai Mylapore (DGPOffice)","Tamil Nadu SW GW","33","Tamil Nadu","568","Chennai","Mylapore","-","-","-","-","-","-","-","-","13.04138889","80.27916667","27-10-2025 06:00","0.5"
"12319","Chennai Mylapore (DGPOffice)","Tamil Nadu SW GW","33","Tamil Nadu","568","Chennai","Mylapore","-","-","-","-","-","-","-","-","13.04138889","80.27916667","27-10-2025 07:00","0.5"
"12320","Chennai Mylapore (DGPOffice)","Tamil Nadu SW GW","33","Tamil Nadu","568","Chennai","Mylapore","-","-","-","-","-","-","-","-","13.04138889","80.27916667","27-10-2025 08:00","0.5"
"12321","Chennai Mylapore (DGPOffice)","Tamil Nadu SW GW","33","Tamil Nadu","568","Chennai","Mylapore","-","-","-","-","-","-","-","-","13.04138889","80.27916667","27-10-2025 09:00","2.5"
"12322","Chennai Mylapore (DGPOffice)","Tamil Nadu SW GW","33","Tamil Nadu","568","Chennai","Mylapore","-","-","-","-","-","-","-","-","13.04138889","80.27916667","27-10-2025 10:00","1"
"12323","Chennai Mylapore (DGPOffice)","Tamil Nadu SW GW","33","Tamil Nadu","568","Chennai","Mylapore","-","-","-","-","-","-","-","-","13.04138889","80.27916667","27-10-2025 11:00","0.5"
"12324","Chennai Mylapore (DGPOffice)","Tamil Nadu SW GW","33","Tamil Nadu","568","Chennai","Mylapore","-","-","-","-","-","-","-","-","13.04138889","80.27916667","27-10-2025 12:00","3"
"12325","Chennai Mylapore (DGPOffice)","Tamil Nadu SW GW","33","Tamil Nadu","568","Chennai","Mylapore","-","-","-","-","-","-","-","-","13.04138889","80.27916667","27-10-2025 13:00","1.5"
"12326","Chennai Mylapore (DGPOffice)","Tamil Nadu SW GW","33","Tamil Nadu","568","Chennai","Mylapore","-","-","-","-","-","-","-","-","13.04138889","80.27916667","27-10-2025 15:00","0.5"
"12327","Chennai Mylapore (DGPOffice)","Tamil Nadu SW GW","33","Tamil Nadu","568","Chennai","Mylapore","-","-","-","-","-","-","-","-","13.04138889","80.27916667","27-10-2025 18:00","1"
"12328","Chennai Mylapore (DGPOffice)","Tamil Nadu SW GW","33","Tamil Nadu","568","Chennai","Mylapore","-","-","-","-","-","-","-","-","13.04138889","80.27916667","27-10-2025 19:00","1"
"12329","Chennai Mylapore (DGPOffice)","Tamil Nadu SW GW","33","Tamil Nadu","568","Chennai","Mylapore","-","-","-","-","-","-","-","-","13.04138889","80.27916667","27-10-2025 20:00","3"
"12330","Chennai Mylapore (DGPOffice)","Tamil Nadu SW GW","33","Tamil Nadu","568","Chennai","Mylapore","-","-","-","-","-","-","-","-","13.04138889","80.27916667","27-10-2025 21:00","3"
"12331","Chennai Mylapore (DGPOffice)","Tamil Nadu SW GW","33","Tamil Nadu","568","Chennai","Mylapore","-","-","-","-","-","-","-","-","13.04138889","80.27916667","27-10-2025 22:00","2.5"
"12332","Chennai Mylapore (DGPOffice)","Tamil Nadu SW GW","33","Tamil Nadu","568","Chennai","Mylapore","-","-","-","-","-","-","-","-","13.04138889","80.27916667","27-10-2025 23:00","5"
"12333","Chennai Mylapore (DGPOffice)","Tamil Nadu SW GW","33","Tamil Nadu","568","Chennai","Mylapore","-","-","-","-","-","-","-","-","13.04138889","80.27916667","28-10-2025 00:00","6"
"12334","Chennai Mylapore (DGPOffice)","Tamil Nadu SW GW","33","Tamil Nadu","568","Chennai","Mylapore","-","-","-","-","-","-","-","-","13.04138889","80.27916667","28-10-2025 01:00","4.5"
"12335","Chennai Mylapore (DGPOffice)","Tamil Nadu SW GW","33","Tamil Nadu","568","Chennai","Mylapore","-","-","-","-","-","-","-","-","13.04138889","80.27916667","28-10-2025 02:00","4"
"12336","Chennai Mylapore (DGPOffice)","Tamil Nadu SW GW","33","Tamil Nadu","568","Chennai","Mylapore","-","-","-","-","-","-","-","-","13.04138889","80.27916667","28-10-2025 03:00","2.5"
"12337","Chennai Mylapore (DGPOffice)","Tamil Nadu SW GW","33","Tamil Nadu","568","Chennai","Mylapore","-","-","-","-","-","-","-","-","13.04138889","80.27916667","28-10-2025 04:00","3.5"
"12338","Chennai Mylapore (DGPOffice)","Tamil Nadu SW GW","33","Tamil Nadu","568","Chennai","Mylapore","-","-","-","-","-","-","-","-","13.04138889","80.27916667","28-10-2025 05:00","1.5"
"12339","Chennai Mylapore (DGPOffice)","Tamil Nadu SW GW","33","Tamil Nadu","568","Chennai","Mylapore","-","-","-","-","-","-","-","-","13.04138889","80.27916667","28-10-2025 06:00","1.5"
"12340","Chennai Mylapore (DGPOffice)","Tamil Nadu SW GW","33","Tamil Nadu","568","Chennai","Mylapore","-","-","-","-","-","-","-","-","13.04138889","80.27916667","28-10-2025 07:00","1.5"
"12341","Chennai Mylapore (DGPOffice)","Tamil Nadu SW GW","33","Tamil Nadu","568","Chennai","Mylapore","-","-","-","-","-","-","-","-","13.04138889","80.27916667","28-10-2025 08:00","2.5"
"12342","Chennai Mylapore (DGPOffice)","Tamil Nadu SW GW","33","Tamil Nadu","568","Chennai","Mylapore","-","-","-","-","-","-","-","-","13.04138889","80.27916667","28-10-2025 09:00","2"
"12343","Chennai Mylapore (DGPOffice)","Tamil Nadu SW GW","33","Tamil Nadu","568","Chennai","Mylapore","-","-","-","-","-","-","-","-","13.04138889","80.27916667","28-10-2025 10:00","1.5"
"12344","Chennai Mylapore (DGPOffice)","Tamil Nadu SW GW","33","Tamil Nadu","568","Chennai","Mylapore","-","-","-","-","-","-","-","-","13.04138889","80.27916667","28-10-2025 11:00","1"
"12345","Chennai Mylapore (DGPOffice)","Tamil Nadu SW GW","33","Tamil Nadu","568","Chennai","Mylapore","-","-","-","-","-","-","-","-","13.04138889","80.27916667","05-11-2025 21:00","2"
"12346","Chennai Mylapore (DGPOffice)","Tamil Nadu SW GW","33","Tamil Nadu","568","Chennai","Mylapore","-","-","-","-","-","-","-","-","13.04138889","80.27916667","06-11-2025 19:00","0.5"
"12347","Chennai Mylapore (DGPOffice)","Tamil Nadu SW GW","33","Tamil Nadu","568","Chennai","Mylapore","-","-","-","-","-","-","-","-","13.04138889","80.27916667","06-11-2025 20:00","1.5"
"12348","Chennai Mylapore (DGPOffice)","Tamil Nadu SW GW","33","Tamil Nadu","568","Chennai","Mylapore","-","-","-","-","-","-","-","-","13.04138889","80.27916667","13-11-2025 07:00","6.5"
"12349","Chennai Mylapore (DGPOffice)","Tamil Nadu SW GW","33","Tamil Nadu","568","Chennai","Mylapore","-","-","-","-","-","-","-","-","13.04138889","80.27916667","13-11-2025 09:00","3"
"12350","Chennai Mylapore (DGPOffice)","Tamil Nadu SW GW","33","Tamil Nadu","568","Chennai","Mylapore","-","-","-","-","-","-","-","-","13.04138889","80.27916667","17-11-2025 04:00","1"
"12351","Chennai Mylapore (DGPOffice)","Tamil Nadu SW GW","33","Tamil Nadu","568","Chennai","Mylapore","-","-","-","-","-","-","-","-","13.04138889","80.27916667","17-11-2025 07:00","0.5"
"12352","Chennai Mylapore (DGPOffice)","Tamil Nadu SW GW","33","Tamil Nadu","568","Chennai","Mylapore","-","-","-","-","-","-","-","-","13.04138889","80.27916667","17-11-2025 12:00","0.5"
"12353","Chennai Mylapore (DGPOffice)","Tamil Nadu SW GW","33","Tamil Nadu","568","Chennai","Mylapore","-","-","-","-","-","-","-","-","13.04138889","80.27916667","17-11-2025 15:00","1.5"
"12354","Chennai Mylapore (DGPOffice)","Tamil Nadu SW GW","33","Tamil Nadu","568","Chennai","Mylapore","-","-","-","-","-","-","-","-","13.04138889","80.27916667","17-11-2025 16:00","0.5"
"12355","Chennai Mylapore (DGPOffice)","Tamil Nadu SW GW","33","Tamil Nadu","568","Chennai","Mylapore","-","-","-","-","-","-","-","-","13.04138889","80.27916667","17-11-2025 19:00","0.5"
"12356","Chennai Mylapore (DGPOffice)","Tamil Nadu SW GW","33","Tamil Nadu","568","Chennai","Mylapore","-","-","-","-","-","-","-","-","13.04138889","80.27916667","17-11-2025 21:00","0.5"
"12357","Chennai Mylapore (DGPOffice)","Tamil Nadu SW GW","33","Tamil Nadu","568","Chennai","Mylapore","-","-","-","-","-","-","-","-","13.04138889","80.27916667","18-11-2025 00:00","0.5"
"12358","Chennai Mylapore (DGPOffice)","Tamil Nadu SW GW","33","Tamil Nadu","568","Chennai","Mylapore","-","-","-","-","-","-","-","-","13.04138889","80.27916667","18-11-2025 13:00","0.5"
"12359","Chennai Mylapore (DGPOffice)","Tamil Nadu SW GW","33","Tamil Nadu","568","Chennai","Mylapore","-","-","-","-","-","-","-","-","13.04138889","80.27916667","18-11-2025 16:00","3"
"12360","Chennai Mylapore (DGPOffice)","Tamil Nadu SW GW","33","Tamil Nadu","568","Chennai","Mylapore","-","-","-","-","-","-","-","-","13.04138889","80.27916667","18-11-2025 17:00","3"
"12361","Chennai Mylapore (DGPOffice)","Tamil Nadu SW GW","33","Tamil Nadu","568","Chennai","Mylapore","-","-","-","-","-","-","-","-","13.04138889","80.27916667","18-11-2025 19:00","1.5"
"12362","Chennai Mylapore (DGPOffice)","Tamil Nadu SW GW","33","Tamil Nadu","568","Chennai","Mylapore","-","-","-","-","-","-","-","-","13.04138889","80.27916667","18-11-2025 20:00","3"
"12363","Chennai Mylapore (DGPOffice)","Tamil Nadu SW GW","33","Tamil Nadu","568","Chennai","Mylapore","-","-","-","-","-","-","-","-","13.04138889","80.27916667","21-11-2025 03:00","1"
"12364","Chennai Mylapore (DGPOffice)","Tamil Nadu SW GW","33","Tamil Nadu","568","Chennai","Mylapore","-","-","-","-","-","-","-","-","13.04138889","80.27916667","21-11-2025 06:00","2.5"
"12365","Chennai Mylapore (DGPOffice)","Tamil Nadu SW GW","33","Tamil Nadu","568","Chennai","Mylapore","-","-","-","-","-","-","-","-","13.04138889","80.27916667","21-11-2025 16:00","0.5"
"12366","Chennai Mylapore (DGPOffice)","Tamil Nadu SW GW","33","Tamil Nadu","568","Chennai","Mylapore","-","-","-","-","-","-","-","-","13.04138889","80.27916667","21-11-2025 20:00","0.5"
"12367","Chennai Mylapore (DGPOffice)","Tamil Nadu SW GW","33","Tamil Nadu","568","Chennai","Mylapore","-","-","-","-","-","-","-","-","13.04138889","80.27916667","21-11-2025 22:00","0.5"
"12368","Chennai Mylapore (DGPOffice)","Tamil Nadu SW GW","33","Tamil Nadu","568","Chennai","Mylapore","-","-","-","-","-","-","-","-","13.04138889","80.27916667","21-11-2025 23:00","0.5"
"12369","Chennai Mylapore (DGPOffice)","Tamil Nadu SW GW","33","Tamil Nadu","568","Chennai","Mylapore","-","-","-","-","-","-","-","-","13.04138889","80.27916667","22-11-2025 00:00","1"
"12370","Chennai Mylapore (DGPOffice)","Tamil Nadu SW GW","33","Tamil Nadu","568","Chennai","Mylapore","-","-","-","-","-","-","-","-","13.04138889","80.27916667","22-11-2025 03:00","0.5"
"12371","Chennai Mylapore (DGPOffice)","Tamil Nadu SW GW","33","Tamil Nadu","568","Chennai","Mylapore","-","-","-","-","-","-","-","-","13.04138889","80.27916667","23-11-2025 03:00","1"
"12372","Chennai Mylapore (DGPOffice)","Tamil Nadu SW GW","33","Tamil Nadu","568","Chennai","Mylapore","-","-","-","-","-","-","-","-","13.04138889","80.27916667","23-11-2025 04:00","0.5"
"12373","Chennai Mylapore (DGPOffice)","Tamil Nadu SW GW","33","Tamil Nadu","568","Chennai","Mylapore","-","-","-","-","-","-","-","-","13.04138889","80.27916667","30-11-2025 00:00","2.5"
"12374","Chennai Mylapore (DGPOffice)","Tamil Nadu SW GW","33","Tamil Nadu","568","Chennai","Mylapore","-","-","-","-","-","-","-","-","13.04138889","80.27916667","30-11-2025 08:00","0.5"
"12375","Chennai Mylapore (DGPOffice)","Tamil Nadu SW GW","33","Tamil Nadu","568","Chennai","Mylapore","-","-","-","-","-","-","-","-","13.04138889","80.27916667","30-11-2025 09:00","0.5"
"12376","Chennai Mylapore (DGPOffice)","Tamil Nadu SW GW","33","Tamil Nadu","568","Chennai","Mylapore","-","-","-","-","-","-","-","-","13.04138889","80.27916667","30-11-2025 11:00","0.5"
"12377","Chennai Mylapore (DGPOffice)","Tamil Nadu SW GW","33","Tamil Nadu","568","Chennai","Mylapore","-","-","-","-","-","-","-","-","13.04138889","80.27916667","30-11-2025 19:00","1"
"12378","Chennai Mylapore (DGPOffice)","Tamil Nadu SW GW","33","Tamil Nadu","568","Chennai","Mylapore","-","-","-","-","-","-","-","-","13.04138889","80.27916667","30-11-2025 20:00","0.5"
"12379","Chennai Mylapore (DGPOffice)","Tamil Nadu SW GW","33","Tamil Nadu","568","Chennai","Mylapore","-","-","-","-","-","-","-","-","13.04138889","80.27916667","30-11-2025 21:00","1.5"
"12380","Chennai Mylapore (DGPOffice)","Tamil Nadu SW GW","33","Tamil Nadu","568","Chennai","Mylapore","-","-","-","-","-","-","-","-","13.04138889","80.27916667","30-11-2025 23:00","0.5"
"12381","Chennai Mylapore (DGPOffice)","Tamil Nadu SW GW","33","Tamil Nadu","568","Chennai","Mylapore","-","-","-","-","-","-","-","-","13.04138889","80.27916667","01-12-2025 00:00","0.5"
"12382","Chennai Mylapore (DGPOffice)","Tamil Nadu SW GW","33","Tamil Nadu","568","Chennai","Mylapore","-","-","-","-","-","-","-","-","13.04138889","80.27916667","01-12-2025 01:00","0.5"
"12383","Chennai Mylapore (DGPOffice)","Tamil Nadu SW GW","33","Tamil Nadu","568","Chennai","Mylapore","-","-","-","-","-","-","-","-","13.04138889","80.27916667","01-12-2025 02:00","1.5"
"12384","Chennai Mylapore (DGPOffice)","Tamil Nadu SW GW","33","Tamil Nadu","568","Chennai","Mylapore","-","-","-","-","-","-","-","-","13.04138889","80.27916667","01-12-2025 03:00","0.5"
"12385","Chennai Mylapore (DGPOffice)","Tamil Nadu SW GW","33","Tamil Nadu","568","Chennai","Mylapore","-","-","-","-","-","-","-","-","13.04138889","80.27916667","01-12-2025 04:00","0.5"
"12386","Chennai Mylapore (DGPOffice)","Tamil Nadu SW GW","33","Tamil Nadu","568","Chennai","Mylapore","-","-","-","-","-","-","-","-","13.04138889","80.27916667","01-12-2025 05:00","1"
"12387","Chennai Mylapore (DGPOffice)","Tamil Nadu SW GW","33","Tamil Nadu","568","Chennai","Mylapore","-","-","-","-","-","-","-","-","13.04138889","80.27916667","01-12-2025 07:00","0.5"
"12388","Chennai Mylapore (DGPOffice)","Tamil Nadu SW GW","33","Tamil Nadu","568","Chennai","Mylapore","-","-","-","-","-","-","-","-","13.04138889","80.27916667","01-12-2025 08:00","2"
"12389","Chennai Mylapore (DGPOffice)","Tamil Nadu SW GW","33","Tamil Nadu","568","Chennai","Mylapore","-","-","-","-","-","-","-","-","13.04138889","80.27916667","01-12-2025 09:00","18"
"12390","Chennai Mylapore (DGPOffice)","Tamil Nadu SW GW","33","Tamil Nadu","568","Chennai","Mylapore","-","-","-","-","-","-","-","-","13.04138889","80.27916667","01-12-2025 10:00","7.5"
"12391","Chennai Mylapore (DGPOffice)","Tamil Nadu SW GW","33","Tamil Nadu","568","Chennai","Mylapore","-","-","-","-","-","-","-","-","13.04138889","80.27916667","01-12-2025 11:00","10.5"
"12392","Chennai Mylapore (DGPOffice)","Tamil Nadu SW GW","33","Tamil Nadu","568","Chennai","Mylapore","-","-","-","-","-","-","-","-","13.04138889","80.27916667","01-12-2025 12:00","10.5"
"12393","Chennai Mylapore (DGPOffice)","Tamil Nadu SW GW","33","Tamil Nadu","568","Chennai","Mylapore","-","-","-","-","-","-","-","-","13.04138889","80.27916667","01-12-2025 13:00","5.5"
"12394","Chennai Mylapore (DGPOffice)","Tamil Nadu SW GW","33","Tamil Nadu","568","Chennai","Mylapore","-","-","-","-","-","-","-","-","13.04138889","80.27916667","01-12-2025 14:00","11"
"12395","Chennai Mylapore (DGPOffice)","Tamil Nadu SW GW","33","Tamil Nadu","568","Chennai","Mylapore","-","-","-","-","-","-","-","-","13.04138889","80.27916667","01-12-2025 15:00","11.5"
"12396","Chennai Mylapore (DGPOffice)","Tamil Nadu SW GW","33","Tamil Nadu","568","Chennai","Mylapore","-","-","-","-","-","-","-","-","13.04138889","80.27916667","01-12-2025 16:00","14"
"12397","Chennai Mylapore (DGPOffice)","Tamil Nadu SW GW","33","Tamil Nadu","568","Chennai","Mylapore","-","-","-","-","-","-","-","-","13.04138889","80.27916667","01-12-2025 19:00","2"
"12398","Chennai Mylapore (DGPOffice)","Tamil Nadu SW GW","33","Tamil Nadu","568","Chennai","Mylapore","-","-","-","-","-","-","-","-","13.04138889","80.27916667","01-12-2025 20:00","16"
"12399","Chennai Mylapore (DGPOffice)","Tamil Nadu SW GW","33","Tamil Nadu","568","Chennai","Mylapore","-","-","-","-","-","-","-","-","13.04138889","80.27916667","01-12-2025 21:00","1.5"
"12400","Chennai Mylapore (DGPOffice)","Tamil Nadu SW GW","33","Tamil Nadu","568","Chennai","Mylapore","-","-","-","-","-","-","-","-","13.04138889","80.27916667","01-12-2025 22:00","0.5"
"12401","Chennai Mylapore (DGPOffice)","Tamil Nadu SW GW","33","Tamil Nadu","568","Chennai","Mylapore","-","-","-","-","-","-","-","-","13.04138889","80.27916667","01-12-2025 23:00","1.5"
"12402","Chennai Mylapore (DGPOffice)","Tamil Nadu SW GW","33","Tamil Nadu","568","Chennai","Mylapore","-","-","-","-","-","-","-","-","13.04138889","80.27916667","02-12-2025 00:00","3.5"
"12403","Chennai Mylapore (DGPOffice)","Tamil Nadu SW GW","33","Tamil Nadu","568","Chennai","Mylapore","-","-","-","-","-","-","-","-","13.04138889","80.27916667","02-12-2025 01:00","2.5"
"12404","Chennai Mylapore (DGPOffice)","Tamil Nadu SW GW","33","Tamil Nadu","568","Chennai","Mylapore","-","-","-","-","-","-","-","-","13.04138889","80.27916667","02-12-2025 02:00","3.5"
"12405","Chennai Mylapore (DGPOffice)","Tamil Nadu SW GW","33","Tamil Nadu","568","Chennai","Mylapore","-","-","-","-","-","-","-","-","13.04138889","80.27916667","02-12-2025 03:00","18.5"
"12406","Chennai Mylapore (DGPOffice)","Tamil Nadu SW GW","33","Tamil Nadu","568","Chennai","Mylapore","-","-","-","-","-","-","-","-","13.04138889","80.27916667","02-12-2025 04:00","15.5"
"12407","Chennai Mylapore (DGPOffice)","Tamil Nadu SW GW","33","Tamil Nadu","568","Chennai","Mylapore","-","-","-","-","-","-","-","-","13.04138889","80.27916667","02-12-2025 05:00","0.5"
"12408","Chennai Mylapore (DGPOffice)","Tamil Nadu SW GW","33","Tamil Nadu","568","Chennai","Mylapore","-","-","-","-","-","-","-","-","13.04138889","80.27916667","02-12-2025 06:00","0.5"
"12409","Chennai Mylapore (DGPOffice)","Tamil Nadu SW GW","33","Tamil Nadu","568","Chennai","Mylapore","-","-","-","-","-","-","-","-","13.04138889","80.27916667","02-12-2025 09:00","0.5"
"12410","Chennai Mylapore (DGPOffice)","Tamil Nadu SW GW","33","Tamil Nadu","568","Chennai","Mylapore","-","-","-","-","-","-","-","-","13.04138889","80.27916667","02-12-2025 10:00","2.5"
"12411","Chennai Mylapore (DGPOffice)","Tamil Nadu SW GW","33","Tamil Nadu","568","Chennai","Mylapore","-","-","-","-","-","-","-","-","13.04138889","80.27916667","02-12-2025 11:00","4"
"12412","Chennai Mylapore (DGPOffice)","Tamil Nadu SW GW","33","Tamil Nadu","568","Chennai","Mylapore","-","-","-","-","-","-","-","-","13.04138889","80.27916667","02-12-2025 12:00","2.5"
"12413","Chennai Mylapore (DGPOffice)","Tamil Nadu SW GW","33","Tamil Nadu","568","Chennai","Mylapore","-","-","-","-","-","-","-","-","13.04138889","80.27916667","02-12-2025 15:00","1.5"
"12414","Chennai Mylapore (DGPOffice)","Tamil Nadu SW GW","33","Tamil Nadu","568","Chennai","Mylapore","-","-","-","-","-","-","-","-","13.04138889","80.27916667","02-12-2025 16:00","1"
"12415","Chennai Mylapore (DGPOffice)","Tamil Nadu SW GW","33","Tamil Nadu","568","Chennai","Mylapore","-","-","-","-","-","-","-","-","13.04138889","80.27916667","02-12-2025 18:00","0.5"
"12416","Chennai Mylapore (DGPOffice)","Tamil Nadu SW GW","33","Tamil Nadu","568","Chennai","Mylapore","-","-","-","-","-","-","-","-","13.04138889","80.27916667","02-12-2025 19:00","0.5"
"12417","Chennai Mylapore (DGPOffice)","Tamil Nadu SW GW","33","Tamil Nadu","568","Chennai","Mylapore","-","-","-","-","-","-","-","-","13.04138889","80.27916667","02-12-2025 21:00","0.5"
"12418","Chennai Mylapore (DGPOffice)","Tamil Nadu SW GW","33","Tamil Nadu","568","Chennai","Mylapore","-","-","-","-","-","-","-","-","13.04138889","80.27916667","02-12-2025 23:00","0.5"
"12419","Chennai Mylapore (DGPOffice)","Tamil Nadu SW GW","33","Tamil Nadu","568","Chennai","Mylapore","-","-","-","-","-","-","-","-","13.04138889","80.27916667","03-12-2025 01:00","0.5"
"12420","Chennai Mylapore (DGPOffice)","Tamil Nadu SW GW","33","Tamil Nadu","568","Chennai","Mylapore","-","-","-","-","-","-","-","-","13.04138889","80.27916667","03-12-2025 02:00","1"
"12421","Chennai Mylapore (DGPOffice)","Tamil Nadu SW GW","33","Tamil Nadu","568","Chennai","Mylapore","-","-","-","-","-","-","-","-","13.04138889","80.27916667","03-12-2025 03:00","1.5"
"12422","Chennai Mylapore (DGPOffice)","Tamil Nadu SW GW","33","Tamil Nadu","568","Chennai","Mylapore","-","-","-","-","-","-","-","-","13.04138889","80.27916667","03-12-2025 04:00","1.5"
"12423","Chennai Mylapore (DGPOffice)","Tamil Nadu SW GW","33","Tamil Nadu","568","Chennai","Mylapore","-","-","-","-","-","-","-","-","13.04138889","80.27916667","03-12-2025 05:00","1.5"
"12424","Chennai Mylapore (DGPOffice)","Tamil Nadu SW GW","33","Tamil Nadu","568","Chennai","Mylapore","-","-","-","-","-","-","-","-","13.04138889","80.27916667","03-12-2025 06:00","1.5"
"12425","Chennai Mylapore (DGPOffice)","Tamil Nadu SW GW","33","Tamil Nadu","568","Chennai","Mylapore","-","-","-","-","-","-","-","-","13.04138889","80.27916667","03-12-2025 07:00","1"
"12426","Chennai Mylapore (DGPOffice)","Tamil Nadu SW GW","33","Tamil Nadu","568","Chennai","Mylapore","-","-","-","-","-","-","-","-","13.04138889","80.27916667","03-12-2025 09:00","0.5"
"12427","Chennai Mylapore (DGPOffice)","Tamil Nadu SW GW","33","Tamil Nadu","568","Chennai","Mylapore","-","-","-","-","-","-","-","-","13.04138889","80.27916667","03-12-2025 11:00","0.5"
"12428","Chennai Mylapore (DGPOffice)","Tamil Nadu SW GW","33","Tamil Nadu","568","Chennai","Mylapore","-","-","-","-","-","-","-","-","13.04138889","80.27916667","03-12-2025 15:00","0.5"
"12429","Chennai Mylapore (DGPOffice)","Tamil Nadu SW GW","33","Tamil Nadu","568","Chennai","Mylapore","-","-","-","-","-","-","-","-","13.04138889","80.27916667","03-12-2025 19:00","0.5"
"12430","Chennai Mylapore (DGPOffice)","Tamil Nadu SW GW","33","Tamil Nadu","568","Chennai","Mylapore","-","-","-","-","-","-","-","-","13.04138889","80.27916667","03-12-2025 20:00","0.5"
"12431","Chennai Mylapore (DGPOffice)","Tamil Nadu SW GW","33","Tamil Nadu","568","Chennai","Mylapore","-","-","-","-","-","-","-","-","13.04138889","80.27916667","03-12-2025 21:00","1"
"12432","Chennai Mylapore (DGPOffice)","Tamil Nadu SW GW","33","Tamil Nadu","568","Chennai","Mylapore","-","-","-","-","-","-","-","-","13.04138889","80.27916667","03-12-2025 23:00","0.5"
"12433","Chennai Mylapore (DGPOffice)","Tamil Nadu SW GW","33","Tamil Nadu","568","Chennai","Mylapore","-","-","-","-","-","-","-","-","13.04138889","80.27916667","04-12-2025 00:00","0.5"
"12434","Chennai Mylapore (DGPOffice)","Tamil Nadu SW GW","33","Tamil Nadu","568","Chennai","Mylapore","-","-","-","-","-","-","-","-","13.04138889","80.27916667","04-12-2025 01:00","0.5"
"12435","Chennai Mylapore (DGPOffice)","Tamil Nadu SW GW","33","Tamil Nadu","568","Chennai","Mylapore","-","-","-","-","-","-","-","-","13.04138889","80.27916667","04-12-2025 10:00","0.5"
"12436","Chennai Mylapore (DGPOffice)","Tamil Nadu SW GW","33","Tamil Nadu","568","Chennai","Mylapore","-","-","-","-","-","-","-","-","13.04138889","80.27916667","04-12-2025 18:00","0.5"
"12437","Chennai Mylapore (DGPOffice)","Tamil Nadu SW GW","33","Tamil Nadu","568","Chennai","Mylapore","-","-","-","-","-","-","-","-","13.04138889","80.27916667","05-12-2025 03:00","1.5"
"12438","Chennai Mylapore (DGPOffice)","Tamil Nadu SW GW","33","Tamil Nadu","568","Chennai","Mylapore","-","-","-","-","-","-","-","-","13.04138889","80.27916667","05-12-2025 04:00","1.5"
"12439","Chennai Mylapore (DGPOffice)","Tamil Nadu SW GW","33","Tamil Nadu","568","Chennai","Mylapore","-","-","-","-","-","-","-","-","13.04138889","80.27916667","05-12-2025 05:00","2"
"12440","Chennai Mylapore (DGPOffice)","Tamil Nadu SW GW","33","Tamil Nadu","568","Chennai","Mylapore","-","-","-","-","-","-","-","-","13.04138889","80.27916667","05-12-2025 06:00","1.5"
"12441","Chennai Mylapore (DGPOffice)","Tamil Nadu SW GW","33","Tamil Nadu","568","Chennai","Mylapore","-","-","-","-","-","-","-","-","13.04138889","80.27916667","05-12-2025 07:00","1.5"
"12442","Chennai Mylapore (DGPOffice)","Tamil Nadu SW GW","33","Tamil Nadu","568","Chennai","Mylapore","-","-","-","-","-","-","-","-","13.04138889","80.27916667","05-12-2025 08:00","1.5"
"12443","Chennai Mylapore (DGPOffice)","Tamil Nadu SW GW","33","Tamil Nadu","568","Chennai","Mylapore","-","-","-","-","-","-","-","-","13.04138889","80.27916667","05-12-2025 09:00","1"
"12444","Chennai Mylapore (DGPOffice)","Tamil Nadu SW GW","33","Tamil Nadu","568","Chennai","Mylapore","-","-","-","-","-","-","-","-","13.04138889","80.27916667","05-12-2025 10:00","1"
"12445","Chennai Mylapore (DGPOffice)","Tamil Nadu SW GW","33","Tamil Nadu","568","Chennai","Mylapore","-","-","-","-","-","-","-","-","13.04138889","80.27916667","05-12-2025 11:00","1"
"12446","Chennai Mylapore (DGPOffice)","Tamil Nadu SW GW","33","Tamil Nadu","568","Chennai","Mylapore","-","-","-","-","-","-","-","-","13.04138889","80.27916667","05-12-2025 12:00","1.5"
"12447","Chennai Mylapore (DGPOffice)","Tamil Nadu SW GW","33","Tamil Nadu","568","Chennai","Mylapore","-","-","-","-","-","-","-","-","13.04138889","80.27916667","05-12-2025 13:00","2.5"
"12448","Chennai Mylapore (DGPOffice)","Tamil Nadu SW GW","33","Tamil Nadu","568","Chennai","Mylapore","-","-","-","-","-","-","-","-","13.04138889","80.27916667","05-12-2025 14:00","10.5"
"12449","Chennai Mylapore (DGPOffice)","Tamil Nadu SW GW","33","Tamil Nadu","568","Chennai","Mylapore","-","-","-","-","-","-","-","-","13.04138889","80.27916667","05-12-2025 15:00","10"
"12450","Chennai Mylapore (DGPOffice)","Tamil Nadu SW GW","33","Tamil Nadu","568","Chennai","Mylapore","-","-","-","-","-","-","-","-","13.04138889","80.27916667","05-12-2025 16:00","7"
"12451","Chennai Mylapore (DGPOffice)","Tamil Nadu SW GW","33","Tamil Nadu","568","Chennai","Mylapore","-","-","-","-","-","-","-","-","13.04138889","80.27916667","05-12-2025 17:00","2.5"
"111926","RedHills","Tamil Nadu SW GW","33","Tamil Nadu","589","Tiruvallur","PONNERI","-","-","-","-","-","-","-","-","13.18666667","80.18833333","17-01-2022 06:00","0.5"
"111927","RedHills","Tamil Nadu SW GW","33","Tamil Nadu","589","Tiruvallur","PONNERI","-","-","-","-","-","-","-","-","13.18666667","80.18833333","17-01-2022 10:00","1"
"111928","RedHills","Tamil Nadu SW GW","33","Tamil Nadu","589","Tiruvallur","PONNERI","-","-","-","-","-","-","-","-","13.18666667","80.18833333","04-03-2022 14:00","3"
"111929","RedHills","Tamil Nadu SW GW","33","Tamil Nadu","589","Tiruvallur","PONNERI","-","-","-","-","-","-","-","-","13.18666667","80.18833333","19-06-2022 22:00","15.5"
"111930","RedHills","Tamil Nadu SW GW","33","Tamil Nadu","589","Tiruvallur","PONNERI","-","-","-","-","-","-","-","-","13.18666667","80.18833333","19-06-2022 23:00","10.5"
"111931","RedHills","Tamil Nadu SW GW","33","Tamil Nadu","589","Tiruvallur","PONNERI","-","-","-","-","-","-","-","-","13.18666667","80.18833333","20-06-2022 00:00","1"
"111932","RedHills","Tamil Nadu SW GW","33","Tamil Nadu","589","Tiruvallur","PONNERI","-","-","-","-","-","-","-","-","13.18666667","80.18833333","20-06-2022 01:00","1"
"111933","RedHills","Tamil Nadu SW GW","33","Tamil Nadu","589","Tiruvallur","PONNERI","-","-","-","-","-","-","-","-","13.18666667","80.18833333","20-06-2022 02:00","1"
"111934","RedHills","Tamil Nadu SW GW","33","Tamil Nadu","589","Tiruvallur","PONNERI","-","-","-","-","-","-","-","-","13.18666667","80.18833333","20-06-2022 04:00","5.5"
"111935","RedHills","Tamil Nadu SW GW","33","Tamil Nadu","589","Tiruvallur","PONNERI","-","-","-","-","-","-","-","-","13.18666667","80.18833333","20-06-2022 05:00","0.5"
"111936","RedHills","Tamil Nadu SW GW","33","Tamil Nadu","589","Tiruvallur","PONNERI","-","-","-","-","-","-","-","-","13.18666667","80.18833333","20-06-2022 19:00","1"
"111937","RedHills","Tamil Nadu SW GW","33","Tamil Nadu","589","Tiruvallur","PONNERI","-","-","-","-","-","-","-","-","13.18666667","80.18833333","20-06-2022 21:00","0.5"
"111938","RedHills","Tamil Nadu SW GW","33","Tamil Nadu","589","Tiruvallur","PONNERI","-","-","-","-","-","-","-","-","13.18666667","80.18833333","20-06-2022 23:00","63"
"111939","RedHills","Tamil Nadu SW GW","33","Tamil Nadu","589","Tiruvallur","PONNERI","-","-","-","-","-","-","-","-","13.18666667","80.18833333","21-06-2022 00:00","1.5"
"111940","RedHills","Tamil Nadu SW GW","33","Tamil Nadu","589","Tiruvallur","PONNERI","-","-","-","-","-","-","-","-","13.18666667","80.18833333","21-06-2022 01:00","1"
"111941","RedHills","Tamil Nadu SW GW","33","Tamil Nadu","589","Tiruvallur","PONNERI","-","-","-","-","-","-","-","-","13.18666667","80.18833333","21-06-2022 02:00","4"
"111942","RedHills","Tamil Nadu SW GW","33","Tamil Nadu","589","Tiruvallur","PONNERI","-","-","-","-","-","-","-","-","13.18666667","80.18833333","21-06-2022 03:00","1"
"111943","RedHills","Tamil Nadu SW GW","33","Tamil Nadu","589","Tiruvallur","PONNERI","-","-","-","-","-","-","-","-","13.18666667","80.18833333","21-06-2022 17:00","8.5"
"111944","RedHills","Tamil Nadu SW GW","33","Tamil Nadu","589","Tiruvallur","PONNERI","-","-","-","-","-","-","-","-","13.18666667","80.18833333","21-06-2022 18:00","2.5"
"111945","RedHills","Tamil Nadu SW GW","33","Tamil Nadu","589","Tiruvallur","PONNERI","-","-","-","-","-","-","-","-","13.18666667","80.18833333","21-06-2022 23:00","37"
"111946","RedHills","Tamil Nadu SW GW","33","Tamil Nadu","589","Tiruvallur","PONNERI","-","-","-","-","-","-","-","-","13.18666667","80.18833333","22-06-2022 00:00","1"
"111947","RedHills","Tamil Nadu SW GW","33","Tamil Nadu","589","Tiruvallur","PONNERI","-","-","-","-","-","-","-","-","13.18666667","80.18833333","22-06-2022 01:00","1"
"111948","RedHills","Tamil Nadu SW GW","33","Tamil Nadu","589","Tiruvallur","PONNERI","-","-","-","-","-","-","-","-","13.18666667","80.18833333","22-06-2022 02:00","2"
"111949","RedHills","Tamil Nadu SW GW","33","Tamil Nadu","589","Tiruvallur","PONNERI","-","-","-","-","-","-","-","-","13.18666667","80.18833333","22-06-2022 03:00","2"
"111950","RedHills","Tamil Nadu SW GW","33","Tamil Nadu","589","Tiruvallur","PONNERI","-","-","-","-","-","-","-","-","13.18666667","80.18833333","22-06-2022 04:00","0.5"
"111951","RedHills","Tamil Nadu SW GW","33","Tamil Nadu","589","Tiruvallur","PONNERI","-","-","-","-","-","-","-","-","13.18666667","80.18833333","24-06-2022 23:00","32"
"111952","RedHills","Tamil Nadu SW GW","33","Tamil Nadu","589","Tiruvallur","PONNERI","-","-","-","-","-","-","-","-","13.18666667","80.18833333","25-06-2022 00:00","1"
"111953","RedHills","Tamil Nadu SW GW","33","Tamil Nadu","589","Tiruvallur","PONNERI","-","-","-","-","-","-","-","-","13.18666667","80.18833333","25-06-2022 20:00","6.5"
"111954","RedHills","Tamil Nadu SW GW","33","Tamil Nadu","589","Tiruvallur","PONNERI","-","-","-","-","-","-","-","-","13.18666667","80.18833333","29-06-2022 21:00","1.5"
"111955","RedHills","Tamil Nadu SW GW","33","Tamil Nadu","589","Tiruvallur","PONNERI","-","-","-","-","-","-","-","-","13.18666667","80.18833333","29-06-2022 23:00","1.5"
"111956","RedHills","Tamil Nadu SW GW","33","Tamil Nadu","589","Tiruvallur","PONNERI","-","-","-","-","-","-","-","-","13.18666667","80.18833333","03-07-2022 23:00","2"
"111957","RedHills","Tamil Nadu SW GW","33","Tamil Nadu","589","Tiruvallur","PONNERI","-","-","-","-","-","-","-","-","13.18666667","80.18833333","04-07-2022 00:00","8.5"
"111958","RedHills","Tamil Nadu SW GW","33","Tamil Nadu","589","Tiruvallur","PONNERI","-","-","-","-","-","-","-","-","13.18666667","80.18833333","05-07-2022 18:00","2.5"
"111959","RedHills","Tamil Nadu SW GW","33","Tamil Nadu","589","Tiruvallur","PONNERI","-","-","-","-","-","-","-","-","13.18666667","80.18833333","05-07-2022 19:00","2"
"111960","RedHills","Tamil Nadu SW GW","33","Tamil Nadu","589","Tiruvallur","PONNERI","-","-","-","-","-","-","-","-","13.18666667","80.18833333","05-07-2022 22:00","0.5"
"111961","RedHills","Tamil Nadu SW GW","33","Tamil Nadu","589","Tiruvallur","PONNERI","-","-","-","-","-","-","-","-","13.18666667","80.18833333","06-07-2022 02:00","0.5"
"111962","RedHills","Tamil Nadu SW GW","33","Tamil Nadu","589","Tiruvallur","PONNERI","-","-","-","-","-","-","-","-","13.18666667","80.18833333","09-07-2022 17:00","6"
"111963","RedHills","Tamil Nadu SW GW","33","Tamil Nadu","589","Tiruvallur","PONNERI","-","-","-","-","-","-","-","-","13.18666667","80.18833333","09-07-2022 20:00","0.5"
"111964","RedHills","Tamil Nadu SW GW","33","Tamil Nadu","589","Tiruvallur","PONNERI","-","-","-","-","-","-","-","-","13.18666667","80.18833333","09-07-2022 23:00","0.5"
"111965","RedHills","Tamil Nadu SW GW","33","Tamil Nadu","589","Tiruvallur","PONNERI","-","-","-","-","-","-","-","-","13.18666667","80.18833333","10-07-2022 00:00","0.5"
"111966","RedHills","Tamil Nadu SW GW","33","Tamil Nadu","589","Tiruvallur","PONNERI","-","-","-","-","-","-","-","-","13.18666667","80.18833333","10-07-2022 16:00","0.5"
"111967","RedHills","Tamil Nadu SW GW","33","Tamil Nadu","589","Tiruvallur","PONNERI","-","-","-","-","-","-","-","-","13.18666667","80.18833333","10-07-2022 17:00","2"
"111968","RedHills","Tamil Nadu SW GW","33","Tamil Nadu","589","Tiruvallur","PONNERI","-","-","-","-","-","-","-","-","13.18666667","80.18833333","12-07-2022 19:00","2"
"111969","RedHills","Tamil Nadu SW GW","33","Tamil Nadu","589","Tiruvallur","PONNERI","-","-","-","-","-","-","-","-","13.18666667","80.18833333","13-07-2022 18:00","9"
"111970","RedHills","Tamil Nadu SW GW","33","Tamil Nadu","589","Tiruvallur","PONNERI","-","-","-","-","-","-","-","-","13.18666667","80.18833333","03-08-2022 06:00","0.5"
"111971","RedHills","Tamil Nadu SW GW","33","Tamil Nadu","589","Tiruvallur","PONNERI","-","-","-","-","-","-","-","-","13.18666667","80.18833333","03-08-2022 07:00","0.5"
"111972","RedHills","Tamil Nadu SW GW","33","Tamil Nadu","589","Tiruvallur","PONNERI","-","-","-","-","-","-","-","-","13.18666667","80.18833333","03-08-2022 08:00","0.5"
"111973","RedHills","Tamil Nadu SW GW","33","Tamil Nadu","589","Tiruvallur","PONNERI","-","-","-","-","-","-","-","-","13.18666667","80.18833333","03-08-2022 09:00","0.5"
"111974","RedHills","Tamil Nadu SW GW","33","Tamil Nadu","589","Tiruvallur","PONNERI","-","-","-","-","-","-","-","-","13.18666667","80.18833333","03-08-2022 10:00","0.5"
"111975","RedHills","Tamil Nadu SW GW","33","Tamil Nadu","589","Tiruvallur","PONNERI","-","-","-","-","-","-","-","-","13.18666667","80.18833333","04-08-2022 22:00","9.5"
"111976","RedHills","Tamil Nadu SW GW","33","Tamil Nadu","589","Tiruvallur","PONNERI","-","-","-","-","-","-","-","-","13.18666667","80.18833333","04-08-2022 23:00","1"
"111977","RedHills","Tamil Nadu SW GW","33","Tamil Nadu","589","Tiruvallur","PONNERI","-","-","-","-","-","-","-","-","13.18666667","80.18833333","06-08-2022 06:00","0.5"
"111978","RedHills","Tamil Nadu SW GW","33","Tamil Nadu","589","Tiruvallur","PONNERI","-","-","-","-","-","-","-","-","13.18666667","80.18833333","13-08-2022 19:00","0.5"
"111979","RedHills","Tamil Nadu SW GW","33","Tamil Nadu","589","Tiruvallur","PONNERI","-","-","-","-","-","-","-","-","13.18666667","80.18833333","18-08-2022 01:00","1.5"
"111980","RedHills","Tamil Nadu SW GW","33","Tamil Nadu","589","Tiruvallur","PONNERI","-","-","-","-","-","-","-","-","13.18666667","80.18833333","21-08-2022 21:00","4.5"
"111981","RedHills","Tamil Nadu SW GW","33","Tamil Nadu","589","Tiruvallur","PONNERI","-","-","-","-","-","-","-","-","13.18666667","80.18833333","21-08-2022 22:00","1.5"
"111982","RedHills","Tamil Nadu SW GW","33","Tamil Nadu","589","Tiruvallur","PONNERI","-","-","-","-","-","-","-","-","13.18666667","80.18833333","21-08-2022 23:00","0.5"
"111983","RedHills","Tamil Nadu SW GW","33","Tamil Nadu","589","Tiruvallur","PONNERI","-","-","-","-","-","-","-","-","13.18666667","80.18833333","22-08-2022 00:00","0.5"
"111984","RedHills","Tamil Nadu SW GW","33","Tamil Nadu","589","Tiruvallur","PONNERI","-","-","-","-","-","-","-","-","13.18666667","80.18833333","22-08-2022 23:00","0.5"
"111985","RedHills","Tamil Nadu SW GW","33","Tamil Nadu","589","Tiruvallur","PONNERI","-","-","-","-","-","-","-","-","13.18666667","80.18833333","23-08-2022 04:00","0.5"
"111986","RedHills","Tamil Nadu SW GW","33","Tamil Nadu","589","Tiruvallur","PONNERI","-","-","-","-","-","-","-","-","13.18666667","80.18833333","24-08-2022 18:00","0.5"
"111987","RedHills","Tamil Nadu SW GW","33","Tamil Nadu","589","Tiruvallur","PONNERI","-","-","-","-","-","-","-","-","13.18666667","80.18833333","24-08-2022 19:00","0.5"
"111988","RedHills","Tamil Nadu SW GW","33","Tamil Nadu","589","Tiruvallur","PONNERI","-","-","-","-","-","-","-","-","13.18666667","80.18833333","24-08-2022 20:00","0.5"
"111989","RedHills","Tamil Nadu SW GW","33","Tamil Nadu","589","Tiruvallur","PONNERI","-","-","-","-","-","-","-","-","13.18666667","80.18833333","25-08-2022 02:00","0.5"
"111990","RedHills","Tamil Nadu SW GW","33","Tamil Nadu","589","Tiruvallur","PONNERI","-","-","-","-","-","-","-","-","13.18666667","80.18833333","25-08-2022 06:00","0.5"
"111991","RedHills","Tamil Nadu SW GW","33","Tamil Nadu","589","Tiruvallur","PONNERI","-","-","-","-","-","-","-","-","13.18666667","80.18833333","25-08-2022 10:00","0.5"
"111992","RedHills","Tamil Nadu SW GW","33","Tamil Nadu","589","Tiruvallur","PONNERI","-","-","-","-","-","-","-","-","13.18666667","80.18833333","25-08-2022 14:00","0.5"
"111993","RedHills","Tamil Nadu SW GW","33","Tamil Nadu","589","Tiruvallur","PONNERI","-","-","-","-","-","-","-","-","13.18666667","80.18833333","25-08-2022 18:00","0.5"
"111994","RedHills","Tamil Nadu SW GW","33","Tamil Nadu","589","Tiruvallur","PONNERI","-","-","-","-","-","-","-","-","13.18666667","80.18833333","25-08-2022 23:00","0.5"
"111995","RedHills","Tamil Nadu SW GW","33","Tamil Nadu","589","Tiruvallur","PONNERI","-","-","-","-","-","-","-","-","13.18666667","80.18833333","26-08-2022 05:00","0.5"
"111996","RedHills","Tamil Nadu SW GW","33","Tamil Nadu","589","Tiruvallur","PONNERI","-","-","-","-","-","-","-","-","13.18666667","80.18833333","26-08-2022 10:00","0.5"
"111997","RedHills","Tamil Nadu SW GW","33","Tamil Nadu","589","Tiruvallur","PONNERI","-","-","-","-","-","-","-","-","13.18666667","80.18833333","26-08-2022 12:00","0.5"
"111998","RedHills","Tamil Nadu SW GW","33","Tamil Nadu","589","Tiruvallur","PONNERI","-","-","-","-","-","-","-","-","13.18666667","80.18833333","26-08-2022 14:00","0.5"
"111999","RedHills","Tamil Nadu SW GW","33","Tamil Nadu","589","Tiruvallur","PONNERI","-","-","-","-","-","-","-","-","13.18666667","80.18833333","26-08-2022 16:00","0.5"
"112000","RedHills","Tamil Nadu SW GW","33","Tamil Nadu","589","Tiruvallur","PONNERI","-","-","-","-","-","-","-","-","13.18666667","80.18833333","26-08-2022 18:00","0.5"
"112001","RedHills","Tamil Nadu SW GW","33","Tamil Nadu","589","Tiruvallur","PONNERI","-","-","-","-","-","-","-","-","13.18666667","80.18833333","26-08-2022 19:00","0.5"
"112002","RedHills","Tamil Nadu SW GW","33","Tamil Nadu","589","Tiruvallur","PONNERI","-","-","-","-","-","-","-","-","13.18666667","80.18833333","26-08-2022 21:00","0.5"
"112003","RedHills","Tamil Nadu SW GW","33","Tamil Nadu","589","Tiruvallur","PONNERI","-","-","-","-","-","-","-","-","13.18666667","80.18833333","26-08-2022 23:00","0.5"
"112004","RedHills","Tamil Nadu SW GW","33","Tamil Nadu","589","Tiruvallur","PONNERI","-","-","-","-","-","-","-","-","13.18666667","80.18833333","27-08-2022 02:00","0.5"
"112005","RedHills","Tamil Nadu SW GW","33","Tamil Nadu","589","Tiruvallur","PONNERI","-","-","-","-","-","-","-","-","13.18666667","80.18833333","27-08-2022 04:00","0.5"
"112006","RedHills","Tamil Nadu SW GW","33","Tamil Nadu","589","Tiruvallur","PONNERI","-","-","-","-","-","-","-","-","13.18666667","80.18833333","27-08-2022 06:00","0.5"
"112007","RedHills","Tamil Nadu SW GW","33","Tamil Nadu","589","Tiruvallur","PONNERI","-","-","-","-","-","-","-","-","13.18666667","80.18833333","27-08-2022 08:00","0.5"
"112008","RedHills","Tamil Nadu SW GW","33","Tamil Nadu","589","Tiruvallur","PONNERI","-","-","-","-","-","-","-","-","13.18666667","80.18833333","27-08-2022 10:00","0.5"
"112009","RedHills","Tamil Nadu SW GW","33","Tamil Nadu","589","Tiruvallur","PONNERI","-","-","-","-","-","-","-","-","13.18666667","80.18833333","27-08-2022 11:00","0.5"
"112010","RedHills","Tamil Nadu SW GW","33","Tamil Nadu","589","Tiruvallur","PONNERI","-","-","-","-","-","-","-","-","13.18666667","80.18833333","27-08-2022 13:00","0.5"
"112011","RedHills","Tamil Nadu SW GW","33","Tamil Nadu","589","Tiruvallur","PONNERI","-","-","-","-","-","-","-","-","13.18666667","80.18833333","27-08-2022 14:00","0.5"
"112012","RedHills","Tamil Nadu SW GW","33","Tamil Nadu","589","Tiruvallur","PONNERI","-","-","-","-","-","-","-","-","13.18666667","80.18833333","27-08-2022 16:00","0.5"
"112013","RedHills","Tamil Nadu SW GW","33","Tamil Nadu","589","Tiruvallur","PONNERI","-","-","-","-","-","-","-","-","13.18666667","80.18833333","27-08-2022 17:00","0.5"
"112014","RedHills","Tamil Nadu SW GW","33","Tamil Nadu","589","Tiruvallur","PONNERI","-","-","-","-","-","-","-","-","13.18666667","80.18833333","27-08-2022 18:00","1"
"112015","RedHills","Tamil Nadu SW GW","33","Tamil Nadu","589","Tiruvallur","PONNERI","-","-","-","-","-","-","-","-","13.18666667","80.18833333","27-08-2022 19:00","0.5"
"112016","RedHills","Tamil Nadu SW GW","33","Tamil Nadu","589","Tiruvallur","PONNERI","-","-","-","-","-","-","-","-","13.18666667","80.18833333","27-08-2022 20:00","0.5"
"112017","RedHills","Tamil Nadu SW GW","33","Tamil Nadu","589","Tiruvallur","PONNERI","-","-","-","-","-","-","-","-","13.18666667","80.18833333","27-08-2022 21:00","1"
"112018","RedHills","Tamil Nadu SW GW","33","Tamil Nadu","589","Tiruvallur","PONNERI","-","-","-","-","-","-","-","-","13.18666667","80.18833333","27-08-2022 22:00","1.5"
"112019","RedHills","Tamil Nadu SW GW","33","Tamil Nadu","589","Tiruvallur","PONNERI","-","-","-","-","-","-","-","-","13.18666667","80.18833333","27-08-2022 23:00","1"
"112020","RedHills","Tamil Nadu SW GW","33","Tamil Nadu","589","Tiruvallur","PONNERI","-","-","-","-","-","-","-","-","13.18666667","80.18833333","28-08-2022 00:00","0.5"
"112021","RedHills","Tamil Nadu SW GW","33","Tamil Nadu","589","Tiruvallur","PONNERI","-","-","-","-","-","-","-","-","13.18666667","80.18833333","28-08-2022 01:00","1"
"112022","RedHills","Tamil Nadu SW GW","33","Tamil Nadu","589","Tiruvallur","PONNERI","-","-","-","-","-","-","-","-","13.18666667","80.18833333","28-08-2022 02:00","0.5"
"112023","RedHills","Tamil Nadu SW GW","33","Tamil Nadu","589","Tiruvallur","PONNERI","-","-","-","-","-","-","-","-","13.18666667","80.18833333","28-08-2022 03:00","1"
"112024","RedHills","Tamil Nadu SW GW","33","Tamil Nadu","589","Tiruvallur","PONNERI","-","-","-","-","-","-","-","-","13.18666667","80.18833333","28-08-2022 04:00","0.5"
"112025","RedHills","Tamil Nadu SW GW","33","Tamil Nadu","589","Tiruvallur","PONNERI","-","-","-","-","-","-","-","-","13.18666667","80.18833333","28-08-2022 05:00","0.5"
"112026","RedHills","Tamil Nadu SW GW","33","Tamil Nadu","589","Tiruvallur","PONNERI","-","-","-","-","-","-","-","-","13.18666667","80.18833333","28-08-2022 06:00","0.5"
"112027","RedHills","Tamil Nadu SW GW","33","Tamil Nadu","589","Tiruvallur","PONNERI","-","-","-","-","-","-","-","-","13.18666667","80.18833333","28-08-2022 08:00","0.5"
"112028","RedHills","Tamil Nadu SW GW","33","Tamil Nadu","589","Tiruvallur","PONNERI","-","-","-","-","-","-","-","-","13.18666667","80.18833333","28-08-2022 09:00","0.5"
"112029","RedHills","Tamil Nadu SW GW","33","Tamil Nadu","589","Tiruvallur","PONNERI","-","-","-","-","-","-","-","-","13.18666667","80.18833333","28-08-2022 10:00","0.5"
"112030","RedHills","Tamil Nadu SW GW","33","Tamil Nadu","589","Tiruvallur","PONNERI","-","-","-","-","-","-","-","-","13.18666667","80.18833333","28-08-2022 11:00","1"
"112031","RedHills","Tamil Nadu SW GW","33","Tamil Nadu","589","Tiruvallur","PONNERI","-","-","-","-","-","-","-","-","13.18666667","80.18833333","28-08-2022 12:00","0.5"
"112032","RedHills","Tamil Nadu SW GW","33","Tamil Nadu","589","Tiruvallur","PONNERI","-","-","-","-","-","-","-","-","13.18666667","80.18833333","28-08-2022 13:00","0.5"
"112033","RedHills","Tamil Nadu SW GW","33","Tamil Nadu","589","Tiruvallur","PONNERI","-","-","-","-","-","-","-","-","13.18666667","80.18833333","28-08-2022 14:00","0.5"
"112034","RedHills","Tamil Nadu SW GW","33","Tamil Nadu","589","Tiruvallur","PONNERI","-","-","-","-","-","-","-","-","13.18666667","80.18833333","28-08-2022 15:00","0.5"
"112035","RedHills","Tamil Nadu SW GW","33","Tamil Nadu","589","Tiruvallur","PONNERI","-","-","-","-","-","-","-","-","13.18666667","80.18833333","28-08-2022 16:00","0.5"
"112036","RedHills","Tamil Nadu SW GW","33","Tamil Nadu","589","Tiruvallur","PONNERI","-","-","-","-","-","-","-","-","13.18666667","80.18833333","28-08-2022 17:00","0.5"
"112037","RedHills","Tamil Nadu SW GW","33","Tamil Nadu","589","Tiruvallur","PONNERI","-","-","-","-","-","-","-","-","13.18666667","80.18833333","28-08-2022 18:00","0.5"
"112038","RedHills","Tamil Nadu SW GW","33","Tamil Nadu","589","Tiruvallur","PONNERI","-","-","-","-","-","-","-","-","13.18666667","80.18833333","28-08-2022 19:00","0.5"
"112039","RedHills","Tamil Nadu SW GW","33","Tamil Nadu","589","Tiruvallur","PONNERI","-","-","-","-","-","-","-","-","13.18666667","80.18833333","28-08-2022 20:00","0.5"
"112040","RedHills","Tamil Nadu SW GW","33","Tamil Nadu","589","Tiruvallur","PONNERI","-","-","-","-","-","-","-","-","13.18666667","80.18833333","28-08-2022 21:00","0.5"
"112041","RedHills","Tamil Nadu SW GW","33","Tamil Nadu","589","Tiruvallur","PONNERI","-","-","-","-","-","-","-","-","13.18666667","80.18833333","28-08-2022 22:00","0.5"
"112042","RedHills","Tamil Nadu SW GW","33","Tamil Nadu","589","Tiruvallur","PONNERI","-","-","-","-","-","-","-","-","13.18666667","80.18833333","28-08-2022 23:00","0.5"
"112043","RedHills","Tamil Nadu SW GW","33","Tamil Nadu","589","Tiruvallur","PONNERI","-","-","-","-","-","-","-","-","13.18666667","80.18833333","29-08-2022 01:00","0.5"
"112044","RedHills","Tamil Nadu SW GW","33","Tamil Nadu","589","Tiruvallur","PONNERI","-","-","-","-","-","-","-","-","13.18666667","80.18833333","29-08-2022 02:00","0.5"
"112045","RedHills","Tamil Nadu SW GW","33","Tamil Nadu","589","Tiruvallur","PONNERI","-","-","-","-","-","-","-","-","13.18666667","80.18833333","29-08-2022 03:00","0.5"
"112046","RedHills","Tamil Nadu SW GW","33","Tamil Nadu","589","Tiruvallur","PONNERI","-","-","-","-","-","-","-","-","13.18666667","80.18833333","29-08-2022 05:00","0.5"
"112047","RedHills","Tamil Nadu SW GW","33","Tamil Nadu","589","Tiruvallur","PONNERI","-","-","-","-","-","-","-","-","13.18666667","80.18833333","29-08-2022 06:00","0.5"
"112048","RedHills","Tamil Nadu SW GW","33","Tamil Nadu","589","Tiruvallur","PONNERI","-","-","-","-","-","-","-","-","13.18666667","80.18833333","29-08-2022 08:00","0.5"
"112049","RedHills","Tamil Nadu SW GW","33","Tamil Nadu","589","Tiruvallur","PONNERI","-","-","-","-","-","-","-","-","13.18666667","80.18833333","29-08-2022 13:00","0.5"
"112050","RedHills","Tamil Nadu SW GW","33","Tamil Nadu","589","Tiruvallur","PONNERI","-","-","-","-","-","-","-","-","13.18666667","80.18833333","29-08-2022 20:00","0.5"
"112051","RedHills","Tamil Nadu SW GW","33","Tamil Nadu","589","Tiruvallur","PONNERI","-","-","-","-","-","-","-","-","13.18666667","80.18833333","30-08-2022 00:00","0.5"
"112052","RedHills","Tamil Nadu SW GW","33","Tamil Nadu","589","Tiruvallur","PONNERI","-","-","-","-","-","-","-","-","13.18666667","80.18833333","30-08-2022 06:00","0.5"
"112053","RedHills","Tamil Nadu SW GW","33","Tamil Nadu","589","Tiruvallur","PONNERI","-","-","-","-","-","-","-","-","13.18666667","80.18833333","30-08-2022 10:00","0.5"
"112054","RedHills","Tamil Nadu SW GW","33","Tamil Nadu","589","Tiruvallur","PONNERI","-","-","-","-","-","-","-","-","13.18666667","80.18833333","30-08-2022 14:00","0.5"
"112055","RedHills","Tamil Nadu SW GW","33","Tamil Nadu","589","Tiruvallur","PONNERI","-","-","-","-","-","-","-","-","13.18666667","80.18833333","30-08-2022 17:00","0.5"
"112056","RedHills","Tamil Nadu SW GW","33","Tamil Nadu","589","Tiruvallur","PONNERI","-","-","-","-","-","-","-","-","13.18666667","80.18833333","30-08-2022 22:00","0.5"
"112057","RedHills","Tamil Nadu SW GW","33","Tamil Nadu","589","Tiruvallur","PONNERI","-","-","-","-","-","-","-","-","13.18666667","80.18833333","31-08-2022 02:00","0.5"
"112058","RedHills","Tamil Nadu SW GW","33","Tamil Nadu","589","Tiruvallur","PONNERI","-","-","-","-","-","-","-","-","13.18666667","80.18833333","31-08-2022 09:00","0.5"
"112059","RedHills","Tamil Nadu SW GW","33","Tamil Nadu","589","Tiruvallur","PONNERI","-","-","-","-","-","-","-","-","13.18666667","80.18833333","31-08-2022 14:00","0.5"
"112060","RedHills","Tamil Nadu SW GW","33","Tamil Nadu","589","Tiruvallur","PONNERI","-","-","-","-","-","-","-","-","13.18666667","80.18833333","31-08-2022 20:00","0.5"
"112061","RedHills","Tamil Nadu SW GW","33","Tamil Nadu","589","Tiruvallur","PONNERI","-","-","-","-","-","-","-","-","13.18666667","80.18833333","01-09-2022 03:00","0.5"
"112062","RedHills","Tamil Nadu SW GW","33","Tamil Nadu","589","Tiruvallur","PONNERI","-","-","-","-","-","-","-","-","13.18666667","80.18833333","01-09-2022 10:00","0.5"
"112063","RedHills","Tamil Nadu SW GW","33","Tamil Nadu","589","Tiruvallur","PONNERI","-","-","-","-","-","-","-","-","13.18666667","80.18833333","01-09-2022 16:00","0.5"
"112064","RedHills","Tamil Nadu SW GW","33","Tamil Nadu","589","Tiruvallur","PONNERI","-","-","-","-","-","-","-","-","13.18666667","80.18833333","02-09-2022 00:00","0.5"
"112065","RedHills","Tamil Nadu SW GW","33","Tamil Nadu","589","Tiruvallur","PONNERI","-","-","-","-","-","-","-","-","13.18666667","80.18833333","02-09-2022 06:00","0.5"
"112066","RedHills","Tamil Nadu SW GW","33","Tamil Nadu","589","Tiruvallur","PONNERI","-","-","-","-","-","-","-","-","13.18666667","80.18833333","02-09-2022 08:00","0.5"
"112067","RedHills","Tamil Nadu SW GW","33","Tamil Nadu","589","Tiruvallur","PONNERI","-","-","-","-","-","-","-","-","13.18666667","80.18833333","02-09-2022 09:00","0.5"
"112068","RedHills","Tamil Nadu SW GW","33","Tamil Nadu","589","Tiruvallur","PONNERI","-","-","-","-","-","-","-","-","13.18666667","80.18833333","02-09-2022 10:00","0.5"
"112069","RedHills","Tamil Nadu SW GW","33","Tamil Nadu","589","Tiruvallur","PONNERI","-","-","-","-","-","-","-","-","13.18666667","80.18833333","02-09-2022 13:00","0.5"
"112070","RedHills","Tamil Nadu SW GW","33","Tamil Nadu","589","Tiruvallur","PONNERI","-","-","-","-","-","-","-","-","13.18666667","80.18833333","02-09-2022 17:00","0.5"
"112071","RedHills","Tamil Nadu SW GW","33","Tamil Nadu","589","Tiruvallur","PONNERI","-","-","-","-","-","-","-","-","13.18666667","80.18833333","02-09-2022 18:00","0.5"
"112072","RedHills","Tamil Nadu SW GW","33","Tamil Nadu","589","Tiruvallur","PONNERI","-","-","-","-","-","-","-","-","13.18666667","80.18833333","02-09-2022 20:00","0.5"
"112073","RedHills","Tamil Nadu SW GW","33","Tamil Nadu","589","Tiruvallur","PONNERI","-","-","-","-","-","-","-","-","13.18666667","80.18833333","02-09-2022 21:00","0.5"
"112074","RedHills","Tamil Nadu SW GW","33","Tamil Nadu","589","Tiruvallur","PONNERI","-","-","-","-","-","-","-","-","13.18666667","80.18833333","03-09-2022 00:00","0.5"
"112075","RedHills","Tamil Nadu SW GW","33","Tamil Nadu","589","Tiruvallur","PONNERI","-","-","-","-","-","-","-","-","13.18666667","80.18833333","03-09-2022 02:00","0.5"
"112076","RedHills","Tamil Nadu SW GW","33","Tamil Nadu","589","Tiruvallur","PONNERI","-","-","-","-","-","-","-","-","13.18666667","80.18833333","03-09-2022 05:00","0.5"
"112077","RedHills","Tamil Nadu SW GW","33","Tamil Nadu","589","Tiruvallur","PONNERI","-","-","-","-","-","-","-","-","13.18666667","80.18833333","03-09-2022 09:00","0.5"
"112078","RedHills","Tamil Nadu SW GW","33","Tamil Nadu","589","Tiruvallur","PONNERI","-","-","-","-","-","-","-","-","13.18666667","80.18833333","03-09-2022 13:00","0.5"
"112079","RedHills","Tamil Nadu SW GW","33","Tamil Nadu","589","Tiruvallur","PONNERI","-","-","-","-","-","-","-","-","13.18666667","80.18833333","03-09-2022 17:00","0.5"
"112080","RedHills","Tamil Nadu SW GW","33","Tamil Nadu","589","Tiruvallur","PONNERI","-","-","-","-","-","-","-","-","13.18666667","80.18833333","03-09-2022 21:00","0.5"
"112081","RedHills","Tamil Nadu SW GW","33","Tamil Nadu","589","Tiruvallur","PONNERI","-","-","-","-","-","-","-","-","13.18666667","80.18833333","04-09-2022 00:00","0.5"
"112082","RedHills","Tamil Nadu SW GW","33","Tamil Nadu","589","Tiruvallur","PONNERI","-","-","-","-","-","-","-","-","13.18666667","80.18833333","04-09-2022 03:00","0.5"
"112083","RedHills","Tamil Nadu SW GW","33","Tamil Nadu","589","Tiruvallur","PONNERI","-","-","-","-","-","-","-","-","13.18666667","80.18833333","04-09-2022 06:00","0.5"
"112084","RedHills","Tamil Nadu SW GW","33","Tamil Nadu","589","Tiruvallur","PONNERI","-","-","-","-","-","-","-","-","13.18666667","80.18833333","04-09-2022 08:00","1"
"112085","RedHills","Tamil Nadu SW GW","33","Tamil Nadu","589","Tiruvallur","PONNERI","-","-","-","-","-","-","-","-","13.18666667","80.18833333","04-09-2022 09:00","1"
"112086","RedHills","Tamil Nadu SW GW","33","Tamil Nadu","589","Tiruvallur","PONNERI","-","-","-","-","-","-","-","-","13.18666667","80.18833333","04-09-2022 10:00","1.5"
"112087","RedHills","Tamil Nadu SW GW","33","Tamil Nadu","589","Tiruvallur","PONNERI","-","-","-","-","-","-","-","-","13.18666667","80.18833333","04-09-2022 11:00","0.5"
"112088","RedHills","Tamil Nadu SW GW","33","Tamil Nadu","589","Tiruvallur","PONNERI","-","-","-","-","-","-","-","-","13.18666667","80.18833333","04-09-2022 12:00","1"
"112089","RedHills","Tamil Nadu SW GW","33","Tamil Nadu","589","Tiruvallur","PONNERI","-","-","-","-","-","-","-","-","13.18666667","80.18833333","04-09-2022 14:00","0.5"
"112090","RedHills","Tamil Nadu SW GW","33","Tamil Nadu","589","Tiruvallur","PONNERI","-","-","-","-","-","-","-","-","13.18666667","80.18833333","04-09-2022 15:00","0.5"
"112091","RedHills","Tamil Nadu SW GW","33","Tamil Nadu","589","Tiruvallur","PONNERI","-","-","-","-","-","-","-","-","13.18666667","80.18833333","04-09-2022 16:00","1"
"112092","RedHills","Tamil Nadu SW GW","33","Tamil Nadu","589","Tiruvallur","PONNERI","-","-","-","-","-","-","-","-","13.18666667","80.18833333","04-09-2022 17:00","1"
"112093","RedHills","Tamil Nadu SW GW","33","Tamil Nadu","589","Tiruvallur","PONNERI","-","-","-","-","-","-","-","-","13.18666667","80.18833333","04-09-2022 18:00","1"
"112094","RedHills","Tamil Nadu SW GW","33","Tamil Nadu","589","Tiruvallur","PONNERI","-","-","-","-","-","-","-","-","13.18666667","80.18833333","04-09-2022 19:00","1"
"112095","RedHills","Tamil Nadu SW GW","33","Tamil Nadu","589","Tiruvallur","PONNERI","-","-","-","-","-","-","-","-","13.18666667","80.18833333","04-09-2022 20:00","1"
"112096","RedHills","Tamil Nadu SW GW","33","Tamil Nadu","589","Tiruvallur","PONNERI","-","-","-","-","-","-","-","-","13.18666667","80.18833333","04-09-2022 21:00","1"
"112097","RedHills","Tamil Nadu SW GW","33","Tamil Nadu","589","Tiruvallur","PONNERI","-","-","-","-","-","-","-","-","13.18666667","80.18833333","04-09-2022 22:00","1"
"112098","RedHills","Tamil Nadu SW GW","33","Tamil Nadu","589","Tiruvallur","PONNERI","-","-","-","-","-","-","-","-","13.18666667","80.18833333","04-09-2022 23:00","1"
"112099","RedHills","Tamil Nadu SW GW","33","Tamil Nadu","589","Tiruvallur","PONNERI","-","-","-","-","-","-","-","-","13.18666667","80.18833333","05-09-2022 00:00","0.5"
"112100","RedHills","Tamil Nadu SW GW","33","Tamil Nadu","589","Tiruvallur","PONNERI","-","-","-","-","-","-","-","-","13.18666667","80.18833333","05-09-2022 01:00","1"
"112101","RedHills","Tamil Nadu SW GW","33","Tamil Nadu","589","Tiruvallur","PONNERI","-","-","-","-","-","-","-","-","13.18666667","80.18833333","05-09-2022 02:00","1"
"112102","RedHills","Tamil Nadu SW GW","33","Tamil Nadu","589","Tiruvallur","PONNERI","-","-","-","-","-","-","-","-","13.18666667","80.18833333","05-09-2022 03:00","0.5"
"112103","RedHills","Tamil Nadu SW GW","33","Tamil Nadu","589","Tiruvallur","PONNERI","-","-","-","-","-","-","-","-","13.18666667","80.18833333","05-09-2022 04:00","3"
"112104","RedHills","Tamil Nadu SW GW","33","Tamil Nadu","589","Tiruvallur","PONNERI","-","-","-","-","-","-","-","-","13.18666667","80.18833333","05-09-2022 05:00","8.5"
"112105","RedHills","Tamil Nadu SW GW","33","Tamil Nadu","589","Tiruvallur","PONNERI","-","-","-","-","-","-","-","-","13.18666667","80.18833333","05-09-2022 06:00","3.5"
"112106","RedHills","Tamil Nadu SW GW","33","Tamil Nadu","589","Tiruvallur","PONNERI","-","-","-","-","-","-","-","-","13.18666667","80.18833333","07-09-2022 15:00","1.5"
"112107","RedHills","Tamil Nadu SW GW","33","Tamil Nadu","589","Tiruvallur","PONNERI","-","-","-","-","-","-","-","-","13.18666667","80.18833333","07-09-2022 16:00","0.5"
"112108","RedHills","Tamil Nadu SW GW","33","Tamil Nadu","589","Tiruvallur","PONNERI","-","-","-","-","-","-","-","-","13.18666667","80.18833333","08-09-2022 12:00","0.5"
"112109","RedHills","Tamil Nadu SW GW","33","Tamil Nadu","589","Tiruvallur","PONNERI","-","-","-","-","-","-","-","-","13.18666667","80.18833333","09-09-2022 19:00","0.5"
"112110","RedHills","Tamil Nadu SW GW","33","Tamil Nadu","589","Tiruvallur","PONNERI","-","-","-","-","-","-","-","-","13.18666667","80.18833333","16-09-2022 19:00","0.5"
"112111","RedHills","Tamil Nadu SW GW","33","Tamil Nadu","589","Tiruvallur","PONNERI","-","-","-","-","-","-","-","-","13.18666667","80.18833333","16-09-2022 20:00","1.5"
"112112","RedHills","Tamil Nadu SW GW","33","Tamil Nadu","589","Tiruvallur","PONNERI","-","-","-","-","-","-","-","-","13.18666667","80.18833333","16-09-2022 22:00","1"
"112113","RedHills","Tamil Nadu SW GW","33","Tamil Nadu","589","Tiruvallur","PONNERI","-","-","-","-","-","-","-","-","13.18666667","80.18833333","16-09-2022 23:00","1"
"112114","RedHills","Tamil Nadu SW GW","33","Tamil Nadu","589","Tiruvallur","PONNERI","-","-","-","-","-","-","-","-","13.18666667","80.18833333","17-09-2022 00:00","1"
"112115","RedHills","Tamil Nadu SW GW","33","Tamil Nadu","589","Tiruvallur","PONNERI","-","-","-","-","-","-","-","-","13.18666667","80.18833333","17-09-2022 01:00","0.5"
"112116","RedHills","Tamil Nadu SW GW","33","Tamil Nadu","589","Tiruvallur","PONNERI","-","-","-","-","-","-","-","-","13.18666667","80.18833333","17-09-2022 02:00","0.5"
"112117","RedHills","Tamil Nadu SW GW","33","Tamil Nadu","589","Tiruvallur","PONNERI","-","-","-","-","-","-","-","-","13.18666667","80.18833333","17-09-2022 04:00","0.5"
"112118","RedHills","Tamil Nadu SW GW","33","Tamil Nadu","589","Tiruvallur","PONNERI","-","-","-","-","-","-","-","-","13.18666667","80.18833333","17-09-2022 06:00","0.5"
"112119","RedHills","Tamil Nadu SW GW","33","Tamil Nadu","589","Tiruvallur","PONNERI","-","-","-","-","-","-","-","-","13.18666667","80.18833333","17-09-2022 14:00","0.5"
"112120","RedHills","Tamil Nadu SW GW","33","Tamil Nadu","589","Tiruvallur","PONNERI","-","-","-","-","-","-","-","-","13.18666667","80.18833333","17-09-2022 18:00","0.5"
"112121","RedHills","Tamil Nadu SW GW","33","Tamil Nadu","589","Tiruvallur","PONNERI","-","-","-","-","-","-","-","-","13.18666667","80.18833333","17-09-2022 23:00","0.5"
"112122","RedHills","Tamil Nadu SW GW","33","Tamil Nadu","589","Tiruvallur","PONNERI","-","-","-","-","-","-","-","-","13.18666667","80.18833333","18-09-2022 23:00","0.5"
"112123","RedHills","Tamil Nadu SW GW","33","Tamil Nadu","589","Tiruvallur","PONNERI","-","-","-","-","-","-","-","-","13.18666667","80.18833333","19-09-2022 06:00","0.5"
"112124","RedHills","Tamil Nadu SW GW","33","Tamil Nadu","589","Tiruvallur","PONNERI","-","-","-","-","-","-","-","-","13.18666667","80.18833333","20-09-2022 00:00","0.5"
"112125","RedHills","Tamil Nadu SW GW","33","Tamil Nadu","589","Tiruvallur","PONNERI","-","-","-","-","-","-","-","-","13.18666667","80.18833333","20-09-2022 22:00","0.5"
"112126","RedHills","Tamil Nadu SW GW","33","Tamil Nadu","589","Tiruvallur","PONNERI","-","-","-","-","-","-","-","-","13.18666667","80.18833333","21-09-2022 11:00","0.5"
"112127","RedHills","Tamil Nadu SW GW","33","Tamil Nadu","589","Tiruvallur","PONNERI","-","-","-","-","-","-","-","-","13.18666667","80.18833333","22-09-2022 01:00","0.5"
"112128","RedHills","Tamil Nadu SW GW","33","Tamil Nadu","589","Tiruvallur","PONNERI","-","-","-","-","-","-","-","-","13.18666667","80.18833333","22-09-2022 17:00","0.5"
"112129","RedHills","Tamil Nadu SW GW","33","Tamil Nadu","589","Tiruvallur","PONNERI","-","-","-","-","-","-","-","-","13.18666667","80.18833333","23-09-2022 08:00","0.5"
"112130","RedHills","Tamil Nadu SW GW","33","Tamil Nadu","589","Tiruvallur","PONNERI","-","-","-","-","-","-","-","-","13.18666667","80.18833333","25-09-2022 01:00","0.5"
"112131","RedHills","Tamil Nadu SW GW","33","Tamil Nadu","589","Tiruvallur","PONNERI","-","-","-","-","-","-","-","-","13.18666667","80.18833333","25-09-2022 22:00","0.5"
"112132","RedHills","Tamil Nadu SW GW","33","Tamil Nadu","589","Tiruvallur","PONNERI","-","-","-","-","-","-","-","-","13.18666667","80.18833333","28-09-2022 04:00","0.5"
"112133","RedHills","Tamil Nadu SW GW","33","Tamil Nadu","589","Tiruvallur","PONNERI","-","-","-","-","-","-","-","-","13.18666667","80.18833333","28-09-2022 19:00","0.5"
"112134","RedHills","Tamil Nadu SW GW","33","Tamil Nadu","589","Tiruvallur","PONNERI","-","-","-","-","-","-","-","-","13.18666667","80.18833333","29-09-2022 08:00","0.5"
"112135","RedHills","Tamil Nadu SW GW","33","Tamil Nadu","589","Tiruvallur","PONNERI","-","-","-","-","-","-","-","-","13.18666667","80.18833333","02-10-2022 04:00","0.5"
"112136","RedHills","Tamil Nadu SW GW","33","Tamil Nadu","589","Tiruvallur","PONNERI","-","-","-","-","-","-","-","-","13.18666667","80.18833333","02-10-2022 15:00","0.5"
"112137","RedHills","Tamil Nadu SW GW","33","Tamil Nadu","589","Tiruvallur","PONNERI","-","-","-","-","-","-","-","-","13.18666667","80.18833333","03-10-2022 14:00","0.5"
"112138","RedHills","Tamil Nadu SW GW","33","Tamil Nadu","589","Tiruvallur","PONNERI","-","-","-","-","-","-","-","-","13.18666667","80.18833333","04-10-2022 04:00","0.5"
"112139","RedHills","Tamil Nadu SW GW","33","Tamil Nadu","589","Tiruvallur","PONNERI","-","-","-","-","-","-","-","-","13.18666667","80.18833333","04-10-2022 18:00","0.5"
"112140","RedHills","Tamil Nadu SW GW","33","Tamil Nadu","589","Tiruvallur","PONNERI","-","-","-","-","-","-","-","-","13.18666667","80.18833333","05-10-2022 20:00","0.5"
"112141","RedHills","Tamil Nadu SW GW","33","Tamil Nadu","589","Tiruvallur","PONNERI","-","-","-","-","-","-","-","-","13.18666667","80.18833333","06-10-2022 00:00","0.5"
"112142","RedHills","Tamil Nadu SW GW","33","Tamil Nadu","589","Tiruvallur","PONNERI","-","-","-","-","-","-","-","-","13.18666667","80.18833333","06-10-2022 18:00","0.5"
"112143","RedHills","Tamil Nadu SW GW","33","Tamil Nadu","589","Tiruvallur","PONNERI","-","-","-","-","-","-","-","-","13.18666667","80.18833333","06-10-2022 22:00","0.5"
"112144","RedHills","Tamil Nadu SW GW","33","Tamil Nadu","589","Tiruvallur","PONNERI","-","-","-","-","-","-","-","-","13.18666667","80.18833333","07-10-2022 02:00","0.5"
"112145","RedHills","Tamil Nadu SW GW","33","Tamil Nadu","589","Tiruvallur","PONNERI","-","-","-","-","-","-","-","-","13.18666667","80.18833333","07-10-2022 07:00","0.5"
"112146","RedHills","Tamil Nadu SW GW","33","Tamil Nadu","589","Tiruvallur","PONNERI","-","-","-","-","-","-","-","-","13.18666667","80.18833333","07-10-2022 10:00","0.5"
"112147","RedHills","Tamil Nadu SW GW","33","Tamil Nadu","589","Tiruvallur","PONNERI","-","-","-","-","-","-","-","-","13.18666667","80.18833333","08-10-2022 03:00","0.5"
"112148","RedHills","Tamil Nadu SW GW","33","Tamil Nadu","589","Tiruvallur","PONNERI","-","-","-","-","-","-","-","-","13.18666667","80.18833333","08-10-2022 13:00","0.5"
"112149","RedHills","Tamil Nadu SW GW","33","Tamil Nadu","589","Tiruvallur","PONNERI","-","-","-","-","-","-","-","-","13.18666667","80.18833333","08-10-2022 16:00","0.5"
"112150","RedHills","Tamil Nadu SW GW","33","Tamil Nadu","589","Tiruvallur","PONNERI","-","-","-","-","-","-","-","-","13.18666667","80.18833333","08-10-2022 20:00","0.5"
"112151","RedHills","Tamil Nadu SW GW","33","Tamil Nadu","589","Tiruvallur","PONNERI","-","-","-","-","-","-","-","-","13.18666667","80.18833333","09-10-2022 00:00","0.5"
"112152","RedHills","Tamil Nadu SW GW","33","Tamil Nadu","589","Tiruvallur","PONNERI","-","-","-","-","-","-","-","-","13.18666667","80.18833333","09-10-2022 13:00","0.5"
"112153","RedHills","Tamil Nadu SW GW","33","Tamil Nadu","589","Tiruvallur","PONNERI","-","-","-","-","-","-","-","-","13.18666667","80.18833333","09-10-2022 16:00","0.5"
"112154","RedHills","Tamil Nadu SW GW","33","Tamil Nadu","589","Tiruvallur","PONNERI","-","-","-","-","-","-","-","-","13.18666667","80.18833333","09-10-2022 20:00","0.5"
"112155","RedHills","Tamil Nadu SW GW","33","Tamil Nadu","589","Tiruvallur","PONNERI","-","-","-","-","-","-","-","-","13.18666667","80.18833333","10-10-2022 00:00","0.5"
"112156","RedHills","Tamil Nadu SW GW","33","Tamil Nadu","589","Tiruvallur","PONNERI","-","-","-","-","-","-","-","-","13.18666667","80.18833333","10-10-2022 05:00","0.5"
"112157","RedHills","Tamil Nadu SW GW","33","Tamil Nadu","589","Tiruvallur","PONNERI","-","-","-","-","-","-","-","-","13.18666667","80.18833333","10-10-2022 14:00","0.5"
"112158","RedHills","Tamil Nadu SW GW","33","Tamil Nadu","589","Tiruvallur","PONNERI","-","-","-","-","-","-","-","-","13.18666667","80.18833333","10-10-2022 18:00","0.5"
"112159","RedHills","Tamil Nadu SW GW","33","Tamil Nadu","589","Tiruvallur","PONNERI","-","-","-","-","-","-","-","-","13.18666667","80.18833333","10-10-2022 23:00","0.5"
"112160","RedHills","Tamil Nadu SW GW","33","Tamil Nadu","589","Tiruvallur","PONNERI","-","-","-","-","-","-","-","-","13.18666667","80.18833333","11-10-2022 05:00","0.5"
"112161","RedHills","Tamil Nadu SW GW","33","Tamil Nadu","589","Tiruvallur","PONNERI","-","-","-","-","-","-","-","-","13.18666667","80.18833333","11-10-2022 10:00","0.5"
"112162","RedHills","Tamil Nadu SW GW","33","Tamil Nadu","589","Tiruvallur","PONNERI","-","-","-","-","-","-","-","-","13.18666667","80.18833333","11-10-2022 21:00","0.5"
"112163","RedHills","Tamil Nadu SW GW","33","Tamil Nadu","589","Tiruvallur","PONNERI","-","-","-","-","-","-","-","-","13.18666667","80.18833333","12-10-2022 03:00","0.5"
"112164","RedHills","Tamil Nadu SW GW","33","Tamil Nadu","589","Tiruvallur","PONNERI","-","-","-","-","-","-","-","-","13.18666667","80.18833333","12-10-2022 11:00","0.5"
"112165","RedHills","Tamil Nadu SW GW","33","Tamil Nadu","589","Tiruvallur","PONNERI","-","-","-","-","-","-","-","-","13.18666667","80.18833333","13-10-2022 01:00","0.5"
"112166","RedHills","Tamil Nadu SW GW","33","Tamil Nadu","589","Tiruvallur","PONNERI","-","-","-","-","-","-","-","-","13.18666667","80.18833333","13-10-2022 15:00","0.5"
"112167","RedHills","Tamil Nadu SW GW","33","Tamil Nadu","589","Tiruvallur","PONNERI","-","-","-","-","-","-","-","-","13.18666667","80.18833333","13-10-2022 16:00","0.5"
"112168","RedHills","Tamil Nadu SW GW","33","Tamil Nadu","589","Tiruvallur","PONNERI","-","-","-","-","-","-","-","-","13.18666667","80.18833333","13-10-2022 17:00","0.5"
"112169","RedHills","Tamil Nadu SW GW","33","Tamil Nadu","589","Tiruvallur","PONNERI","-","-","-","-","-","-","-","-","13.18666667","80.18833333","13-10-2022 20:00","0.5"
"112170","RedHills","Tamil Nadu SW GW","33","Tamil Nadu","589","Tiruvallur","PONNERI","-","-","-","-","-","-","-","-","13.18666667","80.18833333","14-10-2022 05:00","0.5"
"112171","RedHills","Tamil Nadu SW GW","33","Tamil Nadu","589","Tiruvallur","PONNERI","-","-","-","-","-","-","-","-","13.18666667","80.18833333","14-10-2022 06:00","0.5"
"112172","RedHills","Tamil Nadu SW GW","33","Tamil Nadu","589","Tiruvallur","PONNERI","-","-","-","-","-","-","-","-","13.18666667","80.18833333","14-10-2022 07:00","0.5"
"112173","RedHills","Tamil Nadu SW GW","33","Tamil Nadu","589","Tiruvallur","PONNERI","-","-","-","-","-","-","-","-","13.18666667","80.18833333","14-10-2022 09:00","0.5"
"112174","RedHills","Tamil Nadu SW GW","33","Tamil Nadu","589","Tiruvallur","PONNERI","-","-","-","-","-","-","-","-","13.18666667","80.18833333","14-10-2022 10:00","0.5"
"112175","RedHills","Tamil Nadu SW GW","33","Tamil Nadu","589","Tiruvallur","PONNERI","-","-","-","-","-","-","-","-","13.18666667","80.18833333","14-10-2022 15:00","1"
"112176","RedHills","Tamil Nadu SW GW","33","Tamil Nadu","589","Tiruvallur","PONNERI","-","-","-","-","-","-","-","-","13.18666667","80.18833333","14-10-2022 18:00","0.5"
"112177","RedHills","Tamil Nadu SW GW","33","Tamil Nadu","589","Tiruvallur","PONNERI","-","-","-","-","-","-","-","-","13.18666667","80.18833333","14-10-2022 19:00","1"
"112178","RedHills","Tamil Nadu SW GW","33","Tamil Nadu","589","Tiruvallur","PONNERI","-","-","-","-","-","-","-","-","13.18666667","80.18833333","15-10-2022 01:00","0.5"
"112179","RedHills","Tamil Nadu SW GW","33","Tamil Nadu","589","Tiruvallur","PONNERI","-","-","-","-","-","-","-","-","13.18666667","80.18833333","15-10-2022 03:00","0.5"
"112180","RedHills","Tamil Nadu SW GW","33","Tamil Nadu","589","Tiruvallur","PONNERI","-","-","-","-","-","-","-","-","13.18666667","80.18833333","15-10-2022 05:00","0.5"
"112181","RedHills","Tamil Nadu SW GW","33","Tamil Nadu","589","Tiruvallur","PONNERI","-","-","-","-","-","-","-","-","13.18666667","80.18833333","15-10-2022 09:00","0.5"
"112182","RedHills","Tamil Nadu SW GW","33","Tamil Nadu","589","Tiruvallur","PONNERI","-","-","-","-","-","-","-","-","13.18666667","80.18833333","15-10-2022 11:00","0.5"
"112183","RedHills","Tamil Nadu SW GW","33","Tamil Nadu","589","Tiruvallur","PONNERI","-","-","-","-","-","-","-","-","13.18666667","80.18833333","15-10-2022 22:00","0.5"
"112184","RedHills","Tamil Nadu SW GW","33","Tamil Nadu","589","Tiruvallur","PONNERI","-","-","-","-","-","-","-","-","13.18666667","80.18833333","16-10-2022 00:00","3.5"
"112185","RedHills","Tamil Nadu SW GW","33","Tamil Nadu","589","Tiruvallur","PONNERI","-","-","-","-","-","-","-","-","13.18666667","80.18833333","16-10-2022 06:00","1.5"
"112186","RedHills","Tamil Nadu SW GW","33","Tamil Nadu","589","Tiruvallur","PONNERI","-","-","-","-","-","-","-","-","13.18666667","80.18833333","16-10-2022 08:00","2"
"112187","RedHills","Tamil Nadu SW GW","33","Tamil Nadu","589","Tiruvallur","PONNERI","-","-","-","-","-","-","-","-","13.18666667","80.18833333","16-10-2022 10:00","1.5"
"112188","RedHills","Tamil Nadu SW GW","33","Tamil Nadu","589","Tiruvallur","PONNERI","-","-","-","-","-","-","-","-","13.18666667","80.18833333","16-10-2022 17:00","0.5"
"112189","RedHills","Tamil Nadu SW GW","33","Tamil Nadu","589","Tiruvallur","PONNERI","-","-","-","-","-","-","-","-","13.18666667","80.18833333","16-10-2022 19:00","0.5"
"112190","RedHills","Tamil Nadu SW GW","33","Tamil Nadu","589","Tiruvallur","PONNERI","-","-","-","-","-","-","-","-","13.18666667","80.18833333","17-10-2022 00:00","0.5"
"112191","RedHills","Tamil Nadu SW GW","33","Tamil Nadu","589","Tiruvallur","PONNERI","-","-","-","-","-","-","-","-","13.18666667","80.18833333","17-10-2022 01:00","0.5"
"112192","RedHills","Tamil Nadu SW GW","33","Tamil Nadu","589","Tiruvallur","PONNERI","-","-","-","-","-","-","-","-","13.18666667","80.18833333","17-10-2022 03:00","0.5"
"112193","RedHills","Tamil Nadu SW GW","33","Tamil Nadu","589","Tiruvallur","PONNERI","-","-","-","-","-","-","-","-","13.18666667","80.18833333","17-10-2022 11:00","1"
"112194","RedHills","Tamil Nadu SW GW","33","Tamil Nadu","589","Tiruvallur","PONNERI","-","-","-","-","-","-","-","-","13.18666667","80.18833333","17-10-2022 12:00","2"
"112195","RedHills","Tamil Nadu SW GW","33","Tamil Nadu","589","Tiruvallur","PONNERI","-","-","-","-","-","-","-","-","13.18666667","80.18833333","21-10-2022 04:00","5.5"
"112196","RedHills","Tamil Nadu SW GW","33","Tamil Nadu","589","Tiruvallur","PONNERI","-","-","-","-","-","-","-","-","13.18666667","80.18833333","21-10-2022 05:00","2.5"
"112197","RedHills","Tamil Nadu SW GW","33","Tamil Nadu","589","Tiruvallur","PONNERI","-","-","-","-","-","-","-","-","13.18666667","80.18833333","22-10-2022 21:00","0.5"
"112198","RedHills","Tamil Nadu SW GW","33","Tamil Nadu","589","Tiruvallur","PONNERI","-","-","-","-","-","-","-","-","13.18666667","80.18833333","27-10-2022 10:00","2.5"
"112199","RedHills","Tamil Nadu SW GW","33","Tamil Nadu","589","Tiruvallur","PONNERI","-","-","-","-","-","-","-","-","13.18666667","80.18833333","27-10-2022 11:00","1"
"112200","RedHills","Tamil Nadu SW GW","33","Tamil Nadu","589","Tiruvallur","PONNERI","-","-","-","-","-","-","-","-","13.18666667","80.18833333","27-10-2022 13:00","4"
"112201","RedHills","Tamil Nadu SW GW","33","Tamil Nadu","589","Tiruvallur","PONNERI","-","-","-","-","-","-","-","-","13.18666667","80.18833333","27-10-2022 14:00","4"
"112202","RedHills","Tamil Nadu SW GW","33","Tamil Nadu","589","Tiruvallur","PONNERI","-","-","-","-","-","-","-","-","13.18666667","80.18833333","27-10-2022 15:00","0.5"
"112203","RedHills","Tamil Nadu SW GW","33","Tamil Nadu","589","Tiruvallur","PONNERI","-","-","-","-","-","-","-","-","13.18666667","80.18833333","27-10-2022 20:00","0.5"
"112204","RedHills","Tamil Nadu SW GW","33","Tamil Nadu","589","Tiruvallur","PONNERI","-","-","-","-","-","-","-","-","13.18666667","80.18833333","27-10-2022 21:00","0.5"
"112205","RedHills","Tamil Nadu SW GW","33","Tamil Nadu","589","Tiruvallur","PONNERI","-","-","-","-","-","-","-","-","13.18666667","80.18833333","27-10-2022 22:00","56"
"112206","RedHills","Tamil Nadu SW GW","33","Tamil Nadu","589","Tiruvallur","PONNERI","-","-","-","-","-","-","-","-","13.18666667","80.18833333","30-10-2022 10:00","0.5"
"112207","RedHills","Tamil Nadu SW GW","33","Tamil Nadu","589","Tiruvallur","PONNERI","-","-","-","-","-","-","-","-","13.18666667","80.18833333","31-10-2022 20:00","94"
"112208","RedHills","Tamil Nadu SW GW","33","Tamil Nadu","589","Tiruvallur","PONNERI","-","-","-","-","-","-","-","-","13.18666667","80.18833333","03-11-2022 13:00","1"
"112209","RedHills","Tamil Nadu SW GW","33","Tamil Nadu","589","Tiruvallur","PONNERI","-","-","-","-","-","-","-","-","13.18666667","80.18833333","03-11-2022 14:00","14.5"
"112210","RedHills","Tamil Nadu SW GW","33","Tamil Nadu","589","Tiruvallur","PONNERI","-","-","-","-","-","-","-","-","13.18666667","80.18833333","03-11-2022 15:00","5.5"
"112211","RedHills","Tamil Nadu SW GW","33","Tamil Nadu","589","Tiruvallur","PONNERI","-","-","-","-","-","-","-","-","13.18666667","80.18833333","03-11-2022 17:00","0.5"
"112212","RedHills","Tamil Nadu SW GW","33","Tamil Nadu","589","Tiruvallur","PONNERI","-","-","-","-","-","-","-","-","13.18666667","80.18833333","03-11-2022 18:00","4.5"
"112213","RedHills","Tamil Nadu SW GW","33","Tamil Nadu","589","Tiruvallur","PONNERI","-","-","-","-","-","-","-","-","13.18666667","80.18833333","03-11-2022 19:00","0.5"
"112214","RedHills","Tamil Nadu SW GW","33","Tamil Nadu","589","Tiruvallur","PONNERI","-","-","-","-","-","-","-","-","13.18666667","80.18833333","04-11-2022 10:00","0.5"
"112215","RedHills","Tamil Nadu SW GW","33","Tamil Nadu","589","Tiruvallur","PONNERI","-","-","-","-","-","-","-","-","13.18666667","80.18833333","04-11-2022 11:00","2"
"112216","RedHills","Tamil Nadu SW GW","33","Tamil Nadu","589","Tiruvallur","PONNERI","-","-","-","-","-","-","-","-","13.18666667","80.18833333","04-11-2022 12:00","3"
"112217","RedHills","Tamil Nadu SW GW","33","Tamil Nadu","589","Tiruvallur","PONNERI","-","-","-","-","-","-","-","-","13.18666667","80.18833333","04-11-2022 13:00","4"
"112218","RedHills","Tamil Nadu SW GW","33","Tamil Nadu","589","Tiruvallur","PONNERI","-","-","-","-","-","-","-","-","13.18666667","80.18833333","04-11-2022 14:00","2"
"112219","RedHills","Tamil Nadu SW GW","33","Tamil Nadu","589","Tiruvallur","PONNERI","-","-","-","-","-","-","-","-","13.18666667","80.18833333","05-11-2022 14:00","7.5"
"112220","RedHills","Tamil Nadu SW GW","33","Tamil Nadu","589","Tiruvallur","PONNERI","-","-","-","-","-","-","-","-","13.18666667","80.18833333","09-11-2022 15:00","1.5"
"112221","RedHills","Tamil Nadu SW GW","33","Tamil Nadu","589","Tiruvallur","PONNERI","-","-","-","-","-","-","-","-","13.18666667","80.18833333","09-11-2022 18:00","0.5"
"112222","RedHills","Tamil Nadu SW GW","33","Tamil Nadu","589","Tiruvallur","PONNERI","-","-","-","-","-","-","-","-","13.18666667","80.18833333","09-11-2022 19:00","8"
"112223","RedHills","Tamil Nadu SW GW","33","Tamil Nadu","589","Tiruvallur","PONNERI","-","-","-","-","-","-","-","-","13.18666667","80.18833333","09-11-2022 22:00","3.5"
"112224","RedHills","Tamil Nadu SW GW","33","Tamil Nadu","589","Tiruvallur","PONNERI","-","-","-","-","-","-","-","-","13.18666667","80.18833333","10-11-2022 02:00","4"
"112225","RedHills","Tamil Nadu SW GW","33","Tamil Nadu","589","Tiruvallur","PONNERI","-","-","-","-","-","-","-","-","13.18666667","80.18833333","10-11-2022 03:00","1"
"112226","RedHills","Tamil Nadu SW GW","33","Tamil Nadu","589","Tiruvallur","PONNERI","-","-","-","-","-","-","-","-","13.18666667","80.18833333","10-11-2022 06:00","0.5"
"112227","RedHills","Tamil Nadu SW GW","33","Tamil Nadu","589","Tiruvallur","PONNERI","-","-","-","-","-","-","-","-","13.18666667","80.18833333","10-11-2022 08:00","1.5"
"112228","RedHills","Tamil Nadu SW GW","33","Tamil Nadu","589","Tiruvallur","PONNERI","-","-","-","-","-","-","-","-","13.18666667","80.18833333","10-11-2022 09:00","0.5"
"112229","RedHills","Tamil Nadu SW GW","33","Tamil Nadu","589","Tiruvallur","PONNERI","-","-","-","-","-","-","-","-","13.18666667","80.18833333","10-11-2022 10:00","2"
"112230","RedHills","Tamil Nadu SW GW","33","Tamil Nadu","589","Tiruvallur","PONNERI","-","-","-","-","-","-","-","-","13.18666667","80.18833333","10-11-2022 12:00","1.5"
"112231","RedHills","Tamil Nadu SW GW","33","Tamil Nadu","589","Tiruvallur","PONNERI","-","-","-","-","-","-","-","-","13.18666667","80.18833333","10-11-2022 19:00","20"
"112232","RedHills","Tamil Nadu SW GW","33","Tamil Nadu","589","Tiruvallur","PONNERI","-","-","-","-","-","-","-","-","13.18666667","80.18833333","11-11-2022 22:00","3.5"
"112233","RedHills","Tamil Nadu SW GW","33","Tamil Nadu","589","Tiruvallur","PONNERI","-","-","-","-","-","-","-","-","13.18666667","80.18833333","14-11-2022 08:00","1"
"112234","RedHills","Tamil Nadu SW GW","33","Tamil Nadu","589","Tiruvallur","PONNERI","-","-","-","-","-","-","-","-","13.18666667","80.18833333","14-11-2022 12:00","2.5"
"112235","RedHills","Tamil Nadu SW GW","33","Tamil Nadu","589","Tiruvallur","PONNERI","-","-","-","-","-","-","-","-","13.18666667","80.18833333","14-11-2022 14:00","0.5"
"112236","RedHills","Tamil Nadu SW GW","33","Tamil Nadu","589","Tiruvallur","PONNERI","-","-","-","-","-","-","-","-","13.18666667","80.18833333","15-11-2022 11:00","2.5"
"112237","RedHills","Tamil Nadu SW GW","33","Tamil Nadu","589","Tiruvallur","PONNERI","-","-","-","-","-","-","-","-","13.18666667","80.18833333","15-11-2022 13:00","1"
"112238","RedHills","Tamil Nadu SW GW","33","Tamil Nadu","589","Tiruvallur","PONNERI","-","-","-","-","-","-","-","-","13.18666667","80.18833333","15-11-2022 14:00","1"
"112239","RedHills","Tamil Nadu SW GW","33","Tamil Nadu","589","Tiruvallur","PONNERI","-","-","-","-","-","-","-","-","13.18666667","80.18833333","15-11-2022 20:00","1"
"112240","RedHills","Tamil Nadu SW GW","33","Tamil Nadu","589","Tiruvallur","PONNERI","-","-","-","-","-","-","-","-","13.18666667","80.18833333","16-11-2022 16:00","0.5"
"112241","RedHills","Tamil Nadu SW GW","33","Tamil Nadu","589","Tiruvallur","PONNERI","-","-","-","-","-","-","-","-","13.18666667","80.18833333","16-11-2022 17:00","4"
"112242","RedHills","Tamil Nadu SW GW","33","Tamil Nadu","589","Tiruvallur","PONNERI","-","-","-","-","-","-","-","-","13.18666667","80.18833333","16-11-2022 18:00","5"
"112243","RedHills","Tamil Nadu SW GW","33","Tamil Nadu","589","Tiruvallur","PONNERI","-","-","-","-","-","-","-","-","13.18666667","80.18833333","16-11-2022 19:00","3.5"
"112244","RedHills","Tamil Nadu SW GW","33","Tamil Nadu","589","Tiruvallur","PONNERI","-","-","-","-","-","-","-","-","13.18666667","80.18833333","21-11-2022 05:00","1.5"
"112245","RedHills","Tamil Nadu SW GW","33","Tamil Nadu","589","Tiruvallur","PONNERI","-","-","-","-","-","-","-","-","13.18666667","80.18833333","04-12-2022 15:00","1.5"
"112246","RedHills","Tamil Nadu SW GW","33","Tamil Nadu","589","Tiruvallur","PONNERI","-","-","-","-","-","-","-","-","13.18666667","80.18833333","04-12-2022 21:00","0.5"
"112247","RedHills","Tamil Nadu SW GW","33","Tamil Nadu","589","Tiruvallur","PONNERI","-","-","-","-","-","-","-","-","13.18666667","80.18833333","05-12-2022 04:00","0.5"
"112248","RedHills","Tamil Nadu SW GW","33","Tamil Nadu","589","Tiruvallur","PONNERI","-","-","-","-","-","-","-","-","13.18666667","80.18833333","06-12-2022 07:00","0.5"
"112249","RedHills","Tamil Nadu SW GW","33","Tamil Nadu","589","Tiruvallur","PONNERI","-","-","-","-","-","-","-","-","13.18666667","80.18833333","06-12-2022 13:00","0.5"
"112250","RedHills","Tamil Nadu SW GW","33","Tamil Nadu","589","Tiruvallur","PONNERI","-","-","-","-","-","-","-","-","13.18666667","80.18833333","08-12-2022 00:00","0.5"
"112251","RedHills","Tamil Nadu SW GW","33","Tamil Nadu","589","Tiruvallur","PONNERI","-","-","-","-","-","-","-","-","13.18666667","80.18833333","14-12-2022 09:00","10.5"
"112252","RedHills","Tamil Nadu SW GW","33","Tamil Nadu","589","Tiruvallur","PONNERI","-","-","-","-","-","-","-","-","13.18666667","80.18833333","14-12-2022 10:00","13.5"
"112253","RedHills","Tamil Nadu SW GW","33","Tamil Nadu","589","Tiruvallur","PONNERI","-","-","-","-","-","-","-","-","13.18666667","80.18833333","14-12-2022 22:00","2"
"112254","RedHills","Tamil Nadu SW GW","33","Tamil Nadu","589","Tiruvallur","PONNERI","-","-","-","-","-","-","-","-","13.18666667","80.18833333","15-12-2022 01:00","3"
"112255","RedHills","Tamil Nadu SW GW","33","Tamil Nadu","589","Tiruvallur","PONNERI","-","-","-","-","-","-","-","-","13.18666667","80.18833333","15-12-2022 02:00","0.5"
"112256","RedHills","Tamil Nadu SW GW","33","Tamil Nadu","589","Tiruvallur","PONNERI","-","-","-","-","-","-","-","-","13.18666667","80.18833333","15-12-2022 23:00","0.5"
"112257","RedHills","Tamil Nadu SW GW","33","Tamil Nadu","589","Tiruvallur","PONNERI","-","-","-","-","-","-","-","-","13.18666667","80.18833333","16-12-2022 03:00","1"
"112258","RedHills","Tamil Nadu SW GW","33","Tamil Nadu","589","Tiruvallur","PONNERI","-","-","-","-","-","-","-","-","13.18666667","80.18833333","18-12-2022 12:00","4.5"
"112259","RedHills","Tamil Nadu SW GW","33","Tamil Nadu","589","Tiruvallur","PONNERI","-","-","-","-","-","-","-","-","13.18666667","80.18833333","21-12-2022 14:00","1"
"112260","RedHills","Tamil Nadu SW GW","33","Tamil Nadu","589","Tiruvallur","PONNERI","-","-","-","-","-","-","-","-","13.18666667","80.18833333","24-12-2022 22:00","0.5"
"112261","RedHills","Tamil Nadu SW GW","33","Tamil Nadu","589","Tiruvallur","PONNERI","-","-","-","-","-","-","-","-","13.18666667","80.18833333","31-01-2023 10:35","83"
"112262","RedHills","Tamil Nadu SW GW","33","Tamil Nadu","589","Tiruvallur","PONNERI","-","-","-","-","-","-","-","-","13.18666667","80.18833333","31-01-2023 10:45","2"
"112263","RedHills","Tamil Nadu SW GW","33","Tamil Nadu","589","Tiruvallur","PONNERI","-","-","-","-","-","-","-","-","13.18666667","80.18833333","31-01-2023 11:00","6"
"112264","RedHills","Tamil Nadu SW GW","33","Tamil Nadu","589","Tiruvallur","PONNERI","-","-","-","-","-","-","-","-","13.18666667","80.18833333","17-03-2023 05:00","3"
"112265","RedHills","Tamil Nadu SW GW","33","Tamil Nadu","589","Tiruvallur","PONNERI","-","-","-","-","-","-","-","-","13.18666667","80.18833333","17-03-2023 06:00","0.5"
"112266","RedHills","Tamil Nadu SW GW","33","Tamil Nadu","589","Tiruvallur","PONNERI","-","-","-","-","-","-","-","-","13.18666667","80.18833333","17-03-2023 11:00","0.5"
"112267","RedHills","Tamil Nadu SW GW","33","Tamil Nadu","589","Tiruvallur","PONNERI","-","-","-","-","-","-","-","-","13.18666667","80.18833333","17-03-2023 12:00","1"
"112268","RedHills","Tamil Nadu SW GW","33","Tamil Nadu","589","Tiruvallur","PONNERI","-","-","-","-","-","-","-","-","13.18666667","80.18833333","19-03-2023 08:00","0.5"
"112269","RedHills","Tamil Nadu SW GW","33","Tamil Nadu","589","Tiruvallur","PONNERI","-","-","-","-","-","-","-","-","13.18666667","80.18833333","20-03-2023 04:00","7"
"112270","RedHills","Tamil Nadu SW GW","33","Tamil Nadu","589","Tiruvallur","PONNERI","-","-","-","-","-","-","-","-","13.18666667","80.18833333","20-03-2023 05:00","7.5"
"112271","RedHills","Tamil Nadu SW GW","33","Tamil Nadu","589","Tiruvallur","PONNERI","-","-","-","-","-","-","-","-","13.18666667","80.18833333","20-03-2023 18:00","41.5"
"112272","RedHills","Tamil Nadu SW GW","33","Tamil Nadu","589","Tiruvallur","PONNERI","-","-","-","-","-","-","-","-","13.18666667","80.18833333","20-03-2023 19:00","1"
"112273","RedHills","Tamil Nadu SW GW","33","Tamil Nadu","589","Tiruvallur","PONNERI","-","-","-","-","-","-","-","-","13.18666667","80.18833333","22-04-2023 15:00","9"
"112274","RedHills","Tamil Nadu SW GW","33","Tamil Nadu","589","Tiruvallur","PONNERI","-","-","-","-","-","-","-","-","13.18666667","80.18833333","24-04-2023 02:00","7"
"112275","RedHills","Tamil Nadu SW GW","33","Tamil Nadu","589","Tiruvallur","PONNERI","-","-","-","-","-","-","-","-","13.18666667","80.18833333","01-05-2023 21:00","0.5"
"112276","RedHills","Tamil Nadu SW GW","33","Tamil Nadu","589","Tiruvallur","PONNERI","-","-","-","-","-","-","-","-","13.18666667","80.18833333","01-05-2023 22:00","0.5"
"112277","RedHills","Tamil Nadu SW GW","33","Tamil Nadu","589","Tiruvallur","PONNERI","-","-","-","-","-","-","-","-","13.18666667","80.18833333","01-05-2023 23:00","1"
"112278","RedHills","Tamil Nadu SW GW","33","Tamil Nadu","589","Tiruvallur","PONNERI","-","-","-","-","-","-","-","-","13.18666667","80.18833333","02-05-2023 01:00","0.5"
"112279","RedHills","Tamil Nadu SW GW","33","Tamil Nadu","589","Tiruvallur","PONNERI","-","-","-","-","-","-","-","-","13.18666667","80.18833333","02-05-2023 05:00","0.5"
"112280","RedHills","Tamil Nadu SW GW","33","Tamil Nadu","589","Tiruvallur","PONNERI","-","-","-","-","-","-","-","-","13.18666667","80.18833333","02-05-2023 07:00","0.5"
"112281","RedHills","Tamil Nadu SW GW","33","Tamil Nadu","589","Tiruvallur","PONNERI","-","-","-","-","-","-","-","-","13.18666667","80.18833333","02-05-2023 08:00","0.5"
"112282","RedHills","Tamil Nadu SW GW","33","Tamil Nadu","589","Tiruvallur","PONNERI","-","-","-","-","-","-","-","-","13.18666667","80.18833333","02-05-2023 11:00","0.5"
"112283","RedHills","Tamil Nadu SW GW","33","Tamil Nadu","589","Tiruvallur","PONNERI","-","-","-","-","-","-","-","-","13.18666667","80.18833333","02-05-2023 12:00","2"
"112284","RedHills","Tamil Nadu SW GW","33","Tamil Nadu","589","Tiruvallur","PONNERI","-","-","-","-","-","-","-","-","13.18666667","80.18833333","02-05-2023 13:00","1.5"
"112285","RedHills","Tamil Nadu SW GW","33","Tamil Nadu","589","Tiruvallur","PONNERI","-","-","-","-","-","-","-","-","13.18666667","80.18833333","02-05-2023 14:00","1"
"112286","RedHills","Tamil Nadu SW GW","33","Tamil Nadu","589","Tiruvallur","PONNERI","-","-","-","-","-","-","-","-","13.18666667","80.18833333","02-05-2023 15:00","0.5"
"112287","RedHills","Tamil Nadu SW GW","33","Tamil Nadu","589","Tiruvallur","PONNERI","-","-","-","-","-","-","-","-","13.18666667","80.18833333","02-05-2023 16:00","0.5"
"112288","RedHills","Tamil Nadu SW GW","33","Tamil Nadu","589","Tiruvallur","PONNERI","-","-","-","-","-","-","-","-","13.18666667","80.18833333","02-05-2023 17:00","0.5"
"112289","RedHills","Tamil Nadu SW GW","33","Tamil Nadu","589","Tiruvallur","PONNERI","-","-","-","-","-","-","-","-","13.18666667","80.18833333","02-05-2023 20:00","0.5"
"112290","RedHills","Tamil Nadu SW GW","33","Tamil Nadu","589","Tiruvallur","PONNERI","-","-","-","-","-","-","-","-","13.18666667","80.18833333","04-05-2023 05:00","0.5"
"112291","RedHills","Tamil Nadu SW GW","33","Tamil Nadu","589","Tiruvallur","PONNERI","-","-","-","-","-","-","-","-","13.18666667","80.18833333","10-05-2023 19:00","0.5"
"112292","RedHills","Tamil Nadu SW GW","33","Tamil Nadu","589","Tiruvallur","PONNERI","-","-","-","-","-","-","-","-","13.18666667","80.18833333","11-05-2023 01:00","0.5"
"112293","RedHills","Tamil Nadu SW GW","33","Tamil Nadu","589","Tiruvallur","PONNERI","-","-","-","-","-","-","-","-","13.18666667","80.18833333","06-06-2023 16:00","4"
"112294","RedHills","Tamil Nadu SW GW","33","Tamil Nadu","589","Tiruvallur","PONNERI","-","-","-","-","-","-","-","-","13.18666667","80.18833333","11-06-2023 20:00","3.5"
"112295","RedHills","Tamil Nadu SW GW","33","Tamil Nadu","589","Tiruvallur","PONNERI","-","-","-","-","-","-","-","-","13.18666667","80.18833333","11-06-2023 21:00","0.5"
"112296","RedHills","Tamil Nadu SW GW","33","Tamil Nadu","589","Tiruvallur","PONNERI","-","-","-","-","-","-","-","-","13.18666667","80.18833333","11-06-2023 22:00","0.5"
"112297","RedHills","Tamil Nadu SW GW","33","Tamil Nadu","589","Tiruvallur","PONNERI","-","-","-","-","-","-","-","-","13.18666667","80.18833333","11-06-2023 23:00","3.5"
"112298","RedHills","Tamil Nadu SW GW","33","Tamil Nadu","589","Tiruvallur","PONNERI","-","-","-","-","-","-","-","-","13.18666667","80.18833333","18-06-2023 10:00","1"
"112299","RedHills","Tamil Nadu SW GW","33","Tamil Nadu","589","Tiruvallur","PONNERI","-","-","-","-","-","-","-","-","13.18666667","80.18833333","18-06-2023 11:00","1"
"112300","RedHills","Tamil Nadu SW GW","33","Tamil Nadu","589","Tiruvallur","PONNERI","-","-","-","-","-","-","-","-","13.18666667","80.18833333","18-06-2023 12:00","0.5"
"112301","RedHills","Tamil Nadu SW GW","33","Tamil Nadu","589","Tiruvallur","PONNERI","-","-","-","-","-","-","-","-","13.18666667","80.18833333","18-06-2023 13:00","0.5"
"112302","RedHills","Tamil Nadu SW GW","33","Tamil Nadu","589","Tiruvallur","PONNERI","-","-","-","-","-","-","-","-","13.18666667","80.18833333","19-06-2023 00:00","7"
"112303","RedHills","Tamil Nadu SW GW","33","Tamil Nadu","589","Tiruvallur","PONNERI","-","-","-","-","-","-","-","-","13.18666667","80.18833333","19-06-2023 01:00","2"
"112304","RedHills","Tamil Nadu SW GW","33","Tamil Nadu","589","Tiruvallur","PONNERI","-","-","-","-","-","-","-","-","13.18666667","80.18833333","19-06-2023 02:00","1"
"112305","RedHills","Tamil Nadu SW GW","33","Tamil Nadu","589","Tiruvallur","PONNERI","-","-","-","-","-","-","-","-","13.18666667","80.18833333","19-06-2023 03:00","12"
"112306","RedHills","Tamil Nadu SW GW","33","Tamil Nadu","589","Tiruvallur","PONNERI","-","-","-","-","-","-","-","-","13.18666667","80.18833333","19-06-2023 04:00","11"
"112307","RedHills","Tamil Nadu SW GW","33","Tamil Nadu","589","Tiruvallur","PONNERI","-","-","-","-","-","-","-","-","13.18666667","80.18833333","19-06-2023 05:00","1.5"
"112308","RedHills","Tamil Nadu SW GW","33","Tamil Nadu","589","Tiruvallur","PONNERI","-","-","-","-","-","-","-","-","13.18666667","80.18833333","19-06-2023 06:00","0.5"
"112309","RedHills","Tamil Nadu SW GW","33","Tamil Nadu","589","Tiruvallur","PONNERI","-","-","-","-","-","-","-","-","13.18666667","80.18833333","19-06-2023 07:00","5"
"112310","RedHills","Tamil Nadu SW GW","33","Tamil Nadu","589","Tiruvallur","PONNERI","-","-","-","-","-","-","-","-","13.18666667","80.18833333","19-06-2023 08:00","0.5"
"112311","RedHills","Tamil Nadu SW GW","33","Tamil Nadu","589","Tiruvallur","PONNERI","-","-","-","-","-","-","-","-","13.18666667","80.18833333","19-06-2023 09:00","1"
"112312","RedHills","Tamil Nadu SW GW","33","Tamil Nadu","589","Tiruvallur","PONNERI","-","-","-","-","-","-","-","-","13.18666667","80.18833333","19-06-2023 10:00","2.5"
"112313","RedHills","Tamil Nadu SW GW","33","Tamil Nadu","589","Tiruvallur","PONNERI","-","-","-","-","-","-","-","-","13.18666667","80.18833333","19-06-2023 11:00","1.5"
"112314","RedHills","Tamil Nadu SW GW","33","Tamil Nadu","589","Tiruvallur","PONNERI","-","-","-","-","-","-","-","-","13.18666667","80.18833333","19-06-2023 13:00","0.5"
"112315","RedHills","Tamil Nadu SW GW","33","Tamil Nadu","589","Tiruvallur","PONNERI","-","-","-","-","-","-","-","-","13.18666667","80.18833333","19-06-2023 14:00","5.5"
"112316","RedHills","Tamil Nadu SW GW","33","Tamil Nadu","589","Tiruvallur","PONNERI","-","-","-","-","-","-","-","-","13.18666667","80.18833333","19-06-2023 19:00","0.5"
"112317","RedHills","Tamil Nadu SW GW","33","Tamil Nadu","589","Tiruvallur","PONNERI","-","-","-","-","-","-","-","-","13.18666667","80.18833333","20-06-2023 00:00","1.5"
"112318","RedHills","Tamil Nadu SW GW","33","Tamil Nadu","589","Tiruvallur","PONNERI","-","-","-","-","-","-","-","-","13.18666667","80.18833333","20-06-2023 01:00","9.5"
"112319","RedHills","Tamil Nadu SW GW","33","Tamil Nadu","589","Tiruvallur","PONNERI","-","-","-","-","-","-","-","-","13.18666667","80.18833333","20-06-2023 02:00","1.5"
"112320","RedHills","Tamil Nadu SW GW","33","Tamil Nadu","589","Tiruvallur","PONNERI","-","-","-","-","-","-","-","-","13.18666667","80.18833333","20-06-2023 06:00","1"
"112321","RedHills","Tamil Nadu SW GW","33","Tamil Nadu","589","Tiruvallur","PONNERI","-","-","-","-","-","-","-","-","13.18666667","80.18833333","20-06-2023 07:00","2.5"
"112322","RedHills","Tamil Nadu SW GW","33","Tamil Nadu","589","Tiruvallur","PONNERI","-","-","-","-","-","-","-","-","13.18666667","80.18833333","21-06-2023 03:00","3.5"
"112323","RedHills","Tamil Nadu SW GW","33","Tamil Nadu","589","Tiruvallur","PONNERI","-","-","-","-","-","-","-","-","13.18666667","80.18833333","21-06-2023 04:00","1.5"
"112324","RedHills","Tamil Nadu SW GW","33","Tamil Nadu","589","Tiruvallur","PONNERI","-","-","-","-","-","-","-","-","13.18666667","80.18833333","21-06-2023 05:00","0.5"
"112325","RedHills","Tamil Nadu SW GW","33","Tamil Nadu","589","Tiruvallur","PONNERI","-","-","-","-","-","-","-","-","13.18666667","80.18833333","22-06-2023 16:00","1.5"
"112326","RedHills","Tamil Nadu SW GW","33","Tamil Nadu","589","Tiruvallur","PONNERI","-","-","-","-","-","-","-","-","13.18666667","80.18833333","24-06-2023 02:00","8.5"
"112327","RedHills","Tamil Nadu SW GW","33","Tamil Nadu","589","Tiruvallur","PONNERI","-","-","-","-","-","-","-","-","13.18666667","80.18833333","24-06-2023 03:00","3.5"
"112328","RedHills","Tamil Nadu SW GW","33","Tamil Nadu","589","Tiruvallur","PONNERI","-","-","-","-","-","-","-","-","13.18666667","80.18833333","29-06-2023 00:00","1"
"112329","RedHills","Tamil Nadu SW GW","33","Tamil Nadu","589","Tiruvallur","PONNERI","-","-","-","-","-","-","-","-","13.18666667","80.18833333","29-06-2023 01:00","1"
"112330","RedHills","Tamil Nadu SW GW","33","Tamil Nadu","589","Tiruvallur","PONNERI","-","-","-","-","-","-","-","-","13.18666667","80.18833333","29-06-2023 02:00","2"
"112331","RedHills","Tamil Nadu SW GW","33","Tamil Nadu","589","Tiruvallur","PONNERI","-","-","-","-","-","-","-","-","13.18666667","80.18833333","01-07-2023 20:00","4"
"112332","RedHills","Tamil Nadu SW GW","33","Tamil Nadu","589","Tiruvallur","PONNERI","-","-","-","-","-","-","-","-","13.18666667","80.18833333","03-07-2023 03:00","1.5"
"112333","RedHills","Tamil Nadu SW GW","33","Tamil Nadu","589","Tiruvallur","PONNERI","-","-","-","-","-","-","-","-","13.18666667","80.18833333","03-07-2023 04:00","0.5"
"112334","RedHills","Tamil Nadu SW GW","33","Tamil Nadu","589","Tiruvallur","PONNERI","-","-","-","-","-","-","-","-","13.18666667","80.18833333","09-07-2023 20:00","2"
"112335","RedHills","Tamil Nadu SW GW","33","Tamil Nadu","589","Tiruvallur","PONNERI","-","-","-","-","-","-","-","-","13.18666667","80.18833333","09-07-2023 21:00","4.5"
"112336","RedHills","Tamil Nadu SW GW","33","Tamil Nadu","589","Tiruvallur","PONNERI","-","-","-","-","-","-","-","-","13.18666667","80.18833333","09-07-2023 22:00","0.5"
"112337","RedHills","Tamil Nadu SW GW","33","Tamil Nadu","589","Tiruvallur","PONNERI","-","-","-","-","-","-","-","-","13.18666667","80.18833333","13-07-2023 03:00","1"
"112338","RedHills","Tamil Nadu SW GW","33","Tamil Nadu","589","Tiruvallur","PONNERI","-","-","-","-","-","-","-","-","13.18666667","80.18833333","13-07-2023 04:00","1"
"112339","RedHills","Tamil Nadu SW GW","33","Tamil Nadu","589","Tiruvallur","PONNERI","-","-","-","-","-","-","-","-","13.18666667","80.18833333","13-07-2023 05:00","1"
"112340","RedHills","Tamil Nadu SW GW","33","Tamil Nadu","589","Tiruvallur","PONNERI","-","-","-","-","-","-","-","-","13.18666667","80.18833333","13-07-2023 19:00","1"
"112341","RedHills","Tamil Nadu SW GW","33","Tamil Nadu","589","Tiruvallur","PONNERI","-","-","-","-","-","-","-","-","13.18666667","80.18833333","13-07-2023 23:00","6"
"112342","RedHills","Tamil Nadu SW GW","33","Tamil Nadu","589","Tiruvallur","PONNERI","-","-","-","-","-","-","-","-","13.18666667","80.18833333","22-07-2023 21:00","5"
"112343","RedHills","Tamil Nadu SW GW","33","Tamil Nadu","589","Tiruvallur","PONNERI","-","-","-","-","-","-","-","-","13.18666667","80.18833333","22-07-2023 22:00","3.5"
"112344","RedHills","Tamil Nadu SW GW","33","Tamil Nadu","589","Tiruvallur","PONNERI","-","-","-","-","-","-","-","-","13.18666667","80.18833333","22-07-2023 23:00","1.5"
"112345","RedHills","Tamil Nadu SW GW","33","Tamil Nadu","589","Tiruvallur","PONNERI","-","-","-","-","-","-","-","-","13.18666667","80.18833333","23-07-2023 12:00","0.5"
"112346","RedHills","Tamil Nadu SW GW","33","Tamil Nadu","589","Tiruvallur","PONNERI","-","-","-","-","-","-","-","-","13.18666667","80.18833333","23-07-2023 13:00","0.5"
"112347","RedHills","Tamil Nadu SW GW","33","Tamil Nadu","589","Tiruvallur","PONNERI","-","-","-","-","-","-","-","-","13.18666667","80.18833333","23-07-2023 15:00","1"
"112348","RedHills","Tamil Nadu SW GW","33","Tamil Nadu","589","Tiruvallur","PONNERI","-","-","-","-","-","-","-","-","13.18666667","80.18833333","24-07-2023 19:00","1"
"112349","RedHills","Tamil Nadu SW GW","33","Tamil Nadu","589","Tiruvallur","PONNERI","-","-","-","-","-","-","-","-","13.18666667","80.18833333","24-07-2023 20:00","6.5"
"112350","RedHills","Tamil Nadu SW GW","33","Tamil Nadu","589","Tiruvallur","PONNERI","-","-","-","-","-","-","-","-","13.18666667","80.18833333","24-07-2023 21:00","2.5"
"112351","RedHills","Tamil Nadu SW GW","33","Tamil Nadu","589","Tiruvallur","PONNERI","-","-","-","-","-","-","-","-","13.18666667","80.18833333","25-07-2023 14:00","0.5"
"112352","RedHills","Tamil Nadu SW GW","33","Tamil Nadu","589","Tiruvallur","PONNERI","-","-","-","-","-","-","-","-","13.18666667","80.18833333","25-07-2023 17:00","0.5"
"112353","RedHills","Tamil Nadu SW GW","33","Tamil Nadu","589","Tiruvallur","PONNERI","-","-","-","-","-","-","-","-","13.18666667","80.18833333","25-07-2023 21:00","0.5"
"112354","RedHills","Tamil Nadu SW GW","33","Tamil Nadu","589","Tiruvallur","PONNERI","-","-","-","-","-","-","-","-","13.18666667","80.18833333","26-07-2023 01:00","0.5"
"112355","RedHills","Tamil Nadu SW GW","33","Tamil Nadu","589","Tiruvallur","PONNERI","-","-","-","-","-","-","-","-","13.18666667","80.18833333","26-07-2023 10:00","0.5"
"112356","RedHills","Tamil Nadu SW GW","33","Tamil Nadu","589","Tiruvallur","PONNERI","-","-","-","-","-","-","-","-","13.18666667","80.18833333","04-08-2023 18:00","4"
"112357","RedHills","Tamil Nadu SW GW","33","Tamil Nadu","589","Tiruvallur","PONNERI","-","-","-","-","-","-","-","-","13.18666667","80.18833333","07-08-2023 02:00","0.5"
"112358","RedHills","Tamil Nadu SW GW","33","Tamil Nadu","589","Tiruvallur","PONNERI","-","-","-","-","-","-","-","-","13.18666667","80.18833333","12-08-2023 14:00","4"
"112359","RedHills","Tamil Nadu SW GW","33","Tamil Nadu","589","Tiruvallur","PONNERI","-","-","-","-","-","-","-","-","13.18666667","80.18833333","12-08-2023 15:00","1"
"112360","RedHills","Tamil Nadu SW GW","33","Tamil Nadu","589","Tiruvallur","PONNERI","-","-","-","-","-","-","-","-","13.18666667","80.18833333","13-08-2023 19:00","5"
"112361","RedHills","Tamil Nadu SW GW","33","Tamil Nadu","589","Tiruvallur","PONNERI","-","-","-","-","-","-","-","-","13.18666667","80.18833333","13-08-2023 20:00","3"
"112362","RedHills","Tamil Nadu SW GW","33","Tamil Nadu","589","Tiruvallur","PONNERI","-","-","-","-","-","-","-","-","13.18666667","80.18833333","13-08-2023 23:00","4"
"112363","RedHills","Tamil Nadu SW GW","33","Tamil Nadu","589","Tiruvallur","PONNERI","-","-","-","-","-","-","-","-","13.18666667","80.18833333","14-08-2023 00:00","3"
"112364","RedHills","Tamil Nadu SW GW","33","Tamil Nadu","589","Tiruvallur","PONNERI","-","-","-","-","-","-","-","-","13.18666667","80.18833333","14-08-2023 01:00","1"
"112365","RedHills","Tamil Nadu SW GW","33","Tamil Nadu","589","Tiruvallur","PONNERI","-","-","-","-","-","-","-","-","13.18666667","80.18833333","14-08-2023 03:00","0.5"
"112366","RedHills","Tamil Nadu SW GW","33","Tamil Nadu","589","Tiruvallur","PONNERI","-","-","-","-","-","-","-","-","13.18666667","80.18833333","14-08-2023 04:00","0.5"
"112367","RedHills","Tamil Nadu SW GW","33","Tamil Nadu","589","Tiruvallur","PONNERI","-","-","-","-","-","-","-","-","13.18666667","80.18833333","14-08-2023 22:00","1.5"
"112368","RedHills","Tamil Nadu SW GW","33","Tamil Nadu","589","Tiruvallur","PONNERI","-","-","-","-","-","-","-","-","13.18666667","80.18833333","14-08-2023 23:00","4.5"
"112369","RedHills","Tamil Nadu SW GW","33","Tamil Nadu","589","Tiruvallur","PONNERI","-","-","-","-","-","-","-","-","13.18666667","80.18833333","16-08-2023 03:00","8"
"112370","RedHills","Tamil Nadu SW GW","33","Tamil Nadu","589","Tiruvallur","PONNERI","-","-","-","-","-","-","-","-","13.18666667","80.18833333","16-08-2023 22:00","0.5"
"112371","RedHills","Tamil Nadu SW GW","33","Tamil Nadu","589","Tiruvallur","PONNERI","-","-","-","-","-","-","-","-","13.18666667","80.18833333","16-08-2023 23:00","3"
"112372","RedHills","Tamil Nadu SW GW","33","Tamil Nadu","589","Tiruvallur","PONNERI","-","-","-","-","-","-","-","-","13.18666667","80.18833333","17-08-2023 00:00","0.5"
"112373","RedHills","Tamil Nadu SW GW","33","Tamil Nadu","589","Tiruvallur","PONNERI","-","-","-","-","-","-","-","-","13.18666667","80.18833333","17-08-2023 02:00","1"
"112374","RedHills","Tamil Nadu SW GW","33","Tamil Nadu","589","Tiruvallur","PONNERI","-","-","-","-","-","-","-","-","13.18666667","80.18833333","17-08-2023 19:00","0.5"
"112375","RedHills","Tamil Nadu SW GW","33","Tamil Nadu","589","Tiruvallur","PONNERI","-","-","-","-","-","-","-","-","13.18666667","80.18833333","17-08-2023 20:00","9.5"
"112376","RedHills","Tamil Nadu SW GW","33","Tamil Nadu","589","Tiruvallur","PONNERI","-","-","-","-","-","-","-","-","13.18666667","80.18833333","17-08-2023 23:00","3"
"112377","RedHills","Tamil Nadu SW GW","33","Tamil Nadu","589","Tiruvallur","PONNERI","-","-","-","-","-","-","-","-","13.18666667","80.18833333","18-08-2023 00:00","0.5"
"112378","RedHills","Tamil Nadu SW GW","33","Tamil Nadu","589","Tiruvallur","PONNERI","-","-","-","-","-","-","-","-","13.18666667","80.18833333","19-08-2023 20:00","16.5"
"112379","RedHills","Tamil Nadu SW GW","33","Tamil Nadu","589","Tiruvallur","PONNERI","-","-","-","-","-","-","-","-","13.18666667","80.18833333","23-08-2023 02:00","5"
"112380","RedHills","Tamil Nadu SW GW","33","Tamil Nadu","589","Tiruvallur","PONNERI","-","-","-","-","-","-","-","-","13.18666667","80.18833333","23-08-2023 03:00","7.5"
"112381","RedHills","Tamil Nadu SW GW","33","Tamil Nadu","589","Tiruvallur","PONNERI","-","-","-","-","-","-","-","-","13.18666667","80.18833333","23-08-2023 05:00","14.5"
"112382","RedHills","Tamil Nadu SW GW","33","Tamil Nadu","589","Tiruvallur","PONNERI","-","-","-","-","-","-","-","-","13.18666667","80.18833333","23-08-2023 06:00","1"
"112383","RedHills","Tamil Nadu SW GW","33","Tamil Nadu","589","Tiruvallur","PONNERI","-","-","-","-","-","-","-","-","13.18666667","80.18833333","23-08-2023 07:00","0.5"
"112384","RedHills","Tamil Nadu SW GW","33","Tamil Nadu","589","Tiruvallur","PONNERI","-","-","-","-","-","-","-","-","13.18666667","80.18833333","24-08-2023 01:00","21"
"112385","RedHills","Tamil Nadu SW GW","33","Tamil Nadu","589","Tiruvallur","PONNERI","-","-","-","-","-","-","-","-","13.18666667","80.18833333","24-08-2023 02:00","1.5"
"112386","RedHills","Tamil Nadu SW GW","33","Tamil Nadu","589","Tiruvallur","PONNERI","-","-","-","-","-","-","-","-","13.18666667","80.18833333","24-08-2023 03:00","2"
"112387","RedHills","Tamil Nadu SW GW","33","Tamil Nadu","589","Tiruvallur","PONNERI","-","-","-","-","-","-","-","-","13.18666667","80.18833333","24-08-2023 04:00","2"
"112388","RedHills","Tamil Nadu SW GW","33","Tamil Nadu","589","Tiruvallur","PONNERI","-","-","-","-","-","-","-","-","13.18666667","80.18833333","24-08-2023 05:00","1"
"112389","RedHills","Tamil Nadu SW GW","33","Tamil Nadu","589","Tiruvallur","PONNERI","-","-","-","-","-","-","-","-","13.18666667","80.18833333","24-08-2023 06:00","0.5"
"112390","RedHills","Tamil Nadu SW GW","33","Tamil Nadu","589","Tiruvallur","PONNERI","-","-","-","-","-","-","-","-","13.18666667","80.18833333","26-08-2023 17:00","2"
"112391","RedHills","Tamil Nadu SW GW","33","Tamil Nadu","589","Tiruvallur","PONNERI","-","-","-","-","-","-","-","-","13.18666667","80.18833333","26-08-2023 21:00","0.5"
"112392","RedHills","Tamil Nadu SW GW","33","Tamil Nadu","589","Tiruvallur","PONNERI","-","-","-","-","-","-","-","-","13.18666667","80.18833333","27-08-2023 01:00","2.5"
"112393","RedHills","Tamil Nadu SW GW","33","Tamil Nadu","589","Tiruvallur","PONNERI","-","-","-","-","-","-","-","-","13.18666667","80.18833333","27-08-2023 02:00","1"
"112394","RedHills","Tamil Nadu SW GW","33","Tamil Nadu","589","Tiruvallur","PONNERI","-","-","-","-","-","-","-","-","13.18666667","80.18833333","27-08-2023 03:00","13.5"
"112395","RedHills","Tamil Nadu SW GW","33","Tamil Nadu","589","Tiruvallur","PONNERI","-","-","-","-","-","-","-","-","13.18666667","80.18833333","29-08-2023 04:00","16"
"112396","RedHills","Tamil Nadu SW GW","33","Tamil Nadu","589","Tiruvallur","PONNERI","-","-","-","-","-","-","-","-","13.18666667","80.18833333","29-08-2023 05:00","5"
"112397","RedHills","Tamil Nadu SW GW","33","Tamil Nadu","589","Tiruvallur","PONNERI","-","-","-","-","-","-","-","-","13.18666667","80.18833333","29-08-2023 06:00","1"
"112398","RedHills","Tamil Nadu SW GW","33","Tamil Nadu","589","Tiruvallur","PONNERI","-","-","-","-","-","-","-","-","13.18666667","80.18833333","29-08-2023 07:00","1"
"112399","RedHills","Tamil Nadu SW GW","33","Tamil Nadu","589","Tiruvallur","PONNERI","-","-","-","-","-","-","-","-","13.18666667","80.18833333","30-08-2023 17:00","20.5"
"112400","RedHills","Tamil Nadu SW GW","33","Tamil Nadu","589","Tiruvallur","PONNERI","-","-","-","-","-","-","-","-","13.18666667","80.18833333","30-08-2023 18:00","0.5"
"112401","RedHills","Tamil Nadu SW GW","33","Tamil Nadu","589","Tiruvallur","PONNERI","-","-","-","-","-","-","-","-","13.18666667","80.18833333","03-09-2023 17:00","4.5"
"112402","RedHills","Tamil Nadu SW GW","33","Tamil Nadu","589","Tiruvallur","PONNERI","-","-","-","-","-","-","-","-","13.18666667","80.18833333","03-09-2023 18:00","3.5"
"112403","RedHills","Tamil Nadu SW GW","33","Tamil Nadu","589","Tiruvallur","PONNERI","-","-","-","-","-","-","-","-","13.18666667","80.18833333","04-09-2023 19:00","0.5"
"112404","RedHills","Tamil Nadu SW GW","33","Tamil Nadu","589","Tiruvallur","PONNERI","-","-","-","-","-","-","-","-","13.18666667","80.18833333","07-09-2023 20:00","3.5"
"112405","RedHills","Tamil Nadu SW GW","33","Tamil Nadu","589","Tiruvallur","PONNERI","-","-","-","-","-","-","-","-","13.18666667","80.18833333","07-09-2023 21:00","3"
"112406","RedHills","Tamil Nadu SW GW","33","Tamil Nadu","589","Tiruvallur","PONNERI","-","-","-","-","-","-","-","-","13.18666667","80.18833333","07-09-2023 22:00","11"
"112407","RedHills","Tamil Nadu SW GW","33","Tamil Nadu","589","Tiruvallur","PONNERI","-","-","-","-","-","-","-","-","13.18666667","80.18833333","07-09-2023 23:00","6"
"112408","RedHills","Tamil Nadu SW GW","33","Tamil Nadu","589","Tiruvallur","PONNERI","-","-","-","-","-","-","-","-","13.18666667","80.18833333","08-09-2023 00:00","2"
"112409","RedHills","Tamil Nadu SW GW","33","Tamil Nadu","589","Tiruvallur","PONNERI","-","-","-","-","-","-","-","-","13.18666667","80.18833333","09-09-2023 18:00","2.5"
"112410","RedHills","Tamil Nadu SW GW","33","Tamil Nadu","589","Tiruvallur","PONNERI","-","-","-","-","-","-","-","-","13.18666667","80.18833333","13-09-2023 22:00","1.5"
"112411","RedHills","Tamil Nadu SW GW","33","Tamil Nadu","589","Tiruvallur","PONNERI","-","-","-","-","-","-","-","-","13.18666667","80.18833333","13-09-2023 23:00","0.5"
"112412","RedHills","Tamil Nadu SW GW","33","Tamil Nadu","589","Tiruvallur","PONNERI","-","-","-","-","-","-","-","-","13.18666667","80.18833333","14-09-2023 00:00","0.5"
"112413","RedHills","Tamil Nadu SW GW","33","Tamil Nadu","589","Tiruvallur","PONNERI","-","-","-","-","-","-","-","-","13.18666667","80.18833333","14-09-2023 01:00","0.5"
"112414","RedHills","Tamil Nadu SW GW","33","Tamil Nadu","589","Tiruvallur","PONNERI","-","-","-","-","-","-","-","-","13.18666667","80.18833333","14-09-2023 19:00","1.5"
"112415","RedHills","Tamil Nadu SW GW","33","Tamil Nadu","589","Tiruvallur","PONNERI","-","-","-","-","-","-","-","-","13.18666667","80.18833333","15-09-2023 19:00","3"
"112416","RedHills","Tamil Nadu SW GW","33","Tamil Nadu","589","Tiruvallur","PONNERI","-","-","-","-","-","-","-","-","13.18666667","80.18833333","16-09-2023 00:00","9"
"112417","RedHills","Tamil Nadu SW GW","33","Tamil Nadu","589","Tiruvallur","PONNERI","-","-","-","-","-","-","-","-","13.18666667","80.18833333","16-09-2023 16:00","1"
"112418","RedHills","Tamil Nadu SW GW","33","Tamil Nadu","589","Tiruvallur","PONNERI","-","-","-","-","-","-","-","-","13.18666667","80.18833333","16-09-2023 19:00","0.5"
"112419","RedHills","Tamil Nadu SW GW","33","Tamil Nadu","589","Tiruvallur","PONNERI","-","-","-","-","-","-","-","-","13.18666667","80.18833333","16-09-2023 22:00","7.5"
"112420","RedHills","Tamil Nadu SW GW","33","Tamil Nadu","589","Tiruvallur","PONNERI","-","-","-","-","-","-","-","-","13.18666667","80.18833333","16-09-2023 23:00","2"
"112421","RedHills","Tamil Nadu SW GW","33","Tamil Nadu","589","Tiruvallur","PONNERI","-","-","-","-","-","-","-","-","13.18666667","80.18833333","17-09-2023 00:00","2"
"112422","RedHills","Tamil Nadu SW GW","33","Tamil Nadu","589","Tiruvallur","PONNERI","-","-","-","-","-","-","-","-","13.18666667","80.18833333","17-09-2023 01:00","2"
"112423","RedHills","Tamil Nadu SW GW","33","Tamil Nadu","589","Tiruvallur","PONNERI","-","-","-","-","-","-","-","-","13.18666667","80.18833333","18-09-2023 01:00","7"
"112424","RedHills","Tamil Nadu SW GW","33","Tamil Nadu","589","Tiruvallur","PONNERI","-","-","-","-","-","-","-","-","13.18666667","80.18833333","18-09-2023 18:00","3"
"112425","RedHills","Tamil Nadu SW GW","33","Tamil Nadu","589","Tiruvallur","PONNERI","-","-","-","-","-","-","-","-","13.18666667","80.18833333","19-09-2023 01:00","7.5"
"112426","RedHills","Tamil Nadu SW GW","33","Tamil Nadu","589","Tiruvallur","PONNERI","-","-","-","-","-","-","-","-","13.18666667","80.18833333","19-09-2023 02:00","1"
"112427","RedHills","Tamil Nadu SW GW","33","Tamil Nadu","589","Tiruvallur","PONNERI","-","-","-","-","-","-","-","-","13.18666667","80.18833333","19-09-2023 03:00","1.5"
"112428","RedHills","Tamil Nadu SW GW","33","Tamil Nadu","589","Tiruvallur","PONNERI","-","-","-","-","-","-","-","-","13.18666667","80.18833333","21-09-2023 09:00","2"
"112429","RedHills","Tamil Nadu SW GW","33","Tamil Nadu","589","Tiruvallur","PONNERI","-","-","-","-","-","-","-","-","13.18666667","80.18833333","26-09-2023 06:00","7"
"112430","RedHills","Tamil Nadu SW GW","33","Tamil Nadu","589","Tiruvallur","PONNERI","-","-","-","-","-","-","-","-","13.18666667","80.18833333","26-09-2023 07:00","8"
"112431","RedHills","Tamil Nadu SW GW","33","Tamil Nadu","589","Tiruvallur","PONNERI","-","-","-","-","-","-","-","-","13.18666667","80.18833333","03-11-2023 10:00","1"
"112432","RedHills","Tamil Nadu SW GW","33","Tamil Nadu","589","Tiruvallur","PONNERI","-","-","-","-","-","-","-","-","13.18666667","80.18833333","16-11-2023 12:00","27"
"112433","RedHills","Tamil Nadu SW GW","33","Tamil Nadu","589","Tiruvallur","PONNERI","-","-","-","-","-","-","-","-","13.18666667","80.18833333","20-11-2023 13:00","8"
"112434","RedHills","Tamil Nadu SW GW","33","Tamil Nadu","589","Tiruvallur","PONNERI","-","-","-","-","-","-","-","-","13.18666667","80.18833333","04-12-2023 03:00","2"
"112435","RedHills","Tamil Nadu SW GW","33","Tamil Nadu","589","Tiruvallur","PONNERI","-","-","-","-","-","-","-","-","13.18666667","80.18833333","04-12-2023 04:00","4"
"112436","RedHills","Tamil Nadu SW GW","33","Tamil Nadu","589","Tiruvallur","PONNERI","-","-","-","-","-","-","-","-","13.18666667","80.18833333","04-12-2023 05:00","9"
"112437","RedHills","Tamil Nadu SW GW","33","Tamil Nadu","589","Tiruvallur","PONNERI","-","-","-","-","-","-","-","-","13.18666667","80.18833333","04-12-2023 06:00","4"
"112438","RedHills","Tamil Nadu SW GW","33","Tamil Nadu","589","Tiruvallur","PONNERI","-","-","-","-","-","-","-","-","13.18666667","80.18833333","04-12-2023 07:00","1"
"112439","RedHills","Tamil Nadu SW GW","33","Tamil Nadu","589","Tiruvallur","PONNERI","-","-","-","-","-","-","-","-","13.18666667","80.18833333","04-12-2023 08:00","3"
"112440","RedHills","Tamil Nadu SW GW","33","Tamil Nadu","589","Tiruvallur","PONNERI","-","-","-","-","-","-","-","-","13.18666667","80.18833333","04-12-2023 09:00","3"
"112441","RedHills","Tamil Nadu SW GW","33","Tamil Nadu","589","Tiruvallur","PONNERI","-","-","-","-","-","-","-","-","13.18666667","80.18833333","04-12-2023 10:00","7.5"
"112442","RedHills","Tamil Nadu SW GW","33","Tamil Nadu","589","Tiruvallur","PONNERI","-","-","-","-","-","-","-","-","13.18666667","80.18833333","04-12-2023 11:00","7"
"112443","RedHills","Tamil Nadu SW GW","33","Tamil Nadu","589","Tiruvallur","PONNERI","-","-","-","-","-","-","-","-","13.18666667","80.18833333","04-12-2023 12:00","4.5"
"112444","RedHills","Tamil Nadu SW GW","33","Tamil Nadu","589","Tiruvallur","PONNERI","-","-","-","-","-","-","-","-","13.18666667","80.18833333","04-12-2023 13:00","2"
"112445","RedHills","Tamil Nadu SW GW","33","Tamil Nadu","589","Tiruvallur","PONNERI","-","-","-","-","-","-","-","-","13.18666667","80.18833333","04-12-2023 14:00","2"
"112446","RedHills","Tamil Nadu SW GW","33","Tamil Nadu","589","Tiruvallur","PONNERI","-","-","-","-","-","-","-","-","13.18666667","80.18833333","04-12-2023 15:00","1"
"112447","RedHills","Tamil Nadu SW GW","33","Tamil Nadu","589","Tiruvallur","PONNERI","-","-","-","-","-","-","-","-","13.18666667","80.18833333","04-12-2023 16:00","2"
"112448","RedHills","Tamil Nadu SW GW","33","Tamil Nadu","589","Tiruvallur","PONNERI","-","-","-","-","-","-","-","-","13.18666667","80.18833333","04-12-2023 17:00","1"
"112449","RedHills","Tamil Nadu SW GW","33","Tamil Nadu","589","Tiruvallur","PONNERI","-","-","-","-","-","-","-","-","13.18666667","80.18833333","04-12-2023 19:00","1"
"112450","RedHills","Tamil Nadu SW GW","33","Tamil Nadu","589","Tiruvallur","PONNERI","-","-","-","-","-","-","-","-","13.18666667","80.18833333","19-05-2024 02:00","10.5"
"112451","RedHills","Tamil Nadu SW GW","33","Tamil Nadu","589","Tiruvallur","PONNERI","-","-","-","-","-","-","-","-","13.18666667","80.18833333","20-05-2024 09:00","0.5"
"112452","RedHills","Tamil Nadu SW GW","33","Tamil Nadu","589","Tiruvallur","PONNERI","-","-","-","-","-","-","-","-","13.18666667","80.18833333","21-05-2024 05:00","1"
"112453","RedHills","Tamil Nadu SW GW","33","Tamil Nadu","589","Tiruvallur","PONNERI","-","-","-","-","-","-","-","-","13.18666667","80.18833333","22-05-2024 03:00","1"
"112454","RedHills","Tamil Nadu SW GW","33","Tamil Nadu","589","Tiruvallur","PONNERI","-","-","-","-","-","-","-","-","13.18666667","80.18833333","22-05-2024 19:00","0.5"
"112455","RedHills","Tamil Nadu SW GW","33","Tamil Nadu","589","Tiruvallur","PONNERI","-","-","-","-","-","-","-","-","13.18666667","80.18833333","22-05-2024 23:00","0.5"
"112456","RedHills","Tamil Nadu SW GW","33","Tamil Nadu","589","Tiruvallur","PONNERI","-","-","-","-","-","-","-","-","13.18666667","80.18833333","06-06-2024 20:00","14"
"112457","RedHills","Tamil Nadu SW GW","33","Tamil Nadu","589","Tiruvallur","PONNERI","-","-","-","-","-","-","-","-","13.18666667","80.18833333","08-06-2024 00:00","2"
"112458","RedHills","Tamil Nadu SW GW","33","Tamil Nadu","589","Tiruvallur","PONNERI","-","-","-","-","-","-","-","-","13.18666667","80.18833333","08-06-2024 17:00","0.5"
"112459","RedHills","Tamil Nadu SW GW","33","Tamil Nadu","589","Tiruvallur","PONNERI","-","-","-","-","-","-","-","-","13.18666667","80.18833333","11-06-2024 20:00","0.5"
"112460","RedHills","Tamil Nadu SW GW","33","Tamil Nadu","589","Tiruvallur","PONNERI","-","-","-","-","-","-","-","-","13.18666667","80.18833333","11-06-2024 21:00","12"
"112461","RedHills","Tamil Nadu SW GW","33","Tamil Nadu","589","Tiruvallur","PONNERI","-","-","-","-","-","-","-","-","13.18666667","80.18833333","11-06-2024 22:00","4"
"112462","RedHills","Tamil Nadu SW GW","33","Tamil Nadu","589","Tiruvallur","PONNERI","-","-","-","-","-","-","-","-","13.18666667","80.18833333","18-06-2024 23:00","1"
"112463","RedHills","Tamil Nadu SW GW","33","Tamil Nadu","589","Tiruvallur","PONNERI","-","-","-","-","-","-","-","-","13.18666667","80.18833333","14-07-2024 09:00","0.5"
"112464","RedHills","Tamil Nadu SW GW","33","Tamil Nadu","589","Tiruvallur","PONNERI","-","-","-","-","-","-","-","-","13.18666667","80.18833333","14-07-2024 15:00","0.5"
"112465","RedHills","Tamil Nadu SW GW","33","Tamil Nadu","589","Tiruvallur","PONNERI","-","-","-","-","-","-","-","-","13.18666667","80.18833333","15-07-2024 11:00","0.5"
"112466","RedHills","Tamil Nadu SW GW","33","Tamil Nadu","589","Tiruvallur","PONNERI","-","-","-","-","-","-","-","-","13.18666667","80.18833333","15-07-2024 12:00","0.5"
"112467","RedHills","Tamil Nadu SW GW","33","Tamil Nadu","589","Tiruvallur","PONNERI","-","-","-","-","-","-","-","-","13.18666667","80.18833333","15-07-2024 13:00","0.5"
"112468","RedHills","Tamil Nadu SW GW","33","Tamil Nadu","589","Tiruvallur","PONNERI","-","-","-","-","-","-","-","-","13.18666667","80.18833333","15-07-2024 14:00","0.5"
"112469","RedHills","Tamil Nadu SW GW","33","Tamil Nadu","589","Tiruvallur","PONNERI","-","-","-","-","-","-","-","-","13.18666667","80.18833333","15-07-2024 15:00","1"
"112470","RedHills","Tamil Nadu SW GW","33","Tamil Nadu","589","Tiruvallur","PONNERI","-","-","-","-","-","-","-","-","13.18666667","80.18833333","09-09-2024 11:45","12"
"112471","RedHills","Tamil Nadu SW GW","33","Tamil Nadu","589","Tiruvallur","PONNERI","-","-","-","-","-","-","-","-","13.18666667","80.18833333","21-09-2024 01:00","1"
"112472","RedHills","Tamil Nadu SW GW","33","Tamil Nadu","589","Tiruvallur","PONNERI","-","-","-","-","-","-","-","-","13.18666667","80.18833333","21-09-2024 04:00","1"
"112473","RedHills","Tamil Nadu SW GW","33","Tamil Nadu","589","Tiruvallur","PONNERI","-","-","-","-","-","-","-","-","13.18666667","80.18833333","21-09-2024 05:00","1"
"112474","RedHills","Tamil Nadu SW GW","33","Tamil Nadu","589","Tiruvallur","PONNERI","-","-","-","-","-","-","-","-","13.18666667","80.18833333","21-09-2024 06:00","1.5"
"112475","RedHills","Tamil Nadu SW GW","33","Tamil Nadu","589","Tiruvallur","PONNERI","-","-","-","-","-","-","-","-","13.18666667","80.18833333","21-09-2024 07:00","0.5"
"112476","RedHills","Tamil Nadu SW GW","33","Tamil Nadu","589","Tiruvallur","PONNERI","-","-","-","-","-","-","-","-","13.18666667","80.18833333","25-09-2024 22:00","11"
"112477","RedHills","Tamil Nadu SW GW","33","Tamil Nadu","589","Tiruvallur","PONNERI","-","-","-","-","-","-","-","-","13.18666667","80.18833333","27-09-2024 15:00","1"
"112478","RedHills","Tamil Nadu SW GW","33","Tamil Nadu","589","Tiruvallur","PONNERI","-","-","-","-","-","-","-","-","13.18666667","80.18833333","02-10-2024 23:00","0.5"
"112479","RedHills","Tamil Nadu SW GW","33","Tamil Nadu","589","Tiruvallur","PONNERI","-","-","-","-","-","-","-","-","13.18666667","80.18833333","03-10-2024 16:00","0.5"
"112480","RedHills","Tamil Nadu SW GW","33","Tamil Nadu","589","Tiruvallur","PONNERI","-","-","-","-","-","-","-","-","13.18666667","80.18833333","08-10-2024 04:00","0.5"
"112481","RedHills","Tamil Nadu SW GW","33","Tamil Nadu","589","Tiruvallur","PONNERI","-","-","-","-","-","-","-","-","13.18666667","80.18833333","09-10-2024 02:00","0.5"
"112482","RedHills","Tamil Nadu SW GW","33","Tamil Nadu","589","Tiruvallur","PONNERI","-","-","-","-","-","-","-","-","13.18666667","80.18833333","17-10-2024 11:30","3"
"112483","RedHills","Tamil Nadu SW GW","33","Tamil Nadu","589","Tiruvallur","PONNERI","-","-","-","-","-","-","-","-","13.18666667","80.18833333","17-10-2024 11:35","9.5"
"112484","RedHills","Tamil Nadu SW GW","33","Tamil Nadu","589","Tiruvallur","PONNERI","-","-","-","-","-","-","-","-","13.18666667","80.18833333","17-10-2024 12:00","19"
"112485","RedHills","Tamil Nadu SW GW","33","Tamil Nadu","589","Tiruvallur","PONNERI","-","-","-","-","-","-","-","-","13.18666667","80.18833333","30-10-2024 13:00","26"
"112486","RedHills","Tamil Nadu SW GW","33","Tamil Nadu","589","Tiruvallur","PONNERI","-","-","-","-","-","-","-","-","13.18666667","80.18833333","30-10-2024 13:30","3.5"
"112487","RedHills","Tamil Nadu SW GW","33","Tamil Nadu","589","Tiruvallur","PONNERI","-","-","-","-","-","-","-","-","13.18666667","80.18833333","30-10-2024 14:00","30"
"112488","RedHills","Tamil Nadu SW GW","33","Tamil Nadu","589","Tiruvallur","PONNERI","-","-","-","-","-","-","-","-","13.18666667","80.18833333","01-11-2024 00:30","3"
"112489","RedHills","Tamil Nadu SW GW","33","Tamil Nadu","589","Tiruvallur","PONNERI","-","-","-","-","-","-","-","-","13.18666667","80.18833333","01-11-2024 01:00","9.5"
"112490","RedHills","Tamil Nadu SW GW","33","Tamil Nadu","589","Tiruvallur","PONNERI","-","-","-","-","-","-","-","-","13.18666667","80.18833333","01-11-2024 01:30","3"
"112491","RedHills","Tamil Nadu SW GW","33","Tamil Nadu","589","Tiruvallur","PONNERI","-","-","-","-","-","-","-","-","13.18666667","80.18833333","01-11-2024 14:30","3"
"112492","RedHills","Tamil Nadu SW GW","33","Tamil Nadu","589","Tiruvallur","PONNERI","-","-","-","-","-","-","-","-","13.18666667","80.18833333","01-11-2024 15:00","3"
"112493","RedHills","Tamil Nadu SW GW","33","Tamil Nadu","589","Tiruvallur","PONNERI","-","-","-","-","-","-","-","-","13.18666667","80.18833333","06-11-2024 15:30","6"
"112494","RedHills","Tamil Nadu SW GW","33","Tamil Nadu","589","Tiruvallur","PONNERI","-","-","-","-","-","-","-","-","13.18666667","80.18833333","07-11-2024 02:00","3"
"112495","RedHills","Tamil Nadu SW GW","33","Tamil Nadu","589","Tiruvallur","PONNERI","-","-","-","-","-","-","-","-","13.18666667","80.18833333","07-11-2024 02:30","11"
"112496","RedHills","Tamil Nadu SW GW","33","Tamil Nadu","589","Tiruvallur","PONNERI","-","-","-","-","-","-","-","-","13.18666667","80.18833333","07-11-2024 03:00","11"
"112497","RedHills","Tamil Nadu SW GW","33","Tamil Nadu","589","Tiruvallur","PONNERI","-","-","-","-","-","-","-","-","13.18666667","80.18833333","07-11-2024 04:00","5"
"112498","RedHills","Tamil Nadu SW GW","33","Tamil Nadu","589","Tiruvallur","PONNERI","-","-","-","-","-","-","-","-","13.18666667","80.18833333","07-11-2024 10:00","1.5"
"112499","RedHills","Tamil Nadu SW GW","33","Tamil Nadu","589","Tiruvallur","PONNERI","-","-","-","-","-","-","-","-","13.18666667","80.18833333","07-11-2024 10:30","0.5"
"112500","RedHills","Tamil Nadu SW GW","33","Tamil Nadu","589","Tiruvallur","PONNERI","-","-","-","-","-","-","-","-","13.18666667","80.18833333","07-11-2024 11:00","0.5"
"112501","RedHills","Tamil Nadu SW GW","33","Tamil Nadu","589","Tiruvallur","PONNERI","-","-","-","-","-","-","-","-","13.18666667","80.18833333","07-11-2024 13:00","2.5"
"112502","RedHills","Tamil Nadu SW GW","33","Tamil Nadu","589","Tiruvallur","PONNERI","-","-","-","-","-","-","-","-","13.18666667","80.18833333","07-11-2024 13:30","3"
"112503","RedHills","Tamil Nadu SW GW","33","Tamil Nadu","589","Tiruvallur","PONNERI","-","-","-","-","-","-","-","-","13.18666667","80.18833333","11-11-2024 22:30","0.5"
"112504","RedHills","Tamil Nadu SW GW","33","Tamil Nadu","589","Tiruvallur","PONNERI","-","-","-","-","-","-","-","-","13.18666667","80.18833333","11-11-2024 23:00","1"
"112505","RedHills","Tamil Nadu SW GW","33","Tamil Nadu","589","Tiruvallur","PONNERI","-","-","-","-","-","-","-","-","13.18666667","80.18833333","12-11-2024 01:00","1"
"112506","RedHills","Tamil Nadu SW GW","33","Tamil Nadu","589","Tiruvallur","PONNERI","-","-","-","-","-","-","-","-","13.18666667","80.18833333","12-11-2024 05:00","0.5"
"112507","RedHills","Tamil Nadu SW GW","33","Tamil Nadu","589","Tiruvallur","PONNERI","-","-","-","-","-","-","-","-","13.18666667","80.18833333","12-11-2024 05:30","0.5"
"112508","RedHills","Tamil Nadu SW GW","33","Tamil Nadu","589","Tiruvallur","PONNERI","-","-","-","-","-","-","-","-","13.18666667","80.18833333","12-11-2024 06:00","0.5"
"112509","RedHills","Tamil Nadu SW GW","33","Tamil Nadu","589","Tiruvallur","PONNERI","-","-","-","-","-","-","-","-","13.18666667","80.18833333","12-11-2024 07:00","1"
"112510","RedHills","Tamil Nadu SW GW","33","Tamil Nadu","589","Tiruvallur","PONNERI","-","-","-","-","-","-","-","-","13.18666667","80.18833333","12-11-2024 08:00","3"
"112511","RedHills","Tamil Nadu SW GW","33","Tamil Nadu","589","Tiruvallur","PONNERI","-","-","-","-","-","-","-","-","13.18666667","80.18833333","12-11-2024 09:00","8"
"112512","RedHills","Tamil Nadu SW GW","33","Tamil Nadu","589","Tiruvallur","PONNERI","-","-","-","-","-","-","-","-","13.18666667","80.18833333","12-11-2024 09:30","5"
"112513","RedHills","Tamil Nadu SW GW","33","Tamil Nadu","589","Tiruvallur","PONNERI","-","-","-","-","-","-","-","-","13.18666667","80.18833333","12-11-2024 10:00","6"
"112514","RedHills","Tamil Nadu SW GW","33","Tamil Nadu","589","Tiruvallur","PONNERI","-","-","-","-","-","-","-","-","13.18666667","80.18833333","12-11-2024 10:30","1"
"112515","RedHills","Tamil Nadu SW GW","33","Tamil Nadu","589","Tiruvallur","PONNERI","-","-","-","-","-","-","-","-","13.18666667","80.18833333","12-11-2024 11:00","2"
"112516","RedHills","Tamil Nadu SW GW","33","Tamil Nadu","589","Tiruvallur","PONNERI","-","-","-","-","-","-","-","-","13.18666667","80.18833333","12-11-2024 11:30","1.5"
"112517","RedHills","Tamil Nadu SW GW","33","Tamil Nadu","589","Tiruvallur","PONNERI","-","-","-","-","-","-","-","-","13.18666667","80.18833333","12-11-2024 12:00","2"
"112518","RedHills","Tamil Nadu SW GW","33","Tamil Nadu","589","Tiruvallur","PONNERI","-","-","-","-","-","-","-","-","13.18666667","80.18833333","12-11-2024 13:30","0.5"
"112519","RedHills","Tamil Nadu SW GW","33","Tamil Nadu","589","Tiruvallur","PONNERI","-","-","-","-","-","-","-","-","13.18666667","80.18833333","12-11-2024 20:00","1"
"112520","RedHills","Tamil Nadu SW GW","33","Tamil Nadu","589","Tiruvallur","PONNERI","-","-","-","-","-","-","-","-","13.18666667","80.18833333","13-11-2024 00:30","1"
"112521","RedHills","Tamil Nadu SW GW","33","Tamil Nadu","589","Tiruvallur","PONNERI","-","-","-","-","-","-","-","-","13.18666667","80.18833333","13-11-2024 01:00","1"
"112522","RedHills","Tamil Nadu SW GW","33","Tamil Nadu","589","Tiruvallur","PONNERI","-","-","-","-","-","-","-","-","13.18666667","80.18833333","13-11-2024 02:00","1"
"112523","RedHills","Tamil Nadu SW GW","33","Tamil Nadu","589","Tiruvallur","PONNERI","-","-","-","-","-","-","-","-","13.18666667","80.18833333","13-11-2024 02:30","1"
"112524","RedHills","Tamil Nadu SW GW","33","Tamil Nadu","589","Tiruvallur","PONNERI","-","-","-","-","-","-","-","-","13.18666667","80.18833333","13-11-2024 03:00","2"
"112525","RedHills","Tamil Nadu SW GW","33","Tamil Nadu","589","Tiruvallur","PONNERI","-","-","-","-","-","-","-","-","13.18666667","80.18833333","13-11-2024 04:30","0.5"
"112526","RedHills","Tamil Nadu SW GW","33","Tamil Nadu","589","Tiruvallur","PONNERI","-","-","-","-","-","-","-","-","13.18666667","80.18833333","13-11-2024 05:00","1"
"112527","RedHills","Tamil Nadu SW GW","33","Tamil Nadu","589","Tiruvallur","PONNERI","-","-","-","-","-","-","-","-","13.18666667","80.18833333","13-11-2024 05:30","0.5"
"112528","RedHills","Tamil Nadu SW GW","33","Tamil Nadu","589","Tiruvallur","PONNERI","-","-","-","-","-","-","-","-","13.18666667","80.18833333","13-11-2024 06:00","1"
"112529","RedHills","Tamil Nadu SW GW","33","Tamil Nadu","589","Tiruvallur","PONNERI","-","-","-","-","-","-","-","-","13.18666667","80.18833333","14-11-2024 01:30","0.5"
"112530","RedHills","Tamil Nadu SW GW","33","Tamil Nadu","589","Tiruvallur","PONNERI","-","-","-","-","-","-","-","-","13.18666667","80.18833333","14-11-2024 02:00","3"
"112531","RedHills","Tamil Nadu SW GW","33","Tamil Nadu","589","Tiruvallur","PONNERI","-","-","-","-","-","-","-","-","13.18666667","80.18833333","14-11-2024 02:30","1"
"112532","RedHills","Tamil Nadu SW GW","33","Tamil Nadu","589","Tiruvallur","PONNERI","-","-","-","-","-","-","-","-","13.18666667","80.18833333","14-11-2024 03:00","1"
"112533","RedHills","Tamil Nadu SW GW","33","Tamil Nadu","589","Tiruvallur","PONNERI","-","-","-","-","-","-","-","-","13.18666667","80.18833333","14-11-2024 06:00","0.5"
"112534","RedHills","Tamil Nadu SW GW","33","Tamil Nadu","589","Tiruvallur","PONNERI","-","-","-","-","-","-","-","-","13.18666667","80.18833333","14-11-2024 13:00","1"
"112535","RedHills","Tamil Nadu SW GW","33","Tamil Nadu","589","Tiruvallur","PONNERI","-","-","-","-","-","-","-","-","13.18666667","80.18833333","14-11-2024 13:30","0.5"
"112536","RedHills","Tamil Nadu SW GW","33","Tamil Nadu","589","Tiruvallur","PONNERI","-","-","-","-","-","-","-","-","13.18666667","80.18833333","14-11-2024 14:00","0.5"
"112537","RedHills","Tamil Nadu SW GW","33","Tamil Nadu","589","Tiruvallur","PONNERI","-","-","-","-","-","-","-","-","13.18666667","80.18833333","16-11-2024 13:30","0.5"
"112538","RedHills","Tamil Nadu SW GW","33","Tamil Nadu","589","Tiruvallur","PONNERI","-","-","-","-","-","-","-","-","13.18666667","80.18833333","16-11-2024 14:00","0.5"
"112539","RedHills","Tamil Nadu SW GW","33","Tamil Nadu","589","Tiruvallur","PONNERI","-","-","-","-","-","-","-","-","13.18666667","80.18833333","16-11-2024 18:00","1"
"112540","RedHills","Tamil Nadu SW GW","33","Tamil Nadu","589","Tiruvallur","PONNERI","-","-","-","-","-","-","-","-","13.18666667","80.18833333","26-11-2024 09:00","0.5"
"112541","RedHills","Tamil Nadu SW GW","33","Tamil Nadu","589","Tiruvallur","PONNERI","-","-","-","-","-","-","-","-","13.18666667","80.18833333","26-11-2024 11:30","13"
"112542","RedHills","Tamil Nadu SW GW","33","Tamil Nadu","589","Tiruvallur","PONNERI","-","-","-","-","-","-","-","-","13.18666667","80.18833333","26-11-2024 12:00","20"
"112543","RedHills","Tamil Nadu SW GW","33","Tamil Nadu","589","Tiruvallur","PONNERI","-","-","-","-","-","-","-","-","13.18666667","80.18833333","26-11-2024 23:30","5.5"
"112544","RedHills","Tamil Nadu SW GW","33","Tamil Nadu","589","Tiruvallur","PONNERI","-","-","-","-","-","-","-","-","13.18666667","80.18833333","27-11-2024 00:00","5.5"
"112545","RedHills","Tamil Nadu SW GW","33","Tamil Nadu","589","Tiruvallur","PONNERI","-","-","-","-","-","-","-","-","13.18666667","80.18833333","28-11-2024 08:30","0.5"
"112546","RedHills","Tamil Nadu SW GW","33","Tamil Nadu","589","Tiruvallur","PONNERI","-","-","-","-","-","-","-","-","13.18666667","80.18833333","28-11-2024 09:00","0.5"
"112547","RedHills","Tamil Nadu SW GW","33","Tamil Nadu","589","Tiruvallur","PONNERI","-","-","-","-","-","-","-","-","13.18666667","80.18833333","29-11-2024 00:00","1"
"112548","RedHills","Tamil Nadu SW GW","33","Tamil Nadu","589","Tiruvallur","PONNERI","-","-","-","-","-","-","-","-","13.18666667","80.18833333","29-11-2024 01:30","2"
"112549","RedHills","Tamil Nadu SW GW","33","Tamil Nadu","589","Tiruvallur","PONNERI","-","-","-","-","-","-","-","-","13.18666667","80.18833333","29-11-2024 02:30","0.5"
"112550","RedHills","Tamil Nadu SW GW","33","Tamil Nadu","589","Tiruvallur","PONNERI","-","-","-","-","-","-","-","-","13.18666667","80.18833333","29-11-2024 03:00","0.5"
"112551","RedHills","Tamil Nadu SW GW","33","Tamil Nadu","589","Tiruvallur","PONNERI","-","-","-","-","-","-","-","-","13.18666667","80.18833333","29-11-2024 05:30","1.5"
"112552","RedHills","Tamil Nadu SW GW","33","Tamil Nadu","589","Tiruvallur","PONNERI","-","-","-","-","-","-","-","-","13.18666667","80.18833333","29-11-2024 06:00","2"
"112553","RedHills","Tamil Nadu SW GW","33","Tamil Nadu","589","Tiruvallur","PONNERI","-","-","-","-","-","-","-","-","13.18666667","80.18833333","29-11-2024 08:30","1"
"112554","RedHills","Tamil Nadu SW GW","33","Tamil Nadu","589","Tiruvallur","PONNERI","-","-","-","-","-","-","-","-","13.18666667","80.18833333","29-11-2024 20:00","8"
"112555","RedHills","Tamil Nadu SW GW","33","Tamil Nadu","589","Tiruvallur","PONNERI","-","-","-","-","-","-","-","-","13.18666667","80.18833333","30-11-2024 04:30","1"
"112556","RedHills","Tamil Nadu SW GW","33","Tamil Nadu","589","Tiruvallur","PONNERI","-","-","-","-","-","-","-","-","13.18666667","80.18833333","30-11-2024 05:00","3"
"112557","RedHills","Tamil Nadu SW GW","33","Tamil Nadu","589","Tiruvallur","PONNERI","-","-","-","-","-","-","-","-","13.18666667","80.18833333","30-11-2024 06:00","6"
"112558","RedHills","Tamil Nadu SW GW","33","Tamil Nadu","589","Tiruvallur","PONNERI","-","-","-","-","-","-","-","-","13.18666667","80.18833333","30-11-2024 07:00","1.5"
"112559","RedHills","Tamil Nadu SW GW","33","Tamil Nadu","589","Tiruvallur","PONNERI","-","-","-","-","-","-","-","-","13.18666667","80.18833333","30-11-2024 07:30","2.5"
"112560","RedHills","Tamil Nadu SW GW","33","Tamil Nadu","589","Tiruvallur","PONNERI","-","-","-","-","-","-","-","-","13.18666667","80.18833333","30-11-2024 08:30","6"
"112561","RedHills","Tamil Nadu SW GW","33","Tamil Nadu","589","Tiruvallur","PONNERI","-","-","-","-","-","-","-","-","13.18666667","80.18833333","30-11-2024 09:00","11"
"112562","RedHills","Tamil Nadu SW GW","33","Tamil Nadu","589","Tiruvallur","PONNERI","-","-","-","-","-","-","-","-","13.18666667","80.18833333","30-11-2024 10:00","1"
"112563","RedHills","Tamil Nadu SW GW","33","Tamil Nadu","589","Tiruvallur","PONNERI","-","-","-","-","-","-","-","-","13.18666667","80.18833333","30-11-2024 13:30","1"
"112564","RedHills","Tamil Nadu SW GW","33","Tamil Nadu","589","Tiruvallur","PONNERI","-","-","-","-","-","-","-","-","13.18666667","80.18833333","02-12-2024 09:00","1"
"112565","RedHills","Tamil Nadu SW GW","33","Tamil Nadu","589","Tiruvallur","PONNERI","-","-","-","-","-","-","-","-","13.18666667","80.18833333","02-12-2024 12:30","3.5"
"112566","RedHills","Tamil Nadu SW GW","33","Tamil Nadu","589","Tiruvallur","PONNERI","-","-","-","-","-","-","-","-","13.18666667","80.18833333","02-12-2024 13:00","3.5"
"112567","RedHills","Tamil Nadu SW GW","33","Tamil Nadu","589","Tiruvallur","PONNERI","-","-","-","-","-","-","-","-","13.18666667","80.18833333","04-12-2024 08:00","0.5"
"112568","RedHills","Tamil Nadu SW GW","33","Tamil Nadu","589","Tiruvallur","PONNERI","-","-","-","-","-","-","-","-","13.18666667","80.18833333","04-12-2024 21:00","0.5"
"112569","RedHills","Tamil Nadu SW GW","33","Tamil Nadu","589","Tiruvallur","PONNERI","-","-","-","-","-","-","-","-","13.18666667","80.18833333","04-12-2024 22:30","1.5"
"112570","RedHills","Tamil Nadu SW GW","33","Tamil Nadu","589","Tiruvallur","PONNERI","-","-","-","-","-","-","-","-","13.18666667","80.18833333","04-12-2024 23:00","1.5"
"112571","RedHills","Tamil Nadu SW GW","33","Tamil Nadu","589","Tiruvallur","PONNERI","-","-","-","-","-","-","-","-","13.18666667","80.18833333","05-12-2024 03:30","1.5"
"112572","RedHills","Tamil Nadu SW GW","33","Tamil Nadu","589","Tiruvallur","PONNERI","-","-","-","-","-","-","-","-","13.18666667","80.18833333","05-12-2024 04:00","3.5"
"112573","RedHills","Tamil Nadu SW GW","33","Tamil Nadu","589","Tiruvallur","PONNERI","-","-","-","-","-","-","-","-","13.18666667","80.18833333","11-12-2024 08:30","4.5"
"112574","RedHills","Tamil Nadu SW GW","33","Tamil Nadu","589","Tiruvallur","PONNERI","-","-","-","-","-","-","-","-","13.18666667","80.18833333","11-12-2024 09:00","10.5"
"112575","RedHills","Tamil Nadu SW GW","33","Tamil Nadu","589","Tiruvallur","PONNERI","-","-","-","-","-","-","-","-","13.18666667","80.18833333","11-12-2024 13:00","11.5"
"112576","RedHills","Tamil Nadu SW GW","33","Tamil Nadu","589","Tiruvallur","PONNERI","-","-","-","-","-","-","-","-","13.18666667","80.18833333","11-12-2024 14:30","2.5"
"112577","RedHills","Tamil Nadu SW GW","33","Tamil Nadu","589","Tiruvallur","PONNERI","-","-","-","-","-","-","-","-","13.18666667","80.18833333","11-12-2024 15:00","2.5"
"112578","RedHills","Tamil Nadu SW GW","33","Tamil Nadu","589","Tiruvallur","PONNERI","-","-","-","-","-","-","-","-","13.18666667","80.18833333","11-12-2024 17:30","10.5"
"112579","RedHills","Tamil Nadu SW GW","33","Tamil Nadu","589","Tiruvallur","PONNERI","-","-","-","-","-","-","-","-","13.18666667","80.18833333","11-12-2024 18:00","11.5"
"112580","RedHills","Tamil Nadu SW GW","33","Tamil Nadu","589","Tiruvallur","PONNERI","-","-","-","-","-","-","-","-","13.18666667","80.18833333","11-12-2024 22:00","4"
"112581","RedHills","Tamil Nadu SW GW","33","Tamil Nadu","589","Tiruvallur","PONNERI","-","-","-","-","-","-","-","-","13.18666667","80.18833333","11-12-2024 22:30","2.5"
"112582","RedHills","Tamil Nadu SW GW","33","Tamil Nadu","589","Tiruvallur","PONNERI","-","-","-","-","-","-","-","-","13.18666667","80.18833333","11-12-2024 23:00","2.5"
"112583","RedHills","Tamil Nadu SW GW","33","Tamil Nadu","589","Tiruvallur","PONNERI","-","-","-","-","-","-","-","-","13.18666667","80.18833333","12-12-2024 16:30","0.5"
"112584","RedHills","Tamil Nadu SW GW","33","Tamil Nadu","589","Tiruvallur","PONNERI","-","-","-","-","-","-","-","-","13.18666667","80.18833333","12-12-2024 17:00","0.5"
"112585","RedHills","Tamil Nadu SW GW","33","Tamil Nadu","589","Tiruvallur","PONNERI","-","-","-","-","-","-","-","-","13.18666667","80.18833333","12-12-2024 18:30","2.5"
"112586","RedHills","Tamil Nadu SW GW","33","Tamil Nadu","589","Tiruvallur","PONNERI","-","-","-","-","-","-","-","-","13.18666667","80.18833333","12-12-2024 19:00","2.5"
"112587","RedHills","Tamil Nadu SW GW","33","Tamil Nadu","589","Tiruvallur","PONNERI","-","-","-","-","-","-","-","-","13.18666667","80.18833333","12-12-2024 20:30","0.5"
"112588","RedHills","Tamil Nadu SW GW","33","Tamil Nadu","589","Tiruvallur","PONNERI","-","-","-","-","-","-","-","-","13.18666667","80.18833333","12-12-2024 21:00","0.5"
"112589","RedHills","Tamil Nadu SW GW","33","Tamil Nadu","589","Tiruvallur","PONNERI","-","-","-","-","-","-","-","-","13.18666667","80.18833333","13-12-2024 10:00","1"
"112590","RedHills","Tamil Nadu SW GW","33","Tamil Nadu","589","Tiruvallur","PONNERI","-","-","-","-","-","-","-","-","13.18666667","80.18833333","13-12-2024 13:00","0.5"
"112591","RedHills","Tamil Nadu SW GW","33","Tamil Nadu","589","Tiruvallur","PONNERI","-","-","-","-","-","-","-","-","13.18666667","80.18833333","13-12-2024 13:30","0.5"
"112592","RedHills","Tamil Nadu SW GW","33","Tamil Nadu","589","Tiruvallur","PONNERI","-","-","-","-","-","-","-","-","13.18666667","80.18833333","13-12-2024 14:00","1.5"
"112593","RedHills","Tamil Nadu SW GW","33","Tamil Nadu","589","Tiruvallur","PONNERI","-","-","-","-","-","-","-","-","13.18666667","80.18833333","13-12-2024 17:00","0.5"
"112594","RedHills","Tamil Nadu SW GW","33","Tamil Nadu","589","Tiruvallur","PONNERI","-","-","-","-","-","-","-","-","13.18666667","80.18833333","13-12-2024 19:30","0.5"
"112595","RedHills","Tamil Nadu SW GW","33","Tamil Nadu","589","Tiruvallur","PONNERI","-","-","-","-","-","-","-","-","13.18666667","80.18833333","13-12-2024 20:00","1"
"112596","RedHills","Tamil Nadu SW GW","33","Tamil Nadu","589","Tiruvallur","PONNERI","-","-","-","-","-","-","-","-","13.18666667","80.18833333","14-12-2024 00:30","0.5"
"112597","RedHills","Tamil Nadu SW GW","33","Tamil Nadu","589","Tiruvallur","PONNERI","-","-","-","-","-","-","-","-","13.18666667","80.18833333","14-12-2024 01:00","1"
"112598","RedHills","Tamil Nadu SW GW","33","Tamil Nadu","589","Tiruvallur","PONNERI","-","-","-","-","-","-","-","-","13.18666667","80.18833333","14-12-2024 07:30","2.5"
"112599","RedHills","Tamil Nadu SW GW","33","Tamil Nadu","589","Tiruvallur","PONNERI","-","-","-","-","-","-","-","-","13.18666667","80.18833333","14-12-2024 08:00","2.5"
"112600","RedHills","Tamil Nadu SW GW","33","Tamil Nadu","589","Tiruvallur","PONNERI","-","-","-","-","-","-","-","-","13.18666667","80.18833333","14-12-2024 10:30","1"
"112601","RedHills","Tamil Nadu SW GW","33","Tamil Nadu","589","Tiruvallur","PONNERI","-","-","-","-","-","-","-","-","13.18666667","80.18833333","14-12-2024 11:00","1"
"112602","RedHills","Tamil Nadu SW GW","33","Tamil Nadu","589","Tiruvallur","PONNERI","-","-","-","-","-","-","-","-","13.18666667","80.18833333","14-12-2024 15:30","0.5"
"112603","RedHills","Tamil Nadu SW GW","33","Tamil Nadu","589","Tiruvallur","PONNERI","-","-","-","-","-","-","-","-","13.18666667","80.18833333","14-12-2024 16:00","0.5"
"112604","RedHills","Tamil Nadu SW GW","33","Tamil Nadu","589","Tiruvallur","PONNERI","-","-","-","-","-","-","-","-","13.18666667","80.18833333","14-12-2024 16:30","0.5"
"112605","RedHills","Tamil Nadu SW GW","33","Tamil Nadu","589","Tiruvallur","PONNERI","-","-","-","-","-","-","-","-","13.18666667","80.18833333","14-12-2024 17:00","0.5"
"112606","RedHills","Tamil Nadu SW GW","33","Tamil Nadu","589","Tiruvallur","PONNERI","-","-","-","-","-","-","-","-","13.18666667","80.18833333","15-12-2024 08:30","1"
"112607","RedHills","Tamil Nadu SW GW","33","Tamil Nadu","589","Tiruvallur","PONNERI","-","-","-","-","-","-","-","-","13.18666667","80.18833333","15-12-2024 09:00","1"
"112608","RedHills","Tamil Nadu SW GW","33","Tamil Nadu","589","Tiruvallur","PONNERI","-","-","-","-","-","-","-","-","13.18666667","80.18833333","15-12-2024 12:30","0.5"
"112609","RedHills","Tamil Nadu SW GW","33","Tamil Nadu","589","Tiruvallur","PONNERI","-","-","-","-","-","-","-","-","13.18666667","80.18833333","15-12-2024 23:30","1"
"112610","RedHills","Tamil Nadu SW GW","33","Tamil Nadu","589","Tiruvallur","PONNERI","-","-","-","-","-","-","-","-","13.18666667","80.18833333","16-12-2024 00:00","1"
"112611","RedHills","Tamil Nadu SW GW","33","Tamil Nadu","589","Tiruvallur","PONNERI","-","-","-","-","-","-","-","-","13.18666667","80.18833333","18-12-2024 12:00","0.5"
"112612","RedHills","Tamil Nadu SW GW","33","Tamil Nadu","589","Tiruvallur","PONNERI","-","-","-","-","-","-","-","-","13.18666667","80.18833333","18-12-2024 12:30","0.5"
"112613","RedHills","Tamil Nadu SW GW","33","Tamil Nadu","589","Tiruvallur","PONNERI","-","-","-","-","-","-","-","-","13.18666667","80.18833333","18-12-2024 13:00","1"
"112614","RedHills","Tamil Nadu SW GW","33","Tamil Nadu","589","Tiruvallur","PONNERI","-","-","-","-","-","-","-","-","13.18666667","80.18833333","18-12-2024 14:00","1.5"
"112615","RedHills","Tamil Nadu SW GW","33","Tamil Nadu","589","Tiruvallur","PONNERI","-","-","-","-","-","-","-","-","13.18666667","80.18833333","18-12-2024 15:30","1.5"
"112616","RedHills","Tamil Nadu SW GW","33","Tamil Nadu","589","Tiruvallur","PONNERI","-","-","-","-","-","-","-","-","13.18666667","80.18833333","18-12-2024 16:00","4.5"
"112617","RedHills","Tamil Nadu SW GW","33","Tamil Nadu","589","Tiruvallur","PONNERI","-","-","-","-","-","-","-","-","13.18666667","80.18833333","18-12-2024 16:30","1"
"112618","RedHills","Tamil Nadu SW GW","33","Tamil Nadu","589","Tiruvallur","PONNERI","-","-","-","-","-","-","-","-","13.18666667","80.18833333","18-12-2024 17:00","1"
"112619","RedHills","Tamil Nadu SW GW","33","Tamil Nadu","589","Tiruvallur","PONNERI","-","-","-","-","-","-","-","-","13.18666667","80.18833333","18-12-2024 19:30","1"
"112620","RedHills","Tamil Nadu SW GW","33","Tamil Nadu","589","Tiruvallur","PONNERI","-","-","-","-","-","-","-","-","13.18666667","80.18833333","18-12-2024 20:00","1"
"112621","RedHills","Tamil Nadu SW GW","33","Tamil Nadu","589","Tiruvallur","PONNERI","-","-","-","-","-","-","-","-","13.18666667","80.18833333","18-12-2024 21:30","1.5"
"112622","RedHills","Tamil Nadu SW GW","33","Tamil Nadu","589","Tiruvallur","PONNERI","-","-","-","-","-","-","-","-","13.18666667","80.18833333","18-12-2024 22:00","1.5"
"112623","RedHills","Tamil Nadu SW GW","33","Tamil Nadu","589","Tiruvallur","PONNERI","-","-","-","-","-","-","-","-","13.18666667","80.18833333","18-12-2024 22:30","0.5"
"112624","RedHills","Tamil Nadu SW GW","33","Tamil Nadu","589","Tiruvallur","PONNERI","-","-","-","-","-","-","-","-","13.18666667","80.18833333","18-12-2024 23:00","0.5"
"112625","RedHills","Tamil Nadu SW GW","33","Tamil Nadu","589","Tiruvallur","PONNERI","-","-","-","-","-","-","-","-","13.18666667","80.18833333","19-12-2024 01:30","0.5"
"112626","RedHills","Tamil Nadu SW GW","33","Tamil Nadu","589","Tiruvallur","PONNERI","-","-","-","-","-","-","-","-","13.18666667","80.18833333","19-12-2024 02:00","0.5"
"112627","RedHills","Tamil Nadu SW GW","33","Tamil Nadu","589","Tiruvallur","PONNERI","-","-","-","-","-","-","-","-","13.18666667","80.18833333","19-12-2024 05:00","1"
"112628","RedHills","Tamil Nadu SW GW","33","Tamil Nadu","589","Tiruvallur","PONNERI","-","-","-","-","-","-","-","-","13.18666667","80.18833333","20-12-2024 07:00","67.5"
"112629","RedHills","Tamil Nadu SW GW","33","Tamil Nadu","589","Tiruvallur","PONNERI","-","-","-","-","-","-","-","-","13.18666667","80.18833333","20-12-2024 11:30","10"
"112630","RedHills","Tamil Nadu SW GW","33","Tamil Nadu","589","Tiruvallur","PONNERI","-","-","-","-","-","-","-","-","13.18666667","80.18833333","20-12-2024 12:00","10"
"112631","RedHills","Tamil Nadu SW GW","33","Tamil Nadu","589","Tiruvallur","PONNERI","-","-","-","-","-","-","-","-","13.18666667","80.18833333","20-12-2024 18:00","1.5"
"112632","RedHills","Tamil Nadu SW GW","33","Tamil Nadu","589","Tiruvallur","PONNERI","-","-","-","-","-","-","-","-","13.18666667","80.18833333","20-12-2024 18:30","3"
"112633","RedHills","Tamil Nadu SW GW","33","Tamil Nadu","589","Tiruvallur","PONNERI","-","-","-","-","-","-","-","-","13.18666667","80.18833333","20-12-2024 19:00","3"
"112634","RedHills","Tamil Nadu SW GW","33","Tamil Nadu","589","Tiruvallur","PONNERI","-","-","-","-","-","-","-","-","13.18666667","80.18833333","20-12-2024 20:30","2.5"
"112635","RedHills","Tamil Nadu SW GW","33","Tamil Nadu","589","Tiruvallur","PONNERI","-","-","-","-","-","-","-","-","13.18666667","80.18833333","20-12-2024 21:00","2.5"
"112636","RedHills","Tamil Nadu SW GW","33","Tamil Nadu","589","Tiruvallur","PONNERI","-","-","-","-","-","-","-","-","13.18666667","80.18833333","20-12-2024 22:30","3.5"
"112637","RedHills","Tamil Nadu SW GW","33","Tamil Nadu","589","Tiruvallur","PONNERI","-","-","-","-","-","-","-","-","13.18666667","80.18833333","20-12-2024 23:00","4"
"112638","RedHills","Tamil Nadu SW GW","33","Tamil Nadu","589","Tiruvallur","PONNERI","-","-","-","-","-","-","-","-","13.18666667","80.18833333","21-12-2024 03:00","2.5"
"112639","RedHills","Tamil Nadu SW GW","33","Tamil Nadu","589","Tiruvallur","PONNERI","-","-","-","-","-","-","-","-","13.18666667","80.18833333","21-12-2024 03:30","8"
"112640","RedHills","Tamil Nadu SW GW","33","Tamil Nadu","589","Tiruvallur","PONNERI","-","-","-","-","-","-","-","-","13.18666667","80.18833333","21-12-2024 04:00","9.5"
"112641","RedHills","Tamil Nadu SW GW","33","Tamil Nadu","589","Tiruvallur","PONNERI","-","-","-","-","-","-","-","-","13.18666667","80.18833333","22-12-2024 04:30","97"
"112642","RedHills","Tamil Nadu SW GW","33","Tamil Nadu","589","Tiruvallur","PONNERI","-","-","-","-","-","-","-","-","13.18666667","80.18833333","22-12-2024 05:30","14.5"
"112643","RedHills","Tamil Nadu SW GW","33","Tamil Nadu","589","Tiruvallur","PONNERI","-","-","-","-","-","-","-","-","13.18666667","80.18833333","22-12-2024 06:00","17"
"112644","RedHills","Tamil Nadu SW GW","33","Tamil Nadu","589","Tiruvallur","PONNERI","-","-","-","-","-","-","-","-","13.18666667","80.18833333","22-12-2024 06:30","2"
"112645","RedHills","Tamil Nadu SW GW","33","Tamil Nadu","589","Tiruvallur","PONNERI","-","-","-","-","-","-","-","-","13.18666667","80.18833333","22-12-2024 07:00","12"
"112646","RedHills","Tamil Nadu SW GW","33","Tamil Nadu","589","Tiruvallur","PONNERI","-","-","-","-","-","-","-","-","13.18666667","80.18833333","22-12-2024 07:30","2"
"112647","RedHills","Tamil Nadu SW GW","33","Tamil Nadu","589","Tiruvallur","PONNERI","-","-","-","-","-","-","-","-","13.18666667","80.18833333","22-12-2024 08:00","2"
"112648","RedHills","Tamil Nadu SW GW","33","Tamil Nadu","589","Tiruvallur","PONNERI","-","-","-","-","-","-","-","-","13.18666667","80.18833333","22-12-2024 09:00","0.5"
"112649","RedHills","Tamil Nadu SW GW","33","Tamil Nadu","589","Tiruvallur","PONNERI","-","-","-","-","-","-","-","-","13.18666667","80.18833333","22-12-2024 10:00","14.5"
"112650","RedHills","Tamil Nadu SW GW","33","Tamil Nadu","589","Tiruvallur","PONNERI","-","-","-","-","-","-","-","-","13.18666667","80.18833333","22-12-2024 18:30","1.5"
"112651","RedHills","Tamil Nadu SW GW","33","Tamil Nadu","589","Tiruvallur","PONNERI","-","-","-","-","-","-","-","-","13.18666667","80.18833333","22-12-2024 19:00","1.5"
"112652","RedHills","Tamil Nadu SW GW","33","Tamil Nadu","589","Tiruvallur","PONNERI","-","-","-","-","-","-","-","-","13.18666667","80.18833333","22-12-2024 19:30","4"
"112653","RedHills","Tamil Nadu SW GW","33","Tamil Nadu","589","Tiruvallur","PONNERI","-","-","-","-","-","-","-","-","13.18666667","80.18833333","23-12-2024 05:00","3"
"112654","RedHills","Tamil Nadu SW GW","33","Tamil Nadu","589","Tiruvallur","PONNERI","-","-","-","-","-","-","-","-","13.18666667","80.18833333","23-12-2024 05:30","2"
"112655","RedHills","Tamil Nadu SW GW","33","Tamil Nadu","589","Tiruvallur","PONNERI","-","-","-","-","-","-","-","-","13.18666667","80.18833333","23-12-2024 06:00","2"
"112656","RedHills","Tamil Nadu SW GW","33","Tamil Nadu","589","Tiruvallur","PONNERI","-","-","-","-","-","-","-","-","13.18666667","80.18833333","24-12-2024 09:00","0.5"
"112657","RedHills","Tamil Nadu SW GW","33","Tamil Nadu","589","Tiruvallur","PONNERI","-","-","-","-","-","-","-","-","13.18666667","80.18833333","24-12-2024 11:00","0.5"
"112658","RedHills","Tamil Nadu SW GW","33","Tamil Nadu","589","Tiruvallur","PONNERI","-","-","-","-","-","-","-","-","13.18666667","80.18833333","25-12-2024 09:30","0.5"
"112659","RedHills","Tamil Nadu SW GW","33","Tamil Nadu","589","Tiruvallur","PONNERI","-","-","-","-","-","-","-","-","13.18666667","80.18833333","25-12-2024 10:00","1"
"112660","RedHills","Tamil Nadu SW GW","33","Tamil Nadu","589","Tiruvallur","PONNERI","-","-","-","-","-","-","-","-","13.18666667","80.18833333","25-12-2024 15:30","0.5"
"112661","RedHills","Tamil Nadu SW GW","33","Tamil Nadu","589","Tiruvallur","PONNERI","-","-","-","-","-","-","-","-","13.18666667","80.18833333","25-12-2024 16:00","0.5"
"112662","RedHills","Tamil Nadu SW GW","33","Tamil Nadu","589","Tiruvallur","PONNERI","-","-","-","-","-","-","-","-","13.18666667","80.18833333","25-12-2024 16:30","0.5"
"112663","RedHills","Tamil Nadu SW GW","33","Tamil Nadu","589","Tiruvallur","PONNERI","-","-","-","-","-","-","-","-","13.18666667","80.18833333","25-12-2024 17:00","0.5"
"112664","RedHills","Tamil Nadu SW GW","33","Tamil Nadu","589","Tiruvallur","PONNERI","-","-","-","-","-","-","-","-","13.18666667","80.18833333","25-12-2024 17:30","0.5"
"112665","RedHills","Tamil Nadu SW GW","33","Tamil Nadu","589","Tiruvallur","PONNERI","-","-","-","-","-","-","-","-","13.18666667","80.18833333","25-12-2024 18:00","1"
"112666","RedHills","Tamil Nadu SW GW","33","Tamil Nadu","589","Tiruvallur","PONNERI","-","-","-","-","-","-","-","-","13.18666667","80.18833333","26-12-2024 07:00","0.5"
"112667","RedHills","Tamil Nadu SW GW","33","Tamil Nadu","589","Tiruvallur","PONNERI","-","-","-","-","-","-","-","-","13.18666667","80.18833333","26-12-2024 10:00","2"
"112668","RedHills","Tamil Nadu SW GW","33","Tamil Nadu","589","Tiruvallur","PONNERI","-","-","-","-","-","-","-","-","13.18666667","80.18833333","26-12-2024 10:30","14"
"112669","RedHills","Tamil Nadu SW GW","33","Tamil Nadu","589","Tiruvallur","PONNERI","-","-","-","-","-","-","-","-","13.18666667","80.18833333","26-12-2024 11:00","14"
"112670","RedHills","Tamil Nadu SW GW","33","Tamil Nadu","589","Tiruvallur","PONNERI","-","-","-","-","-","-","-","-","13.18666667","80.18833333","27-12-2024 02:00","0.5"
"112671","RedHills","Tamil Nadu SW GW","33","Tamil Nadu","589","Tiruvallur","PONNERI","-","-","-","-","-","-","-","-","13.18666667","80.18833333","27-12-2024 02:30","1"
"112672","RedHills","Tamil Nadu SW GW","33","Tamil Nadu","589","Tiruvallur","PONNERI","-","-","-","-","-","-","-","-","13.18666667","80.18833333","27-12-2024 03:00","1"
"112673","RedHills","Tamil Nadu SW GW","33","Tamil Nadu","589","Tiruvallur","PONNERI","-","-","-","-","-","-","-","-","13.18666667","80.18833333","27-12-2024 08:30","1.5"
"112674","RedHills","Tamil Nadu SW GW","33","Tamil Nadu","589","Tiruvallur","PONNERI","-","-","-","-","-","-","-","-","13.18666667","80.18833333","27-12-2024 09:00","1.5"
"112675","RedHills","Tamil Nadu SW GW","33","Tamil Nadu","589","Tiruvallur","PONNERI","-","-","-","-","-","-","-","-","13.18666667","80.18833333","27-12-2024 18:30","5.5"
"112676","RedHills","Tamil Nadu SW GW","33","Tamil Nadu","589","Tiruvallur","PONNERI","-","-","-","-","-","-","-","-","13.18666667","80.18833333","27-12-2024 19:00","6"
"112677","RedHills","Tamil Nadu SW GW","33","Tamil Nadu","589","Tiruvallur","PONNERI","-","-","-","-","-","-","-","-","13.18666667","80.18833333","27-12-2024 19:30","1.5"
"112678","RedHills","Tamil Nadu SW GW","33","Tamil Nadu","589","Tiruvallur","PONNERI","-","-","-","-","-","-","-","-","13.18666667","80.18833333","27-12-2024 20:00","2"
"112679","RedHills","Tamil Nadu SW GW","33","Tamil Nadu","589","Tiruvallur","PONNERI","-","-","-","-","-","-","-","-","13.18666667","80.18833333","27-12-2024 21:00","1"
"112680","RedHills","Tamil Nadu SW GW","33","Tamil Nadu","589","Tiruvallur","PONNERI","-","-","-","-","-","-","-","-","13.18666667","80.18833333","27-12-2024 21:30","2.5"
"112681","RedHills","Tamil Nadu SW GW","33","Tamil Nadu","589","Tiruvallur","PONNERI","-","-","-","-","-","-","-","-","13.18666667","80.18833333","27-12-2024 22:00","3.5"
"112682","RedHills","Tamil Nadu SW GW","33","Tamil Nadu","589","Tiruvallur","PONNERI","-","-","-","-","-","-","-","-","13.18666667","80.18833333","29-12-2024 10:30","0.5"
"112683","RedHills","Tamil Nadu SW GW","33","Tamil Nadu","589","Tiruvallur","PONNERI","-","-","-","-","-","-","-","-","13.18666667","80.18833333","29-12-2024 11:00","0.5"
"112684","RedHills","Tamil Nadu SW GW","33","Tamil Nadu","589","Tiruvallur","PONNERI","-","-","-","-","-","-","-","-","13.18666667","80.18833333","29-12-2024 11:30","14"
"112685","RedHills","Tamil Nadu SW GW","33","Tamil Nadu","589","Tiruvallur","PONNERI","-","-","-","-","-","-","-","-","13.18666667","80.18833333","29-12-2024 12:00","15"
"112686","RedHills","Tamil Nadu SW GW","33","Tamil Nadu","589","Tiruvallur","PONNERI","-","-","-","-","-","-","-","-","13.18666667","80.18833333","29-12-2024 12:30","18"
"112687","RedHills","Tamil Nadu SW GW","33","Tamil Nadu","589","Tiruvallur","PONNERI","-","-","-","-","-","-","-","-","13.18666667","80.18833333","29-12-2024 13:00","22.5"
"112688","RedHills","Tamil Nadu SW GW","33","Tamil Nadu","589","Tiruvallur","PONNERI","-","-","-","-","-","-","-","-","13.18666667","80.18833333","29-12-2024 13:30","8.5"
"112689","RedHills","Tamil Nadu SW GW","33","Tamil Nadu","589","Tiruvallur","PONNERI","-","-","-","-","-","-","-","-","13.18666667","80.18833333","29-12-2024 14:00","9.5"
"112690","RedHills","Tamil Nadu SW GW","33","Tamil Nadu","589","Tiruvallur","PONNERI","-","-","-","-","-","-","-","-","13.18666667","80.18833333","29-12-2024 14:30","0.5"
"112691","RedHills","Tamil Nadu SW GW","33","Tamil Nadu","589","Tiruvallur","PONNERI","-","-","-","-","-","-","-","-","13.18666667","80.18833333","29-12-2024 15:00","1"
"112692","RedHills","Tamil Nadu SW GW","33","Tamil Nadu","589","Tiruvallur","PONNERI","-","-","-","-","-","-","-","-","13.18666667","80.18833333","29-12-2024 15:30","0.5"
"112693","RedHills","Tamil Nadu SW GW","33","Tamil Nadu","589","Tiruvallur","PONNERI","-","-","-","-","-","-","-","-","13.18666667","80.18833333","29-12-2024 16:00","1"
"112694","RedHills","Tamil Nadu SW GW","33","Tamil Nadu","589","Tiruvallur","PONNERI","-","-","-","-","-","-","-","-","13.18666667","80.18833333","29-12-2024 16:30","0.5"
"112695","RedHills","Tamil Nadu SW GW","33","Tamil Nadu","589","Tiruvallur","PONNERI","-","-","-","-","-","-","-","-","13.18666667","80.18833333","29-12-2024 17:00","1.5"
"112696","RedHills","Tamil Nadu SW GW","33","Tamil Nadu","589","Tiruvallur","PONNERI","-","-","-","-","-","-","-","-","13.18666667","80.18833333","29-12-2024 17:30","1.5"
"112697","RedHills","Tamil Nadu SW GW","33","Tamil Nadu","589","Tiruvallur","PONNERI","-","-","-","-","-","-","-","-","13.18666667","80.18833333","29-12-2024 18:00","1.5"
"112698","RedHills","Tamil Nadu SW GW","33","Tamil Nadu","589","Tiruvallur","PONNERI","-","-","-","-","-","-","-","-","13.18666667","80.18833333","30-12-2024 01:30","1"
"112699","RedHills","Tamil Nadu SW GW","33","Tamil Nadu","589","Tiruvallur","PONNERI","-","-","-","-","-","-","-","-","13.18666667","80.18833333","30-12-2024 02:00","1.5"
"112700","RedHills","Tamil Nadu SW GW","33","Tamil Nadu","589","Tiruvallur","PONNERI","-","-","-","-","-","-","-","-","13.18666667","80.18833333","30-12-2024 02:30","1"
"112701","RedHills","Tamil Nadu SW GW","33","Tamil Nadu","589","Tiruvallur","PONNERI","-","-","-","-","-","-","-","-","13.18666667","80.18833333","30-12-2024 03:00","5"
"112702","RedHills","Tamil Nadu SW GW","33","Tamil Nadu","589","Tiruvallur","PONNERI","-","-","-","-","-","-","-","-","13.18666667","80.18833333","30-12-2024 03:30","2.5"
"112703","RedHills","Tamil Nadu SW GW","33","Tamil Nadu","589","Tiruvallur","PONNERI","-","-","-","-","-","-","-","-","13.18666667","80.18833333","30-12-2024 04:00","3"
"112704","RedHills","Tamil Nadu SW GW","33","Tamil Nadu","589","Tiruvallur","PONNERI","-","-","-","-","-","-","-","-","13.18666667","80.18833333","30-12-2024 04:30","0.5"
"112705","RedHills","Tamil Nadu SW GW","33","Tamil Nadu","589","Tiruvallur","PONNERI","-","-","-","-","-","-","-","-","13.18666667","80.18833333","30-12-2024 05:00","2.5"
"112706","RedHills","Tamil Nadu SW GW","33","Tamil Nadu","589","Tiruvallur","PONNERI","-","-","-","-","-","-","-","-","13.18666667","80.18833333","30-12-2024 05:30","1"
"112707","RedHills","Tamil Nadu SW GW","33","Tamil Nadu","589","Tiruvallur","PONNERI","-","-","-","-","-","-","-","-","13.18666667","80.18833333","30-12-2024 06:00","3"
"112708","RedHills","Tamil Nadu SW GW","33","Tamil Nadu","589","Tiruvallur","PONNERI","-","-","-","-","-","-","-","-","13.18666667","80.18833333","30-12-2024 06:30","11.5"
"112709","RedHills","Tamil Nadu SW GW","33","Tamil Nadu","589","Tiruvallur","PONNERI","-","-","-","-","-","-","-","-","13.18666667","80.18833333","30-12-2024 07:00","12"
"112710","RedHills","Tamil Nadu SW GW","33","Tamil Nadu","589","Tiruvallur","PONNERI","-","-","-","-","-","-","-","-","13.18666667","80.18833333","30-12-2024 07:30","0.5"
"112711","RedHills","Tamil Nadu SW GW","33","Tamil Nadu","589","Tiruvallur","PONNERI","-","-","-","-","-","-","-","-","13.18666667","80.18833333","30-12-2024 08:00","1"
"112712","RedHills","Tamil Nadu SW GW","33","Tamil Nadu","589","Tiruvallur","PONNERI","-","-","-","-","-","-","-","-","13.18666667","80.18833333","30-12-2024 10:00","1"
"112713","RedHills","Tamil Nadu SW GW","33","Tamil Nadu","589","Tiruvallur","PONNERI","-","-","-","-","-","-","-","-","13.18666667","80.18833333","31-12-2024 01:30","1"
"112714","RedHills","Tamil Nadu SW GW","33","Tamil Nadu","589","Tiruvallur","PONNERI","-","-","-","-","-","-","-","-","13.18666667","80.18833333","31-12-2024 02:00","22.5"
"112715","RedHills","Tamil Nadu SW GW","33","Tamil Nadu","589","Tiruvallur","PONNERI","-","-","-","-","-","-","-","-","13.18666667","80.18833333","31-12-2024 02:30","2.5"
"112716","RedHills","Tamil Nadu SW GW","33","Tamil Nadu","589","Tiruvallur","PONNERI","-","-","-","-","-","-","-","-","13.18666667","80.18833333","31-12-2024 03:00","3"
"112717","RedHills","Tamil Nadu SW GW","33","Tamil Nadu","589","Tiruvallur","PONNERI","-","-","-","-","-","-","-","-","13.18666667","80.18833333","31-12-2024 06:00","2"
"112718","RedHills","Tamil Nadu SW GW","33","Tamil Nadu","589","Tiruvallur","PONNERI","-","-","-","-","-","-","-","-","13.18666667","80.18833333","31-12-2024 07:00","1.5"
"112719","RedHills","Tamil Nadu SW GW","33","Tamil Nadu","589","Tiruvallur","PONNERI","-","-","-","-","-","-","-","-","13.18666667","80.18833333","31-12-2024 07:30","2"
"112720","RedHills","Tamil Nadu SW GW","33","Tamil Nadu","589","Tiruvallur","PONNERI","-","-","-","-","-","-","-","-","13.18666667","80.18833333","31-12-2024 08:00","2.5"
"112721","RedHills","Tamil Nadu SW GW","33","Tamil Nadu","589","Tiruvallur","PONNERI","-","-","-","-","-","-","-","-","13.18666667","80.18833333","31-12-2024 08:30","0.5"
"112722","RedHills","Tamil Nadu SW GW","33","Tamil Nadu","589","Tiruvallur","PONNERI","-","-","-","-","-","-","-","-","13.18666667","80.18833333","31-12-2024 09:00","1"
"112723","RedHills","Tamil Nadu SW GW","33","Tamil Nadu","589","Tiruvallur","PONNERI","-","-","-","-","-","-","-","-","13.18666667","80.18833333","31-12-2024 09:30","2"
"112724","RedHills","Tamil Nadu SW GW","33","Tamil Nadu","589","Tiruvallur","PONNERI","-","-","-","-","-","-","-","-","13.18666667","80.18833333","31-12-2024 10:00","38"
"112725","RedHills","Tamil Nadu SW GW","33","Tamil Nadu","589","Tiruvallur","PONNERI","-","-","-","-","-","-","-","-","13.18666667","80.18833333","31-12-2024 10:30","0.5"
"112726","RedHills","Tamil Nadu SW GW","33","Tamil Nadu","589","Tiruvallur","PONNERI","-","-","-","-","-","-","-","-","13.18666667","80.18833333","31-12-2024 11:00","0.5"
"112727","RedHills","Tamil Nadu SW GW","33","Tamil Nadu","589","Tiruvallur","PONNERI","-","-","-","-","-","-","-","-","13.18666667","80.18833333","11-01-2025 13:00","0.5"
"112728","RedHills","Tamil Nadu SW GW","33","Tamil Nadu","589","Tiruvallur","PONNERI","-","-","-","-","-","-","-","-","13.18666667","80.18833333","13-01-2025 02:30","2.5"
"112729","RedHills","Tamil Nadu SW GW","33","Tamil Nadu","589","Tiruvallur","PONNERI","-","-","-","-","-","-","-","-","13.18666667","80.18833333","13-01-2025 03:00","2.5"
"112730","RedHills","Tamil Nadu SW GW","33","Tamil Nadu","589","Tiruvallur","PONNERI","-","-","-","-","-","-","-","-","13.18666667","80.18833333","13-01-2025 09:00","9"
"112731","RedHills","Tamil Nadu SW GW","33","Tamil Nadu","589","Tiruvallur","PONNERI","-","-","-","-","-","-","-","-","13.18666667","80.18833333","13-01-2025 09:30","9.5"
"112732","RedHills","Tamil Nadu SW GW","33","Tamil Nadu","589","Tiruvallur","PONNERI","-","-","-","-","-","-","-","-","13.18666667","80.18833333","13-01-2025 10:00","9.5"
"112733","RedHills","Tamil Nadu SW GW","33","Tamil Nadu","589","Tiruvallur","PONNERI","-","-","-","-","-","-","-","-","13.18666667","80.18833333","13-01-2025 13:30","19"
"112734","RedHills","Tamil Nadu SW GW","33","Tamil Nadu","589","Tiruvallur","PONNERI","-","-","-","-","-","-","-","-","13.18666667","80.18833333","13-01-2025 14:00","20"
"112735","RedHills","Tamil Nadu SW GW","33","Tamil Nadu","589","Tiruvallur","PONNERI","-","-","-","-","-","-","-","-","13.18666667","80.18833333","14-01-2025 10:30","0.5"
"112736","RedHills","Tamil Nadu SW GW","33","Tamil Nadu","589","Tiruvallur","PONNERI","-","-","-","-","-","-","-","-","13.18666667","80.18833333","14-01-2025 11:00","0.5"
"112737","RedHills","Tamil Nadu SW GW","33","Tamil Nadu","589","Tiruvallur","PONNERI","-","-","-","-","-","-","-","-","13.18666667","80.18833333","18-01-2025 20:30","0.5"
"112738","RedHills","Tamil Nadu SW GW","33","Tamil Nadu","589","Tiruvallur","PONNERI","-","-","-","-","-","-","-","-","13.18666667","80.18833333","18-01-2025 21:00","1"
"112739","RedHills","Tamil Nadu SW GW","33","Tamil Nadu","589","Tiruvallur","PONNERI","-","-","-","-","-","-","-","-","13.18666667","80.18833333","18-01-2025 22:00","0.5"
"112740","RedHills","Tamil Nadu SW GW","33","Tamil Nadu","589","Tiruvallur","PONNERI","-","-","-","-","-","-","-","-","13.18666667","80.18833333","18-01-2025 22:30","1.5"
"112741","RedHills","Tamil Nadu SW GW","33","Tamil Nadu","589","Tiruvallur","PONNERI","-","-","-","-","-","-","-","-","13.18666667","80.18833333","18-01-2025 23:00","6"
"112742","RedHills","Tamil Nadu SW GW","33","Tamil Nadu","589","Tiruvallur","PONNERI","-","-","-","-","-","-","-","-","13.18666667","80.18833333","18-01-2025 23:30","1.5"
"112743","RedHills","Tamil Nadu SW GW","33","Tamil Nadu","589","Tiruvallur","PONNERI","-","-","-","-","-","-","-","-","13.18666667","80.18833333","19-01-2025 00:00","1.5"
"112744","RedHills","Tamil Nadu SW GW","33","Tamil Nadu","589","Tiruvallur","PONNERI","-","-","-","-","-","-","-","-","13.18666667","80.18833333","19-01-2025 12:30","20"
"112745","RedHills","Tamil Nadu SW GW","33","Tamil Nadu","589","Tiruvallur","PONNERI","-","-","-","-","-","-","-","-","13.18666667","80.18833333","19-01-2025 13:00","20"
"112746","RedHills","Tamil Nadu SW GW","33","Tamil Nadu","589","Tiruvallur","PONNERI","-","-","-","-","-","-","-","-","13.18666667","80.18833333","19-01-2025 14:30","0.5"
"112747","RedHills","Tamil Nadu SW GW","33","Tamil Nadu","589","Tiruvallur","PONNERI","-","-","-","-","-","-","-","-","13.18666667","80.18833333","19-01-2025 15:00","0.5"
"112748","RedHills","Tamil Nadu SW GW","33","Tamil Nadu","589","Tiruvallur","PONNERI","-","-","-","-","-","-","-","-","13.18666667","80.18833333","20-01-2025 11:00","0.5"
"112749","RedHills","Tamil Nadu SW GW","33","Tamil Nadu","589","Tiruvallur","PONNERI","-","-","-","-","-","-","-","-","13.18666667","80.18833333","07-02-2025 08:30","0.5"
"112750","RedHills","Tamil Nadu SW GW","33","Tamil Nadu","589","Tiruvallur","PONNERI","-","-","-","-","-","-","-","-","13.18666667","80.18833333","07-02-2025 09:00","0.5"
"112751","RedHills","Tamil Nadu SW GW","33","Tamil Nadu","589","Tiruvallur","PONNERI","-","-","-","-","-","-","-","-","13.18666667","80.18833333","11-03-2025 09:30","0.5"
"112752","RedHills","Tamil Nadu SW GW","33","Tamil Nadu","589","Tiruvallur","PONNERI","-","-","-","-","-","-","-","-","13.18666667","80.18833333","11-03-2025 10:00","0.5"
"112753","RedHills","Tamil Nadu SW GW","33","Tamil Nadu","589","Tiruvallur","PONNERI","-","-","-","-","-","-","-","-","13.18666667","80.18833333","11-03-2025 15:00","2.5"
"112754","RedHills","Tamil Nadu SW GW","33","Tamil Nadu","589","Tiruvallur","PONNERI","-","-","-","-","-","-","-","-","13.18666667","80.18833333","11-03-2025 15:30","0.5"
"112755","RedHills","Tamil Nadu SW GW","33","Tamil Nadu","589","Tiruvallur","PONNERI","-","-","-","-","-","-","-","-","13.18666667","80.18833333","11-03-2025 16:00","0.5"
"112756","RedHills","Tamil Nadu SW GW","33","Tamil Nadu","589","Tiruvallur","PONNERI","-","-","-","-","-","-","-","-","13.18666667","80.18833333","11-03-2025 23:00","389"
"112757","RedHills","Tamil Nadu SW GW","33","Tamil Nadu","589","Tiruvallur","PONNERI","-","-","-","-","-","-","-","-","13.18666667","80.18833333","11-03-2025 23:30","259.5"
"112758","RedHills","Tamil Nadu SW GW","33","Tamil Nadu","589","Tiruvallur","PONNERI","-","-","-","-","-","-","-","-","13.18666667","80.18833333","12-03-2025 00:00","259.5"
"112759","RedHills","Tamil Nadu SW GW","33","Tamil Nadu","589","Tiruvallur","PONNERI","-","-","-","-","-","-","-","-","13.18666667","80.18833333","19-03-2025 15:30","2.5"
"112760","RedHills","Tamil Nadu SW GW","33","Tamil Nadu","589","Tiruvallur","PONNERI","-","-","-","-","-","-","-","-","13.18666667","80.18833333","19-03-2025 16:00","2.5"
"112761","RedHills","Tamil Nadu SW GW","33","Tamil Nadu","589","Tiruvallur","PONNERI","-","-","-","-","-","-","-","-","13.18666667","80.18833333","19-03-2025 17:00","0.5"
"112762","RedHills","Tamil Nadu SW GW","33","Tamil Nadu","589","Tiruvallur","PONNERI","-","-","-","-","-","-","-","-","13.18666667","80.18833333","20-03-2025 01:30","0.5"
"112763","RedHills","Tamil Nadu SW GW","33","Tamil Nadu","589","Tiruvallur","PONNERI","-","-","-","-","-","-","-","-","13.18666667","80.18833333","20-03-2025 02:00","0.5"
"112764","RedHills","Tamil Nadu SW GW","33","Tamil Nadu","589","Tiruvallur","PONNERI","-","-","-","-","-","-","-","-","13.18666667","80.18833333","22-03-2025 15:00","10.5"
"112765","RedHills","Tamil Nadu SW GW","33","Tamil Nadu","589","Tiruvallur","PONNERI","-","-","-","-","-","-","-","-","13.18666667","80.18833333","26-03-2025 23:00","0.5"
"112766","RedHills","Tamil Nadu SW GW","33","Tamil Nadu","589","Tiruvallur","PONNERI","-","-","-","-","-","-","-","-","13.18666667","80.18833333","27-03-2025 00:00","0.5"
"112767","RedHills","Tamil Nadu SW GW","33","Tamil Nadu","589","Tiruvallur","PONNERI","-","-","-","-","-","-","-","-","13.18666667","80.18833333","17-04-2025 11:10","1"
"112768","RedHills","Tamil Nadu SW GW","33","Tamil Nadu","589","Tiruvallur","PONNERI","-","-","-","-","-","-","-","-","13.18666667","80.18833333","17-04-2025 11:15","1"
"112769","RedHills","Tamil Nadu SW GW","33","Tamil Nadu","589","Tiruvallur","PONNERI","-","-","-","-","-","-","-","-","13.18666667","80.18833333","17-04-2025 11:20","1"
"112770","RedHills","Tamil Nadu SW GW","33","Tamil Nadu","589","Tiruvallur","PONNERI","-","-","-","-","-","-","-","-","13.18666667","80.18833333","17-04-2025 11:25","1"
"112771","RedHills","Tamil Nadu SW GW","33","Tamil Nadu","589","Tiruvallur","PONNERI","-","-","-","-","-","-","-","-","13.18666667","80.18833333","17-04-2025 11:30","1"
"112772","RedHills","Tamil Nadu SW GW","33","Tamil Nadu","589","Tiruvallur","PONNERI","-","-","-","-","-","-","-","-","13.18666667","80.18833333","17-04-2025 11:35","1"
"112773","RedHills","Tamil Nadu SW GW","33","Tamil Nadu","589","Tiruvallur","PONNERI","-","-","-","-","-","-","-","-","13.18666667","80.18833333","17-04-2025 11:40","1"
"112774","RedHills","Tamil Nadu SW GW","33","Tamil Nadu","589","Tiruvallur","PONNERI","-","-","-","-","-","-","-","-","13.18666667","80.18833333","17-04-2025 11:45","1"
"112775","RedHills","Tamil Nadu SW GW","33","Tamil Nadu","589","Tiruvallur","PONNERI","-","-","-","-","-","-","-","-","13.18666667","80.18833333","17-04-2025 11:50","1"
"112776","RedHills","Tamil Nadu SW GW","33","Tamil Nadu","589","Tiruvallur","PONNERI","-","-","-","-","-","-","-","-","13.18666667","80.18833333","17-04-2025 11:55","1"
"112777","RedHills","Tamil Nadu SW GW","33","Tamil Nadu","589","Tiruvallur","PONNERI","-","-","-","-","-","-","-","-","13.18666667","80.18833333","17-04-2025 12:00","1"
"112778","RedHills","Tamil Nadu SW GW","33","Tamil Nadu","589","Tiruvallur","PONNERI","-","-","-","-","-","-","-","-","13.18666667","80.18833333","19-04-2025 17:30","0.5"
"112779","RedHills","Tamil Nadu SW GW","33","Tamil Nadu","589","Tiruvallur","PONNERI","-","-","-","-","-","-","-","-","13.18666667","80.18833333","19-04-2025 17:35","0.5"
"112780","RedHills","Tamil Nadu SW GW","33","Tamil Nadu","589","Tiruvallur","PONNERI","-","-","-","-","-","-","-","-","13.18666667","80.18833333","19-04-2025 17:40","0.5"
"112781","RedHills","Tamil Nadu SW GW","33","Tamil Nadu","589","Tiruvallur","PONNERI","-","-","-","-","-","-","-","-","13.18666667","80.18833333","19-04-2025 17:45","0.5"
"112782","RedHills","Tamil Nadu SW GW","33","Tamil Nadu","589","Tiruvallur","PONNERI","-","-","-","-","-","-","-","-","13.18666667","80.18833333","19-04-2025 17:50","0.5"
"112783","RedHills","Tamil Nadu SW GW","33","Tamil Nadu","589","Tiruvallur","PONNERI","-","-","-","-","-","-","-","-","13.18666667","80.18833333","19-04-2025 17:55","0.5"
"112784","RedHills","Tamil Nadu SW GW","33","Tamil Nadu","589","Tiruvallur","PONNERI","-","-","-","-","-","-","-","-","13.18666667","80.18833333","19-04-2025 18:00","0.5"
"112785","RedHills","Tamil Nadu SW GW","33","Tamil Nadu","589","Tiruvallur","PONNERI","-","-","-","-","-","-","-","-","13.18666667","80.18833333","20-08-2025 07:00","0.5"
"112786","RedHills","Tamil Nadu SW GW","33","Tamil Nadu","589","Tiruvallur","PONNERI","-","-","-","-","-","-","-","-","13.18666667","80.18833333","22-08-2025 05:00","0.5"
"112787","RedHills","Tamil Nadu SW GW","33","Tamil Nadu","589","Tiruvallur","PONNERI","-","-","-","-","-","-","-","-","13.18666667","80.18833333","22-08-2025 20:00","4"
"112788","RedHills","Tamil Nadu SW GW","33","Tamil Nadu","589","Tiruvallur","PONNERI","-","-","-","-","-","-","-","-","13.18666667","80.18833333","23-08-2025 03:00","13"
"112789","RedHills","Tamil Nadu SW GW","33","Tamil Nadu","589","Tiruvallur","PONNERI","-","-","-","-","-","-","-","-","13.18666667","80.18833333","23-08-2025 04:00","15"
"112790","RedHills","Tamil Nadu SW GW","33","Tamil Nadu","589","Tiruvallur","PONNERI","-","-","-","-","-","-","-","-","13.18666667","80.18833333","23-08-2025 05:00","5"
"112791","RedHills","Tamil Nadu SW GW","33","Tamil Nadu","589","Tiruvallur","PONNERI","-","-","-","-","-","-","-","-","13.18666667","80.18833333","23-08-2025 06:00","4"
"112792","RedHills","Tamil Nadu SW GW","33","Tamil Nadu","589","Tiruvallur","PONNERI","-","-","-","-","-","-","-","-","13.18666667","80.18833333","23-08-2025 07:00","2"
"112793","RedHills","Tamil Nadu SW GW","33","Tamil Nadu","589","Tiruvallur","PONNERI","-","-","-","-","-","-","-","-","13.18666667","80.18833333","23-08-2025 08:00","1"
"112794","RedHills","Tamil Nadu SW GW","33","Tamil Nadu","589","Tiruvallur","PONNERI","-","-","-","-","-","-","-","-","13.18666667","80.18833333","27-08-2025 22:00","0.5"
"112795","RedHills","Tamil Nadu SW GW","33","Tamil Nadu","589","Tiruvallur","PONNERI","-","-","-","-","-","-","-","-","13.18666667","80.18833333","28-08-2025 01:00","2"
"112796","RedHills","Tamil Nadu SW GW","33","Tamil Nadu","589","Tiruvallur","PONNERI","-","-","-","-","-","-","-","-","13.18666667","80.18833333","28-08-2025 13:00","0.5"
"112797","RedHills","Tamil Nadu SW GW","33","Tamil Nadu","589","Tiruvallur","PONNERI","-","-","-","-","-","-","-","-","13.18666667","80.18833333","01-09-2025 00:00","0.5"
"112798","RedHills","Tamil Nadu SW GW","33","Tamil Nadu","589","Tiruvallur","PONNERI","-","-","-","-","-","-","-","-","13.18666667","80.18833333","04-09-2025 01:00","0.5"
"112799","RedHills","Tamil Nadu SW GW","33","Tamil Nadu","589","Tiruvallur","PONNERI","-","-","-","-","-","-","-","-","13.18666667","80.18833333","07-09-2025 02:00","15"
"112800","RedHills","Tamil Nadu SW GW","33","Tamil Nadu","589","Tiruvallur","PONNERI","-","-","-","-","-","-","-","-","13.18666667","80.18833333","07-09-2025 03:00","2.5"
"112801","RedHills","Tamil Nadu SW GW","33","Tamil Nadu","589","Tiruvallur","PONNERI","-","-","-","-","-","-","-","-","13.18666667","80.18833333","07-09-2025 18:00","0.5"
"112802","RedHills","Tamil Nadu SW GW","33","Tamil Nadu","589","Tiruvallur","PONNERI","-","-","-","-","-","-","-","-","13.18666667","80.18833333","13-09-2025 05:00","26.5"
"112803","RedHills","Tamil Nadu SW GW","33","Tamil Nadu","589","Tiruvallur","PONNERI","-","-","-","-","-","-","-","-","13.18666667","80.18833333","13-09-2025 06:00","5"
"112804","RedHills","Tamil Nadu SW GW","33","Tamil Nadu","589","Tiruvallur","PONNERI","-","-","-","-","-","-","-","-","13.18666667","80.18833333","14-09-2025 07:00","0.5"
"112805","RedHills","Tamil Nadu SW GW","33","Tamil Nadu","589","Tiruvallur","PONNERI","-","-","-","-","-","-","-","-","13.18666667","80.18833333","14-09-2025 10:00","0.5"
"112806","RedHills","Tamil Nadu SW GW","33","Tamil Nadu","589","Tiruvallur","PONNERI","-","-","-","-","-","-","-","-","13.18666667","80.18833333","15-09-2025 22:00","0.5"
"112807","RedHills","Tamil Nadu SW GW","33","Tamil Nadu","589","Tiruvallur","PONNERI","-","-","-","-","-","-","-","-","13.18666667","80.18833333","16-09-2025 04:00","18.5"
"112808","RedHills","Tamil Nadu SW GW","33","Tamil Nadu","589","Tiruvallur","PONNERI","-","-","-","-","-","-","-","-","13.18666667","80.18833333","16-09-2025 05:00","5.5"
"112809","RedHills","Tamil Nadu SW GW","33","Tamil Nadu","589","Tiruvallur","PONNERI","-","-","-","-","-","-","-","-","13.18666667","80.18833333","16-09-2025 06:00","2"
"112810","RedHills","Tamil Nadu SW GW","33","Tamil Nadu","589","Tiruvallur","PONNERI","-","-","-","-","-","-","-","-","13.18666667","80.18833333","17-09-2025 03:00","2.5"
"112811","RedHills","Tamil Nadu SW GW","33","Tamil Nadu","589","Tiruvallur","PONNERI","-","-","-","-","-","-","-","-","13.18666667","80.18833333","17-09-2025 04:00","3.5"
"112812","RedHills","Tamil Nadu SW GW","33","Tamil Nadu","589","Tiruvallur","PONNERI","-","-","-","-","-","-","-","-","13.18666667","80.18833333","17-09-2025 05:00","1"
"112813","RedHills","Tamil Nadu SW GW","33","Tamil Nadu","589","Tiruvallur","PONNERI","-","-","-","-","-","-","-","-","13.18666667","80.18833333","17-09-2025 06:00","0.5"
"112814","RedHills","Tamil Nadu SW GW","33","Tamil Nadu","589","Tiruvallur","PONNERI","-","-","-","-","-","-","-","-","13.18666667","80.18833333","17-09-2025 07:00","0.5"
"112815","RedHills","Tamil Nadu SW GW","33","Tamil Nadu","589","Tiruvallur","PONNERI","-","-","-","-","-","-","-","-","13.18666667","80.18833333","18-09-2025 16:00","1"
"112816","RedHills","Tamil Nadu SW GW","33","Tamil Nadu","589","Tiruvallur","PONNERI","-","-","-","-","-","-","-","-","13.18666667","80.18833333","18-09-2025 18:00","1"
"112817","RedHills","Tamil Nadu SW GW","33","Tamil Nadu","589","Tiruvallur","PONNERI","-","-","-","-","-","-","-","-","13.18666667","80.18833333","18-09-2025 19:00","15.5"
"112818","RedHills","Tamil Nadu SW GW","33","Tamil Nadu","589","Tiruvallur","PONNERI","-","-","-","-","-","-","-","-","13.18666667","80.18833333","18-09-2025 20:00","4.5"
"112819","RedHills","Tamil Nadu SW GW","33","Tamil Nadu","589","Tiruvallur","PONNERI","-","-","-","-","-","-","-","-","13.18666667","80.18833333","21-09-2025 17:00","0.5"
"112820","RedHills","Tamil Nadu SW GW","33","Tamil Nadu","589","Tiruvallur","PONNERI","-","-","-","-","-","-","-","-","13.18666667","80.18833333","22-09-2025 02:00","1"
"112821","RedHills","Tamil Nadu SW GW","33","Tamil Nadu","589","Tiruvallur","PONNERI","-","-","-","-","-","-","-","-","13.18666667","80.18833333","22-09-2025 03:00","0.5"
"112822","RedHills","Tamil Nadu SW GW","33","Tamil Nadu","589","Tiruvallur","PONNERI","-","-","-","-","-","-","-","-","13.18666667","80.18833333","22-09-2025 04:00","1.5"
"112823","RedHills","Tamil Nadu SW GW","33","Tamil Nadu","589","Tiruvallur","PONNERI","-","-","-","-","-","-","-","-","13.18666667","80.18833333","22-09-2025 05:00","0.5"
"112824","RedHills","Tamil Nadu SW GW","33","Tamil Nadu","589","Tiruvallur","PONNERI","-","-","-","-","-","-","-","-","13.18666667","80.18833333","26-09-2025 21:00","6.5"
"112825","RedHills","Tamil Nadu SW GW","33","Tamil Nadu","589","Tiruvallur","PONNERI","-","-","-","-","-","-","-","-","13.18666667","80.18833333","26-09-2025 22:00","1.5"
"112826","RedHills","Tamil Nadu SW GW","33","Tamil Nadu","589","Tiruvallur","PONNERI","-","-","-","-","-","-","-","-","13.18666667","80.18833333","29-09-2025 02:00","20"
"112827","RedHills","Tamil Nadu SW GW","33","Tamil Nadu","589","Tiruvallur","PONNERI","-","-","-","-","-","-","-","-","13.18666667","80.18833333","29-09-2025 03:00","1"
"112828","RedHills","Tamil Nadu SW GW","33","Tamil Nadu","589","Tiruvallur","PONNERI","-","-","-","-","-","-","-","-","13.18666667","80.18833333","29-09-2025 04:00","1"
"112829","RedHills","Tamil Nadu SW GW","33","Tamil Nadu","589","Tiruvallur","PONNERI","-","-","-","-","-","-","-","-","13.18666667","80.18833333","29-09-2025 05:00","0.5"
"112830","RedHills","Tamil Nadu SW GW","33","Tamil Nadu","589","Tiruvallur","PONNERI","-","-","-","-","-","-","-","-","13.18666667","80.18833333","29-09-2025 06:00","0.5"
"112831","RedHills","Tamil Nadu SW GW","33","Tamil Nadu","589","Tiruvallur","PONNERI","-","-","-","-","-","-","-","-","13.18666667","80.18833333","03-10-2025 02:00","4"
"112832","RedHills","Tamil Nadu SW GW","33","Tamil Nadu","589","Tiruvallur","PONNERI","-","-","-","-","-","-","-","-","13.18666667","80.18833333","04-10-2025 10:00","0.5"
"112833","RedHills","Tamil Nadu SW GW","33","Tamil Nadu","589","Tiruvallur","PONNERI","-","-","-","-","-","-","-","-","13.18666667","80.18833333","13-10-2025 05:00","2"
"112834","RedHills","Tamil Nadu SW GW","33","Tamil Nadu","589","Tiruvallur","PONNERI","-","-","-","-","-","-","-","-","13.18666667","80.18833333","14-10-2025 04:00","3"
"112835","RedHills","Tamil Nadu SW GW","33","Tamil Nadu","589","Tiruvallur","PONNERI","-","-","-","-","-","-","-","-","13.18666667","80.18833333","14-10-2025 05:00","5"
"112836","RedHills","Tamil Nadu SW GW","33","Tamil Nadu","589","Tiruvallur","PONNERI","-","-","-","-","-","-","-","-","13.18666667","80.18833333","14-10-2025 09:00","0.5"
"112837","RedHills","Tamil Nadu SW GW","33","Tamil Nadu","589","Tiruvallur","PONNERI","-","-","-","-","-","-","-","-","13.18666667","80.18833333","14-10-2025 10:00","0.5"
"112838","RedHills","Tamil Nadu SW GW","33","Tamil Nadu","589","Tiruvallur","PONNERI","-","-","-","-","-","-","-","-","13.18666667","80.18833333","14-10-2025 11:00","11.5"
"112839","RedHills","Tamil Nadu SW GW","33","Tamil Nadu","589","Tiruvallur","PONNERI","-","-","-","-","-","-","-","-","13.18666667","80.18833333","14-10-2025 12:00","0.5"
"112840","RedHills","Tamil Nadu SW GW","33","Tamil Nadu","589","Tiruvallur","PONNERI","-","-","-","-","-","-","-","-","13.18666667","80.18833333","15-10-2025 08:00","0.5"
"112841","RedHills","Tamil Nadu SW GW","33","Tamil Nadu","589","Tiruvallur","PONNERI","-","-","-","-","-","-","-","-","13.18666667","80.18833333","15-10-2025 09:00","1"
"112842","RedHills","Tamil Nadu SW GW","33","Tamil Nadu","589","Tiruvallur","PONNERI","-","-","-","-","-","-","-","-","13.18666667","80.18833333","15-10-2025 10:00","0.5"
"112843","RedHills","Tamil Nadu SW GW","33","Tamil Nadu","589","Tiruvallur","PONNERI","-","-","-","-","-","-","-","-","13.18666667","80.18833333","15-10-2025 17:00","5.5"
"112844","RedHills","Tamil Nadu SW GW","33","Tamil Nadu","589","Tiruvallur","PONNERI","-","-","-","-","-","-","-","-","13.18666667","80.18833333","15-10-2025 23:00","0.5"
"112845","RedHills","Tamil Nadu SW GW","33","Tamil Nadu","589","Tiruvallur","PONNERI","-","-","-","-","-","-","-","-","13.18666667","80.18833333","16-10-2025 19:00","15"
"112846","RedHills","Tamil Nadu SW GW","33","Tamil Nadu","589","Tiruvallur","PONNERI","-","-","-","-","-","-","-","-","13.18666667","80.18833333","16-10-2025 20:00","2"
"112847","RedHills","Tamil Nadu SW GW","33","Tamil Nadu","589","Tiruvallur","PONNERI","-","-","-","-","-","-","-","-","13.18666667","80.18833333","16-10-2025 21:00","1"
"112848","RedHills","Tamil Nadu SW GW","33","Tamil Nadu","589","Tiruvallur","PONNERI","-","-","-","-","-","-","-","-","13.18666667","80.18833333","17-10-2025 05:00","0.5"
"112849","RedHills","Tamil Nadu SW GW","33","Tamil Nadu","589","Tiruvallur","PONNERI","-","-","-","-","-","-","-","-","13.18666667","80.18833333","17-10-2025 06:00","2"
"112850","RedHills","Tamil Nadu SW GW","33","Tamil Nadu","589","Tiruvallur","PONNERI","-","-","-","-","-","-","-","-","13.18666667","80.18833333","17-10-2025 12:00","0.5"
"112851","RedHills","Tamil Nadu SW GW","33","Tamil Nadu","589","Tiruvallur","PONNERI","-","-","-","-","-","-","-","-","13.18666667","80.18833333","17-10-2025 15:00","0.5"
"112852","RedHills","Tamil Nadu SW GW","33","Tamil Nadu","589","Tiruvallur","PONNERI","-","-","-","-","-","-","-","-","13.18666667","80.18833333","17-10-2025 16:00","1.5"
"112853","RedHills","Tamil Nadu SW GW","33","Tamil Nadu","589","Tiruvallur","PONNERI","-","-","-","-","-","-","-","-","13.18666667","80.18833333","17-10-2025 17:00","2.5"
"112854","RedHills","Tamil Nadu SW GW","33","Tamil Nadu","589","Tiruvallur","PONNERI","-","-","-","-","-","-","-","-","13.18666667","80.18833333","17-10-2025 18:00","2"
"112855","RedHills","Tamil Nadu SW GW","33","Tamil Nadu","589","Tiruvallur","PONNERI","-","-","-","-","-","-","-","-","13.18666667","80.18833333","18-10-2025 07:00","4"
"112856","RedHills","Tamil Nadu SW GW","33","Tamil Nadu","589","Tiruvallur","PONNERI","-","-","-","-","-","-","-","-","13.18666667","80.18833333","18-10-2025 10:00","1"
"112857","RedHills","Tamil Nadu SW GW","33","Tamil Nadu","589","Tiruvallur","PONNERI","-","-","-","-","-","-","-","-","13.18666667","80.18833333","19-10-2025 12:00","1"
"112858","RedHills","Tamil Nadu SW GW","33","Tamil Nadu","589","Tiruvallur","PONNERI","-","-","-","-","-","-","-","-","13.18666667","80.18833333","20-10-2025 00:00","0.5"
"112859","RedHills","Tamil Nadu SW GW","33","Tamil Nadu","589","Tiruvallur","PONNERI","-","-","-","-","-","-","-","-","13.18666667","80.18833333","20-10-2025 09:00","5"
"112860","RedHills","Tamil Nadu SW GW","33","Tamil Nadu","589","Tiruvallur","PONNERI","-","-","-","-","-","-","-","-","13.18666667","80.18833333","20-10-2025 10:00","1"
"112861","RedHills","Tamil Nadu SW GW","33","Tamil Nadu","589","Tiruvallur","PONNERI","-","-","-","-","-","-","-","-","13.18666667","80.18833333","20-10-2025 13:00","5"
"112862","RedHills","Tamil Nadu SW GW","33","Tamil Nadu","589","Tiruvallur","PONNERI","-","-","-","-","-","-","-","-","13.18666667","80.18833333","20-10-2025 14:00","2"
"112863","RedHills","Tamil Nadu SW GW","33","Tamil Nadu","589","Tiruvallur","PONNERI","-","-","-","-","-","-","-","-","13.18666667","80.18833333","20-10-2025 15:00","2"
"112864","RedHills","Tamil Nadu SW GW","33","Tamil Nadu","589","Tiruvallur","PONNERI","-","-","-","-","-","-","-","-","13.18666667","80.18833333","21-10-2025 08:00","0.5"
"112865","RedHills","Tamil Nadu SW GW","33","Tamil Nadu","589","Tiruvallur","PONNERI","-","-","-","-","-","-","-","-","13.18666667","80.18833333","21-10-2025 10:00","3.5"
"112866","RedHills","Tamil Nadu SW GW","33","Tamil Nadu","589","Tiruvallur","PONNERI","-","-","-","-","-","-","-","-","13.18666667","80.18833333","21-10-2025 11:00","1"
"112867","RedHills","Tamil Nadu SW GW","33","Tamil Nadu","589","Tiruvallur","PONNERI","-","-","-","-","-","-","-","-","13.18666667","80.18833333","21-10-2025 12:00","1"
"112868","RedHills","Tamil Nadu SW GW","33","Tamil Nadu","589","Tiruvallur","PONNERI","-","-","-","-","-","-","-","-","13.18666667","80.18833333","21-10-2025 13:00","4"
"112869","RedHills","Tamil Nadu SW GW","33","Tamil Nadu","589","Tiruvallur","PONNERI","-","-","-","-","-","-","-","-","13.18666667","80.18833333","27-10-2025 08:00","0.5"
"112870","RedHills","Tamil Nadu SW GW","33","Tamil Nadu","589","Tiruvallur","PONNERI","-","-","-","-","-","-","-","-","13.18666667","80.18833333","27-10-2025 09:00","2.5"
"112871","RedHills","Tamil Nadu SW GW","33","Tamil Nadu","589","Tiruvallur","PONNERI","-","-","-","-","-","-","-","-","13.18666667","80.18833333","27-10-2025 10:00","0.5"
"112872","RedHills","Tamil Nadu SW GW","33","Tamil Nadu","589","Tiruvallur","PONNERI","-","-","-","-","-","-","-","-","13.18666667","80.18833333","27-10-2025 11:00","0.5"
"112873","RedHills","Tamil Nadu SW GW","33","Tamil Nadu","589","Tiruvallur","PONNERI","-","-","-","-","-","-","-","-","13.18666667","80.18833333","27-10-2025 12:00","1.5"
"112874","RedHills","Tamil Nadu SW GW","33","Tamil Nadu","589","Tiruvallur","PONNERI","-","-","-","-","-","-","-","-","13.18666667","80.18833333","27-10-2025 13:00","1"
"112875","RedHills","Tamil Nadu SW GW","33","Tamil Nadu","589","Tiruvallur","PONNERI","-","-","-","-","-","-","-","-","13.18666667","80.18833333","27-10-2025 14:00","0.5"
"112876","RedHills","Tamil Nadu SW GW","33","Tamil Nadu","589","Tiruvallur","PONNERI","-","-","-","-","-","-","-","-","13.18666667","80.18833333","27-10-2025 15:00","0.5"
"112877","RedHills","Tamil Nadu SW GW","33","Tamil Nadu","589","Tiruvallur","PONNERI","-","-","-","-","-","-","-","-","13.18666667","80.18833333","27-10-2025 17:00","0.5"
"112878","RedHills","Tamil Nadu SW GW","33","Tamil Nadu","589","Tiruvallur","PONNERI","-","-","-","-","-","-","-","-","13.18666667","80.18833333","27-10-2025 18:00","0.5"
"112879","RedHills","Tamil Nadu SW GW","33","Tamil Nadu","589","Tiruvallur","PONNERI","-","-","-","-","-","-","-","-","13.18666667","80.18833333","27-10-2025 19:00","2"
"112880","RedHills","Tamil Nadu SW GW","33","Tamil Nadu","589","Tiruvallur","PONNERI","-","-","-","-","-","-","-","-","13.18666667","80.18833333","27-10-2025 20:00","2.5"
"112881","RedHills","Tamil Nadu SW GW","33","Tamil Nadu","589","Tiruvallur","PONNERI","-","-","-","-","-","-","-","-","13.18666667","80.18833333","27-10-2025 21:00","0.5"
"112882","RedHills","Tamil Nadu SW GW","33","Tamil Nadu","589","Tiruvallur","PONNERI","-","-","-","-","-","-","-","-","13.18666667","80.18833333","27-10-2025 22:00","2.5"
"112883","RedHills","Tamil Nadu SW GW","33","Tamil Nadu","589","Tiruvallur","PONNERI","-","-","-","-","-","-","-","-","13.18666667","80.18833333","27-10-2025 23:00","3.5"
"112884","RedHills","Tamil Nadu SW GW","33","Tamil Nadu","589","Tiruvallur","PONNERI","-","-","-","-","-","-","-","-","13.18666667","80.18833333","28-10-2025 00:00","5"
"112885","RedHills","Tamil Nadu SW GW","33","Tamil Nadu","589","Tiruvallur","PONNERI","-","-","-","-","-","-","-","-","13.18666667","80.18833333","28-10-2025 01:00","4.5"
"112886","RedHills","Tamil Nadu SW GW","33","Tamil Nadu","589","Tiruvallur","PONNERI","-","-","-","-","-","-","-","-","13.18666667","80.18833333","28-10-2025 02:00","5"
"112887","RedHills","Tamil Nadu SW GW","33","Tamil Nadu","589","Tiruvallur","PONNERI","-","-","-","-","-","-","-","-","13.18666667","80.18833333","28-10-2025 03:00","4"
"112888","RedHills","Tamil Nadu SW GW","33","Tamil Nadu","589","Tiruvallur","PONNERI","-","-","-","-","-","-","-","-","13.18666667","80.18833333","28-10-2025 04:00","2"
"112889","RedHills","Tamil Nadu SW GW","33","Tamil Nadu","589","Tiruvallur","PONNERI","-","-","-","-","-","-","-","-","13.18666667","80.18833333","02-11-2025 17:00","1"
"112890","RedHills","Tamil Nadu SW GW","33","Tamil Nadu","589","Tiruvallur","PONNERI","-","-","-","-","-","-","-","-","13.18666667","80.18833333","04-11-2025 19:00","2"
"112891","RedHills","Tamil Nadu SW GW","33","Tamil Nadu","589","Tiruvallur","PONNERI","-","-","-","-","-","-","-","-","13.18666667","80.18833333","05-11-2025 20:00","2"
"112892","RedHills","Tamil Nadu SW GW","33","Tamil Nadu","589","Tiruvallur","PONNERI","-","-","-","-","-","-","-","-","13.18666667","80.18833333","05-11-2025 21:00","10"
"112893","RedHills","Tamil Nadu SW GW","33","Tamil Nadu","589","Tiruvallur","PONNERI","-","-","-","-","-","-","-","-","13.18666667","80.18833333","06-11-2025 18:00","3"
"112894","RedHills","Tamil Nadu SW GW","33","Tamil Nadu","589","Tiruvallur","PONNERI","-","-","-","-","-","-","-","-","13.18666667","80.18833333","06-11-2025 19:00","53.5"
"112895","RedHills","Tamil Nadu SW GW","33","Tamil Nadu","589","Tiruvallur","PONNERI","-","-","-","-","-","-","-","-","13.18666667","80.18833333","06-11-2025 20:00","4.5"
"112896","RedHills","Tamil Nadu SW GW","33","Tamil Nadu","589","Tiruvallur","PONNERI","-","-","-","-","-","-","-","-","13.18666667","80.18833333","17-11-2025 17:00","1"
"112897","RedHills","Tamil Nadu SW GW","33","Tamil Nadu","589","Tiruvallur","PONNERI","-","-","-","-","-","-","-","-","13.18666667","80.18833333","18-11-2025 13:00","1"
"112898","RedHills","Tamil Nadu SW GW","33","Tamil Nadu","589","Tiruvallur","PONNERI","-","-","-","-","-","-","-","-","13.18666667","80.18833333","18-11-2025 14:00","1"
"112899","RedHills","Tamil Nadu SW GW","33","Tamil Nadu","589","Tiruvallur","PONNERI","-","-","-","-","-","-","-","-","13.18666667","80.18833333","18-11-2025 17:00","6"
"112900","RedHills","Tamil Nadu SW GW","33","Tamil Nadu","589","Tiruvallur","PONNERI","-","-","-","-","-","-","-","-","13.18666667","80.18833333","21-11-2025 11:00","0.5"
"112901","RedHills","Tamil Nadu SW GW","33","Tamil Nadu","589","Tiruvallur","PONNERI","-","-","-","-","-","-","-","-","13.18666667","80.18833333","21-11-2025 12:00","0.5"
"112902","RedHills","Tamil Nadu SW GW","33","Tamil Nadu","589","Tiruvallur","PONNERI","-","-","-","-","-","-","-","-","13.18666667","80.18833333","21-11-2025 16:00","3"
"112903","RedHills","Tamil Nadu SW GW","33","Tamil Nadu","589","Tiruvallur","PONNERI","-","-","-","-","-","-","-","-","13.18666667","80.18833333","21-11-2025 19:00","0.5"
"112904","RedHills","Tamil Nadu SW GW","33","Tamil Nadu","589","Tiruvallur","PONNERI","-","-","-","-","-","-","-","-","13.18666667","80.18833333","21-11-2025 22:00","3"
"117636","SGSWRDC Campus (Tharamani site)","Tamil Nadu SW GW","33","Tamil Nadu","568","Chennai","-","-","-","Adyar","East flowing rivers between Pennar and Kanyakumari","-","-","-","Adyar","12.98583333","80.24500000","09-08-2021 14:00","1.5"
"117637","SGSWRDC Campus (Tharamani site)","Tamil Nadu SW GW","33","Tamil Nadu","568","Chennai","-","-","-","Adyar","East flowing rivers between Pennar and Kanyakumari","-","-","-","Adyar","12.98583333","80.24500000","09-08-2021 15:00","3"
"117638","SGSWRDC Campus (Tharamani site)","Tamil Nadu SW GW","33","Tamil Nadu","568","Chennai","-","-","-","Adyar","East flowing rivers between Pennar and Kanyakumari","-","-","-","Adyar","12.98583333","80.24500000","09-08-2021 18:00","7"
"117639","SGSWRDC Campus (Tharamani site)","Tamil Nadu SW GW","33","Tamil Nadu","568","Chennai","-","-","-","Adyar","East flowing rivers between Pennar and Kanyakumari","-","-","-","Adyar","12.98583333","80.24500000","10-08-2021 02:00","10.5"
"117640","SGSWRDC Campus (Tharamani site)","Tamil Nadu SW GW","33","Tamil Nadu","568","Chennai","-","-","-","Adyar","East flowing rivers between Pennar and Kanyakumari","-","-","-","Adyar","12.98583333","80.24500000","10-08-2021 03:00","12"
"117641","SGSWRDC Campus (Tharamani site)","Tamil Nadu SW GW","33","Tamil Nadu","568","Chennai","-","-","-","Adyar","East flowing rivers between Pennar and Kanyakumari","-","-","-","Adyar","12.98583333","80.24500000","10-08-2021 04:00","1"
"117642","SGSWRDC Campus (Tharamani site)","Tamil Nadu SW GW","33","Tamil Nadu","568","Chennai","-","-","-","Adyar","East flowing rivers between Pennar and Kanyakumari","-","-","-","Adyar","12.98583333","80.24500000","10-08-2021 06:00","0.5"
"117643","SGSWRDC Campus (Tharamani site)","Tamil Nadu SW GW","33","Tamil Nadu","568","Chennai","-","-","-","Adyar","East flowing rivers between Pennar and Kanyakumari","-","-","-","Adyar","12.98583333","80.24500000","10-08-2021 07:00","4.5"
"117644","SGSWRDC Campus (Tharamani site)","Tamil Nadu SW GW","33","Tamil Nadu","568","Chennai","-","-","-","Adyar","East flowing rivers between Pennar and Kanyakumari","-","-","-","Adyar","12.98583333","80.24500000","10-08-2021 09:00","0.5"
"117645","SGSWRDC Campus (Tharamani site)","Tamil Nadu SW GW","33","Tamil Nadu","568","Chennai","-","-","-","Adyar","East flowing rivers between Pennar and Kanyakumari","-","-","-","Adyar","12.98583333","80.24500000","11-08-2021 15:00","1"
"117646","SGSWRDC Campus (Tharamani site)","Tamil Nadu SW GW","33","Tamil Nadu","568","Chennai","-","-","-","Adyar","East flowing rivers between Pennar and Kanyakumari","-","-","-","Adyar","12.98583333","80.24500000","11-08-2021 16:00","1.5"
"117647","SGSWRDC Campus (Tharamani site)","Tamil Nadu SW GW","33","Tamil Nadu","568","Chennai","-","-","-","Adyar","East flowing rivers between Pennar and Kanyakumari","-","-","-","Adyar","12.98583333","80.24500000","16-08-2021 07:00","0.5"
"117648","SGSWRDC Campus (Tharamani site)","Tamil Nadu SW GW","33","Tamil Nadu","568","Chennai","-","-","-","Adyar","East flowing rivers between Pennar and Kanyakumari","-","-","-","Adyar","12.98583333","80.24500000","17-08-2021 03:00","11"
"117649","SGSWRDC Campus (Tharamani site)","Tamil Nadu SW GW","33","Tamil Nadu","568","Chennai","-","-","-","Adyar","East flowing rivers between Pennar and Kanyakumari","-","-","-","Adyar","12.98583333","80.24500000","17-08-2021 04:00","19.5"
"117650","SGSWRDC Campus (Tharamani site)","Tamil Nadu SW GW","33","Tamil Nadu","568","Chennai","-","-","-","Adyar","East flowing rivers between Pennar and Kanyakumari","-","-","-","Adyar","12.98583333","80.24500000","17-08-2021 05:00","1.5"
"117651","SGSWRDC Campus (Tharamani site)","Tamil Nadu SW GW","33","Tamil Nadu","568","Chennai","-","-","-","Adyar","East flowing rivers between Pennar and Kanyakumari","-","-","-","Adyar","12.98583333","80.24500000","17-08-2021 06:00","1"
"117652","SGSWRDC Campus (Tharamani site)","Tamil Nadu SW GW","33","Tamil Nadu","568","Chennai","-","-","-","Adyar","East flowing rivers between Pennar and Kanyakumari","-","-","-","Adyar","12.98583333","80.24500000","20-08-2021 03:00","2"
"117653","SGSWRDC Campus (Tharamani site)","Tamil Nadu SW GW","33","Tamil Nadu","568","Chennai","-","-","-","Adyar","East flowing rivers between Pennar and Kanyakumari","-","-","-","Adyar","12.98583333","80.24500000","28-08-2021 01:00","1.5"
"117654","SGSWRDC Campus (Tharamani site)","Tamil Nadu SW GW","33","Tamil Nadu","568","Chennai","-","-","-","Adyar","East flowing rivers between Pennar and Kanyakumari","-","-","-","Adyar","12.98583333","80.24500000","28-08-2021 02:00","8.5"
"117655","SGSWRDC Campus (Tharamani site)","Tamil Nadu SW GW","33","Tamil Nadu","568","Chennai","-","-","-","Adyar","East flowing rivers between Pennar and Kanyakumari","-","-","-","Adyar","12.98583333","80.24500000","28-08-2021 03:00","0.5"
"117656","SGSWRDC Campus (Tharamani site)","Tamil Nadu SW GW","33","Tamil Nadu","568","Chennai","-","-","-","Adyar","East flowing rivers between Pennar and Kanyakumari","-","-","-","Adyar","12.98583333","80.24500000","28-08-2021 04:00","0.5"
"117657","SGSWRDC Campus (Tharamani site)","Tamil Nadu SW GW","33","Tamil Nadu","568","Chennai","-","-","-","Adyar","East flowing rivers between Pennar and Kanyakumari","-","-","-","Adyar","12.98583333","80.24500000","28-08-2021 22:00","16.5"
"117658","SGSWRDC Campus (Tharamani site)","Tamil Nadu SW GW","33","Tamil Nadu","568","Chennai","-","-","-","Adyar","East flowing rivers between Pennar and Kanyakumari","-","-","-","Adyar","12.98583333","80.24500000","28-08-2021 23:00","3.5"
"117659","SGSWRDC Campus (Tharamani site)","Tamil Nadu SW GW","33","Tamil Nadu","568","Chennai","-","-","-","Adyar","East flowing rivers between Pennar and Kanyakumari","-","-","-","Adyar","12.98583333","80.24500000","29-08-2021 00:00","3.5"
"117660","SGSWRDC Campus (Tharamani site)","Tamil Nadu SW GW","33","Tamil Nadu","568","Chennai","-","-","-","Adyar","East flowing rivers between Pennar and Kanyakumari","-","-","-","Adyar","12.98583333","80.24500000","29-08-2021 01:00","2.5"
"117661","SGSWRDC Campus (Tharamani site)","Tamil Nadu SW GW","33","Tamil Nadu","568","Chennai","-","-","-","Adyar","East flowing rivers between Pennar and Kanyakumari","-","-","-","Adyar","12.98583333","80.24500000","29-08-2021 02:00","1"
"117662","SGSWRDC Campus (Tharamani site)","Tamil Nadu SW GW","33","Tamil Nadu","568","Chennai","-","-","-","Adyar","East flowing rivers between Pennar and Kanyakumari","-","-","-","Adyar","12.98583333","80.24500000","29-08-2021 03:00","1.5"
"117663","SGSWRDC Campus (Tharamani site)","Tamil Nadu SW GW","33","Tamil Nadu","568","Chennai","-","-","-","Adyar","East flowing rivers between Pennar and Kanyakumari","-","-","-","Adyar","12.98583333","80.24500000","29-08-2021 04:00","0.5"
"117664","SGSWRDC Campus (Tharamani site)","Tamil Nadu SW GW","33","Tamil Nadu","568","Chennai","-","-","-","Adyar","East flowing rivers between Pennar and Kanyakumari","-","-","-","Adyar","12.98583333","80.24500000","29-08-2021 08:00","0.5"
"117665","SGSWRDC Campus (Tharamani site)","Tamil Nadu SW GW","33","Tamil Nadu","568","Chennai","-","-","-","Adyar","East flowing rivers between Pennar and Kanyakumari","-","-","-","Adyar","12.98583333","80.24500000","29-08-2021 15:00","0.5"
"117666","SGSWRDC Campus (Tharamani site)","Tamil Nadu SW GW","33","Tamil Nadu","568","Chennai","-","-","-","Adyar","East flowing rivers between Pennar and Kanyakumari","-","-","-","Adyar","12.98583333","80.24500000","29-08-2021 16:00","1.5"
"117667","SGSWRDC Campus (Tharamani site)","Tamil Nadu SW GW","33","Tamil Nadu","568","Chennai","-","-","-","Adyar","East flowing rivers between Pennar and Kanyakumari","-","-","-","Adyar","12.98583333","80.24500000","29-08-2021 17:00","0.5"
"117668","SGSWRDC Campus (Tharamani site)","Tamil Nadu SW GW","33","Tamil Nadu","568","Chennai","-","-","-","Adyar","East flowing rivers between Pennar and Kanyakumari","-","-","-","Adyar","12.98583333","80.24500000","29-08-2021 23:00","0.5"
"117669","SGSWRDC Campus (Tharamani site)","Tamil Nadu SW GW","33","Tamil Nadu","568","Chennai","-","-","-","Adyar","East flowing rivers between Pennar and Kanyakumari","-","-","-","Adyar","12.98583333","80.24500000","30-08-2021 00:00","0.5"
"117670","SGSWRDC Campus (Tharamani site)","Tamil Nadu SW GW","33","Tamil Nadu","568","Chennai","-","-","-","Adyar","East flowing rivers between Pennar and Kanyakumari","-","-","-","Adyar","12.98583333","80.24500000","30-08-2021 01:00","0.5"
"117671","SGSWRDC Campus (Tharamani site)","Tamil Nadu SW GW","33","Tamil Nadu","568","Chennai","-","-","-","Adyar","East flowing rivers between Pennar and Kanyakumari","-","-","-","Adyar","12.98583333","80.24500000","30-08-2021 02:00","1"
"117672","SGSWRDC Campus (Tharamani site)","Tamil Nadu SW GW","33","Tamil Nadu","568","Chennai","-","-","-","Adyar","East flowing rivers between Pennar and Kanyakumari","-","-","-","Adyar","12.98583333","80.24500000","31-08-2021 00:00","0.5"
"117673","SGSWRDC Campus (Tharamani site)","Tamil Nadu SW GW","33","Tamil Nadu","568","Chennai","-","-","-","Adyar","East flowing rivers between Pennar and Kanyakumari","-","-","-","Adyar","12.98583333","80.24500000","31-08-2021 11:00","0.5"
"117674","SGSWRDC Campus (Tharamani site)","Tamil Nadu SW GW","33","Tamil Nadu","568","Chennai","-","-","-","Adyar","East flowing rivers between Pennar and Kanyakumari","-","-","-","Adyar","12.98583333","80.24500000","03-09-2021 16:00","0.5"
"117675","SGSWRDC Campus (Tharamani site)","Tamil Nadu SW GW","33","Tamil Nadu","568","Chennai","-","-","-","Adyar","East flowing rivers between Pennar and Kanyakumari","-","-","-","Adyar","12.98583333","80.24500000","03-09-2021 17:00","1"
"117676","SGSWRDC Campus (Tharamani site)","Tamil Nadu SW GW","33","Tamil Nadu","568","Chennai","-","-","-","Adyar","East flowing rivers between Pennar and Kanyakumari","-","-","-","Adyar","12.98583333","80.24500000","04-09-2021 19:00","0.5"
"117677","SGSWRDC Campus (Tharamani site)","Tamil Nadu SW GW","33","Tamil Nadu","568","Chennai","-","-","-","Adyar","East flowing rivers between Pennar and Kanyakumari","-","-","-","Adyar","12.98583333","80.24500000","05-09-2021 17:00","31.5"
"117678","SGSWRDC Campus (Tharamani site)","Tamil Nadu SW GW","33","Tamil Nadu","568","Chennai","-","-","-","Adyar","East flowing rivers between Pennar and Kanyakumari","-","-","-","Adyar","12.98583333","80.24500000","05-09-2021 19:00","0.5"
"117679","SGSWRDC Campus (Tharamani site)","Tamil Nadu SW GW","33","Tamil Nadu","568","Chennai","-","-","-","Adyar","East flowing rivers between Pennar and Kanyakumari","-","-","-","Adyar","12.98583333","80.24500000","06-09-2021 20:00","6"
"117680","SGSWRDC Campus (Tharamani site)","Tamil Nadu SW GW","33","Tamil Nadu","568","Chennai","-","-","-","Adyar","East flowing rivers between Pennar and Kanyakumari","-","-","-","Adyar","12.98583333","80.24500000","08-09-2021 11:00","1"
"117681","SGSWRDC Campus (Tharamani site)","Tamil Nadu SW GW","33","Tamil Nadu","568","Chennai","-","-","-","Adyar","East flowing rivers between Pennar and Kanyakumari","-","-","-","Adyar","12.98583333","80.24500000","09-09-2021 13:00","5"
"117682","SGSWRDC Campus (Tharamani site)","Tamil Nadu SW GW","33","Tamil Nadu","568","Chennai","-","-","-","Adyar","East flowing rivers between Pennar and Kanyakumari","-","-","-","Adyar","12.98583333","80.24500000","10-09-2021 02:00","0.5"
"117683","SGSWRDC Campus (Tharamani site)","Tamil Nadu SW GW","33","Tamil Nadu","568","Chennai","-","-","-","Adyar","East flowing rivers between Pennar and Kanyakumari","-","-","-","Adyar","12.98583333","80.24500000","17-09-2021 16:00","1"
"117684","SGSWRDC Campus (Tharamani site)","Tamil Nadu SW GW","33","Tamil Nadu","568","Chennai","-","-","-","Adyar","East flowing rivers between Pennar and Kanyakumari","-","-","-","Adyar","12.98583333","80.24500000","21-09-2021 15:00","2.5"
"117685","SGSWRDC Campus (Tharamani site)","Tamil Nadu SW GW","33","Tamil Nadu","568","Chennai","-","-","-","Adyar","East flowing rivers between Pennar and Kanyakumari","-","-","-","Adyar","12.98583333","80.24500000","21-09-2021 17:00","5.5"
"117686","SGSWRDC Campus (Tharamani site)","Tamil Nadu SW GW","33","Tamil Nadu","568","Chennai","-","-","-","Adyar","East flowing rivers between Pennar and Kanyakumari","-","-","-","Adyar","12.98583333","80.24500000","30-09-2021 17:00","12"
"117687","SGSWRDC Campus (Tharamani site)","Tamil Nadu SW GW","33","Tamil Nadu","568","Chennai","-","-","-","Adyar","East flowing rivers between Pennar and Kanyakumari","-","-","-","Adyar","12.98583333","80.24500000","02-10-2021 09:00","0.5"
"117688","SGSWRDC Campus (Tharamani site)","Tamil Nadu SW GW","33","Tamil Nadu","568","Chennai","-","-","-","Adyar","East flowing rivers between Pennar and Kanyakumari","-","-","-","Adyar","12.98583333","80.24500000","09-10-2021 17:00","1.5"
"117689","SGSWRDC Campus (Tharamani site)","Tamil Nadu SW GW","33","Tamil Nadu","568","Chennai","-","-","-","Adyar","East flowing rivers between Pennar and Kanyakumari","-","-","-","Adyar","12.98583333","80.24500000","09-10-2021 18:00","0.5"
"117690","SGSWRDC Campus (Tharamani site)","Tamil Nadu SW GW","33","Tamil Nadu","568","Chennai","-","-","-","Adyar","East flowing rivers between Pennar and Kanyakumari","-","-","-","Adyar","12.98583333","80.24500000","10-10-2021 16:00","13.5"
"117691","SGSWRDC Campus (Tharamani site)","Tamil Nadu SW GW","33","Tamil Nadu","568","Chennai","-","-","-","Adyar","East flowing rivers between Pennar and Kanyakumari","-","-","-","Adyar","12.98583333","80.24500000","11-10-2021 12:00","0.5"
"117692","SGSWRDC Campus (Tharamani site)","Tamil Nadu SW GW","33","Tamil Nadu","568","Chennai","-","-","-","Adyar","East flowing rivers between Pennar and Kanyakumari","-","-","-","Adyar","12.98583333","80.24500000","12-10-2021 18:00","2.5"
"117693","SGSWRDC Campus (Tharamani site)","Tamil Nadu SW GW","33","Tamil Nadu","568","Chennai","-","-","-","Adyar","East flowing rivers between Pennar and Kanyakumari","-","-","-","Adyar","12.98583333","80.24500000","12-10-2021 19:00","1.5"
"117694","SGSWRDC Campus (Tharamani site)","Tamil Nadu SW GW","33","Tamil Nadu","568","Chennai","-","-","-","Adyar","East flowing rivers between Pennar and Kanyakumari","-","-","-","Adyar","12.98583333","80.24500000","12-10-2021 20:00","0.5"
"117695","SGSWRDC Campus (Tharamani site)","Tamil Nadu SW GW","33","Tamil Nadu","568","Chennai","-","-","-","Adyar","East flowing rivers between Pennar and Kanyakumari","-","-","-","Adyar","12.98583333","80.24500000","13-10-2021 21:00","2"
"117696","SGSWRDC Campus (Tharamani site)","Tamil Nadu SW GW","33","Tamil Nadu","568","Chennai","-","-","-","Adyar","East flowing rivers between Pennar and Kanyakumari","-","-","-","Adyar","12.98583333","80.24500000","13-10-2021 22:00","1"
"117697","SGSWRDC Campus (Tharamani site)","Tamil Nadu SW GW","33","Tamil Nadu","568","Chennai","-","-","-","Adyar","East flowing rivers between Pennar and Kanyakumari","-","-","-","Adyar","12.98583333","80.24500000","15-10-2021 14:00","0.5"
"117698","SGSWRDC Campus (Tharamani site)","Tamil Nadu SW GW","33","Tamil Nadu","568","Chennai","-","-","-","Adyar","East flowing rivers between Pennar and Kanyakumari","-","-","-","Adyar","12.98583333","80.24500000","15-10-2021 15:00","4"
"117699","SGSWRDC Campus (Tharamani site)","Tamil Nadu SW GW","33","Tamil Nadu","568","Chennai","-","-","-","Adyar","East flowing rivers between Pennar and Kanyakumari","-","-","-","Adyar","12.98583333","80.24500000","06-11-2021 14:00","0.5"
"117700","SGSWRDC Campus (Tharamani site)","Tamil Nadu SW GW","33","Tamil Nadu","568","Chennai","-","-","-","Adyar","East flowing rivers between Pennar and Kanyakumari","-","-","-","Adyar","12.98583333","80.24500000","06-11-2021 15:00","2.5"
"117701","SGSWRDC Campus (Tharamani site)","Tamil Nadu SW GW","33","Tamil Nadu","568","Chennai","-","-","-","Adyar","East flowing rivers between Pennar and Kanyakumari","-","-","-","Adyar","12.98583333","80.24500000","06-11-2021 16:00","0.5"
"117702","SGSWRDC Campus (Tharamani site)","Tamil Nadu SW GW","33","Tamil Nadu","568","Chennai","-","-","-","Adyar","East flowing rivers between Pennar and Kanyakumari","-","-","-","Adyar","12.98583333","80.24500000","08-11-2021 14:00","0.5"
"117703","SGSWRDC Campus (Tharamani site)","Tamil Nadu SW GW","33","Tamil Nadu","568","Chennai","-","-","-","Adyar","East flowing rivers between Pennar and Kanyakumari","-","-","-","Adyar","12.98583333","80.24500000","11-11-2021 13:40","2.5"
"117704","SGSWRDC Campus (Tharamani site)","Tamil Nadu SW GW","33","Tamil Nadu","568","Chennai","-","-","-","Adyar","East flowing rivers between Pennar and Kanyakumari","-","-","-","Adyar","12.98583333","80.24500000","11-11-2021 13:50","2.5"
"117705","SGSWRDC Campus (Tharamani site)","Tamil Nadu SW GW","33","Tamil Nadu","568","Chennai","-","-","-","Adyar","East flowing rivers between Pennar and Kanyakumari","-","-","-","Adyar","12.98583333","80.24500000","11-11-2021 14:00","2.5"
"117706","SGSWRDC Campus (Tharamani site)","Tamil Nadu SW GW","33","Tamil Nadu","568","Chennai","-","-","-","Adyar","East flowing rivers between Pennar and Kanyakumari","-","-","-","Adyar","12.98583333","80.24500000","17-11-2021 14:00","1"
"117707","SGSWRDC Campus (Tharamani site)","Tamil Nadu SW GW","33","Tamil Nadu","568","Chennai","-","-","-","Adyar","East flowing rivers between Pennar and Kanyakumari","-","-","-","Adyar","12.98583333","80.24500000","17-11-2021 15:00","6.5"
"117708","SGSWRDC Campus (Tharamani site)","Tamil Nadu SW GW","33","Tamil Nadu","568","Chennai","-","-","-","Adyar","East flowing rivers between Pennar and Kanyakumari","-","-","-","Adyar","12.98583333","80.24500000","17-11-2021 16:00","0.5"
"117709","SGSWRDC Campus (Tharamani site)","Tamil Nadu SW GW","33","Tamil Nadu","568","Chennai","-","-","-","Adyar","East flowing rivers between Pennar and Kanyakumari","-","-","-","Adyar","12.98583333","80.24500000","17-11-2021 21:00","5"
"117710","SGSWRDC Campus (Tharamani site)","Tamil Nadu SW GW","33","Tamil Nadu","568","Chennai","-","-","-","Adyar","East flowing rivers between Pennar and Kanyakumari","-","-","-","Adyar","12.98583333","80.24500000","17-11-2021 22:00","0.5"
"117711","SGSWRDC Campus (Tharamani site)","Tamil Nadu SW GW","33","Tamil Nadu","568","Chennai","-","-","-","Adyar","East flowing rivers between Pennar and Kanyakumari","-","-","-","Adyar","12.98583333","80.24500000","17-11-2021 23:00","2.5"
"117712","SGSWRDC Campus (Tharamani site)","Tamil Nadu SW GW","33","Tamil Nadu","568","Chennai","-","-","-","Adyar","East flowing rivers between Pennar and Kanyakumari","-","-","-","Adyar","12.98583333","80.24500000","18-11-2021 09:00","3.5"
"117713","SGSWRDC Campus (Tharamani site)","Tamil Nadu SW GW","33","Tamil Nadu","568","Chennai","-","-","-","Adyar","East flowing rivers between Pennar and Kanyakumari","-","-","-","Adyar","12.98583333","80.24500000","18-11-2021 11:00","11.5"
"117714","SGSWRDC Campus (Tharamani site)","Tamil Nadu SW GW","33","Tamil Nadu","568","Chennai","-","-","-","Adyar","East flowing rivers between Pennar and Kanyakumari","-","-","-","Adyar","12.98583333","80.24500000","18-11-2021 12:00","8.5"
"117715","SGSWRDC Campus (Tharamani site)","Tamil Nadu SW GW","33","Tamil Nadu","568","Chennai","-","-","-","Adyar","East flowing rivers between Pennar and Kanyakumari","-","-","-","Adyar","12.98583333","80.24500000","18-11-2021 13:00","1.5"
"117716","SGSWRDC Campus (Tharamani site)","Tamil Nadu SW GW","33","Tamil Nadu","568","Chennai","-","-","-","Adyar","East flowing rivers between Pennar and Kanyakumari","-","-","-","Adyar","12.98583333","80.24500000","18-11-2021 14:00","0.5"
"117717","SGSWRDC Campus (Tharamani site)","Tamil Nadu SW GW","33","Tamil Nadu","568","Chennai","-","-","-","Adyar","East flowing rivers between Pennar and Kanyakumari","-","-","-","Adyar","12.98583333","80.24500000","18-11-2021 16:00","3.5"
"117718","SGSWRDC Campus (Tharamani site)","Tamil Nadu SW GW","33","Tamil Nadu","568","Chennai","-","-","-","Adyar","East flowing rivers between Pennar and Kanyakumari","-","-","-","Adyar","12.98583333","80.24500000","18-11-2021 17:00","2.5"
"117719","SGSWRDC Campus (Tharamani site)","Tamil Nadu SW GW","33","Tamil Nadu","568","Chennai","-","-","-","Adyar","East flowing rivers between Pennar and Kanyakumari","-","-","-","Adyar","12.98583333","80.24500000","18-11-2021 18:00","1.5"
"117720","SGSWRDC Campus (Tharamani site)","Tamil Nadu SW GW","33","Tamil Nadu","568","Chennai","-","-","-","Adyar","East flowing rivers between Pennar and Kanyakumari","-","-","-","Adyar","12.98583333","80.24500000","18-11-2021 22:00","0.5"
"117721","SGSWRDC Campus (Tharamani site)","Tamil Nadu SW GW","33","Tamil Nadu","568","Chennai","-","-","-","Adyar","East flowing rivers between Pennar and Kanyakumari","-","-","-","Adyar","12.98583333","80.24500000","19-11-2021 04:00","0.5"
"117722","SGSWRDC Campus (Tharamani site)","Tamil Nadu SW GW","33","Tamil Nadu","568","Chennai","-","-","-","Adyar","East flowing rivers between Pennar and Kanyakumari","-","-","-","Adyar","12.98583333","80.24500000","19-11-2021 05:00","2"
"117723","SGSWRDC Campus (Tharamani site)","Tamil Nadu SW GW","33","Tamil Nadu","568","Chennai","-","-","-","Adyar","East flowing rivers between Pennar and Kanyakumari","-","-","-","Adyar","12.98583333","80.24500000","19-11-2021 10:00","0.5"
"117724","SGSWRDC Campus (Tharamani site)","Tamil Nadu SW GW","33","Tamil Nadu","568","Chennai","-","-","-","Adyar","East flowing rivers between Pennar and Kanyakumari","-","-","-","Adyar","12.98583333","80.24500000","19-11-2021 13:00","1"
"117725","SGSWRDC Campus (Tharamani site)","Tamil Nadu SW GW","33","Tamil Nadu","568","Chennai","-","-","-","Adyar","East flowing rivers between Pennar and Kanyakumari","-","-","-","Adyar","12.98583333","80.24500000","19-11-2021 14:00","4"
"117726","SGSWRDC Campus (Tharamani site)","Tamil Nadu SW GW","33","Tamil Nadu","568","Chennai","-","-","-","Adyar","East flowing rivers between Pennar and Kanyakumari","-","-","-","Adyar","12.98583333","80.24500000","19-11-2021 15:00","0.5"
"117727","SGSWRDC Campus (Tharamani site)","Tamil Nadu SW GW","33","Tamil Nadu","568","Chennai","-","-","-","Adyar","East flowing rivers between Pennar and Kanyakumari","-","-","-","Adyar","12.98583333","80.24500000","19-11-2021 16:00","0.5"
"117728","SGSWRDC Campus (Tharamani site)","Tamil Nadu SW GW","33","Tamil Nadu","568","Chennai","-","-","-","Adyar","East flowing rivers between Pennar and Kanyakumari","-","-","-","Adyar","12.98583333","80.24500000","20-11-2021 04:00","3"
"117729","SGSWRDC Campus (Tharamani site)","Tamil Nadu SW GW","33","Tamil Nadu","568","Chennai","-","-","-","Adyar","East flowing rivers between Pennar and Kanyakumari","-","-","-","Adyar","12.98583333","80.24500000","20-11-2021 05:00","1"
"117730","SGSWRDC Campus (Tharamani site)","Tamil Nadu SW GW","33","Tamil Nadu","568","Chennai","-","-","-","Adyar","East flowing rivers between Pennar and Kanyakumari","-","-","-","Adyar","12.98583333","80.24500000","20-11-2021 06:00","2.5"
"117731","SGSWRDC Campus (Tharamani site)","Tamil Nadu SW GW","33","Tamil Nadu","568","Chennai","-","-","-","Adyar","East flowing rivers between Pennar and Kanyakumari","-","-","-","Adyar","12.98583333","80.24500000","20-11-2021 08:00","1"
"117732","SGSWRDC Campus (Tharamani site)","Tamil Nadu SW GW","33","Tamil Nadu","568","Chennai","-","-","-","Adyar","East flowing rivers between Pennar and Kanyakumari","-","-","-","Adyar","12.98583333","80.24500000","20-11-2021 09:00","1.5"
"117733","SGSWRDC Campus (Tharamani site)","Tamil Nadu SW GW","33","Tamil Nadu","568","Chennai","-","-","-","Adyar","East flowing rivers between Pennar and Kanyakumari","-","-","-","Adyar","12.98583333","80.24500000","20-11-2021 10:00","0.5"
"117734","SGSWRDC Campus (Tharamani site)","Tamil Nadu SW GW","33","Tamil Nadu","568","Chennai","-","-","-","Adyar","East flowing rivers between Pennar and Kanyakumari","-","-","-","Adyar","12.98583333","80.24500000","22-11-2021 07:00","12.5"
"117735","SGSWRDC Campus (Tharamani site)","Tamil Nadu SW GW","33","Tamil Nadu","568","Chennai","-","-","-","Adyar","East flowing rivers between Pennar and Kanyakumari","-","-","-","Adyar","12.98583333","80.24500000","22-11-2021 08:00","2"
"117736","SGSWRDC Campus (Tharamani site)","Tamil Nadu SW GW","33","Tamil Nadu","568","Chennai","-","-","-","Adyar","East flowing rivers between Pennar and Kanyakumari","-","-","-","Adyar","12.98583333","80.24500000","22-11-2021 09:00","11.5"
"117737","SGSWRDC Campus (Tharamani site)","Tamil Nadu SW GW","33","Tamil Nadu","568","Chennai","-","-","-","Adyar","East flowing rivers between Pennar and Kanyakumari","-","-","-","Adyar","12.98583333","80.24500000","22-11-2021 10:00","3.5"
"117738","SGSWRDC Campus (Tharamani site)","Tamil Nadu SW GW","33","Tamil Nadu","568","Chennai","-","-","-","Adyar","East flowing rivers between Pennar and Kanyakumari","-","-","-","Adyar","12.98583333","80.24500000","23-11-2021 02:00","1"
"117739","SGSWRDC Campus (Tharamani site)","Tamil Nadu SW GW","33","Tamil Nadu","568","Chennai","-","-","-","Adyar","East flowing rivers between Pennar and Kanyakumari","-","-","-","Adyar","12.98583333","80.24500000","25-11-2021 00:00","0.5"
"117740","SGSWRDC Campus (Tharamani site)","Tamil Nadu SW GW","33","Tamil Nadu","568","Chennai","-","-","-","Adyar","East flowing rivers between Pennar and Kanyakumari","-","-","-","Adyar","12.98583333","80.24500000","25-11-2021 06:00","1.5"
"117741","SGSWRDC Campus (Tharamani site)","Tamil Nadu SW GW","33","Tamil Nadu","568","Chennai","-","-","-","Adyar","East flowing rivers between Pennar and Kanyakumari","-","-","-","Adyar","12.98583333","80.24500000","25-11-2021 07:00","19"
"117742","SGSWRDC Campus (Tharamani site)","Tamil Nadu SW GW","33","Tamil Nadu","568","Chennai","-","-","-","Adyar","East flowing rivers between Pennar and Kanyakumari","-","-","-","Adyar","12.98583333","80.24500000","25-11-2021 08:00","0.5"
"117743","SGSWRDC Campus (Tharamani site)","Tamil Nadu SW GW","33","Tamil Nadu","568","Chennai","-","-","-","Adyar","East flowing rivers between Pennar and Kanyakumari","-","-","-","Adyar","12.98583333","80.24500000","25-11-2021 19:00","2"
"117744","SGSWRDC Campus (Tharamani site)","Tamil Nadu SW GW","33","Tamil Nadu","568","Chennai","-","-","-","Adyar","East flowing rivers between Pennar and Kanyakumari","-","-","-","Adyar","12.98583333","80.24500000","25-11-2021 20:00","0.5"
"117745","SGSWRDC Campus (Tharamani site)","Tamil Nadu SW GW","33","Tamil Nadu","568","Chennai","-","-","-","Adyar","East flowing rivers between Pennar and Kanyakumari","-","-","-","Adyar","12.98583333","80.24500000","25-11-2021 21:00","5"
"117746","SGSWRDC Campus (Tharamani site)","Tamil Nadu SW GW","33","Tamil Nadu","568","Chennai","-","-","-","Adyar","East flowing rivers between Pennar and Kanyakumari","-","-","-","Adyar","12.98583333","80.24500000","25-11-2021 22:00","21.5"
"117747","SGSWRDC Campus (Tharamani site)","Tamil Nadu SW GW","33","Tamil Nadu","568","Chennai","-","-","-","Adyar","East flowing rivers between Pennar and Kanyakumari","-","-","-","Adyar","12.98583333","80.24500000","26-11-2021 00:00","5"
"117748","SGSWRDC Campus (Tharamani site)","Tamil Nadu SW GW","33","Tamil Nadu","568","Chennai","-","-","-","Adyar","East flowing rivers between Pennar and Kanyakumari","-","-","-","Adyar","12.98583333","80.24500000","26-11-2021 01:00","2"
"117749","SGSWRDC Campus (Tharamani site)","Tamil Nadu SW GW","33","Tamil Nadu","568","Chennai","-","-","-","Adyar","East flowing rivers between Pennar and Kanyakumari","-","-","-","Adyar","12.98583333","80.24500000","26-11-2021 02:00","2"
"117750","SGSWRDC Campus (Tharamani site)","Tamil Nadu SW GW","33","Tamil Nadu","568","Chennai","-","-","-","Adyar","East flowing rivers between Pennar and Kanyakumari","-","-","-","Adyar","12.98583333","80.24500000","26-11-2021 03:00","5"
"117751","SGSWRDC Campus (Tharamani site)","Tamil Nadu SW GW","33","Tamil Nadu","568","Chennai","-","-","-","Adyar","East flowing rivers between Pennar and Kanyakumari","-","-","-","Adyar","12.98583333","80.24500000","26-11-2021 04:00","9.5"
"117752","SGSWRDC Campus (Tharamani site)","Tamil Nadu SW GW","33","Tamil Nadu","568","Chennai","-","-","-","Adyar","East flowing rivers between Pennar and Kanyakumari","-","-","-","Adyar","12.98583333","80.24500000","26-11-2021 06:00","0.5"
"117753","SGSWRDC Campus (Tharamani site)","Tamil Nadu SW GW","33","Tamil Nadu","568","Chennai","-","-","-","Adyar","East flowing rivers between Pennar and Kanyakumari","-","-","-","Adyar","12.98583333","80.24500000","26-11-2021 08:00","5.5"
"117754","SGSWRDC Campus (Tharamani site)","Tamil Nadu SW GW","33","Tamil Nadu","568","Chennai","-","-","-","Adyar","East flowing rivers between Pennar and Kanyakumari","-","-","-","Adyar","12.98583333","80.24500000","26-11-2021 13:00","14"
"117755","SGSWRDC Campus (Tharamani site)","Tamil Nadu SW GW","33","Tamil Nadu","568","Chennai","-","-","-","Adyar","East flowing rivers between Pennar and Kanyakumari","-","-","-","Adyar","12.98583333","80.24500000","26-11-2021 14:00","2.5"
"117756","SGSWRDC Campus (Tharamani site)","Tamil Nadu SW GW","33","Tamil Nadu","568","Chennai","-","-","-","Adyar","East flowing rivers between Pennar and Kanyakumari","-","-","-","Adyar","12.98583333","80.24500000","26-11-2021 22:00","1.5"
"117757","SGSWRDC Campus (Tharamani site)","Tamil Nadu SW GW","33","Tamil Nadu","568","Chennai","-","-","-","Adyar","East flowing rivers between Pennar and Kanyakumari","-","-","-","Adyar","12.98583333","80.24500000","26-11-2021 23:00","1"
"117758","SGSWRDC Campus (Tharamani site)","Tamil Nadu SW GW","33","Tamil Nadu","568","Chennai","-","-","-","Adyar","East flowing rivers between Pennar and Kanyakumari","-","-","-","Adyar","12.98583333","80.24500000","27-11-2021 00:00","10"
"117759","SGSWRDC Campus (Tharamani site)","Tamil Nadu SW GW","33","Tamil Nadu","568","Chennai","-","-","-","Adyar","East flowing rivers between Pennar and Kanyakumari","-","-","-","Adyar","12.98583333","80.24500000","27-11-2021 01:00","3.5"
"117760","SGSWRDC Campus (Tharamani site)","Tamil Nadu SW GW","33","Tamil Nadu","568","Chennai","-","-","-","Adyar","East flowing rivers between Pennar and Kanyakumari","-","-","-","Adyar","12.98583333","80.24500000","27-11-2021 02:00","4.5"
"117761","SGSWRDC Campus (Tharamani site)","Tamil Nadu SW GW","33","Tamil Nadu","568","Chennai","-","-","-","Adyar","East flowing rivers between Pennar and Kanyakumari","-","-","-","Adyar","12.98583333","80.24500000","27-11-2021 03:00","3"
"117762","SGSWRDC Campus (Tharamani site)","Tamil Nadu SW GW","33","Tamil Nadu","568","Chennai","-","-","-","Adyar","East flowing rivers between Pennar and Kanyakumari","-","-","-","Adyar","12.98583333","80.24500000","27-11-2021 04:00","7.5"
"117763","SGSWRDC Campus (Tharamani site)","Tamil Nadu SW GW","33","Tamil Nadu","568","Chennai","-","-","-","Adyar","East flowing rivers between Pennar and Kanyakumari","-","-","-","Adyar","12.98583333","80.24500000","27-11-2021 05:00","3.5"
"117764","SGSWRDC Campus (Tharamani site)","Tamil Nadu SW GW","33","Tamil Nadu","568","Chennai","-","-","-","Adyar","East flowing rivers between Pennar and Kanyakumari","-","-","-","Adyar","12.98583333","80.24500000","27-11-2021 06:00","6.5"
"117765","SGSWRDC Campus (Tharamani site)","Tamil Nadu SW GW","33","Tamil Nadu","568","Chennai","-","-","-","Adyar","East flowing rivers between Pennar and Kanyakumari","-","-","-","Adyar","12.98583333","80.24500000","27-11-2021 07:00","7"
"117766","SGSWRDC Campus (Tharamani site)","Tamil Nadu SW GW","33","Tamil Nadu","568","Chennai","-","-","-","Adyar","East flowing rivers between Pennar and Kanyakumari","-","-","-","Adyar","12.98583333","80.24500000","27-11-2021 08:00","3"
"117767","SGSWRDC Campus (Tharamani site)","Tamil Nadu SW GW","33","Tamil Nadu","568","Chennai","-","-","-","Adyar","East flowing rivers between Pennar and Kanyakumari","-","-","-","Adyar","12.98583333","80.24500000","27-11-2021 09:00","2"
"117768","SGSWRDC Campus (Tharamani site)","Tamil Nadu SW GW","33","Tamil Nadu","568","Chennai","-","-","-","Adyar","East flowing rivers between Pennar and Kanyakumari","-","-","-","Adyar","12.98583333","80.24500000","27-11-2021 10:00","0.5"
"117769","SGSWRDC Campus (Tharamani site)","Tamil Nadu SW GW","33","Tamil Nadu","568","Chennai","-","-","-","Adyar","East flowing rivers between Pennar and Kanyakumari","-","-","-","Adyar","12.98583333","80.24500000","27-11-2021 18:00","1"
"117770","SGSWRDC Campus (Tharamani site)","Tamil Nadu SW GW","33","Tamil Nadu","568","Chennai","-","-","-","Adyar","East flowing rivers between Pennar and Kanyakumari","-","-","-","Adyar","12.98583333","80.24500000","27-11-2021 19:00","15"
"117771","SGSWRDC Campus (Tharamani site)","Tamil Nadu SW GW","33","Tamil Nadu","568","Chennai","-","-","-","Adyar","East flowing rivers between Pennar and Kanyakumari","-","-","-","Adyar","12.98583333","80.24500000","27-11-2021 20:00","3"
"117772","SGSWRDC Campus (Tharamani site)","Tamil Nadu SW GW","33","Tamil Nadu","568","Chennai","-","-","-","Adyar","East flowing rivers between Pennar and Kanyakumari","-","-","-","Adyar","12.98583333","80.24500000","27-11-2021 21:00","3"
"117773","SGSWRDC Campus (Tharamani site)","Tamil Nadu SW GW","33","Tamil Nadu","568","Chennai","-","-","-","Adyar","East flowing rivers between Pennar and Kanyakumari","-","-","-","Adyar","12.98583333","80.24500000","27-11-2021 23:00","0.5"
"117774","SGSWRDC Campus (Tharamani site)","Tamil Nadu SW GW","33","Tamil Nadu","568","Chennai","-","-","-","Adyar","East flowing rivers between Pennar and Kanyakumari","-","-","-","Adyar","12.98583333","80.24500000","28-11-2021 01:00","0.5"
"117775","SGSWRDC Campus (Tharamani site)","Tamil Nadu SW GW","33","Tamil Nadu","568","Chennai","-","-","-","Adyar","East flowing rivers between Pennar and Kanyakumari","-","-","-","Adyar","12.98583333","80.24500000","28-11-2021 05:00","1.5"
"117776","SGSWRDC Campus (Tharamani site)","Tamil Nadu SW GW","33","Tamil Nadu","568","Chennai","-","-","-","Adyar","East flowing rivers between Pennar and Kanyakumari","-","-","-","Adyar","12.98583333","80.24500000","28-11-2021 07:00","0.5"
"117777","SGSWRDC Campus (Tharamani site)","Tamil Nadu SW GW","33","Tamil Nadu","568","Chennai","-","-","-","Adyar","East flowing rivers between Pennar and Kanyakumari","-","-","-","Adyar","12.98583333","80.24500000","28-11-2021 12:00","5"
"117778","SGSWRDC Campus (Tharamani site)","Tamil Nadu SW GW","33","Tamil Nadu","568","Chennai","-","-","-","Adyar","East flowing rivers between Pennar and Kanyakumari","-","-","-","Adyar","12.98583333","80.24500000","28-11-2021 13:00","12.5"
"117779","SGSWRDC Campus (Tharamani site)","Tamil Nadu SW GW","33","Tamil Nadu","568","Chennai","-","-","-","Adyar","East flowing rivers between Pennar and Kanyakumari","-","-","-","Adyar","12.98583333","80.24500000","28-11-2021 14:00","0.5"
"117780","SGSWRDC Campus (Tharamani site)","Tamil Nadu SW GW","33","Tamil Nadu","568","Chennai","-","-","-","Adyar","East flowing rivers between Pennar and Kanyakumari","-","-","-","Adyar","12.98583333","80.24500000","28-11-2021 17:00","4"
"117781","SGSWRDC Campus (Tharamani site)","Tamil Nadu SW GW","33","Tamil Nadu","568","Chennai","-","-","-","Adyar","East flowing rivers between Pennar and Kanyakumari","-","-","-","Adyar","12.98583333","80.24500000","28-11-2021 18:00","9"
"117782","SGSWRDC Campus (Tharamani site)","Tamil Nadu SW GW","33","Tamil Nadu","568","Chennai","-","-","-","Adyar","East flowing rivers between Pennar and Kanyakumari","-","-","-","Adyar","12.98583333","80.24500000","28-11-2021 20:00","0.5"
"117783","SGSWRDC Campus (Tharamani site)","Tamil Nadu SW GW","33","Tamil Nadu","568","Chennai","-","-","-","Adyar","East flowing rivers between Pennar and Kanyakumari","-","-","-","Adyar","12.98583333","80.24500000","28-11-2021 21:00","0.5"
"117784","SGSWRDC Campus (Tharamani site)","Tamil Nadu SW GW","33","Tamil Nadu","568","Chennai","-","-","-","Adyar","East flowing rivers between Pennar and Kanyakumari","-","-","-","Adyar","12.98583333","80.24500000","29-11-2021 11:00","1.5"
"117785","SGSWRDC Campus (Tharamani site)","Tamil Nadu SW GW","33","Tamil Nadu","568","Chennai","-","-","-","Adyar","East flowing rivers between Pennar and Kanyakumari","-","-","-","Adyar","12.98583333","80.24500000","29-11-2021 12:00","4.5"
"117786","SGSWRDC Campus (Tharamani site)","Tamil Nadu SW GW","33","Tamil Nadu","568","Chennai","-","-","-","Adyar","East flowing rivers between Pennar and Kanyakumari","-","-","-","Adyar","12.98583333","80.24500000","29-11-2021 14:00","10"
"117787","SGSWRDC Campus (Tharamani site)","Tamil Nadu SW GW","33","Tamil Nadu","568","Chennai","-","-","-","Adyar","East flowing rivers between Pennar and Kanyakumari","-","-","-","Adyar","12.98583333","80.24500000","29-11-2021 15:00","16"
"117788","SGSWRDC Campus (Tharamani site)","Tamil Nadu SW GW","33","Tamil Nadu","568","Chennai","-","-","-","Adyar","East flowing rivers between Pennar and Kanyakumari","-","-","-","Adyar","12.98583333","80.24500000","30-12-2021 13:00","14"
"117789","SGSWRDC Campus (Tharamani site)","Tamil Nadu SW GW","33","Tamil Nadu","568","Chennai","-","-","-","Adyar","East flowing rivers between Pennar and Kanyakumari","-","-","-","Adyar","12.98583333","80.24500000","30-12-2021 15:00","18.5"
"117790","SGSWRDC Campus (Tharamani site)","Tamil Nadu SW GW","33","Tamil Nadu","568","Chennai","-","-","-","Adyar","East flowing rivers between Pennar and Kanyakumari","-","-","-","Adyar","12.98583333","80.24500000","30-12-2021 16:00","31.5"
"117791","SGSWRDC Campus (Tharamani site)","Tamil Nadu SW GW","33","Tamil Nadu","568","Chennai","-","-","-","Adyar","East flowing rivers between Pennar and Kanyakumari","-","-","-","Adyar","12.98583333","80.24500000","30-12-2021 17:00","8"
"117792","SGSWRDC Campus (Tharamani site)","Tamil Nadu SW GW","33","Tamil Nadu","568","Chennai","-","-","-","Adyar","East flowing rivers between Pennar and Kanyakumari","-","-","-","Adyar","12.98583333","80.24500000","30-12-2021 18:00","34"
"117793","SGSWRDC Campus (Tharamani site)","Tamil Nadu SW GW","33","Tamil Nadu","568","Chennai","-","-","-","Adyar","East flowing rivers between Pennar and Kanyakumari","-","-","-","Adyar","12.98583333","80.24500000","30-12-2021 19:00","16.5"
"117794","SGSWRDC Campus (Tharamani site)","Tamil Nadu SW GW","33","Tamil Nadu","568","Chennai","-","-","-","Adyar","East flowing rivers between Pennar and Kanyakumari","-","-","-","Adyar","12.98583333","80.24500000","30-12-2021 20:00","22"
"117795","SGSWRDC Campus (Tharamani site)","Tamil Nadu SW GW","33","Tamil Nadu","568","Chennai","-","-","-","Adyar","East flowing rivers between Pennar and Kanyakumari","-","-","-","Adyar","12.98583333","80.24500000","30-12-2021 21:00","4.5"
"117796","SGSWRDC Campus (Tharamani site)","Tamil Nadu SW GW","33","Tamil Nadu","568","Chennai","-","-","-","Adyar","East flowing rivers between Pennar and Kanyakumari","-","-","-","Adyar","12.98583333","80.24500000","30-12-2021 22:00","1"
"117797","SGSWRDC Campus (Tharamani site)","Tamil Nadu SW GW","33","Tamil Nadu","568","Chennai","-","-","-","Adyar","East flowing rivers between Pennar and Kanyakumari","-","-","-","Adyar","12.98583333","80.24500000","30-12-2021 23:00","3"
"117798","SGSWRDC Campus (Tharamani site)","Tamil Nadu SW GW","33","Tamil Nadu","568","Chennai","-","-","-","Adyar","East flowing rivers between Pennar and Kanyakumari","-","-","-","Adyar","12.98583333","80.24500000","31-12-2021 03:00","1.5"
"117799","SGSWRDC Campus (Tharamani site)","Tamil Nadu SW GW","33","Tamil Nadu","568","Chennai","-","-","-","Adyar","East flowing rivers between Pennar and Kanyakumari","-","-","-","Adyar","12.98583333","80.24500000","31-12-2021 04:00","0.5"
"117800","SGSWRDC Campus (Tharamani site)","Tamil Nadu SW GW","33","Tamil Nadu","568","Chennai","-","-","-","Adyar","East flowing rivers between Pennar and Kanyakumari","-","-","-","Adyar","12.98583333","80.24500000","31-12-2021 14:00","1"
"117801","SGSWRDC Campus (Tharamani site)","Tamil Nadu SW GW","33","Tamil Nadu","568","Chennai","-","-","-","Adyar","East flowing rivers between Pennar and Kanyakumari","-","-","-","Adyar","12.98583333","80.24500000","31-12-2021 16:00","14.5"
"117802","SGSWRDC Campus (Tharamani site)","Tamil Nadu SW GW","33","Tamil Nadu","568","Chennai","-","-","-","Adyar","East flowing rivers between Pennar and Kanyakumari","-","-","-","Adyar","12.98583333","80.24500000","31-12-2021 18:00","2.5"
"117803","SGSWRDC Campus (Tharamani site)","Tamil Nadu SW GW","33","Tamil Nadu","568","Chennai","-","-","-","Adyar","East flowing rivers between Pennar and Kanyakumari","-","-","-","Adyar","12.98583333","80.24500000","31-12-2021 19:00","0.5"
"117804","SGSWRDC Campus (Tharamani site)","Tamil Nadu SW GW","33","Tamil Nadu","568","Chennai","-","-","-","Adyar","East flowing rivers between Pennar and Kanyakumari","-","-","-","Adyar","12.98583333","80.24500000","14-01-2022 04:00","1"
"117805","SGSWRDC Campus (Tharamani site)","Tamil Nadu SW GW","33","Tamil Nadu","568","Chennai","-","-","-","Adyar","East flowing rivers between Pennar and Kanyakumari","-","-","-","Adyar","12.98583333","80.24500000","17-01-2022 08:00","2"
"117806","SGSWRDC Campus (Tharamani site)","Tamil Nadu SW GW","33","Tamil Nadu","568","Chennai","-","-","-","Adyar","East flowing rivers between Pennar and Kanyakumari","-","-","-","Adyar","12.98583333","80.24500000","17-01-2022 10:00","5"
"117807","SGSWRDC Campus (Tharamani site)","Tamil Nadu SW GW","33","Tamil Nadu","568","Chennai","-","-","-","Adyar","East flowing rivers between Pennar and Kanyakumari","-","-","-","Adyar","12.98583333","80.24500000","24-01-2022 04:00","4.5"
"117808","SGSWRDC Campus (Tharamani site)","Tamil Nadu SW GW","33","Tamil Nadu","568","Chennai","-","-","-","Adyar","East flowing rivers between Pennar and Kanyakumari","-","-","-","Adyar","12.98583333","80.24500000","24-01-2022 05:00","1"
"117809","SGSWRDC Campus (Tharamani site)","Tamil Nadu SW GW","33","Tamil Nadu","568","Chennai","-","-","-","Adyar","East flowing rivers between Pennar and Kanyakumari","-","-","-","Adyar","12.98583333","80.24500000","13-04-2022 03:00","0.5"
"117810","SGSWRDC Campus (Tharamani site)","Tamil Nadu SW GW","33","Tamil Nadu","568","Chennai","-","-","-","Adyar","East flowing rivers between Pennar and Kanyakumari","-","-","-","Adyar","12.98583333","80.24500000","13-04-2022 04:00","0.5"
"117811","SGSWRDC Campus (Tharamani site)","Tamil Nadu SW GW","33","Tamil Nadu","568","Chennai","-","-","-","Adyar","East flowing rivers between Pennar and Kanyakumari","-","-","-","Adyar","12.98583333","80.24500000","14-06-2022 11:55","1"
"117812","SGSWRDC Campus (Tharamani site)","Tamil Nadu SW GW","33","Tamil Nadu","568","Chennai","-","-","-","Adyar","East flowing rivers between Pennar and Kanyakumari","-","-","-","Adyar","12.98583333","80.24500000","14-06-2022 12:00","1"
"117813","SGSWRDC Campus (Tharamani site)","Tamil Nadu SW GW","33","Tamil Nadu","568","Chennai","-","-","-","Adyar","East flowing rivers between Pennar and Kanyakumari","-","-","-","Adyar","12.98583333","80.24500000","18-06-2022 05:00","1.5"
"117814","SGSWRDC Campus (Tharamani site)","Tamil Nadu SW GW","33","Tamil Nadu","568","Chennai","-","-","-","Adyar","East flowing rivers between Pennar and Kanyakumari","-","-","-","Adyar","12.98583333","80.24500000","19-06-2022 23:00","11.5"
"117815","SGSWRDC Campus (Tharamani site)","Tamil Nadu SW GW","33","Tamil Nadu","568","Chennai","-","-","-","Adyar","East flowing rivers between Pennar and Kanyakumari","-","-","-","Adyar","12.98583333","80.24500000","20-06-2022 00:00","46.5"
"117816","SGSWRDC Campus (Tharamani site)","Tamil Nadu SW GW","33","Tamil Nadu","568","Chennai","-","-","-","Adyar","East flowing rivers between Pennar and Kanyakumari","-","-","-","Adyar","12.98583333","80.24500000","20-06-2022 01:00","30"
"117817","SGSWRDC Campus (Tharamani site)","Tamil Nadu SW GW","33","Tamil Nadu","568","Chennai","-","-","-","Adyar","East flowing rivers between Pennar and Kanyakumari","-","-","-","Adyar","12.98583333","80.24500000","20-06-2022 03:00","18.5"
"117818","SGSWRDC Campus (Tharamani site)","Tamil Nadu SW GW","33","Tamil Nadu","568","Chennai","-","-","-","Adyar","East flowing rivers between Pennar and Kanyakumari","-","-","-","Adyar","12.98583333","80.24500000","20-06-2022 04:00","0.5"
"117819","SGSWRDC Campus (Tharamani site)","Tamil Nadu SW GW","33","Tamil Nadu","568","Chennai","-","-","-","Adyar","East flowing rivers between Pennar and Kanyakumari","-","-","-","Adyar","12.98583333","80.24500000","20-06-2022 19:00","10"
"117820","SGSWRDC Campus (Tharamani site)","Tamil Nadu SW GW","33","Tamil Nadu","568","Chennai","-","-","-","Adyar","East flowing rivers between Pennar and Kanyakumari","-","-","-","Adyar","12.98583333","80.24500000","20-06-2022 20:00","11.5"
"117821","SGSWRDC Campus (Tharamani site)","Tamil Nadu SW GW","33","Tamil Nadu","568","Chennai","-","-","-","Adyar","East flowing rivers between Pennar and Kanyakumari","-","-","-","Adyar","12.98583333","80.24500000","20-06-2022 23:00","5.5"
"117822","SGSWRDC Campus (Tharamani site)","Tamil Nadu SW GW","33","Tamil Nadu","568","Chennai","-","-","-","Adyar","East flowing rivers between Pennar and Kanyakumari","-","-","-","Adyar","12.98583333","80.24500000","21-06-2022 00:00","20.5"
"117823","SGSWRDC Campus (Tharamani site)","Tamil Nadu SW GW","33","Tamil Nadu","568","Chennai","-","-","-","Adyar","East flowing rivers between Pennar and Kanyakumari","-","-","-","Adyar","12.98583333","80.24500000","21-06-2022 01:00","1"
"117824","SGSWRDC Campus (Tharamani site)","Tamil Nadu SW GW","33","Tamil Nadu","568","Chennai","-","-","-","Adyar","East flowing rivers between Pennar and Kanyakumari","-","-","-","Adyar","12.98583333","80.24500000","21-06-2022 02:00","1.5"
"117825","SGSWRDC Campus (Tharamani site)","Tamil Nadu SW GW","33","Tamil Nadu","568","Chennai","-","-","-","Adyar","East flowing rivers between Pennar and Kanyakumari","-","-","-","Adyar","12.98583333","80.24500000","21-06-2022 03:00","1"
"117826","SGSWRDC Campus (Tharamani site)","Tamil Nadu SW GW","33","Tamil Nadu","568","Chennai","-","-","-","Adyar","East flowing rivers between Pennar and Kanyakumari","-","-","-","Adyar","12.98583333","80.24500000","21-06-2022 18:00","1"
"117827","SGSWRDC Campus (Tharamani site)","Tamil Nadu SW GW","33","Tamil Nadu","568","Chennai","-","-","-","Adyar","East flowing rivers between Pennar and Kanyakumari","-","-","-","Adyar","12.98583333","80.24500000","22-06-2022 00:00","13"
"117828","SGSWRDC Campus (Tharamani site)","Tamil Nadu SW GW","33","Tamil Nadu","568","Chennai","-","-","-","Adyar","East flowing rivers between Pennar and Kanyakumari","-","-","-","Adyar","12.98583333","80.24500000","22-06-2022 01:00","2.5"
"117829","SGSWRDC Campus (Tharamani site)","Tamil Nadu SW GW","33","Tamil Nadu","568","Chennai","-","-","-","Adyar","East flowing rivers between Pennar and Kanyakumari","-","-","-","Adyar","12.98583333","80.24500000","22-06-2022 04:00","0.5"
"117830","SGSWRDC Campus (Tharamani site)","Tamil Nadu SW GW","33","Tamil Nadu","568","Chennai","-","-","-","Adyar","East flowing rivers between Pennar and Kanyakumari","-","-","-","Adyar","12.98583333","80.24500000","25-06-2022 04:00","0.5"
"117831","SGSWRDC Campus (Tharamani site)","Tamil Nadu SW GW","33","Tamil Nadu","568","Chennai","-","-","-","Adyar","East flowing rivers between Pennar and Kanyakumari","-","-","-","Adyar","12.98583333","80.24500000","29-06-2022 22:00","0.5"
"117832","SGSWRDC Campus (Tharamani site)","Tamil Nadu SW GW","33","Tamil Nadu","568","Chennai","-","-","-","Adyar","East flowing rivers between Pennar and Kanyakumari","-","-","-","Adyar","12.98583333","80.24500000","04-07-2022 00:00","8.5"
"117833","SGSWRDC Campus (Tharamani site)","Tamil Nadu SW GW","33","Tamil Nadu","568","Chennai","-","-","-","Adyar","East flowing rivers between Pennar and Kanyakumari","-","-","-","Adyar","12.98583333","80.24500000","04-07-2022 01:00","0.5"
"117834","SGSWRDC Campus (Tharamani site)","Tamil Nadu SW GW","33","Tamil Nadu","568","Chennai","-","-","-","Adyar","East flowing rivers between Pennar and Kanyakumari","-","-","-","Adyar","12.98583333","80.24500000","05-07-2022 19:00","3"
"117835","SGSWRDC Campus (Tharamani site)","Tamil Nadu SW GW","33","Tamil Nadu","568","Chennai","-","-","-","Adyar","East flowing rivers between Pennar and Kanyakumari","-","-","-","Adyar","12.98583333","80.24500000","05-07-2022 20:00","0.5"
"117836","SGSWRDC Campus (Tharamani site)","Tamil Nadu SW GW","33","Tamil Nadu","568","Chennai","-","-","-","Adyar","East flowing rivers between Pennar and Kanyakumari","-","-","-","Adyar","12.98583333","80.24500000","06-07-2022 00:00","0.5"
"117837","SGSWRDC Campus (Tharamani site)","Tamil Nadu SW GW","33","Tamil Nadu","568","Chennai","-","-","-","Adyar","East flowing rivers between Pennar and Kanyakumari","-","-","-","Adyar","12.98583333","80.24500000","06-07-2022 03:00","0.5"
"117838","SGSWRDC Campus (Tharamani site)","Tamil Nadu SW GW","33","Tamil Nadu","568","Chennai","-","-","-","Adyar","East flowing rivers between Pennar and Kanyakumari","-","-","-","Adyar","12.98583333","80.24500000","06-07-2022 07:00","0.5"
"117839","SGSWRDC Campus (Tharamani site)","Tamil Nadu SW GW","33","Tamil Nadu","568","Chennai","-","-","-","Adyar","East flowing rivers between Pennar and Kanyakumari","-","-","-","Adyar","12.98583333","80.24500000","06-07-2022 16:00","2.5"
"117840","SGSWRDC Campus (Tharamani site)","Tamil Nadu SW GW","33","Tamil Nadu","568","Chennai","-","-","-","Adyar","East flowing rivers between Pennar and Kanyakumari","-","-","-","Adyar","12.98583333","80.24500000","06-07-2022 17:00","2"
"117841","SGSWRDC Campus (Tharamani site)","Tamil Nadu SW GW","33","Tamil Nadu","568","Chennai","-","-","-","Adyar","East flowing rivers between Pennar and Kanyakumari","-","-","-","Adyar","12.98583333","80.24500000","06-07-2022 19:00","0.5"
"117842","SGSWRDC Campus (Tharamani site)","Tamil Nadu SW GW","33","Tamil Nadu","568","Chennai","-","-","-","Adyar","East flowing rivers between Pennar and Kanyakumari","-","-","-","Adyar","12.98583333","80.24500000","11-07-2022 17:00","4"
"117843","SGSWRDC Campus (Tharamani site)","Tamil Nadu SW GW","33","Tamil Nadu","568","Chennai","-","-","-","Adyar","East flowing rivers between Pennar and Kanyakumari","-","-","-","Adyar","12.98583333","80.24500000","12-07-2022 19:00","0.5"
"117844","SGSWRDC Campus (Tharamani site)","Tamil Nadu SW GW","33","Tamil Nadu","568","Chennai","-","-","-","Adyar","East flowing rivers between Pennar and Kanyakumari","-","-","-","Adyar","12.98583333","80.24500000","12-07-2022 20:00","3.5"
"117845","SGSWRDC Campus (Tharamani site)","Tamil Nadu SW GW","33","Tamil Nadu","568","Chennai","-","-","-","Adyar","East flowing rivers between Pennar and Kanyakumari","-","-","-","Adyar","12.98583333","80.24500000","13-07-2022 20:00","2.5"
"117846","SGSWRDC Campus (Tharamani site)","Tamil Nadu SW GW","33","Tamil Nadu","568","Chennai","-","-","-","Adyar","East flowing rivers between Pennar and Kanyakumari","-","-","-","Adyar","12.98583333","80.24500000","03-08-2022 07:00","2"
"117847","SGSWRDC Campus (Tharamani site)","Tamil Nadu SW GW","33","Tamil Nadu","568","Chennai","-","-","-","Adyar","East flowing rivers between Pennar and Kanyakumari","-","-","-","Adyar","12.98583333","80.24500000","03-08-2022 08:00","0.5"
"117848","SGSWRDC Campus (Tharamani site)","Tamil Nadu SW GW","33","Tamil Nadu","568","Chennai","-","-","-","Adyar","East flowing rivers between Pennar and Kanyakumari","-","-","-","Adyar","12.98583333","80.24500000","03-08-2022 09:00","1"
"117849","SGSWRDC Campus (Tharamani site)","Tamil Nadu SW GW","33","Tamil Nadu","568","Chennai","-","-","-","Adyar","East flowing rivers between Pennar and Kanyakumari","-","-","-","Adyar","12.98583333","80.24500000","03-08-2022 10:00","1"
"117850","SGSWRDC Campus (Tharamani site)","Tamil Nadu SW GW","33","Tamil Nadu","568","Chennai","-","-","-","Adyar","East flowing rivers between Pennar and Kanyakumari","-","-","-","Adyar","12.98583333","80.24500000","03-08-2022 15:00","0.5"
"117851","SGSWRDC Campus (Tharamani site)","Tamil Nadu SW GW","33","Tamil Nadu","568","Chennai","-","-","-","Adyar","East flowing rivers between Pennar and Kanyakumari","-","-","-","Adyar","12.98583333","80.24500000","04-08-2022 22:00","1.5"
"117852","SGSWRDC Campus (Tharamani site)","Tamil Nadu SW GW","33","Tamil Nadu","568","Chennai","-","-","-","Adyar","East flowing rivers between Pennar and Kanyakumari","-","-","-","Adyar","12.98583333","80.24500000","17-08-2022 05:00","4"
"117853","SGSWRDC Campus (Tharamani site)","Tamil Nadu SW GW","33","Tamil Nadu","568","Chennai","-","-","-","Adyar","East flowing rivers between Pennar and Kanyakumari","-","-","-","Adyar","12.98583333","80.24500000","18-08-2022 01:00","2"
"117854","SGSWRDC Campus (Tharamani site)","Tamil Nadu SW GW","33","Tamil Nadu","568","Chennai","-","-","-","Adyar","East flowing rivers between Pennar and Kanyakumari","-","-","-","Adyar","12.98583333","80.24500000","20-08-2022 20:00","3"
"117855","SGSWRDC Campus (Tharamani site)","Tamil Nadu SW GW","33","Tamil Nadu","568","Chennai","-","-","-","Adyar","East flowing rivers between Pennar and Kanyakumari","-","-","-","Adyar","12.98583333","80.24500000","21-08-2022 21:00","37"
"117856","SGSWRDC Campus (Tharamani site)","Tamil Nadu SW GW","33","Tamil Nadu","568","Chennai","-","-","-","Adyar","East flowing rivers between Pennar and Kanyakumari","-","-","-","Adyar","12.98583333","80.24500000","21-08-2022 22:00","1"
"117857","SGSWRDC Campus (Tharamani site)","Tamil Nadu SW GW","33","Tamil Nadu","568","Chennai","-","-","-","Adyar","East flowing rivers between Pennar and Kanyakumari","-","-","-","Adyar","12.98583333","80.24500000","22-08-2022 00:00","0.5"
"117858","SGSWRDC Campus (Tharamani site)","Tamil Nadu SW GW","33","Tamil Nadu","568","Chennai","-","-","-","Adyar","East flowing rivers between Pennar and Kanyakumari","-","-","-","Adyar","12.98583333","80.24500000","22-08-2022 16:00","0.5"
"117859","SGSWRDC Campus (Tharamani site)","Tamil Nadu SW GW","33","Tamil Nadu","568","Chennai","-","-","-","Adyar","East flowing rivers between Pennar and Kanyakumari","-","-","-","Adyar","12.98583333","80.24500000","24-08-2022 04:00","0.5"
"117860","SGSWRDC Campus (Tharamani site)","Tamil Nadu SW GW","33","Tamil Nadu","568","Chennai","-","-","-","Adyar","East flowing rivers between Pennar and Kanyakumari","-","-","-","Adyar","12.98583333","80.24500000","24-08-2022 07:00","0.5"
"117861","SGSWRDC Campus (Tharamani site)","Tamil Nadu SW GW","33","Tamil Nadu","568","Chennai","-","-","-","Adyar","East flowing rivers between Pennar and Kanyakumari","-","-","-","Adyar","12.98583333","80.24500000","27-08-2022 21:00","1.5"
"117862","SGSWRDC Campus (Tharamani site)","Tamil Nadu SW GW","33","Tamil Nadu","568","Chennai","-","-","-","Adyar","East flowing rivers between Pennar and Kanyakumari","-","-","-","Adyar","12.98583333","80.24500000","27-08-2022 23:00","0.5"
"117863","SGSWRDC Campus (Tharamani site)","Tamil Nadu SW GW","33","Tamil Nadu","568","Chennai","-","-","-","Adyar","East flowing rivers between Pennar and Kanyakumari","-","-","-","Adyar","12.98583333","80.24500000","29-08-2022 06:00","1.5"
"117864","SGSWRDC Campus (Tharamani site)","Tamil Nadu SW GW","33","Tamil Nadu","568","Chennai","-","-","-","Adyar","East flowing rivers between Pennar and Kanyakumari","-","-","-","Adyar","12.98583333","80.24500000","29-08-2022 07:00","4"
"117865","SGSWRDC Campus (Tharamani site)","Tamil Nadu SW GW","33","Tamil Nadu","568","Chennai","-","-","-","Adyar","East flowing rivers between Pennar and Kanyakumari","-","-","-","Adyar","12.98583333","80.24500000","29-08-2022 08:00","1"
"117866","SGSWRDC Campus (Tharamani site)","Tamil Nadu SW GW","33","Tamil Nadu","568","Chennai","-","-","-","Adyar","East flowing rivers between Pennar and Kanyakumari","-","-","-","Adyar","12.98583333","80.24500000","31-08-2022 15:00","3"
"117867","SGSWRDC Campus (Tharamani site)","Tamil Nadu SW GW","33","Tamil Nadu","568","Chennai","-","-","-","Adyar","East flowing rivers between Pennar and Kanyakumari","-","-","-","Adyar","12.98583333","80.24500000","01-09-2022 10:00","0.5"
"117868","SGSWRDC Campus (Tharamani site)","Tamil Nadu SW GW","33","Tamil Nadu","568","Chennai","-","-","-","Adyar","East flowing rivers between Pennar and Kanyakumari","-","-","-","Adyar","12.98583333","80.24500000","01-09-2022 11:00","4"
"117869","SGSWRDC Campus (Tharamani site)","Tamil Nadu SW GW","33","Tamil Nadu","568","Chennai","-","-","-","Adyar","East flowing rivers between Pennar and Kanyakumari","-","-","-","Adyar","12.98583333","80.24500000","01-09-2022 13:00","1"
"117870","SGSWRDC Campus (Tharamani site)","Tamil Nadu SW GW","33","Tamil Nadu","568","Chennai","-","-","-","Adyar","East flowing rivers between Pennar and Kanyakumari","-","-","-","Adyar","12.98583333","80.24500000","01-09-2022 14:00","11.5"
"117871","SGSWRDC Campus (Tharamani site)","Tamil Nadu SW GW","33","Tamil Nadu","568","Chennai","-","-","-","Adyar","East flowing rivers between Pennar and Kanyakumari","-","-","-","Adyar","12.98583333","80.24500000","01-09-2022 15:00","2.5"
"117872","SGSWRDC Campus (Tharamani site)","Tamil Nadu SW GW","33","Tamil Nadu","568","Chennai","-","-","-","Adyar","East flowing rivers between Pennar and Kanyakumari","-","-","-","Adyar","12.98583333","80.24500000","07-09-2022 19:00","3"
"117873","SGSWRDC Campus (Tharamani site)","Tamil Nadu SW GW","33","Tamil Nadu","568","Chennai","-","-","-","Adyar","East flowing rivers between Pennar and Kanyakumari","-","-","-","Adyar","12.98583333","80.24500000","08-09-2022 12:00","0.5"
"117874","SGSWRDC Campus (Tharamani site)","Tamil Nadu SW GW","33","Tamil Nadu","568","Chennai","-","-","-","Adyar","East flowing rivers between Pennar and Kanyakumari","-","-","-","Adyar","12.98583333","80.24500000","26-09-2022 17:00","1.5"
"117875","SGSWRDC Campus (Tharamani site)","Tamil Nadu SW GW","33","Tamil Nadu","568","Chennai","-","-","-","Adyar","East flowing rivers between Pennar and Kanyakumari","-","-","-","Adyar","12.98583333","80.24500000","28-09-2022 07:00","0.5"
"117876","SGSWRDC Campus (Tharamani site)","Tamil Nadu SW GW","33","Tamil Nadu","568","Chennai","-","-","-","Adyar","East flowing rivers between Pennar and Kanyakumari","-","-","-","Adyar","12.98583333","80.24500000","28-09-2022 16:00","31.5"
"117877","SGSWRDC Campus (Tharamani site)","Tamil Nadu SW GW","33","Tamil Nadu","568","Chennai","-","-","-","Adyar","East flowing rivers between Pennar and Kanyakumari","-","-","-","Adyar","12.98583333","80.24500000","28-09-2022 17:00","1.5"
"117878","SGSWRDC Campus (Tharamani site)","Tamil Nadu SW GW","33","Tamil Nadu","568","Chennai","-","-","-","Adyar","East flowing rivers between Pennar and Kanyakumari","-","-","-","Adyar","12.98583333","80.24500000","29-09-2022 10:00","0.5"
"117879","SGSWRDC Campus (Tharamani site)","Tamil Nadu SW GW","33","Tamil Nadu","568","Chennai","-","-","-","Adyar","East flowing rivers between Pennar and Kanyakumari","-","-","-","Adyar","12.98583333","80.24500000","05-10-2022 15:00","0.5"
"117880","SGSWRDC Campus (Tharamani site)","Tamil Nadu SW GW","33","Tamil Nadu","568","Chennai","-","-","-","Adyar","East flowing rivers between Pennar and Kanyakumari","-","-","-","Adyar","12.98583333","80.24500000","06-10-2022 00:00","0.5"
"117881","SGSWRDC Campus (Tharamani site)","Tamil Nadu SW GW","33","Tamil Nadu","568","Chennai","-","-","-","Adyar","East flowing rivers between Pennar and Kanyakumari","-","-","-","Adyar","12.98583333","80.24500000","06-10-2022 07:00","1"
"117882","SGSWRDC Campus (Tharamani site)","Tamil Nadu SW GW","33","Tamil Nadu","568","Chennai","-","-","-","Adyar","East flowing rivers between Pennar and Kanyakumari","-","-","-","Adyar","12.98583333","80.24500000","08-10-2022 21:00","2"
"117883","SGSWRDC Campus (Tharamani site)","Tamil Nadu SW GW","33","Tamil Nadu","568","Chennai","-","-","-","Adyar","East flowing rivers between Pennar and Kanyakumari","-","-","-","Adyar","12.98583333","80.24500000","08-10-2022 22:00","2"
"117884","SGSWRDC Campus (Tharamani site)","Tamil Nadu SW GW","33","Tamil Nadu","568","Chennai","-","-","-","Adyar","East flowing rivers between Pennar and Kanyakumari","-","-","-","Adyar","12.98583333","80.24500000","10-10-2022 01:00","2"
"117885","SGSWRDC Campus (Tharamani site)","Tamil Nadu SW GW","33","Tamil Nadu","568","Chennai","-","-","-","Adyar","East flowing rivers between Pennar and Kanyakumari","-","-","-","Adyar","12.98583333","80.24500000","10-10-2022 04:00","1"
"117886","SGSWRDC Campus (Tharamani site)","Tamil Nadu SW GW","33","Tamil Nadu","568","Chennai","-","-","-","Adyar","East flowing rivers between Pennar and Kanyakumari","-","-","-","Adyar","12.98583333","80.24500000","10-10-2022 06:00","1"
"117887","SGSWRDC Campus (Tharamani site)","Tamil Nadu SW GW","33","Tamil Nadu","568","Chennai","-","-","-","Adyar","East flowing rivers between Pennar and Kanyakumari","-","-","-","Adyar","12.98583333","80.24500000","10-10-2022 07:00","0.5"
"117888","SGSWRDC Campus (Tharamani site)","Tamil Nadu SW GW","33","Tamil Nadu","568","Chennai","-","-","-","Adyar","East flowing rivers between Pennar and Kanyakumari","-","-","-","Adyar","12.98583333","80.24500000","11-10-2022 11:00","17.5"
"117889","SGSWRDC Campus (Tharamani site)","Tamil Nadu SW GW","33","Tamil Nadu","568","Chennai","-","-","-","Adyar","East flowing rivers between Pennar and Kanyakumari","-","-","-","Adyar","12.98583333","80.24500000","16-10-2022 08:00","1.5"
"117890","SGSWRDC Campus (Tharamani site)","Tamil Nadu SW GW","33","Tamil Nadu","568","Chennai","-","-","-","Adyar","East flowing rivers between Pennar and Kanyakumari","-","-","-","Adyar","12.98583333","80.24500000","20-10-2022 18:00","0.5"
"117891","SGSWRDC Campus (Tharamani site)","Tamil Nadu SW GW","33","Tamil Nadu","568","Chennai","-","-","-","Adyar","East flowing rivers between Pennar and Kanyakumari","-","-","-","Adyar","12.98583333","80.24500000","21-10-2022 07:00","14.5"
"117892","SGSWRDC Campus (Tharamani site)","Tamil Nadu SW GW","33","Tamil Nadu","568","Chennai","-","-","-","Adyar","East flowing rivers between Pennar and Kanyakumari","-","-","-","Adyar","12.98583333","80.24500000","22-10-2022 01:00","0.5"
"117893","SGSWRDC Campus (Tharamani site)","Tamil Nadu SW GW","33","Tamil Nadu","568","Chennai","-","-","-","Adyar","East flowing rivers between Pennar and Kanyakumari","-","-","-","Adyar","12.98583333","80.24500000","22-10-2022 15:00","1"
"117894","SGSWRDC Campus (Tharamani site)","Tamil Nadu SW GW","33","Tamil Nadu","568","Chennai","-","-","-","Adyar","East flowing rivers between Pennar and Kanyakumari","-","-","-","Adyar","12.98583333","80.24500000","22-10-2022 16:00","0.5"
"117895","SGSWRDC Campus (Tharamani site)","Tamil Nadu SW GW","33","Tamil Nadu","568","Chennai","-","-","-","Adyar","East flowing rivers between Pennar and Kanyakumari","-","-","-","Adyar","12.98583333","80.24500000","22-10-2022 21:00","0.5"
"117896","SGSWRDC Campus (Tharamani site)","Tamil Nadu SW GW","33","Tamil Nadu","568","Chennai","-","-","-","Adyar","East flowing rivers between Pennar and Kanyakumari","-","-","-","Adyar","12.98583333","80.24500000","27-10-2022 08:00","3.5"
"117897","SGSWRDC Campus (Tharamani site)","Tamil Nadu SW GW","33","Tamil Nadu","568","Chennai","-","-","-","Adyar","East flowing rivers between Pennar and Kanyakumari","-","-","-","Adyar","12.98583333","80.24500000","27-10-2022 09:00","0.5"
"117898","SGSWRDC Campus (Tharamani site)","Tamil Nadu SW GW","33","Tamil Nadu","568","Chennai","-","-","-","Adyar","East flowing rivers between Pennar and Kanyakumari","-","-","-","Adyar","12.98583333","80.24500000","27-10-2022 11:00","3"
"117899","SGSWRDC Campus (Tharamani site)","Tamil Nadu SW GW","33","Tamil Nadu","568","Chennai","-","-","-","Adyar","East flowing rivers between Pennar and Kanyakumari","-","-","-","Adyar","12.98583333","80.24500000","27-10-2022 16:00","0.5"
"117900","SGSWRDC Campus (Tharamani site)","Tamil Nadu SW GW","33","Tamil Nadu","568","Chennai","-","-","-","Adyar","East flowing rivers between Pennar and Kanyakumari","-","-","-","Adyar","12.98583333","80.24500000","29-10-2022 00:00","0.5"
"117901","SGSWRDC Campus (Tharamani site)","Tamil Nadu SW GW","33","Tamil Nadu","568","Chennai","-","-","-","Adyar","East flowing rivers between Pennar and Kanyakumari","-","-","-","Adyar","12.98583333","80.24500000","30-10-2022 03:00","0.5"
"117902","SGSWRDC Campus (Tharamani site)","Tamil Nadu SW GW","33","Tamil Nadu","568","Chennai","-","-","-","Adyar","East flowing rivers between Pennar and Kanyakumari","-","-","-","Adyar","12.98583333","80.24500000","31-10-2022 06:00","1.5"
"117903","SGSWRDC Campus (Tharamani site)","Tamil Nadu SW GW","33","Tamil Nadu","568","Chennai","-","-","-","Adyar","East flowing rivers between Pennar and Kanyakumari","-","-","-","Adyar","12.98583333","80.24500000","31-10-2022 07:00","6"
"117904","SGSWRDC Campus (Tharamani site)","Tamil Nadu SW GW","33","Tamil Nadu","568","Chennai","-","-","-","Adyar","East flowing rivers between Pennar and Kanyakumari","-","-","-","Adyar","12.98583333","80.24500000","31-10-2022 19:00","4"
"117905","SGSWRDC Campus (Tharamani site)","Tamil Nadu SW GW","33","Tamil Nadu","568","Chennai","-","-","-","Adyar","East flowing rivers between Pennar and Kanyakumari","-","-","-","Adyar","12.98583333","80.24500000","31-10-2022 20:00","1"
"117906","SGSWRDC Campus (Tharamani site)","Tamil Nadu SW GW","33","Tamil Nadu","568","Chennai","-","-","-","Adyar","East flowing rivers between Pennar and Kanyakumari","-","-","-","Adyar","12.98583333","80.24500000","31-10-2022 21:00","6"
"117907","SGSWRDC Campus (Tharamani site)","Tamil Nadu SW GW","33","Tamil Nadu","568","Chennai","-","-","-","Adyar","East flowing rivers between Pennar and Kanyakumari","-","-","-","Adyar","12.98583333","80.24500000","31-10-2022 22:00","1"
"117908","SGSWRDC Campus (Tharamani site)","Tamil Nadu SW GW","33","Tamil Nadu","568","Chennai","-","-","-","Adyar","East flowing rivers between Pennar and Kanyakumari","-","-","-","Adyar","12.98583333","80.24500000","31-10-2022 23:00","2"
"117909","SGSWRDC Campus (Tharamani site)","Tamil Nadu SW GW","33","Tamil Nadu","568","Chennai","-","-","-","Adyar","East flowing rivers between Pennar and Kanyakumari","-","-","-","Adyar","12.98583333","80.24500000","01-11-2022 00:00","5"
"117910","SGSWRDC Campus (Tharamani site)","Tamil Nadu SW GW","33","Tamil Nadu","568","Chennai","-","-","-","Adyar","East flowing rivers between Pennar and Kanyakumari","-","-","-","Adyar","12.98583333","80.24500000","01-11-2022 01:00","4"
"117911","SGSWRDC Campus (Tharamani site)","Tamil Nadu SW GW","33","Tamil Nadu","568","Chennai","-","-","-","Adyar","East flowing rivers between Pennar and Kanyakumari","-","-","-","Adyar","12.98583333","80.24500000","01-11-2022 02:00","3.5"
"117912","SGSWRDC Campus (Tharamani site)","Tamil Nadu SW GW","33","Tamil Nadu","568","Chennai","-","-","-","Adyar","East flowing rivers between Pennar and Kanyakumari","-","-","-","Adyar","12.98583333","80.24500000","01-11-2022 03:00","0.5"
"117913","SGSWRDC Campus (Tharamani site)","Tamil Nadu SW GW","33","Tamil Nadu","568","Chennai","-","-","-","Adyar","East flowing rivers between Pennar and Kanyakumari","-","-","-","Adyar","12.98583333","80.24500000","01-11-2022 05:00","1"
"117914","SGSWRDC Campus (Tharamani site)","Tamil Nadu SW GW","33","Tamil Nadu","568","Chennai","-","-","-","Adyar","East flowing rivers between Pennar and Kanyakumari","-","-","-","Adyar","12.98583333","80.24500000","01-11-2022 06:00","3.5"
"117915","SGSWRDC Campus (Tharamani site)","Tamil Nadu SW GW","33","Tamil Nadu","568","Chennai","-","-","-","Adyar","East flowing rivers between Pennar and Kanyakumari","-","-","-","Adyar","12.98583333","80.24500000","01-11-2022 07:00","1.5"
"117916","SGSWRDC Campus (Tharamani site)","Tamil Nadu SW GW","33","Tamil Nadu","568","Chennai","-","-","-","Adyar","East flowing rivers between Pennar and Kanyakumari","-","-","-","Adyar","12.98583333","80.24500000","01-11-2022 08:00","2.5"
"117917","SGSWRDC Campus (Tharamani site)","Tamil Nadu SW GW","33","Tamil Nadu","568","Chennai","-","-","-","Adyar","East flowing rivers between Pennar and Kanyakumari","-","-","-","Adyar","12.98583333","80.24500000","01-11-2022 09:00","13.5"
"117918","SGSWRDC Campus (Tharamani site)","Tamil Nadu SW GW","33","Tamil Nadu","568","Chennai","-","-","-","Adyar","East flowing rivers between Pennar and Kanyakumari","-","-","-","Adyar","12.98583333","80.24500000","01-11-2022 10:00","9.5"
"117919","SGSWRDC Campus (Tharamani site)","Tamil Nadu SW GW","33","Tamil Nadu","568","Chennai","-","-","-","Adyar","East flowing rivers between Pennar and Kanyakumari","-","-","-","Adyar","12.98583333","80.24500000","01-11-2022 11:00","5"
"117920","SGSWRDC Campus (Tharamani site)","Tamil Nadu SW GW","33","Tamil Nadu","568","Chennai","-","-","-","Adyar","East flowing rivers between Pennar and Kanyakumari","-","-","-","Adyar","12.98583333","80.24500000","01-11-2022 12:00","3.5"
"117921","SGSWRDC Campus (Tharamani site)","Tamil Nadu SW GW","33","Tamil Nadu","568","Chennai","-","-","-","Adyar","East flowing rivers between Pennar and Kanyakumari","-","-","-","Adyar","12.98583333","80.24500000","01-11-2022 13:00","16.5"
"117922","SGSWRDC Campus (Tharamani site)","Tamil Nadu SW GW","33","Tamil Nadu","568","Chennai","-","-","-","Adyar","East flowing rivers between Pennar and Kanyakumari","-","-","-","Adyar","12.98583333","80.24500000","01-11-2022 14:00","9"
"117923","SGSWRDC Campus (Tharamani site)","Tamil Nadu SW GW","33","Tamil Nadu","568","Chennai","-","-","-","Adyar","East flowing rivers between Pennar and Kanyakumari","-","-","-","Adyar","12.98583333","80.24500000","01-11-2022 15:00","2"
"117924","SGSWRDC Campus (Tharamani site)","Tamil Nadu SW GW","33","Tamil Nadu","568","Chennai","-","-","-","Adyar","East flowing rivers between Pennar and Kanyakumari","-","-","-","Adyar","12.98583333","80.24500000","01-11-2022 16:00","1.5"
"117925","SGSWRDC Campus (Tharamani site)","Tamil Nadu SW GW","33","Tamil Nadu","568","Chennai","-","-","-","Adyar","East flowing rivers between Pennar and Kanyakumari","-","-","-","Adyar","12.98583333","80.24500000","01-11-2022 17:00","0.5"
"117926","SGSWRDC Campus (Tharamani site)","Tamil Nadu SW GW","33","Tamil Nadu","568","Chennai","-","-","-","Adyar","East flowing rivers between Pennar and Kanyakumari","-","-","-","Adyar","12.98583333","80.24500000","01-11-2022 23:00","4.5"
"117927","SGSWRDC Campus (Tharamani site)","Tamil Nadu SW GW","33","Tamil Nadu","568","Chennai","-","-","-","Adyar","East flowing rivers between Pennar and Kanyakumari","-","-","-","Adyar","12.98583333","80.24500000","02-11-2022 00:00","9"
"117928","SGSWRDC Campus (Tharamani site)","Tamil Nadu SW GW","33","Tamil Nadu","568","Chennai","-","-","-","Adyar","East flowing rivers between Pennar and Kanyakumari","-","-","-","Adyar","12.98583333","80.24500000","02-11-2022 01:00","13.5"
"117929","SGSWRDC Campus (Tharamani site)","Tamil Nadu SW GW","33","Tamil Nadu","568","Chennai","-","-","-","Adyar","East flowing rivers between Pennar and Kanyakumari","-","-","-","Adyar","12.98583333","80.24500000","02-11-2022 02:00","1.5"
"117930","SGSWRDC Campus (Tharamani site)","Tamil Nadu SW GW","33","Tamil Nadu","568","Chennai","-","-","-","Adyar","East flowing rivers between Pennar and Kanyakumari","-","-","-","Adyar","12.98583333","80.24500000","02-11-2022 03:00","13"
"117931","SGSWRDC Campus (Tharamani site)","Tamil Nadu SW GW","33","Tamil Nadu","568","Chennai","-","-","-","Adyar","East flowing rivers between Pennar and Kanyakumari","-","-","-","Adyar","12.98583333","80.24500000","02-11-2022 04:00","3"
"117932","SGSWRDC Campus (Tharamani site)","Tamil Nadu SW GW","33","Tamil Nadu","568","Chennai","-","-","-","Adyar","East flowing rivers between Pennar and Kanyakumari","-","-","-","Adyar","12.98583333","80.24500000","02-11-2022 07:00","2.5"
"117933","SGSWRDC Campus (Tharamani site)","Tamil Nadu SW GW","33","Tamil Nadu","568","Chennai","-","-","-","Adyar","East flowing rivers between Pennar and Kanyakumari","-","-","-","Adyar","12.98583333","80.24500000","02-11-2022 08:00","0.5"
"117934","SGSWRDC Campus (Tharamani site)","Tamil Nadu SW GW","33","Tamil Nadu","568","Chennai","-","-","-","Adyar","East flowing rivers between Pennar and Kanyakumari","-","-","-","Adyar","12.98583333","80.24500000","02-11-2022 11:00","2.5"
"117935","SGSWRDC Campus (Tharamani site)","Tamil Nadu SW GW","33","Tamil Nadu","568","Chennai","-","-","-","Adyar","East flowing rivers between Pennar and Kanyakumari","-","-","-","Adyar","12.98583333","80.24500000","02-11-2022 12:00","2"
"117936","SGSWRDC Campus (Tharamani site)","Tamil Nadu SW GW","33","Tamil Nadu","568","Chennai","-","-","-","Adyar","East flowing rivers between Pennar and Kanyakumari","-","-","-","Adyar","12.98583333","80.24500000","02-11-2022 18:00","9.5"
"117937","SGSWRDC Campus (Tharamani site)","Tamil Nadu SW GW","33","Tamil Nadu","568","Chennai","-","-","-","Adyar","East flowing rivers between Pennar and Kanyakumari","-","-","-","Adyar","12.98583333","80.24500000","02-11-2022 20:00","0.5"
"117938","SGSWRDC Campus (Tharamani site)","Tamil Nadu SW GW","33","Tamil Nadu","568","Chennai","-","-","-","Adyar","East flowing rivers between Pennar and Kanyakumari","-","-","-","Adyar","12.98583333","80.24500000","02-11-2022 23:00","9.5"
"117939","SGSWRDC Campus (Tharamani site)","Tamil Nadu SW GW","33","Tamil Nadu","568","Chennai","-","-","-","Adyar","East flowing rivers between Pennar and Kanyakumari","-","-","-","Adyar","12.98583333","80.24500000","03-11-2022 00:00","3"
"117940","SGSWRDC Campus (Tharamani site)","Tamil Nadu SW GW","33","Tamil Nadu","568","Chennai","-","-","-","Adyar","East flowing rivers between Pennar and Kanyakumari","-","-","-","Adyar","12.98583333","80.24500000","03-11-2022 01:00","0.5"
"117941","SGSWRDC Campus (Tharamani site)","Tamil Nadu SW GW","33","Tamil Nadu","568","Chennai","-","-","-","Adyar","East flowing rivers between Pennar and Kanyakumari","-","-","-","Adyar","12.98583333","80.24500000","03-11-2022 17:00","11"
"117942","SGSWRDC Campus (Tharamani site)","Tamil Nadu SW GW","33","Tamil Nadu","568","Chennai","-","-","-","Adyar","East flowing rivers between Pennar and Kanyakumari","-","-","-","Adyar","12.98583333","80.24500000","03-11-2022 18:00","6"
"117943","SGSWRDC Campus (Tharamani site)","Tamil Nadu SW GW","33","Tamil Nadu","568","Chennai","-","-","-","Adyar","East flowing rivers between Pennar and Kanyakumari","-","-","-","Adyar","12.98583333","80.24500000","03-11-2022 19:00","1.5"
"117944","SGSWRDC Campus (Tharamani site)","Tamil Nadu SW GW","33","Tamil Nadu","568","Chennai","-","-","-","Adyar","East flowing rivers between Pennar and Kanyakumari","-","-","-","Adyar","12.98583333","80.24500000","04-11-2022 01:00","1.5"
"117945","SGSWRDC Campus (Tharamani site)","Tamil Nadu SW GW","33","Tamil Nadu","568","Chennai","-","-","-","Adyar","East flowing rivers between Pennar and Kanyakumari","-","-","-","Adyar","12.98583333","80.24500000","04-11-2022 03:00","1.5"
"117946","SGSWRDC Campus (Tharamani site)","Tamil Nadu SW GW","33","Tamil Nadu","568","Chennai","-","-","-","Adyar","East flowing rivers between Pennar and Kanyakumari","-","-","-","Adyar","12.98583333","80.24500000","04-11-2022 05:00","0.5"
"117947","SGSWRDC Campus (Tharamani site)","Tamil Nadu SW GW","33","Tamil Nadu","568","Chennai","-","-","-","Adyar","East flowing rivers between Pennar and Kanyakumari","-","-","-","Adyar","12.98583333","80.24500000","10-11-2022 07:00","5"
"117948","SGSWRDC Campus (Tharamani site)","Tamil Nadu SW GW","33","Tamil Nadu","568","Chennai","-","-","-","Adyar","East flowing rivers between Pennar and Kanyakumari","-","-","-","Adyar","12.98583333","80.24500000","10-11-2022 08:00","1"
"117949","SGSWRDC Campus (Tharamani site)","Tamil Nadu SW GW","33","Tamil Nadu","568","Chennai","-","-","-","Adyar","East flowing rivers between Pennar and Kanyakumari","-","-","-","Adyar","12.98583333","80.24500000","10-11-2022 09:00","0.5"
"117950","SGSWRDC Campus (Tharamani site)","Tamil Nadu SW GW","33","Tamil Nadu","568","Chennai","-","-","-","Adyar","East flowing rivers between Pennar and Kanyakumari","-","-","-","Adyar","12.98583333","80.24500000","10-11-2022 19:00","3.5"
"117951","SGSWRDC Campus (Tharamani site)","Tamil Nadu SW GW","33","Tamil Nadu","568","Chennai","-","-","-","Adyar","East flowing rivers between Pennar and Kanyakumari","-","-","-","Adyar","12.98583333","80.24500000","10-11-2022 20:00","0.5"
"117952","SGSWRDC Campus (Tharamani site)","Tamil Nadu SW GW","33","Tamil Nadu","568","Chennai","-","-","-","Adyar","East flowing rivers between Pennar and Kanyakumari","-","-","-","Adyar","12.98583333","80.24500000","10-11-2022 21:00","0.5"
"117953","SGSWRDC Campus (Tharamani site)","Tamil Nadu SW GW","33","Tamil Nadu","568","Chennai","-","-","-","Adyar","East flowing rivers between Pennar and Kanyakumari","-","-","-","Adyar","12.98583333","80.24500000","10-11-2022 22:00","0.5"
"117954","SGSWRDC Campus (Tharamani site)","Tamil Nadu SW GW","33","Tamil Nadu","568","Chennai","-","-","-","Adyar","East flowing rivers between Pennar and Kanyakumari","-","-","-","Adyar","12.98583333","80.24500000","11-11-2022 01:00","15.5"
"117955","SGSWRDC Campus (Tharamani site)","Tamil Nadu SW GW","33","Tamil Nadu","568","Chennai","-","-","-","Adyar","East flowing rivers between Pennar and Kanyakumari","-","-","-","Adyar","12.98583333","80.24500000","11-11-2022 02:00","6.5"
"117956","SGSWRDC Campus (Tharamani site)","Tamil Nadu SW GW","33","Tamil Nadu","568","Chennai","-","-","-","Adyar","East flowing rivers between Pennar and Kanyakumari","-","-","-","Adyar","12.98583333","80.24500000","11-11-2022 05:00","3"
"117957","SGSWRDC Campus (Tharamani site)","Tamil Nadu SW GW","33","Tamil Nadu","568","Chennai","-","-","-","Adyar","East flowing rivers between Pennar and Kanyakumari","-","-","-","Adyar","12.98583333","80.24500000","11-11-2022 06:00","0.5"
"117958","SGSWRDC Campus (Tharamani site)","Tamil Nadu SW GW","33","Tamil Nadu","568","Chennai","-","-","-","Adyar","East flowing rivers between Pennar and Kanyakumari","-","-","-","Adyar","12.98583333","80.24500000","11-11-2022 07:00","2.5"
"117959","SGSWRDC Campus (Tharamani site)","Tamil Nadu SW GW","33","Tamil Nadu","568","Chennai","-","-","-","Adyar","East flowing rivers between Pennar and Kanyakumari","-","-","-","Adyar","12.98583333","80.24500000","11-11-2022 08:00","24"
"117960","SGSWRDC Campus (Tharamani site)","Tamil Nadu SW GW","33","Tamil Nadu","568","Chennai","-","-","-","Adyar","East flowing rivers between Pennar and Kanyakumari","-","-","-","Adyar","12.98583333","80.24500000","11-11-2022 09:00","1"
"117961","SGSWRDC Campus (Tharamani site)","Tamil Nadu SW GW","33","Tamil Nadu","568","Chennai","-","-","-","Adyar","East flowing rivers between Pennar and Kanyakumari","-","-","-","Adyar","12.98583333","80.24500000","11-11-2022 10:00","3"
"117962","SGSWRDC Campus (Tharamani site)","Tamil Nadu SW GW","33","Tamil Nadu","568","Chennai","-","-","-","Adyar","East flowing rivers between Pennar and Kanyakumari","-","-","-","Adyar","12.98583333","80.24500000","11-11-2022 13:00","0.5"
"117963","SGSWRDC Campus (Tharamani site)","Tamil Nadu SW GW","33","Tamil Nadu","568","Chennai","-","-","-","Adyar","East flowing rivers between Pennar and Kanyakumari","-","-","-","Adyar","12.98583333","80.24500000","11-11-2022 14:00","1"
"117964","SGSWRDC Campus (Tharamani site)","Tamil Nadu SW GW","33","Tamil Nadu","568","Chennai","-","-","-","Adyar","East flowing rivers between Pennar and Kanyakumari","-","-","-","Adyar","12.98583333","80.24500000","11-11-2022 15:00","0.5"
"117965","SGSWRDC Campus (Tharamani site)","Tamil Nadu SW GW","33","Tamil Nadu","568","Chennai","-","-","-","Adyar","East flowing rivers between Pennar and Kanyakumari","-","-","-","Adyar","12.98583333","80.24500000","11-11-2022 22:00","0.5"
"117966","SGSWRDC Campus (Tharamani site)","Tamil Nadu SW GW","33","Tamil Nadu","568","Chennai","-","-","-","Adyar","East flowing rivers between Pennar and Kanyakumari","-","-","-","Adyar","12.98583333","80.24500000","12-11-2022 05:00","34.5"
"117967","SGSWRDC Campus (Tharamani site)","Tamil Nadu SW GW","33","Tamil Nadu","568","Chennai","-","-","-","Adyar","East flowing rivers between Pennar and Kanyakumari","-","-","-","Adyar","12.98583333","80.24500000","12-11-2022 06:00","11"
"117968","SGSWRDC Campus (Tharamani site)","Tamil Nadu SW GW","33","Tamil Nadu","568","Chennai","-","-","-","Adyar","East flowing rivers between Pennar and Kanyakumari","-","-","-","Adyar","12.98583333","80.24500000","12-11-2022 07:00","7"
"117969","SGSWRDC Campus (Tharamani site)","Tamil Nadu SW GW","33","Tamil Nadu","568","Chennai","-","-","-","Adyar","East flowing rivers between Pennar and Kanyakumari","-","-","-","Adyar","12.98583333","80.24500000","12-11-2022 08:00","0.5"
"117970","SGSWRDC Campus (Tharamani site)","Tamil Nadu SW GW","33","Tamil Nadu","568","Chennai","-","-","-","Adyar","East flowing rivers between Pennar and Kanyakumari","-","-","-","Adyar","12.98583333","80.24500000","12-11-2022 11:00","0.5"
"117971","SGSWRDC Campus (Tharamani site)","Tamil Nadu SW GW","33","Tamil Nadu","568","Chennai","-","-","-","Adyar","East flowing rivers between Pennar and Kanyakumari","-","-","-","Adyar","12.98583333","80.24500000","12-11-2022 13:00","7"
"117972","SGSWRDC Campus (Tharamani site)","Tamil Nadu SW GW","33","Tamil Nadu","568","Chennai","-","-","-","Adyar","East flowing rivers between Pennar and Kanyakumari","-","-","-","Adyar","12.98583333","80.24500000","12-11-2022 21:00","0.5"
"117973","SGSWRDC Campus (Tharamani site)","Tamil Nadu SW GW","33","Tamil Nadu","568","Chennai","-","-","-","Adyar","East flowing rivers between Pennar and Kanyakumari","-","-","-","Adyar","12.98583333","80.24500000","13-11-2022 00:00","0.5"
"117974","SGSWRDC Campus (Tharamani site)","Tamil Nadu SW GW","33","Tamil Nadu","568","Chennai","-","-","-","Adyar","East flowing rivers between Pennar and Kanyakumari","-","-","-","Adyar","12.98583333","80.24500000","13-11-2022 03:00","1"
"117975","SGSWRDC Campus (Tharamani site)","Tamil Nadu SW GW","33","Tamil Nadu","568","Chennai","-","-","-","Adyar","East flowing rivers between Pennar and Kanyakumari","-","-","-","Adyar","12.98583333","80.24500000","13-11-2022 04:00","1"
"117976","SGSWRDC Campus (Tharamani site)","Tamil Nadu SW GW","33","Tamil Nadu","568","Chennai","-","-","-","Adyar","East flowing rivers between Pennar and Kanyakumari","-","-","-","Adyar","12.98583333","80.24500000","13-11-2022 05:00","6"
"117977","SGSWRDC Campus (Tharamani site)","Tamil Nadu SW GW","33","Tamil Nadu","568","Chennai","-","-","-","Adyar","East flowing rivers between Pennar and Kanyakumari","-","-","-","Adyar","12.98583333","80.24500000","13-11-2022 07:00","35"
"117978","SGSWRDC Campus (Tharamani site)","Tamil Nadu SW GW","33","Tamil Nadu","568","Chennai","-","-","-","Adyar","East flowing rivers between Pennar and Kanyakumari","-","-","-","Adyar","12.98583333","80.24500000","13-11-2022 11:00","0.5"
"117979","SGSWRDC Campus (Tharamani site)","Tamil Nadu SW GW","33","Tamil Nadu","568","Chennai","-","-","-","Adyar","East flowing rivers between Pennar and Kanyakumari","-","-","-","Adyar","12.98583333","80.24500000","14-11-2022 14:00","1.5"
"117980","SGSWRDC Campus (Tharamani site)","Tamil Nadu SW GW","33","Tamil Nadu","568","Chennai","-","-","-","Adyar","East flowing rivers between Pennar and Kanyakumari","-","-","-","Adyar","12.98583333","80.24500000","14-11-2022 19:00","7.5"
"117981","SGSWRDC Campus (Tharamani site)","Tamil Nadu SW GW","33","Tamil Nadu","568","Chennai","-","-","-","Adyar","East flowing rivers between Pennar and Kanyakumari","-","-","-","Adyar","12.98583333","80.24500000","14-11-2022 20:00","0.5"
"117982","SGSWRDC Campus (Tharamani site)","Tamil Nadu SW GW","33","Tamil Nadu","568","Chennai","-","-","-","Adyar","East flowing rivers between Pennar and Kanyakumari","-","-","-","Adyar","12.98583333","80.24500000","14-11-2022 21:00","12"
"117983","SGSWRDC Campus (Tharamani site)","Tamil Nadu SW GW","33","Tamil Nadu","568","Chennai","-","-","-","Adyar","East flowing rivers between Pennar and Kanyakumari","-","-","-","Adyar","12.98583333","80.24500000","15-11-2022 05:00","0.5"
"117984","SGSWRDC Campus (Tharamani site)","Tamil Nadu SW GW","33","Tamil Nadu","568","Chennai","-","-","-","Adyar","East flowing rivers between Pennar and Kanyakumari","-","-","-","Adyar","12.98583333","80.24500000","21-11-2022 20:00","0.5"
"117985","SGSWRDC Campus (Tharamani site)","Tamil Nadu SW GW","33","Tamil Nadu","568","Chennai","-","-","-","Adyar","East flowing rivers between Pennar and Kanyakumari","-","-","-","Adyar","12.98583333","80.24500000","21-11-2022 21:00","1"
"117986","SGSWRDC Campus (Tharamani site)","Tamil Nadu SW GW","33","Tamil Nadu","568","Chennai","-","-","-","Adyar","East flowing rivers between Pennar and Kanyakumari","-","-","-","Adyar","12.98583333","80.24500000","21-11-2022 22:00","1"
"117987","SGSWRDC Campus (Tharamani site)","Tamil Nadu SW GW","33","Tamil Nadu","568","Chennai","-","-","-","Adyar","East flowing rivers between Pennar and Kanyakumari","-","-","-","Adyar","12.98583333","80.24500000","21-11-2022 23:00","1"
"117988","SGSWRDC Campus (Tharamani site)","Tamil Nadu SW GW","33","Tamil Nadu","568","Chennai","-","-","-","Adyar","East flowing rivers between Pennar and Kanyakumari","-","-","-","Adyar","12.98583333","80.24500000","22-11-2022 00:00","1"
"117989","SGSWRDC Campus (Tharamani site)","Tamil Nadu SW GW","33","Tamil Nadu","568","Chennai","-","-","-","Adyar","East flowing rivers between Pennar and Kanyakumari","-","-","-","Adyar","12.98583333","80.24500000","22-11-2022 07:00","0.5"
"117990","SGSWRDC Campus (Tharamani site)","Tamil Nadu SW GW","33","Tamil Nadu","568","Chennai","-","-","-","Adyar","East flowing rivers between Pennar and Kanyakumari","-","-","-","Adyar","12.98583333","80.24500000","23-11-2022 01:00","0.5"
"117991","SGSWRDC Campus (Tharamani site)","Tamil Nadu SW GW","33","Tamil Nadu","568","Chennai","-","-","-","Adyar","East flowing rivers between Pennar and Kanyakumari","-","-","-","Adyar","12.98583333","80.24500000","23-11-2022 02:00","0.5"
"117992","SGSWRDC Campus (Tharamani site)","Tamil Nadu SW GW","33","Tamil Nadu","568","Chennai","-","-","-","Adyar","East flowing rivers between Pennar and Kanyakumari","-","-","-","Adyar","12.98583333","80.24500000","24-11-2022 07:00","2.5"
"117993","SGSWRDC Campus (Tharamani site)","Tamil Nadu SW GW","33","Tamil Nadu","568","Chennai","-","-","-","Adyar","East flowing rivers between Pennar and Kanyakumari","-","-","-","Adyar","12.98583333","80.24500000","25-11-2022 06:00","1"
"117994","SGSWRDC Campus (Tharamani site)","Tamil Nadu SW GW","33","Tamil Nadu","568","Chennai","-","-","-","Adyar","East flowing rivers between Pennar and Kanyakumari","-","-","-","Adyar","12.98583333","80.24500000","01-12-2022 02:00","5"
"117995","SGSWRDC Campus (Tharamani site)","Tamil Nadu SW GW","33","Tamil Nadu","568","Chennai","-","-","-","Adyar","East flowing rivers between Pennar and Kanyakumari","-","-","-","Adyar","12.98583333","80.24500000","01-12-2022 05:00","1"
"117996","SGSWRDC Campus (Tharamani site)","Tamil Nadu SW GW","33","Tamil Nadu","568","Chennai","-","-","-","Adyar","East flowing rivers between Pennar and Kanyakumari","-","-","-","Adyar","12.98583333","80.24500000","04-12-2022 04:00","1"
"117997","SGSWRDC Campus (Tharamani site)","Tamil Nadu SW GW","33","Tamil Nadu","568","Chennai","-","-","-","Adyar","East flowing rivers between Pennar and Kanyakumari","-","-","-","Adyar","12.98583333","80.24500000","04-12-2022 05:00","2.5"
"117998","SGSWRDC Campus (Tharamani site)","Tamil Nadu SW GW","33","Tamil Nadu","568","Chennai","-","-","-","Adyar","East flowing rivers between Pennar and Kanyakumari","-","-","-","Adyar","12.98583333","80.24500000","08-12-2022 10:00","0.5"
"117999","SGSWRDC Campus (Tharamani site)","Tamil Nadu SW GW","33","Tamil Nadu","568","Chennai","-","-","-","Adyar","East flowing rivers between Pennar and Kanyakumari","-","-","-","Adyar","12.98583333","80.24500000","08-12-2022 11:00","0.5"
"118000","SGSWRDC Campus (Tharamani site)","Tamil Nadu SW GW","33","Tamil Nadu","568","Chennai","-","-","-","Adyar","East flowing rivers between Pennar and Kanyakumari","-","-","-","Adyar","12.98583333","80.24500000","08-12-2022 13:00","0.5"
"118001","SGSWRDC Campus (Tharamani site)","Tamil Nadu SW GW","33","Tamil Nadu","568","Chennai","-","-","-","Adyar","East flowing rivers between Pennar and Kanyakumari","-","-","-","Adyar","12.98583333","80.24500000","08-12-2022 19:00","1.5"
"118002","SGSWRDC Campus (Tharamani site)","Tamil Nadu SW GW","33","Tamil Nadu","568","Chennai","-","-","-","Adyar","East flowing rivers between Pennar and Kanyakumari","-","-","-","Adyar","12.98583333","80.24500000","08-12-2022 20:00","1"
"118003","SGSWRDC Campus (Tharamani site)","Tamil Nadu SW GW","33","Tamil Nadu","568","Chennai","-","-","-","Adyar","East flowing rivers between Pennar and Kanyakumari","-","-","-","Adyar","12.98583333","80.24500000","08-12-2022 21:00","2.5"
"118004","SGSWRDC Campus (Tharamani site)","Tamil Nadu SW GW","33","Tamil Nadu","568","Chennai","-","-","-","Adyar","East flowing rivers between Pennar and Kanyakumari","-","-","-","Adyar","12.98583333","80.24500000","08-12-2022 22:00","3.5"
"118005","SGSWRDC Campus (Tharamani site)","Tamil Nadu SW GW","33","Tamil Nadu","568","Chennai","-","-","-","Adyar","East flowing rivers between Pennar and Kanyakumari","-","-","-","Adyar","12.98583333","80.24500000","08-12-2022 23:00","3.5"
"118006","SGSWRDC Campus (Tharamani site)","Tamil Nadu SW GW","33","Tamil Nadu","568","Chennai","-","-","-","Adyar","East flowing rivers between Pennar and Kanyakumari","-","-","-","Adyar","12.98583333","80.24500000","09-12-2022 00:00","1"
"118007","SGSWRDC Campus (Tharamani site)","Tamil Nadu SW GW","33","Tamil Nadu","568","Chennai","-","-","-","Adyar","East flowing rivers between Pennar and Kanyakumari","-","-","-","Adyar","12.98583333","80.24500000","09-12-2022 01:00","1"
"118008","SGSWRDC Campus (Tharamani site)","Tamil Nadu SW GW","33","Tamil Nadu","568","Chennai","-","-","-","Adyar","East flowing rivers between Pennar and Kanyakumari","-","-","-","Adyar","12.98583333","80.24500000","09-12-2022 02:00","1"
"118009","SGSWRDC Campus (Tharamani site)","Tamil Nadu SW GW","33","Tamil Nadu","568","Chennai","-","-","-","Adyar","East flowing rivers between Pennar and Kanyakumari","-","-","-","Adyar","12.98583333","80.24500000","09-12-2022 03:00","1"
"118010","SGSWRDC Campus (Tharamani site)","Tamil Nadu SW GW","33","Tamil Nadu","568","Chennai","-","-","-","Adyar","East flowing rivers between Pennar and Kanyakumari","-","-","-","Adyar","12.98583333","80.24500000","09-12-2022 04:00","15.5"
"118011","SGSWRDC Campus (Tharamani site)","Tamil Nadu SW GW","33","Tamil Nadu","568","Chennai","-","-","-","Adyar","East flowing rivers between Pennar and Kanyakumari","-","-","-","Adyar","12.98583333","80.24500000","09-12-2022 05:00","13.5"
"118012","SGSWRDC Campus (Tharamani site)","Tamil Nadu SW GW","33","Tamil Nadu","568","Chennai","-","-","-","Adyar","East flowing rivers between Pennar and Kanyakumari","-","-","-","Adyar","12.98583333","80.24500000","09-12-2022 06:00","6"
"118013","SGSWRDC Campus (Tharamani site)","Tamil Nadu SW GW","33","Tamil Nadu","568","Chennai","-","-","-","Adyar","East flowing rivers between Pennar and Kanyakumari","-","-","-","Adyar","12.98583333","80.24500000","09-12-2022 07:00","2"
"118014","SGSWRDC Campus (Tharamani site)","Tamil Nadu SW GW","33","Tamil Nadu","568","Chennai","-","-","-","Adyar","East flowing rivers between Pennar and Kanyakumari","-","-","-","Adyar","12.98583333","80.24500000","09-12-2022 08:00","0.5"
"118015","SGSWRDC Campus (Tharamani site)","Tamil Nadu SW GW","33","Tamil Nadu","568","Chennai","-","-","-","Adyar","East flowing rivers between Pennar and Kanyakumari","-","-","-","Adyar","12.98583333","80.24500000","09-12-2022 09:00","7"
"118016","SGSWRDC Campus (Tharamani site)","Tamil Nadu SW GW","33","Tamil Nadu","568","Chennai","-","-","-","Adyar","East flowing rivers between Pennar and Kanyakumari","-","-","-","Adyar","12.98583333","80.24500000","09-12-2022 11:00","0.5"
"118017","SGSWRDC Campus (Tharamani site)","Tamil Nadu SW GW","33","Tamil Nadu","568","Chennai","-","-","-","Adyar","East flowing rivers between Pennar and Kanyakumari","-","-","-","Adyar","12.98583333","80.24500000","09-12-2022 12:00","3"
"118018","SGSWRDC Campus (Tharamani site)","Tamil Nadu SW GW","33","Tamil Nadu","568","Chennai","-","-","-","Adyar","East flowing rivers between Pennar and Kanyakumari","-","-","-","Adyar","12.98583333","80.24500000","09-12-2022 13:00","5"
"118019","SGSWRDC Campus (Tharamani site)","Tamil Nadu SW GW","33","Tamil Nadu","568","Chennai","-","-","-","Adyar","East flowing rivers between Pennar and Kanyakumari","-","-","-","Adyar","12.98583333","80.24500000","09-12-2022 14:00","3.5"
"118020","SGSWRDC Campus (Tharamani site)","Tamil Nadu SW GW","33","Tamil Nadu","568","Chennai","-","-","-","Adyar","East flowing rivers between Pennar and Kanyakumari","-","-","-","Adyar","12.98583333","80.24500000","09-12-2022 15:00","0.5"
"118021","SGSWRDC Campus (Tharamani site)","Tamil Nadu SW GW","33","Tamil Nadu","568","Chennai","-","-","-","Adyar","East flowing rivers between Pennar and Kanyakumari","-","-","-","Adyar","12.98583333","80.24500000","09-12-2022 16:00","7.5"
"118022","SGSWRDC Campus (Tharamani site)","Tamil Nadu SW GW","33","Tamil Nadu","568","Chennai","-","-","-","Adyar","East flowing rivers between Pennar and Kanyakumari","-","-","-","Adyar","12.98583333","80.24500000","09-12-2022 17:00","5.5"
"118023","SGSWRDC Campus (Tharamani site)","Tamil Nadu SW GW","33","Tamil Nadu","568","Chennai","-","-","-","Adyar","East flowing rivers between Pennar and Kanyakumari","-","-","-","Adyar","12.98583333","80.24500000","09-12-2022 18:00","7.5"
"118024","SGSWRDC Campus (Tharamani site)","Tamil Nadu SW GW","33","Tamil Nadu","568","Chennai","-","-","-","Adyar","East flowing rivers between Pennar and Kanyakumari","-","-","-","Adyar","12.98583333","80.24500000","09-12-2022 19:00","14.5"
"118025","SGSWRDC Campus (Tharamani site)","Tamil Nadu SW GW","33","Tamil Nadu","568","Chennai","-","-","-","Adyar","East flowing rivers between Pennar and Kanyakumari","-","-","-","Adyar","12.98583333","80.24500000","09-12-2022 20:00","22"
"118026","SGSWRDC Campus (Tharamani site)","Tamil Nadu SW GW","33","Tamil Nadu","568","Chennai","-","-","-","Adyar","East flowing rivers between Pennar and Kanyakumari","-","-","-","Adyar","12.98583333","80.24500000","09-12-2022 21:00","8"
"118027","SGSWRDC Campus (Tharamani site)","Tamil Nadu SW GW","33","Tamil Nadu","568","Chennai","-","-","-","Adyar","East flowing rivers between Pennar and Kanyakumari","-","-","-","Adyar","12.98583333","80.24500000","09-12-2022 22:00","8"
"118028","SGSWRDC Campus (Tharamani site)","Tamil Nadu SW GW","33","Tamil Nadu","568","Chennai","-","-","-","Adyar","East flowing rivers between Pennar and Kanyakumari","-","-","-","Adyar","12.98583333","80.24500000","09-12-2022 23:00","7"
"118029","SGSWRDC Campus (Tharamani site)","Tamil Nadu SW GW","33","Tamil Nadu","568","Chennai","-","-","-","Adyar","East flowing rivers between Pennar and Kanyakumari","-","-","-","Adyar","12.98583333","80.24500000","10-12-2022 00:00","2"
"118030","SGSWRDC Campus (Tharamani site)","Tamil Nadu SW GW","33","Tamil Nadu","568","Chennai","-","-","-","Adyar","East flowing rivers between Pennar and Kanyakumari","-","-","-","Adyar","12.98583333","80.24500000","10-12-2022 01:00","1"
"118031","SGSWRDC Campus (Tharamani site)","Tamil Nadu SW GW","33","Tamil Nadu","568","Chennai","-","-","-","Adyar","East flowing rivers between Pennar and Kanyakumari","-","-","-","Adyar","12.98583333","80.24500000","10-12-2022 05:00","0.5"
"118032","SGSWRDC Campus (Tharamani site)","Tamil Nadu SW GW","33","Tamil Nadu","568","Chennai","-","-","-","Adyar","East flowing rivers between Pennar and Kanyakumari","-","-","-","Adyar","12.98583333","80.24500000","10-12-2022 06:00","0.5"
"118033","SGSWRDC Campus (Tharamani site)","Tamil Nadu SW GW","33","Tamil Nadu","568","Chennai","-","-","-","Adyar","East flowing rivers between Pennar and Kanyakumari","-","-","-","Adyar","12.98583333","80.24500000","10-12-2022 10:00","0.5"
"118034","SGSWRDC Campus (Tharamani site)","Tamil Nadu SW GW","33","Tamil Nadu","568","Chennai","-","-","-","Adyar","East flowing rivers between Pennar and Kanyakumari","-","-","-","Adyar","12.98583333","80.24500000","10-12-2022 14:00","0.5"
"118035","SGSWRDC Campus (Tharamani site)","Tamil Nadu SW GW","33","Tamil Nadu","568","Chennai","-","-","-","Adyar","East flowing rivers between Pennar and Kanyakumari","-","-","-","Adyar","12.98583333","80.24500000","11-12-2022 03:00","4.5"
"118036","SGSWRDC Campus (Tharamani site)","Tamil Nadu SW GW","33","Tamil Nadu","568","Chennai","-","-","-","Adyar","East flowing rivers between Pennar and Kanyakumari","-","-","-","Adyar","12.98583333","80.24500000","11-12-2022 04:00","2.5"
"118037","SGSWRDC Campus (Tharamani site)","Tamil Nadu SW GW","33","Tamil Nadu","568","Chennai","-","-","-","Adyar","East flowing rivers between Pennar and Kanyakumari","-","-","-","Adyar","12.98583333","80.24500000","11-12-2022 06:00","1"
"118038","SGSWRDC Campus (Tharamani site)","Tamil Nadu SW GW","33","Tamil Nadu","568","Chennai","-","-","-","Adyar","East flowing rivers between Pennar and Kanyakumari","-","-","-","Adyar","12.98583333","80.24500000","11-12-2022 22:00","2"
"118039","SGSWRDC Campus (Tharamani site)","Tamil Nadu SW GW","33","Tamil Nadu","568","Chennai","-","-","-","Adyar","East flowing rivers between Pennar and Kanyakumari","-","-","-","Adyar","12.98583333","80.24500000","12-12-2022 00:00","6"
"118040","SGSWRDC Campus (Tharamani site)","Tamil Nadu SW GW","33","Tamil Nadu","568","Chennai","-","-","-","Adyar","East flowing rivers between Pennar and Kanyakumari","-","-","-","Adyar","12.98583333","80.24500000","12-12-2022 01:00","0.5"
"118041","SGSWRDC Campus (Tharamani site)","Tamil Nadu SW GW","33","Tamil Nadu","568","Chennai","-","-","-","Adyar","East flowing rivers between Pennar and Kanyakumari","-","-","-","Adyar","12.98583333","80.24500000","12-12-2022 03:00","0.5"
"118042","SGSWRDC Campus (Tharamani site)","Tamil Nadu SW GW","33","Tamil Nadu","568","Chennai","-","-","-","Adyar","East flowing rivers between Pennar and Kanyakumari","-","-","-","Adyar","12.98583333","80.24500000","12-12-2022 06:00","0.5"
"118043","SGSWRDC Campus (Tharamani site)","Tamil Nadu SW GW","33","Tamil Nadu","568","Chennai","-","-","-","Adyar","East flowing rivers between Pennar and Kanyakumari","-","-","-","Adyar","12.98583333","80.24500000","12-12-2022 10:00","1.5"
"118044","SGSWRDC Campus (Tharamani site)","Tamil Nadu SW GW","33","Tamil Nadu","568","Chennai","-","-","-","Adyar","East flowing rivers between Pennar and Kanyakumari","-","-","-","Adyar","12.98583333","80.24500000","12-12-2022 11:00","2.5"
"118045","SGSWRDC Campus (Tharamani site)","Tamil Nadu SW GW","33","Tamil Nadu","568","Chennai","-","-","-","Adyar","East flowing rivers between Pennar and Kanyakumari","-","-","-","Adyar","12.98583333","80.24500000","12-12-2022 12:00","10"
"118046","SGSWRDC Campus (Tharamani site)","Tamil Nadu SW GW","33","Tamil Nadu","568","Chennai","-","-","-","Adyar","East flowing rivers between Pennar and Kanyakumari","-","-","-","Adyar","12.98583333","80.24500000","12-12-2022 13:00","12"
"118047","SGSWRDC Campus (Tharamani site)","Tamil Nadu SW GW","33","Tamil Nadu","568","Chennai","-","-","-","Adyar","East flowing rivers between Pennar and Kanyakumari","-","-","-","Adyar","12.98583333","80.24500000","12-12-2022 14:00","3"
"118048","SGSWRDC Campus (Tharamani site)","Tamil Nadu SW GW","33","Tamil Nadu","568","Chennai","-","-","-","Adyar","East flowing rivers between Pennar and Kanyakumari","-","-","-","Adyar","12.98583333","80.24500000","12-12-2022 15:00","4.5"
"118049","SGSWRDC Campus (Tharamani site)","Tamil Nadu SW GW","33","Tamil Nadu","568","Chennai","-","-","-","Adyar","East flowing rivers between Pennar and Kanyakumari","-","-","-","Adyar","12.98583333","80.24500000","12-12-2022 16:00","1"
"118050","SGSWRDC Campus (Tharamani site)","Tamil Nadu SW GW","33","Tamil Nadu","568","Chennai","-","-","-","Adyar","East flowing rivers between Pennar and Kanyakumari","-","-","-","Adyar","12.98583333","80.24500000","24-12-2022 21:00","4.5"
"118051","SGSWRDC Campus (Tharamani site)","Tamil Nadu SW GW","33","Tamil Nadu","568","Chennai","-","-","-","Adyar","East flowing rivers between Pennar and Kanyakumari","-","-","-","Adyar","12.98583333","80.24500000","24-12-2022 22:00","4"
"118052","SGSWRDC Campus (Tharamani site)","Tamil Nadu SW GW","33","Tamil Nadu","568","Chennai","-","-","-","Adyar","East flowing rivers between Pennar and Kanyakumari","-","-","-","Adyar","12.98583333","80.24500000","24-12-2022 23:00","2"
"118053","SGSWRDC Campus (Tharamani site)","Tamil Nadu SW GW","33","Tamil Nadu","568","Chennai","-","-","-","Adyar","East flowing rivers between Pennar and Kanyakumari","-","-","-","Adyar","12.98583333","80.24500000","25-12-2022 02:00","1"
"118054","SGSWRDC Campus (Tharamani site)","Tamil Nadu SW GW","33","Tamil Nadu","568","Chennai","-","-","-","Adyar","East flowing rivers between Pennar and Kanyakumari","-","-","-","Adyar","12.98583333","80.24500000","25-12-2022 04:00","1.5"
"118055","SGSWRDC Campus (Tharamani site)","Tamil Nadu SW GW","33","Tamil Nadu","568","Chennai","-","-","-","Adyar","East flowing rivers between Pennar and Kanyakumari","-","-","-","Adyar","12.98583333","80.24500000","25-12-2022 05:00","2"
"118056","SGSWRDC Campus (Tharamani site)","Tamil Nadu SW GW","33","Tamil Nadu","568","Chennai","-","-","-","Adyar","East flowing rivers between Pennar and Kanyakumari","-","-","-","Adyar","12.98583333","80.24500000","25-12-2022 07:00","2"
"118057","SGSWRDC Campus (Tharamani site)","Tamil Nadu SW GW","33","Tamil Nadu","568","Chennai","-","-","-","Adyar","East flowing rivers between Pennar and Kanyakumari","-","-","-","Adyar","12.98583333","80.24500000","25-12-2022 08:00","4"
"118058","SGSWRDC Campus (Tharamani site)","Tamil Nadu SW GW","33","Tamil Nadu","568","Chennai","-","-","-","Adyar","East flowing rivers between Pennar and Kanyakumari","-","-","-","Adyar","12.98583333","80.24500000","25-12-2022 09:00","1.5"
"118059","SGSWRDC Campus (Tharamani site)","Tamil Nadu SW GW","33","Tamil Nadu","568","Chennai","-","-","-","Adyar","East flowing rivers between Pennar and Kanyakumari","-","-","-","Adyar","12.98583333","80.24500000","25-12-2022 10:00","1"
"118060","SGSWRDC Campus (Tharamani site)","Tamil Nadu SW GW","33","Tamil Nadu","568","Chennai","-","-","-","Adyar","East flowing rivers between Pennar and Kanyakumari","-","-","-","Adyar","12.98583333","80.24500000","25-12-2022 11:00","1.5"
"118061","SGSWRDC Campus (Tharamani site)","Tamil Nadu SW GW","33","Tamil Nadu","568","Chennai","-","-","-","Adyar","East flowing rivers between Pennar and Kanyakumari","-","-","-","Adyar","12.98583333","80.24500000","25-12-2022 12:00","0.5"
"118062","SGSWRDC Campus (Tharamani site)","Tamil Nadu SW GW","33","Tamil Nadu","568","Chennai","-","-","-","Adyar","East flowing rivers between Pennar and Kanyakumari","-","-","-","Adyar","12.98583333","80.24500000","26-12-2022 03:00","0.5"
"118063","SGSWRDC Campus (Tharamani site)","Tamil Nadu SW GW","33","Tamil Nadu","568","Chennai","-","-","-","Adyar","East flowing rivers between Pennar and Kanyakumari","-","-","-","Adyar","12.98583333","80.24500000","30-01-2023 08:00","1"
"118064","SGSWRDC Campus (Tharamani site)","Tamil Nadu SW GW","33","Tamil Nadu","568","Chennai","-","-","-","Adyar","East flowing rivers between Pennar and Kanyakumari","-","-","-","Adyar","12.98583333","80.24500000","17-03-2023 14:00","1.5"
"118065","SGSWRDC Campus (Tharamani site)","Tamil Nadu SW GW","33","Tamil Nadu","568","Chennai","-","-","-","Adyar","East flowing rivers between Pennar and Kanyakumari","-","-","-","Adyar","12.98583333","80.24500000","18-03-2023 03:00","2"
"118066","SGSWRDC Campus (Tharamani site)","Tamil Nadu SW GW","33","Tamil Nadu","568","Chennai","-","-","-","Adyar","East flowing rivers between Pennar and Kanyakumari","-","-","-","Adyar","12.98583333","80.24500000","18-03-2023 04:00","11"
"118067","SGSWRDC Campus (Tharamani site)","Tamil Nadu SW GW","33","Tamil Nadu","568","Chennai","-","-","-","Adyar","East flowing rivers between Pennar and Kanyakumari","-","-","-","Adyar","12.98583333","80.24500000","18-03-2023 05:00","0.5"
"118068","SGSWRDC Campus (Tharamani site)","Tamil Nadu SW GW","33","Tamil Nadu","568","Chennai","-","-","-","Adyar","East flowing rivers between Pennar and Kanyakumari","-","-","-","Adyar","12.98583333","80.24500000","18-03-2023 13:00","0.5"
"118069","SGSWRDC Campus (Tharamani site)","Tamil Nadu SW GW","33","Tamil Nadu","568","Chennai","-","-","-","Adyar","East flowing rivers between Pennar and Kanyakumari","-","-","-","Adyar","12.98583333","80.24500000","18-03-2023 15:00","0.5"
"118070","SGSWRDC Campus (Tharamani site)","Tamil Nadu SW GW","33","Tamil Nadu","568","Chennai","-","-","-","Adyar","East flowing rivers between Pennar and Kanyakumari","-","-","-","Adyar","12.98583333","80.24500000","19-03-2023 13:00","1"
"118071","SGSWRDC Campus (Tharamani site)","Tamil Nadu SW GW","33","Tamil Nadu","568","Chennai","-","-","-","Adyar","East flowing rivers between Pennar and Kanyakumari","-","-","-","Adyar","12.98583333","80.24500000","20-03-2023 02:00","6.5"
"118072","SGSWRDC Campus (Tharamani site)","Tamil Nadu SW GW","33","Tamil Nadu","568","Chennai","-","-","-","Adyar","East flowing rivers between Pennar and Kanyakumari","-","-","-","Adyar","12.98583333","80.24500000","20-03-2023 04:00","0.5"
"118073","SGSWRDC Campus (Tharamani site)","Tamil Nadu SW GW","33","Tamil Nadu","568","Chennai","-","-","-","Adyar","East flowing rivers between Pennar and Kanyakumari","-","-","-","Adyar","12.98583333","80.24500000","20-03-2023 05:00","1"
"118074","SGSWRDC Campus (Tharamani site)","Tamil Nadu SW GW","33","Tamil Nadu","568","Chennai","-","-","-","Adyar","East flowing rivers between Pennar and Kanyakumari","-","-","-","Adyar","12.98583333","80.24500000","29-04-2023 08:00","1"
"118075","SGSWRDC Campus (Tharamani site)","Tamil Nadu SW GW","33","Tamil Nadu","568","Chennai","-","-","-","Adyar","East flowing rivers between Pennar and Kanyakumari","-","-","-","Adyar","12.98583333","80.24500000","01-05-2023 04:00","7.5"
"118076","SGSWRDC Campus (Tharamani site)","Tamil Nadu SW GW","33","Tamil Nadu","568","Chennai","-","-","-","Adyar","East flowing rivers between Pennar and Kanyakumari","-","-","-","Adyar","12.98583333","80.24500000","01-05-2023 05:00","0.5"
"118077","SGSWRDC Campus (Tharamani site)","Tamil Nadu SW GW","33","Tamil Nadu","568","Chennai","-","-","-","Adyar","East flowing rivers between Pennar and Kanyakumari","-","-","-","Adyar","12.98583333","80.24500000","01-05-2023 10:00","0.5"
"118078","SGSWRDC Campus (Tharamani site)","Tamil Nadu SW GW","33","Tamil Nadu","568","Chennai","-","-","-","Adyar","East flowing rivers between Pennar and Kanyakumari","-","-","-","Adyar","12.98583333","80.24500000","01-05-2023 11:00","8"
"118079","SGSWRDC Campus (Tharamani site)","Tamil Nadu SW GW","33","Tamil Nadu","568","Chennai","-","-","-","Adyar","East flowing rivers between Pennar and Kanyakumari","-","-","-","Adyar","12.98583333","80.24500000","01-05-2023 13:00","0.5"
"118080","SGSWRDC Campus (Tharamani site)","Tamil Nadu SW GW","33","Tamil Nadu","568","Chennai","-","-","-","Adyar","East flowing rivers between Pennar and Kanyakumari","-","-","-","Adyar","12.98583333","80.24500000","02-05-2023 00:00","3.5"
"118081","SGSWRDC Campus (Tharamani site)","Tamil Nadu SW GW","33","Tamil Nadu","568","Chennai","-","-","-","Adyar","East flowing rivers between Pennar and Kanyakumari","-","-","-","Adyar","12.98583333","80.24500000","02-05-2023 01:00","3.5"
"118082","SGSWRDC Campus (Tharamani site)","Tamil Nadu SW GW","33","Tamil Nadu","568","Chennai","-","-","-","Adyar","East flowing rivers between Pennar and Kanyakumari","-","-","-","Adyar","12.98583333","80.24500000","02-05-2023 03:00","4"
"118083","SGSWRDC Campus (Tharamani site)","Tamil Nadu SW GW","33","Tamil Nadu","568","Chennai","-","-","-","Adyar","East flowing rivers between Pennar and Kanyakumari","-","-","-","Adyar","12.98583333","80.24500000","02-05-2023 04:00","12"
"118084","SGSWRDC Campus (Tharamani site)","Tamil Nadu SW GW","33","Tamil Nadu","568","Chennai","-","-","-","Adyar","East flowing rivers between Pennar and Kanyakumari","-","-","-","Adyar","12.98583333","80.24500000","02-05-2023 05:00","7.5"
"118085","SGSWRDC Campus (Tharamani site)","Tamil Nadu SW GW","33","Tamil Nadu","568","Chennai","-","-","-","Adyar","East flowing rivers between Pennar and Kanyakumari","-","-","-","Adyar","12.98583333","80.24500000","02-05-2023 06:00","0.5"
"118086","SGSWRDC Campus (Tharamani site)","Tamil Nadu SW GW","33","Tamil Nadu","568","Chennai","-","-","-","Adyar","East flowing rivers between Pennar and Kanyakumari","-","-","-","Adyar","12.98583333","80.24500000","02-05-2023 07:00","0.5"
"118087","SGSWRDC Campus (Tharamani site)","Tamil Nadu SW GW","33","Tamil Nadu","568","Chennai","-","-","-","Adyar","East flowing rivers between Pennar and Kanyakumari","-","-","-","Adyar","12.98583333","80.24500000","02-05-2023 23:00","0.5"
"118088","SGSWRDC Campus (Tharamani site)","Tamil Nadu SW GW","33","Tamil Nadu","568","Chennai","-","-","-","Adyar","East flowing rivers between Pennar and Kanyakumari","-","-","-","Adyar","12.98583333","80.24500000","03-05-2023 02:00","0.5"
"118089","SGSWRDC Campus (Tharamani site)","Tamil Nadu SW GW","33","Tamil Nadu","568","Chennai","-","-","-","Adyar","East flowing rivers between Pennar and Kanyakumari","-","-","-","Adyar","12.98583333","80.24500000","14-06-2023 01:00","1.5"
"118090","SGSWRDC Campus (Tharamani site)","Tamil Nadu SW GW","33","Tamil Nadu","568","Chennai","-","-","-","Adyar","East flowing rivers between Pennar and Kanyakumari","-","-","-","Adyar","12.98583333","80.24500000","18-06-2023 10:00","1.5"
"118091","SGSWRDC Campus (Tharamani site)","Tamil Nadu SW GW","33","Tamil Nadu","568","Chennai","-","-","-","Adyar","East flowing rivers between Pennar and Kanyakumari","-","-","-","Adyar","12.98583333","80.24500000","18-06-2023 11:00","2"
"118092","SGSWRDC Campus (Tharamani site)","Tamil Nadu SW GW","33","Tamil Nadu","568","Chennai","-","-","-","Adyar","East flowing rivers between Pennar and Kanyakumari","-","-","-","Adyar","12.98583333","80.24500000","18-06-2023 12:00","1"
"118093","SGSWRDC Campus (Tharamani site)","Tamil Nadu SW GW","33","Tamil Nadu","568","Chennai","-","-","-","Adyar","East flowing rivers between Pennar and Kanyakumari","-","-","-","Adyar","12.98583333","80.24500000","18-06-2023 23:00","0.5"
"118094","SGSWRDC Campus (Tharamani site)","Tamil Nadu SW GW","33","Tamil Nadu","568","Chennai","-","-","-","Adyar","East flowing rivers between Pennar and Kanyakumari","-","-","-","Adyar","12.98583333","80.24500000","19-06-2023 01:00","0.5"
"118095","SGSWRDC Campus (Tharamani site)","Tamil Nadu SW GW","33","Tamil Nadu","568","Chennai","-","-","-","Adyar","East flowing rivers between Pennar and Kanyakumari","-","-","-","Adyar","12.98583333","80.24500000","19-06-2023 02:00","5.5"
"118096","SGSWRDC Campus (Tharamani site)","Tamil Nadu SW GW","33","Tamil Nadu","568","Chennai","-","-","-","Adyar","East flowing rivers between Pennar and Kanyakumari","-","-","-","Adyar","12.98583333","80.24500000","19-06-2023 03:00","32"
"118097","SGSWRDC Campus (Tharamani site)","Tamil Nadu SW GW","33","Tamil Nadu","568","Chennai","-","-","-","Adyar","East flowing rivers between Pennar and Kanyakumari","-","-","-","Adyar","12.98583333","80.24500000","19-06-2023 04:00","46"
"118098","SGSWRDC Campus (Tharamani site)","Tamil Nadu SW GW","33","Tamil Nadu","568","Chennai","-","-","-","Adyar","East flowing rivers between Pennar and Kanyakumari","-","-","-","Adyar","12.98583333","80.24500000","19-06-2023 05:00","12.5"
"118099","SGSWRDC Campus (Tharamani site)","Tamil Nadu SW GW","33","Tamil Nadu","568","Chennai","-","-","-","Adyar","East flowing rivers between Pennar and Kanyakumari","-","-","-","Adyar","12.98583333","80.24500000","19-06-2023 06:00","11.5"
"118100","SGSWRDC Campus (Tharamani site)","Tamil Nadu SW GW","33","Tamil Nadu","568","Chennai","-","-","-","Adyar","East flowing rivers between Pennar and Kanyakumari","-","-","-","Adyar","12.98583333","80.24500000","19-06-2023 07:00","19"
"118101","SGSWRDC Campus (Tharamani site)","Tamil Nadu SW GW","33","Tamil Nadu","568","Chennai","-","-","-","Adyar","East flowing rivers between Pennar and Kanyakumari","-","-","-","Adyar","12.98583333","80.24500000","19-06-2023 08:00","1"
"118102","SGSWRDC Campus (Tharamani site)","Tamil Nadu SW GW","33","Tamil Nadu","568","Chennai","-","-","-","Adyar","East flowing rivers between Pennar and Kanyakumari","-","-","-","Adyar","12.98583333","80.24500000","19-06-2023 09:00","5"
"118103","SGSWRDC Campus (Tharamani site)","Tamil Nadu SW GW","33","Tamil Nadu","568","Chennai","-","-","-","Adyar","East flowing rivers between Pennar and Kanyakumari","-","-","-","Adyar","12.98583333","80.24500000","19-06-2023 10:00","3"
"118104","SGSWRDC Campus (Tharamani site)","Tamil Nadu SW GW","33","Tamil Nadu","568","Chennai","-","-","-","Adyar","East flowing rivers between Pennar and Kanyakumari","-","-","-","Adyar","12.98583333","80.24500000","19-06-2023 11:00","2"
"118105","SGSWRDC Campus (Tharamani site)","Tamil Nadu SW GW","33","Tamil Nadu","568","Chennai","-","-","-","Adyar","East flowing rivers between Pennar and Kanyakumari","-","-","-","Adyar","12.98583333","80.24500000","19-06-2023 12:00","0.5"
"118106","SGSWRDC Campus (Tharamani site)","Tamil Nadu SW GW","33","Tamil Nadu","568","Chennai","-","-","-","Adyar","East flowing rivers between Pennar and Kanyakumari","-","-","-","Adyar","12.98583333","80.24500000","19-06-2023 13:00","2"
"118107","SGSWRDC Campus (Tharamani site)","Tamil Nadu SW GW","33","Tamil Nadu","568","Chennai","-","-","-","Adyar","East flowing rivers between Pennar and Kanyakumari","-","-","-","Adyar","12.98583333","80.24500000","19-06-2023 16:00","4"
"118108","SGSWRDC Campus (Tharamani site)","Tamil Nadu SW GW","33","Tamil Nadu","568","Chennai","-","-","-","Adyar","East flowing rivers between Pennar and Kanyakumari","-","-","-","Adyar","12.98583333","80.24500000","19-06-2023 17:00","0.5"
"118109","SGSWRDC Campus (Tharamani site)","Tamil Nadu SW GW","33","Tamil Nadu","568","Chennai","-","-","-","Adyar","East flowing rivers between Pennar and Kanyakumari","-","-","-","Adyar","12.98583333","80.24500000","19-06-2023 20:00","1"
"118110","SGSWRDC Campus (Tharamani site)","Tamil Nadu SW GW","33","Tamil Nadu","568","Chennai","-","-","-","Adyar","East flowing rivers between Pennar and Kanyakumari","-","-","-","Adyar","12.98583333","80.24500000","19-06-2023 21:00","3"
"118111","SGSWRDC Campus (Tharamani site)","Tamil Nadu SW GW","33","Tamil Nadu","568","Chennai","-","-","-","Adyar","East flowing rivers between Pennar and Kanyakumari","-","-","-","Adyar","12.98583333","80.24500000","19-06-2023 22:00","6"
"118112","SGSWRDC Campus (Tharamani site)","Tamil Nadu SW GW","33","Tamil Nadu","568","Chennai","-","-","-","Adyar","East flowing rivers between Pennar and Kanyakumari","-","-","-","Adyar","12.98583333","80.24500000","19-06-2023 23:00","25.5"
"118113","SGSWRDC Campus (Tharamani site)","Tamil Nadu SW GW","33","Tamil Nadu","568","Chennai","-","-","-","Adyar","East flowing rivers between Pennar and Kanyakumari","-","-","-","Adyar","12.98583333","80.24500000","20-06-2023 00:00","14"
"118114","SGSWRDC Campus (Tharamani site)","Tamil Nadu SW GW","33","Tamil Nadu","568","Chennai","-","-","-","Adyar","East flowing rivers between Pennar and Kanyakumari","-","-","-","Adyar","12.98583333","80.24500000","20-06-2023 01:00","10.5"
"118115","SGSWRDC Campus (Tharamani site)","Tamil Nadu SW GW","33","Tamil Nadu","568","Chennai","-","-","-","Adyar","East flowing rivers between Pennar and Kanyakumari","-","-","-","Adyar","12.98583333","80.24500000","20-06-2023 02:00","0.5"
"118116","SGSWRDC Campus (Tharamani site)","Tamil Nadu SW GW","33","Tamil Nadu","568","Chennai","-","-","-","Adyar","East flowing rivers between Pennar and Kanyakumari","-","-","-","Adyar","12.98583333","80.24500000","20-06-2023 07:00","2"
"118117","SGSWRDC Campus (Tharamani site)","Tamil Nadu SW GW","33","Tamil Nadu","568","Chennai","-","-","-","Adyar","East flowing rivers between Pennar and Kanyakumari","-","-","-","Adyar","12.98583333","80.24500000","20-06-2023 08:00","0.5"
"118118","SGSWRDC Campus (Tharamani site)","Tamil Nadu SW GW","33","Tamil Nadu","568","Chennai","-","-","-","Adyar","East flowing rivers between Pennar and Kanyakumari","-","-","-","Adyar","12.98583333","80.24500000","20-06-2023 23:00","0.5"
"118119","SGSWRDC Campus (Tharamani site)","Tamil Nadu SW GW","33","Tamil Nadu","568","Chennai","-","-","-","Adyar","East flowing rivers between Pennar and Kanyakumari","-","-","-","Adyar","12.98583333","80.24500000","21-06-2023 00:00","7"
"118120","SGSWRDC Campus (Tharamani site)","Tamil Nadu SW GW","33","Tamil Nadu","568","Chennai","-","-","-","Adyar","East flowing rivers between Pennar and Kanyakumari","-","-","-","Adyar","12.98583333","80.24500000","21-06-2023 01:00","0.5"
"118121","SGSWRDC Campus (Tharamani site)","Tamil Nadu SW GW","33","Tamil Nadu","568","Chennai","-","-","-","Adyar","East flowing rivers between Pennar and Kanyakumari","-","-","-","Adyar","12.98583333","80.24500000","21-06-2023 02:00","1"
"118122","SGSWRDC Campus (Tharamani site)","Tamil Nadu SW GW","33","Tamil Nadu","568","Chennai","-","-","-","Adyar","East flowing rivers between Pennar and Kanyakumari","-","-","-","Adyar","12.98583333","80.24500000","21-06-2023 03:00","1.5"
"118123","SGSWRDC Campus (Tharamani site)","Tamil Nadu SW GW","33","Tamil Nadu","568","Chennai","-","-","-","Adyar","East flowing rivers between Pennar and Kanyakumari","-","-","-","Adyar","12.98583333","80.24500000","22-06-2023 16:00","0.5"
"118124","SGSWRDC Campus (Tharamani site)","Tamil Nadu SW GW","33","Tamil Nadu","568","Chennai","-","-","-","Adyar","East flowing rivers between Pennar and Kanyakumari","-","-","-","Adyar","12.98583333","80.24500000","22-06-2023 17:00","1.5"
"118125","SGSWRDC Campus (Tharamani site)","Tamil Nadu SW GW","33","Tamil Nadu","568","Chennai","-","-","-","Adyar","East flowing rivers between Pennar and Kanyakumari","-","-","-","Adyar","12.98583333","80.24500000","24-06-2023 03:00","4"
"118126","SGSWRDC Campus (Tharamani site)","Tamil Nadu SW GW","33","Tamil Nadu","568","Chennai","-","-","-","Adyar","East flowing rivers between Pennar and Kanyakumari","-","-","-","Adyar","12.98583333","80.24500000","28-06-2023 22:00","0.5"
"118127","SGSWRDC Campus (Tharamani site)","Tamil Nadu SW GW","33","Tamil Nadu","568","Chennai","-","-","-","Adyar","East flowing rivers between Pennar and Kanyakumari","-","-","-","Adyar","12.98583333","80.24500000","29-06-2023 22:00","3"
"118128","SGSWRDC Campus (Tharamani site)","Tamil Nadu SW GW","33","Tamil Nadu","568","Chennai","-","-","-","Adyar","East flowing rivers between Pennar and Kanyakumari","-","-","-","Adyar","12.98583333","80.24500000","29-06-2023 23:00","4.5"
"118129","SGSWRDC Campus (Tharamani site)","Tamil Nadu SW GW","33","Tamil Nadu","568","Chennai","-","-","-","Adyar","East flowing rivers between Pennar and Kanyakumari","-","-","-","Adyar","12.98583333","80.24500000","30-06-2023 09:00","0.5"
"118130","SGSWRDC Campus (Tharamani site)","Tamil Nadu SW GW","33","Tamil Nadu","568","Chennai","-","-","-","Adyar","East flowing rivers between Pennar and Kanyakumari","-","-","-","Adyar","12.98583333","80.24500000","03-07-2023 00:00","3"
"118131","SGSWRDC Campus (Tharamani site)","Tamil Nadu SW GW","33","Tamil Nadu","568","Chennai","-","-","-","Adyar","East flowing rivers between Pennar and Kanyakumari","-","-","-","Adyar","12.98583333","80.24500000","03-07-2023 01:00","0.5"
"118132","SGSWRDC Campus (Tharamani site)","Tamil Nadu SW GW","33","Tamil Nadu","568","Chennai","-","-","-","Adyar","East flowing rivers between Pennar and Kanyakumari","-","-","-","Adyar","12.98583333","80.24500000","03-07-2023 02:00","0.5"
"118133","SGSWRDC Campus (Tharamani site)","Tamil Nadu SW GW","33","Tamil Nadu","568","Chennai","-","-","-","Adyar","East flowing rivers between Pennar and Kanyakumari","-","-","-","Adyar","12.98583333","80.24500000","03-07-2023 03:00","0.5"
"118134","SGSWRDC Campus (Tharamani site)","Tamil Nadu SW GW","33","Tamil Nadu","568","Chennai","-","-","-","Adyar","East flowing rivers between Pennar and Kanyakumari","-","-","-","Adyar","12.98583333","80.24500000","03-07-2023 04:00","0.5"
"118135","SGSWRDC Campus (Tharamani site)","Tamil Nadu SW GW","33","Tamil Nadu","568","Chennai","-","-","-","Adyar","East flowing rivers between Pennar and Kanyakumari","-","-","-","Adyar","12.98583333","80.24500000","03-07-2023 06:00","0.5"
"118136","SGSWRDC Campus (Tharamani site)","Tamil Nadu SW GW","33","Tamil Nadu","568","Chennai","-","-","-","Adyar","East flowing rivers between Pennar and Kanyakumari","-","-","-","Adyar","12.98583333","80.24500000","09-07-2023 19:00","9"
"118137","SGSWRDC Campus (Tharamani site)","Tamil Nadu SW GW","33","Tamil Nadu","568","Chennai","-","-","-","Adyar","East flowing rivers between Pennar and Kanyakumari","-","-","-","Adyar","12.98583333","80.24500000","09-07-2023 20:00","17.5"
"118138","SGSWRDC Campus (Tharamani site)","Tamil Nadu SW GW","33","Tamil Nadu","568","Chennai","-","-","-","Adyar","East flowing rivers between Pennar and Kanyakumari","-","-","-","Adyar","12.98583333","80.24500000","09-07-2023 23:00","2.5"
"118139","SGSWRDC Campus (Tharamani site)","Tamil Nadu SW GW","33","Tamil Nadu","568","Chennai","-","-","-","Adyar","East flowing rivers between Pennar and Kanyakumari","-","-","-","Adyar","12.98583333","80.24500000","10-07-2023 00:00","1.5"
"118140","SGSWRDC Campus (Tharamani site)","Tamil Nadu SW GW","33","Tamil Nadu","568","Chennai","-","-","-","Adyar","East flowing rivers between Pennar and Kanyakumari","-","-","-","Adyar","12.98583333","80.24500000","10-07-2023 01:00","0.5"
"118141","SGSWRDC Campus (Tharamani site)","Tamil Nadu SW GW","33","Tamil Nadu","568","Chennai","-","-","-","Adyar","East flowing rivers between Pennar and Kanyakumari","-","-","-","Adyar","12.98583333","80.24500000","13-07-2023 00:00","2.5"
"118142","SGSWRDC Campus (Tharamani site)","Tamil Nadu SW GW","33","Tamil Nadu","568","Chennai","-","-","-","Adyar","East flowing rivers between Pennar and Kanyakumari","-","-","-","Adyar","12.98583333","80.24500000","13-07-2023 01:00","9"
"118143","SGSWRDC Campus (Tharamani site)","Tamil Nadu SW GW","33","Tamil Nadu","568","Chennai","-","-","-","Adyar","East flowing rivers between Pennar and Kanyakumari","-","-","-","Adyar","12.98583333","80.24500000","13-07-2023 02:00","0.5"
"118144","SGSWRDC Campus (Tharamani site)","Tamil Nadu SW GW","33","Tamil Nadu","568","Chennai","-","-","-","Adyar","East flowing rivers between Pennar and Kanyakumari","-","-","-","Adyar","12.98583333","80.24500000","13-07-2023 03:00","1"
"118145","SGSWRDC Campus (Tharamani site)","Tamil Nadu SW GW","33","Tamil Nadu","568","Chennai","-","-","-","Adyar","East flowing rivers between Pennar and Kanyakumari","-","-","-","Adyar","12.98583333","80.24500000","13-07-2023 04:00","3"
"118146","SGSWRDC Campus (Tharamani site)","Tamil Nadu SW GW","33","Tamil Nadu","568","Chennai","-","-","-","Adyar","East flowing rivers between Pennar and Kanyakumari","-","-","-","Adyar","12.98583333","80.24500000","13-07-2023 05:00","4.5"
"118147","SGSWRDC Campus (Tharamani site)","Tamil Nadu SW GW","33","Tamil Nadu","568","Chennai","-","-","-","Adyar","East flowing rivers between Pennar and Kanyakumari","-","-","-","Adyar","12.98583333","80.24500000","13-07-2023 06:00","1"
"118148","SGSWRDC Campus (Tharamani site)","Tamil Nadu SW GW","33","Tamil Nadu","568","Chennai","-","-","-","Adyar","East flowing rivers between Pennar and Kanyakumari","-","-","-","Adyar","12.98583333","80.24500000","14-07-2023 00:00","1"
"118149","SGSWRDC Campus (Tharamani site)","Tamil Nadu SW GW","33","Tamil Nadu","568","Chennai","-","-","-","Adyar","East flowing rivers between Pennar and Kanyakumari","-","-","-","Adyar","12.98583333","80.24500000","22-07-2023 21:00","1.5"
"118150","SGSWRDC Campus (Tharamani site)","Tamil Nadu SW GW","33","Tamil Nadu","568","Chennai","-","-","-","Adyar","East flowing rivers between Pennar and Kanyakumari","-","-","-","Adyar","12.98583333","80.24500000","22-07-2023 22:00","1"
"118151","SGSWRDC Campus (Tharamani site)","Tamil Nadu SW GW","33","Tamil Nadu","568","Chennai","-","-","-","Adyar","East flowing rivers between Pennar and Kanyakumari","-","-","-","Adyar","12.98583333","80.24500000","23-07-2023 16:00","0.5"
"118152","SGSWRDC Campus (Tharamani site)","Tamil Nadu SW GW","33","Tamil Nadu","568","Chennai","-","-","-","Adyar","East flowing rivers between Pennar and Kanyakumari","-","-","-","Adyar","12.98583333","80.24500000","24-07-2023 19:00","17.5"
"118153","SGSWRDC Campus (Tharamani site)","Tamil Nadu SW GW","33","Tamil Nadu","568","Chennai","-","-","-","Adyar","East flowing rivers between Pennar and Kanyakumari","-","-","-","Adyar","12.98583333","80.24500000","24-07-2023 20:00","1"
"118154","SGSWRDC Campus (Tharamani site)","Tamil Nadu SW GW","33","Tamil Nadu","568","Chennai","-","-","-","Adyar","East flowing rivers between Pennar and Kanyakumari","-","-","-","Adyar","12.98583333","80.24500000","24-07-2023 21:00","9"
"118155","SGSWRDC Campus (Tharamani site)","Tamil Nadu SW GW","33","Tamil Nadu","568","Chennai","-","-","-","Adyar","East flowing rivers between Pennar and Kanyakumari","-","-","-","Adyar","12.98583333","80.24500000","24-07-2023 22:00","2.5"
"118156","SGSWRDC Campus (Tharamani site)","Tamil Nadu SW GW","33","Tamil Nadu","568","Chennai","-","-","-","Adyar","East flowing rivers between Pennar and Kanyakumari","-","-","-","Adyar","12.98583333","80.24500000","25-07-2023 15:00","0.5"
"118157","SGSWRDC Campus (Tharamani site)","Tamil Nadu SW GW","33","Tamil Nadu","568","Chennai","-","-","-","Adyar","East flowing rivers between Pennar and Kanyakumari","-","-","-","Adyar","12.98583333","80.24500000","25-07-2023 19:00","0.5"
"118158","SGSWRDC Campus (Tharamani site)","Tamil Nadu SW GW","33","Tamil Nadu","568","Chennai","-","-","-","Adyar","East flowing rivers between Pennar and Kanyakumari","-","-","-","Adyar","12.98583333","80.24500000","04-08-2023 00:00","1"
"118159","SGSWRDC Campus (Tharamani site)","Tamil Nadu SW GW","33","Tamil Nadu","568","Chennai","-","-","-","Adyar","East flowing rivers between Pennar and Kanyakumari","-","-","-","Adyar","12.98583333","80.24500000","10-08-2023 16:00","5"
"118160","SGSWRDC Campus (Tharamani site)","Tamil Nadu SW GW","33","Tamil Nadu","568","Chennai","-","-","-","Adyar","East flowing rivers between Pennar and Kanyakumari","-","-","-","Adyar","12.98583333","80.24500000","10-08-2023 17:00","28.5"
"118161","SGSWRDC Campus (Tharamani site)","Tamil Nadu SW GW","33","Tamil Nadu","568","Chennai","-","-","-","Adyar","East flowing rivers between Pennar and Kanyakumari","-","-","-","Adyar","12.98583333","80.24500000","10-08-2023 18:00","0.5"
"118162","SGSWRDC Campus (Tharamani site)","Tamil Nadu SW GW","33","Tamil Nadu","568","Chennai","-","-","-","Adyar","East flowing rivers between Pennar and Kanyakumari","-","-","-","Adyar","12.98583333","80.24500000","10-08-2023 19:00","0.5"
"118163","SGSWRDC Campus (Tharamani site)","Tamil Nadu SW GW","33","Tamil Nadu","568","Chennai","-","-","-","Adyar","East flowing rivers between Pennar and Kanyakumari","-","-","-","Adyar","12.98583333","80.24500000","12-08-2023 14:00","6"
"118164","SGSWRDC Campus (Tharamani site)","Tamil Nadu SW GW","33","Tamil Nadu","568","Chennai","-","-","-","Adyar","East flowing rivers between Pennar and Kanyakumari","-","-","-","Adyar","12.98583333","80.24500000","12-08-2023 15:00","1"
"118165","SGSWRDC Campus (Tharamani site)","Tamil Nadu SW GW","33","Tamil Nadu","568","Chennai","-","-","-","Adyar","East flowing rivers between Pennar and Kanyakumari","-","-","-","Adyar","12.98583333","80.24500000","12-08-2023 18:00","0.5"
"118166","SGSWRDC Campus (Tharamani site)","Tamil Nadu SW GW","33","Tamil Nadu","568","Chennai","-","-","-","Adyar","East flowing rivers between Pennar and Kanyakumari","-","-","-","Adyar","12.98583333","80.24500000","12-08-2023 19:00","1"
"118167","SGSWRDC Campus (Tharamani site)","Tamil Nadu SW GW","33","Tamil Nadu","568","Chennai","-","-","-","Adyar","East flowing rivers between Pennar and Kanyakumari","-","-","-","Adyar","12.98583333","80.24500000","14-08-2023 01:00","6"
"118168","SGSWRDC Campus (Tharamani site)","Tamil Nadu SW GW","33","Tamil Nadu","568","Chennai","-","-","-","Adyar","East flowing rivers between Pennar and Kanyakumari","-","-","-","Adyar","12.98583333","80.24500000","14-08-2023 02:00","5.5"
"118169","SGSWRDC Campus (Tharamani site)","Tamil Nadu SW GW","33","Tamil Nadu","568","Chennai","-","-","-","Adyar","East flowing rivers between Pennar and Kanyakumari","-","-","-","Adyar","12.98583333","80.24500000","14-08-2023 03:00","39.5"
"118170","SGSWRDC Campus (Tharamani site)","Tamil Nadu SW GW","33","Tamil Nadu","568","Chennai","-","-","-","Adyar","East flowing rivers between Pennar and Kanyakumari","-","-","-","Adyar","12.98583333","80.24500000","14-08-2023 04:00","9.5"
"118171","SGSWRDC Campus (Tharamani site)","Tamil Nadu SW GW","33","Tamil Nadu","568","Chennai","-","-","-","Adyar","East flowing rivers between Pennar and Kanyakumari","-","-","-","Adyar","12.98583333","80.24500000","14-08-2023 05:00","16"
"118172","SGSWRDC Campus (Tharamani site)","Tamil Nadu SW GW","33","Tamil Nadu","568","Chennai","-","-","-","Adyar","East flowing rivers between Pennar and Kanyakumari","-","-","-","Adyar","12.98583333","80.24500000","14-08-2023 07:00","0.5"
"118173","SGSWRDC Campus (Tharamani site)","Tamil Nadu SW GW","33","Tamil Nadu","568","Chennai","-","-","-","Adyar","East flowing rivers between Pennar and Kanyakumari","-","-","-","Adyar","12.98583333","80.24500000","14-08-2023 17:00","5.5"
"118174","SGSWRDC Campus (Tharamani site)","Tamil Nadu SW GW","33","Tamil Nadu","568","Chennai","-","-","-","Adyar","East flowing rivers between Pennar and Kanyakumari","-","-","-","Adyar","12.98583333","80.24500000","14-08-2023 19:00","1"
"118175","SGSWRDC Campus (Tharamani site)","Tamil Nadu SW GW","33","Tamil Nadu","568","Chennai","-","-","-","Adyar","East flowing rivers between Pennar and Kanyakumari","-","-","-","Adyar","12.98583333","80.24500000","14-08-2023 23:00","1"
"118176","SGSWRDC Campus (Tharamani site)","Tamil Nadu SW GW","33","Tamil Nadu","568","Chennai","-","-","-","Adyar","East flowing rivers between Pennar and Kanyakumari","-","-","-","Adyar","12.98583333","80.24500000","17-08-2023 18:00","1"
"118177","SGSWRDC Campus (Tharamani site)","Tamil Nadu SW GW","33","Tamil Nadu","568","Chennai","-","-","-","Adyar","East flowing rivers between Pennar and Kanyakumari","-","-","-","Adyar","12.98583333","80.24500000","17-08-2023 19:00","15"
"118178","SGSWRDC Campus (Tharamani site)","Tamil Nadu SW GW","33","Tamil Nadu","568","Chennai","-","-","-","Adyar","East flowing rivers between Pennar and Kanyakumari","-","-","-","Adyar","12.98583333","80.24500000","17-08-2023 20:00","1.5"
"118179","SGSWRDC Campus (Tharamani site)","Tamil Nadu SW GW","33","Tamil Nadu","568","Chennai","-","-","-","Adyar","East flowing rivers between Pennar and Kanyakumari","-","-","-","Adyar","12.98583333","80.24500000","17-08-2023 21:00","0.5"
"118180","SGSWRDC Campus (Tharamani site)","Tamil Nadu SW GW","33","Tamil Nadu","568","Chennai","-","-","-","Adyar","East flowing rivers between Pennar and Kanyakumari","-","-","-","Adyar","12.98583333","80.24500000","17-08-2023 22:00","15"
"118181","SGSWRDC Campus (Tharamani site)","Tamil Nadu SW GW","33","Tamil Nadu","568","Chennai","-","-","-","Adyar","East flowing rivers between Pennar and Kanyakumari","-","-","-","Adyar","12.98583333","80.24500000","17-08-2023 23:00","17.5"
"118182","SGSWRDC Campus (Tharamani site)","Tamil Nadu SW GW","33","Tamil Nadu","568","Chennai","-","-","-","Adyar","East flowing rivers between Pennar and Kanyakumari","-","-","-","Adyar","12.98583333","80.24500000","18-08-2023 00:00","1"
"118183","SGSWRDC Campus (Tharamani site)","Tamil Nadu SW GW","33","Tamil Nadu","568","Chennai","-","-","-","Adyar","East flowing rivers between Pennar and Kanyakumari","-","-","-","Adyar","12.98583333","80.24500000","18-08-2023 01:00","2"
"118184","SGSWRDC Campus (Tharamani site)","Tamil Nadu SW GW","33","Tamil Nadu","568","Chennai","-","-","-","Adyar","East flowing rivers between Pennar and Kanyakumari","-","-","-","Adyar","12.98583333","80.24500000","23-08-2023 03:00","38.5"
"118185","SGSWRDC Campus (Tharamani site)","Tamil Nadu SW GW","33","Tamil Nadu","568","Chennai","-","-","-","Adyar","East flowing rivers between Pennar and Kanyakumari","-","-","-","Adyar","12.98583333","80.24500000","23-08-2023 04:00","0.5"
"118186","SGSWRDC Campus (Tharamani site)","Tamil Nadu SW GW","33","Tamil Nadu","568","Chennai","-","-","-","Adyar","East flowing rivers between Pennar and Kanyakumari","-","-","-","Adyar","12.98583333","80.24500000","23-08-2023 05:00","1.5"
"118187","SGSWRDC Campus (Tharamani site)","Tamil Nadu SW GW","33","Tamil Nadu","568","Chennai","-","-","-","Adyar","East flowing rivers between Pennar and Kanyakumari","-","-","-","Adyar","12.98583333","80.24500000","24-08-2023 01:00","1.5"
"118188","SGSWRDC Campus (Tharamani site)","Tamil Nadu SW GW","33","Tamil Nadu","568","Chennai","-","-","-","Adyar","East flowing rivers between Pennar and Kanyakumari","-","-","-","Adyar","12.98583333","80.24500000","24-08-2023 02:00","20.5"
"118189","SGSWRDC Campus (Tharamani site)","Tamil Nadu SW GW","33","Tamil Nadu","568","Chennai","-","-","-","Adyar","East flowing rivers between Pennar and Kanyakumari","-","-","-","Adyar","12.98583333","80.24500000","24-08-2023 03:00","2"
"118190","SGSWRDC Campus (Tharamani site)","Tamil Nadu SW GW","33","Tamil Nadu","568","Chennai","-","-","-","Adyar","East flowing rivers between Pennar and Kanyakumari","-","-","-","Adyar","12.98583333","80.24500000","24-08-2023 04:00","1"
"118191","SGSWRDC Campus (Tharamani site)","Tamil Nadu SW GW","33","Tamil Nadu","568","Chennai","-","-","-","Adyar","East flowing rivers between Pennar and Kanyakumari","-","-","-","Adyar","12.98583333","80.24500000","24-08-2023 05:00","2"
"118192","SGSWRDC Campus (Tharamani site)","Tamil Nadu SW GW","33","Tamil Nadu","568","Chennai","-","-","-","Adyar","East flowing rivers between Pennar and Kanyakumari","-","-","-","Adyar","12.98583333","80.24500000","27-08-2023 04:00","7"
"118193","SGSWRDC Campus (Tharamani site)","Tamil Nadu SW GW","33","Tamil Nadu","568","Chennai","-","-","-","Adyar","East flowing rivers between Pennar and Kanyakumari","-","-","-","Adyar","12.98583333","80.24500000","27-08-2023 06:00","0.5"
"118194","SGSWRDC Campus (Tharamani site)","Tamil Nadu SW GW","33","Tamil Nadu","568","Chennai","-","-","-","Adyar","East flowing rivers between Pennar and Kanyakumari","-","-","-","Adyar","12.98583333","80.24500000","29-08-2023 05:00","4"
"118195","SGSWRDC Campus (Tharamani site)","Tamil Nadu SW GW","33","Tamil Nadu","568","Chennai","-","-","-","Adyar","East flowing rivers between Pennar and Kanyakumari","-","-","-","Adyar","12.98583333","80.24500000","29-08-2023 06:00","1"
"118196","SGSWRDC Campus (Tharamani site)","Tamil Nadu SW GW","33","Tamil Nadu","568","Chennai","-","-","-","Adyar","East flowing rivers between Pennar and Kanyakumari","-","-","-","Adyar","12.98583333","80.24500000","29-08-2023 07:00","1"
"118197","SGSWRDC Campus (Tharamani site)","Tamil Nadu SW GW","33","Tamil Nadu","568","Chennai","-","-","-","Adyar","East flowing rivers between Pennar and Kanyakumari","-","-","-","Adyar","12.98583333","80.24500000","31-08-2023 03:00","2"
"118198","SGSWRDC Campus (Tharamani site)","Tamil Nadu SW GW","33","Tamil Nadu","568","Chennai","-","-","-","Adyar","East flowing rivers between Pennar and Kanyakumari","-","-","-","Adyar","12.98583333","80.24500000","02-09-2023 19:00","17"
"118199","SGSWRDC Campus (Tharamani site)","Tamil Nadu SW GW","33","Tamil Nadu","568","Chennai","-","-","-","Adyar","East flowing rivers between Pennar and Kanyakumari","-","-","-","Adyar","12.98583333","80.24500000","02-09-2023 20:00","0.5"
"118200","SGSWRDC Campus (Tharamani site)","Tamil Nadu SW GW","33","Tamil Nadu","568","Chennai","-","-","-","Adyar","East flowing rivers between Pennar and Kanyakumari","-","-","-","Adyar","12.98583333","80.24500000","03-09-2023 17:00","0.5"
"118201","SGSWRDC Campus (Tharamani site)","Tamil Nadu SW GW","33","Tamil Nadu","568","Chennai","-","-","-","Adyar","East flowing rivers between Pennar and Kanyakumari","-","-","-","Adyar","12.98583333","80.24500000","03-09-2023 18:00","4.5"
"118202","SGSWRDC Campus (Tharamani site)","Tamil Nadu SW GW","33","Tamil Nadu","568","Chennai","-","-","-","Adyar","East flowing rivers between Pennar and Kanyakumari","-","-","-","Adyar","12.98583333","80.24500000","03-09-2023 19:00","3.5"
"118203","SGSWRDC Campus (Tharamani site)","Tamil Nadu SW GW","33","Tamil Nadu","568","Chennai","-","-","-","Adyar","East flowing rivers between Pennar and Kanyakumari","-","-","-","Adyar","12.98583333","80.24500000","03-09-2023 20:00","0.5"
"118204","SGSWRDC Campus (Tharamani site)","Tamil Nadu SW GW","33","Tamil Nadu","568","Chennai","-","-","-","Adyar","East flowing rivers between Pennar and Kanyakumari","-","-","-","Adyar","12.98583333","80.24500000","03-09-2023 21:00","8.5"
"118205","SGSWRDC Campus (Tharamani site)","Tamil Nadu SW GW","33","Tamil Nadu","568","Chennai","-","-","-","Adyar","East flowing rivers between Pennar and Kanyakumari","-","-","-","Adyar","12.98583333","80.24500000","04-09-2023 00:00","0.5"
"118206","SGSWRDC Campus (Tharamani site)","Tamil Nadu SW GW","33","Tamil Nadu","568","Chennai","-","-","-","Adyar","East flowing rivers between Pennar and Kanyakumari","-","-","-","Adyar","12.98583333","80.24500000","07-09-2023 21:00","1.5"
"118207","SGSWRDC Campus (Tharamani site)","Tamil Nadu SW GW","33","Tamil Nadu","568","Chennai","-","-","-","Adyar","East flowing rivers between Pennar and Kanyakumari","-","-","-","Adyar","12.98583333","80.24500000","07-09-2023 22:00","22"
"118208","SGSWRDC Campus (Tharamani site)","Tamil Nadu SW GW","33","Tamil Nadu","568","Chennai","-","-","-","Adyar","East flowing rivers between Pennar and Kanyakumari","-","-","-","Adyar","12.98583333","80.24500000","07-09-2023 23:00","22.5"
"118209","SGSWRDC Campus (Tharamani site)","Tamil Nadu SW GW","33","Tamil Nadu","568","Chennai","-","-","-","Adyar","East flowing rivers between Pennar and Kanyakumari","-","-","-","Adyar","12.98583333","80.24500000","08-09-2023 00:00","0.5"
"118210","SGSWRDC Campus (Tharamani site)","Tamil Nadu SW GW","33","Tamil Nadu","568","Chennai","-","-","-","Adyar","East flowing rivers between Pennar and Kanyakumari","-","-","-","Adyar","12.98583333","80.24500000","13-09-2023 22:00","4"
"118211","SGSWRDC Campus (Tharamani site)","Tamil Nadu SW GW","33","Tamil Nadu","568","Chennai","-","-","-","Adyar","East flowing rivers between Pennar and Kanyakumari","-","-","-","Adyar","12.98583333","80.24500000","13-09-2023 23:00","2"
"118212","SGSWRDC Campus (Tharamani site)","Tamil Nadu SW GW","33","Tamil Nadu","568","Chennai","-","-","-","Adyar","East flowing rivers between Pennar and Kanyakumari","-","-","-","Adyar","12.98583333","80.24500000","14-09-2023 21:00","16"
"118213","SGSWRDC Campus (Tharamani site)","Tamil Nadu SW GW","33","Tamil Nadu","568","Chennai","-","-","-","Adyar","East flowing rivers between Pennar and Kanyakumari","-","-","-","Adyar","12.98583333","80.24500000","14-09-2023 22:00","0.5"
"118214","SGSWRDC Campus (Tharamani site)","Tamil Nadu SW GW","33","Tamil Nadu","568","Chennai","-","-","-","Adyar","East flowing rivers between Pennar and Kanyakumari","-","-","-","Adyar","12.98583333","80.24500000","14-09-2023 23:00","0.5"
"118215","SGSWRDC Campus (Tharamani site)","Tamil Nadu SW GW","33","Tamil Nadu","568","Chennai","-","-","-","Adyar","East flowing rivers between Pennar and Kanyakumari","-","-","-","Adyar","12.98583333","80.24500000","16-09-2023 16:00","0.5"
"118216","SGSWRDC Campus (Tharamani site)","Tamil Nadu SW GW","33","Tamil Nadu","568","Chennai","-","-","-","Adyar","East flowing rivers between Pennar and Kanyakumari","-","-","-","Adyar","12.98583333","80.24500000","16-09-2023 17:00","6.5"
"118217","SGSWRDC Campus (Tharamani site)","Tamil Nadu SW GW","33","Tamil Nadu","568","Chennai","-","-","-","Adyar","East flowing rivers between Pennar and Kanyakumari","-","-","-","Adyar","12.98583333","80.24500000","16-09-2023 18:00","3.5"
"118218","SGSWRDC Campus (Tharamani site)","Tamil Nadu SW GW","33","Tamil Nadu","568","Chennai","-","-","-","Adyar","East flowing rivers between Pennar and Kanyakumari","-","-","-","Adyar","12.98583333","80.24500000","16-09-2023 22:00","10.5"
"118219","SGSWRDC Campus (Tharamani site)","Tamil Nadu SW GW","33","Tamil Nadu","568","Chennai","-","-","-","Adyar","East flowing rivers between Pennar and Kanyakumari","-","-","-","Adyar","12.98583333","80.24500000","16-09-2023 23:00","2"
"118220","SGSWRDC Campus (Tharamani site)","Tamil Nadu SW GW","33","Tamil Nadu","568","Chennai","-","-","-","Adyar","East flowing rivers between Pennar and Kanyakumari","-","-","-","Adyar","12.98583333","80.24500000","17-09-2023 00:00","4"
"118221","SGSWRDC Campus (Tharamani site)","Tamil Nadu SW GW","33","Tamil Nadu","568","Chennai","-","-","-","Adyar","East flowing rivers between Pennar and Kanyakumari","-","-","-","Adyar","12.98583333","80.24500000","17-09-2023 01:00","3"
"118222","SGSWRDC Campus (Tharamani site)","Tamil Nadu SW GW","33","Tamil Nadu","568","Chennai","-","-","-","Adyar","East flowing rivers between Pennar and Kanyakumari","-","-","-","Adyar","12.98583333","80.24500000","17-09-2023 02:00","1"
"118223","SGSWRDC Campus (Tharamani site)","Tamil Nadu SW GW","33","Tamil Nadu","568","Chennai","-","-","-","Adyar","East flowing rivers between Pennar and Kanyakumari","-","-","-","Adyar","12.98583333","80.24500000","17-09-2023 03:00","1"
"118224","SGSWRDC Campus (Tharamani site)","Tamil Nadu SW GW","33","Tamil Nadu","568","Chennai","-","-","-","Adyar","East flowing rivers between Pennar and Kanyakumari","-","-","-","Adyar","12.98583333","80.24500000","17-09-2023 04:00","0.5"
"118225","SGSWRDC Campus (Tharamani site)","Tamil Nadu SW GW","33","Tamil Nadu","568","Chennai","-","-","-","Adyar","East flowing rivers between Pennar and Kanyakumari","-","-","-","Adyar","12.98583333","80.24500000","17-09-2023 06:00","0.5"
"118226","SGSWRDC Campus (Tharamani site)","Tamil Nadu SW GW","33","Tamil Nadu","568","Chennai","-","-","-","Adyar","East flowing rivers between Pennar and Kanyakumari","-","-","-","Adyar","12.98583333","80.24500000","18-09-2023 18:00","17"
"118227","SGSWRDC Campus (Tharamani site)","Tamil Nadu SW GW","33","Tamil Nadu","568","Chennai","-","-","-","Adyar","East flowing rivers between Pennar and Kanyakumari","-","-","-","Adyar","12.98583333","80.24500000","18-09-2023 19:00","0.5"
"118228","SGSWRDC Campus (Tharamani site)","Tamil Nadu SW GW","33","Tamil Nadu","568","Chennai","-","-","-","Adyar","East flowing rivers between Pennar and Kanyakumari","-","-","-","Adyar","12.98583333","80.24500000","21-09-2023 07:00","10.5"
"118229","SGSWRDC Campus (Tharamani site)","Tamil Nadu SW GW","33","Tamil Nadu","568","Chennai","-","-","-","Adyar","East flowing rivers between Pennar and Kanyakumari","-","-","-","Adyar","12.98583333","80.24500000","21-09-2023 08:00","8"
"118230","SGSWRDC Campus (Tharamani site)","Tamil Nadu SW GW","33","Tamil Nadu","568","Chennai","-","-","-","Adyar","East flowing rivers between Pennar and Kanyakumari","-","-","-","Adyar","12.98583333","80.24500000","21-09-2023 09:00","1.5"
"118231","SGSWRDC Campus (Tharamani site)","Tamil Nadu SW GW","33","Tamil Nadu","568","Chennai","-","-","-","Adyar","East flowing rivers between Pennar and Kanyakumari","-","-","-","Adyar","12.98583333","80.24500000","23-09-2023 20:00","0.5"
"118232","SGSWRDC Campus (Tharamani site)","Tamil Nadu SW GW","33","Tamil Nadu","568","Chennai","-","-","-","Adyar","East flowing rivers between Pennar and Kanyakumari","-","-","-","Adyar","12.98583333","80.24500000","23-09-2023 21:00","10"
"118233","SGSWRDC Campus (Tharamani site)","Tamil Nadu SW GW","33","Tamil Nadu","568","Chennai","-","-","-","Adyar","East flowing rivers between Pennar and Kanyakumari","-","-","-","Adyar","12.98583333","80.24500000","23-09-2023 22:00","4.5"
"118234","SGSWRDC Campus (Tharamani site)","Tamil Nadu SW GW","33","Tamil Nadu","568","Chennai","-","-","-","Adyar","East flowing rivers between Pennar and Kanyakumari","-","-","-","Adyar","12.98583333","80.24500000","24-09-2023 22:00","3.5"
"118235","SGSWRDC Campus (Tharamani site)","Tamil Nadu SW GW","33","Tamil Nadu","568","Chennai","-","-","-","Adyar","East flowing rivers between Pennar and Kanyakumari","-","-","-","Adyar","12.98583333","80.24500000","24-09-2023 23:00","0.5"
"118236","SGSWRDC Campus (Tharamani site)","Tamil Nadu SW GW","33","Tamil Nadu","568","Chennai","-","-","-","Adyar","East flowing rivers between Pennar and Kanyakumari","-","-","-","Adyar","12.98583333","80.24500000","25-09-2023 03:00","0.5"
"118237","SGSWRDC Campus (Tharamani site)","Tamil Nadu SW GW","33","Tamil Nadu","568","Chennai","-","-","-","Adyar","East flowing rivers between Pennar and Kanyakumari","-","-","-","Adyar","12.98583333","80.24500000","25-09-2023 04:00","6.5"
"118238","SGSWRDC Campus (Tharamani site)","Tamil Nadu SW GW","33","Tamil Nadu","568","Chennai","-","-","-","Adyar","East flowing rivers between Pennar and Kanyakumari","-","-","-","Adyar","12.98583333","80.24500000","25-09-2023 05:00","0.5"
"118239","SGSWRDC Campus (Tharamani site)","Tamil Nadu SW GW","33","Tamil Nadu","568","Chennai","-","-","-","Adyar","East flowing rivers between Pennar and Kanyakumari","-","-","-","Adyar","12.98583333","80.24500000","25-09-2023 06:00","0.5"
"118240","SGSWRDC Campus (Tharamani site)","Tamil Nadu SW GW","33","Tamil Nadu","568","Chennai","-","-","-","Adyar","East flowing rivers between Pennar and Kanyakumari","-","-","-","Adyar","12.98583333","80.24500000","26-09-2023 23:00","0.5"
"118241","SGSWRDC Campus (Tharamani site)","Tamil Nadu SW GW","33","Tamil Nadu","568","Chennai","-","-","-","Adyar","East flowing rivers between Pennar and Kanyakumari","-","-","-","Adyar","12.98583333","80.24500000","27-09-2023 18:00","31"
"118242","SGSWRDC Campus (Tharamani site)","Tamil Nadu SW GW","33","Tamil Nadu","568","Chennai","-","-","-","Adyar","East flowing rivers between Pennar and Kanyakumari","-","-","-","Adyar","12.98583333","80.24500000","27-09-2023 19:00","1.5"
"118243","SGSWRDC Campus (Tharamani site)","Tamil Nadu SW GW","33","Tamil Nadu","568","Chennai","-","-","-","Adyar","East flowing rivers between Pennar and Kanyakumari","-","-","-","Adyar","12.98583333","80.24500000","27-09-2023 20:00","0.5"
"118244","SGSWRDC Campus (Tharamani site)","Tamil Nadu SW GW","33","Tamil Nadu","568","Chennai","-","-","-","Adyar","East flowing rivers between Pennar and Kanyakumari","-","-","-","Adyar","12.98583333","80.24500000","28-09-2023 03:00","0.5"
"118245","SGSWRDC Campus (Tharamani site)","Tamil Nadu SW GW","33","Tamil Nadu","568","Chennai","-","-","-","Adyar","East flowing rivers between Pennar and Kanyakumari","-","-","-","Adyar","12.98583333","80.24500000","29-09-2023 01:00","2"
"118246","SGSWRDC Campus (Tharamani site)","Tamil Nadu SW GW","33","Tamil Nadu","568","Chennai","-","-","-","Adyar","East flowing rivers between Pennar and Kanyakumari","-","-","-","Adyar","12.98583333","80.24500000","29-09-2023 02:00","1"
"118247","SGSWRDC Campus (Tharamani site)","Tamil Nadu SW GW","33","Tamil Nadu","568","Chennai","-","-","-","Adyar","East flowing rivers between Pennar and Kanyakumari","-","-","-","Adyar","12.98583333","80.24500000","29-09-2023 19:00","8"
"118248","SGSWRDC Campus (Tharamani site)","Tamil Nadu SW GW","33","Tamil Nadu","568","Chennai","-","-","-","Adyar","East flowing rivers between Pennar and Kanyakumari","-","-","-","Adyar","12.98583333","80.24500000","29-09-2023 20:00","1"
"118249","SGSWRDC Campus (Tharamani site)","Tamil Nadu SW GW","33","Tamil Nadu","568","Chennai","-","-","-","Adyar","East flowing rivers between Pennar and Kanyakumari","-","-","-","Adyar","12.98583333","80.24500000","29-09-2023 22:00","0.5"
"118250","SGSWRDC Campus (Tharamani site)","Tamil Nadu SW GW","33","Tamil Nadu","568","Chennai","-","-","-","Adyar","East flowing rivers between Pennar and Kanyakumari","-","-","-","Adyar","12.98583333","80.24500000","29-09-2023 23:00","0.5"
"118251","SGSWRDC Campus (Tharamani site)","Tamil Nadu SW GW","33","Tamil Nadu","568","Chennai","-","-","-","Adyar","East flowing rivers between Pennar and Kanyakumari","-","-","-","Adyar","12.98583333","80.24500000","30-09-2023 00:00","0.5"
"118252","SGSWRDC Campus (Tharamani site)","Tamil Nadu SW GW","33","Tamil Nadu","568","Chennai","-","-","-","Adyar","East flowing rivers between Pennar and Kanyakumari","-","-","-","Adyar","12.98583333","80.24500000","03-10-2023 23:00","1"
"118253","SGSWRDC Campus (Tharamani site)","Tamil Nadu SW GW","33","Tamil Nadu","568","Chennai","-","-","-","Adyar","East flowing rivers between Pennar and Kanyakumari","-","-","-","Adyar","12.98583333","80.24500000","05-10-2023 04:00","1"
"118254","SGSWRDC Campus (Tharamani site)","Tamil Nadu SW GW","33","Tamil Nadu","568","Chennai","-","-","-","Adyar","East flowing rivers between Pennar and Kanyakumari","-","-","-","Adyar","12.98583333","80.24500000","06-10-2023 00:00","0.5"
"118255","SGSWRDC Campus (Tharamani site)","Tamil Nadu SW GW","33","Tamil Nadu","568","Chennai","-","-","-","Adyar","East flowing rivers between Pennar and Kanyakumari","-","-","-","Adyar","12.98583333","80.24500000","06-10-2023 15:00","1"
"118256","SGSWRDC Campus (Tharamani site)","Tamil Nadu SW GW","33","Tamil Nadu","568","Chennai","-","-","-","Adyar","East flowing rivers between Pennar and Kanyakumari","-","-","-","Adyar","12.98583333","80.24500000","07-10-2023 18:00","11.5"
"118257","SGSWRDC Campus (Tharamani site)","Tamil Nadu SW GW","33","Tamil Nadu","568","Chennai","-","-","-","Adyar","East flowing rivers between Pennar and Kanyakumari","-","-","-","Adyar","12.98583333","80.24500000","14-10-2023 07:00","3"
"118258","SGSWRDC Campus (Tharamani site)","Tamil Nadu SW GW","33","Tamil Nadu","568","Chennai","-","-","-","Adyar","East flowing rivers between Pennar and Kanyakumari","-","-","-","Adyar","12.98583333","80.24500000","14-10-2023 08:00","4.5"
"118259","SGSWRDC Campus (Tharamani site)","Tamil Nadu SW GW","33","Tamil Nadu","568","Chennai","-","-","-","Adyar","East flowing rivers between Pennar and Kanyakumari","-","-","-","Adyar","12.98583333","80.24500000","14-10-2023 11:00","0.5"
"118260","SGSWRDC Campus (Tharamani site)","Tamil Nadu SW GW","33","Tamil Nadu","568","Chennai","-","-","-","Adyar","East flowing rivers between Pennar and Kanyakumari","-","-","-","Adyar","12.98583333","80.24500000","15-10-2023 04:00","1.5"
"118261","SGSWRDC Campus (Tharamani site)","Tamil Nadu SW GW","33","Tamil Nadu","568","Chennai","-","-","-","Adyar","East flowing rivers between Pennar and Kanyakumari","-","-","-","Adyar","12.98583333","80.24500000","15-10-2023 05:00","6"
"118262","SGSWRDC Campus (Tharamani site)","Tamil Nadu SW GW","33","Tamil Nadu","568","Chennai","-","-","-","Adyar","East flowing rivers between Pennar and Kanyakumari","-","-","-","Adyar","12.98583333","80.24500000","15-10-2023 06:00","3"
"118263","SGSWRDC Campus (Tharamani site)","Tamil Nadu SW GW","33","Tamil Nadu","568","Chennai","-","-","-","Adyar","East flowing rivers between Pennar and Kanyakumari","-","-","-","Adyar","12.98583333","80.24500000","15-10-2023 07:00","1.5"
"118264","SGSWRDC Campus (Tharamani site)","Tamil Nadu SW GW","33","Tamil Nadu","568","Chennai","-","-","-","Adyar","East flowing rivers between Pennar and Kanyakumari","-","-","-","Adyar","12.98583333","80.24500000","15-10-2023 09:00","0.5"
"118265","SGSWRDC Campus (Tharamani site)","Tamil Nadu SW GW","33","Tamil Nadu","568","Chennai","-","-","-","Adyar","East flowing rivers between Pennar and Kanyakumari","-","-","-","Adyar","12.98583333","80.24500000","28-10-2023 04:00","1"
"118266","SGSWRDC Campus (Tharamani site)","Tamil Nadu SW GW","33","Tamil Nadu","568","Chennai","-","-","-","Adyar","East flowing rivers between Pennar and Kanyakumari","-","-","-","Adyar","12.98583333","80.24500000","28-10-2023 21:00","12"
"118267","SGSWRDC Campus (Tharamani site)","Tamil Nadu SW GW","33","Tamil Nadu","568","Chennai","-","-","-","Adyar","East flowing rivers between Pennar and Kanyakumari","-","-","-","Adyar","12.98583333","80.24500000","29-10-2023 07:00","0.5"
"118268","SGSWRDC Campus (Tharamani site)","Tamil Nadu SW GW","33","Tamil Nadu","568","Chennai","-","-","-","Adyar","East flowing rivers between Pennar and Kanyakumari","-","-","-","Adyar","12.98583333","80.24500000","30-10-2023 01:00","4.5"
"118269","SGSWRDC Campus (Tharamani site)","Tamil Nadu SW GW","33","Tamil Nadu","568","Chennai","-","-","-","Adyar","East flowing rivers between Pennar and Kanyakumari","-","-","-","Adyar","12.98583333","80.24500000","30-10-2023 10:00","4.5"
"118270","SGSWRDC Campus (Tharamani site)","Tamil Nadu SW GW","33","Tamil Nadu","568","Chennai","-","-","-","Adyar","East flowing rivers between Pennar and Kanyakumari","-","-","-","Adyar","12.98583333","80.24500000","01-11-2023 14:00","2.5"
"118271","SGSWRDC Campus (Tharamani site)","Tamil Nadu SW GW","33","Tamil Nadu","568","Chennai","-","-","-","Adyar","East flowing rivers between Pennar and Kanyakumari","-","-","-","Adyar","12.98583333","80.24500000","01-11-2023 17:00","0.5"
"118272","SGSWRDC Campus (Tharamani site)","Tamil Nadu SW GW","33","Tamil Nadu","568","Chennai","-","-","-","Adyar","East flowing rivers between Pennar and Kanyakumari","-","-","-","Adyar","12.98583333","80.24500000","02-11-2023 01:00","1"
"118273","SGSWRDC Campus (Tharamani site)","Tamil Nadu SW GW","33","Tamil Nadu","568","Chennai","-","-","-","Adyar","East flowing rivers between Pennar and Kanyakumari","-","-","-","Adyar","12.98583333","80.24500000","03-11-2023 03:00","1"
"118274","SGSWRDC Campus (Tharamani site)","Tamil Nadu SW GW","33","Tamil Nadu","568","Chennai","-","-","-","Adyar","East flowing rivers between Pennar and Kanyakumari","-","-","-","Adyar","12.98583333","80.24500000","03-11-2023 04:00","7"
"118275","SGSWRDC Campus (Tharamani site)","Tamil Nadu SW GW","33","Tamil Nadu","568","Chennai","-","-","-","Adyar","East flowing rivers between Pennar and Kanyakumari","-","-","-","Adyar","12.98583333","80.24500000","03-11-2023 09:00","0.5"
"118276","SGSWRDC Campus (Tharamani site)","Tamil Nadu SW GW","33","Tamil Nadu","568","Chennai","-","-","-","Adyar","East flowing rivers between Pennar and Kanyakumari","-","-","-","Adyar","12.98583333","80.24500000","03-11-2023 10:00","15.5"
"118277","SGSWRDC Campus (Tharamani site)","Tamil Nadu SW GW","33","Tamil Nadu","568","Chennai","-","-","-","Adyar","East flowing rivers between Pennar and Kanyakumari","-","-","-","Adyar","12.98583333","80.24500000","03-11-2023 11:00","6"
"118278","SGSWRDC Campus (Tharamani site)","Tamil Nadu SW GW","33","Tamil Nadu","568","Chennai","-","-","-","Adyar","East flowing rivers between Pennar and Kanyakumari","-","-","-","Adyar","12.98583333","80.24500000","03-11-2023 12:00","7.5"
"118279","SGSWRDC Campus (Tharamani site)","Tamil Nadu SW GW","33","Tamil Nadu","568","Chennai","-","-","-","Adyar","East flowing rivers between Pennar and Kanyakumari","-","-","-","Adyar","12.98583333","80.24500000","03-11-2023 15:00","0.5"
"118280","SGSWRDC Campus (Tharamani site)","Tamil Nadu SW GW","33","Tamil Nadu","568","Chennai","-","-","-","Adyar","East flowing rivers between Pennar and Kanyakumari","-","-","-","Adyar","12.98583333","80.24500000","03-11-2023 16:00","2"
"118281","SGSWRDC Campus (Tharamani site)","Tamil Nadu SW GW","33","Tamil Nadu","568","Chennai","-","-","-","Adyar","East flowing rivers between Pennar and Kanyakumari","-","-","-","Adyar","12.98583333","80.24500000","04-11-2023 01:00","4.5"
"118282","SGSWRDC Campus (Tharamani site)","Tamil Nadu SW GW","33","Tamil Nadu","568","Chennai","-","-","-","Adyar","East flowing rivers between Pennar and Kanyakumari","-","-","-","Adyar","12.98583333","80.24500000","04-11-2023 04:00","6.5"
"118283","SGSWRDC Campus (Tharamani site)","Tamil Nadu SW GW","33","Tamil Nadu","568","Chennai","-","-","-","Adyar","East flowing rivers between Pennar and Kanyakumari","-","-","-","Adyar","12.98583333","80.24500000","04-11-2023 07:00","5"
"118284","SGSWRDC Campus (Tharamani site)","Tamil Nadu SW GW","33","Tamil Nadu","568","Chennai","-","-","-","Adyar","East flowing rivers between Pennar and Kanyakumari","-","-","-","Adyar","12.98583333","80.24500000","04-11-2023 18:00","4"
"118285","SGSWRDC Campus (Tharamani site)","Tamil Nadu SW GW","33","Tamil Nadu","568","Chennai","-","-","-","Adyar","East flowing rivers between Pennar and Kanyakumari","-","-","-","Adyar","12.98583333","80.24500000","06-11-2023 11:00","11"
"118286","SGSWRDC Campus (Tharamani site)","Tamil Nadu SW GW","33","Tamil Nadu","568","Chennai","-","-","-","Adyar","East flowing rivers between Pennar and Kanyakumari","-","-","-","Adyar","12.98583333","80.24500000","06-11-2023 12:00","0.5"
"118287","SGSWRDC Campus (Tharamani site)","Tamil Nadu SW GW","33","Tamil Nadu","568","Chennai","-","-","-","Adyar","East flowing rivers between Pennar and Kanyakumari","-","-","-","Adyar","12.98583333","80.24500000","07-11-2023 02:00","7"
"118288","SGSWRDC Campus (Tharamani site)","Tamil Nadu SW GW","33","Tamil Nadu","568","Chennai","-","-","-","Adyar","East flowing rivers between Pennar and Kanyakumari","-","-","-","Adyar","12.98583333","80.24500000","07-11-2023 03:00","6"
"118289","SGSWRDC Campus (Tharamani site)","Tamil Nadu SW GW","33","Tamil Nadu","568","Chennai","-","-","-","Adyar","East flowing rivers between Pennar and Kanyakumari","-","-","-","Adyar","12.98583333","80.24500000","07-11-2023 06:00","3.5"
"118290","SGSWRDC Campus (Tharamani site)","Tamil Nadu SW GW","33","Tamil Nadu","568","Chennai","-","-","-","Adyar","East flowing rivers between Pennar and Kanyakumari","-","-","-","Adyar","12.98583333","80.24500000","09-11-2023 17:00","3"
"118291","SGSWRDC Campus (Tharamani site)","Tamil Nadu SW GW","33","Tamil Nadu","568","Chennai","-","-","-","Adyar","East flowing rivers between Pennar and Kanyakumari","-","-","-","Adyar","12.98583333","80.24500000","09-11-2023 19:00","0.5"
"118292","SGSWRDC Campus (Tharamani site)","Tamil Nadu SW GW","33","Tamil Nadu","568","Chennai","-","-","-","Adyar","East flowing rivers between Pennar and Kanyakumari","-","-","-","Adyar","12.98583333","80.24500000","09-11-2023 20:00","5"
"118293","SGSWRDC Campus (Tharamani site)","Tamil Nadu SW GW","33","Tamil Nadu","568","Chennai","-","-","-","Adyar","East flowing rivers between Pennar and Kanyakumari","-","-","-","Adyar","12.98583333","80.24500000","09-11-2023 21:00","2"
"118294","SGSWRDC Campus (Tharamani site)","Tamil Nadu SW GW","33","Tamil Nadu","568","Chennai","-","-","-","Adyar","East flowing rivers between Pennar and Kanyakumari","-","-","-","Adyar","12.98583333","80.24500000","10-11-2023 01:00","0.5"
"118295","SGSWRDC Campus (Tharamani site)","Tamil Nadu SW GW","33","Tamil Nadu","568","Chennai","-","-","-","Adyar","East flowing rivers between Pennar and Kanyakumari","-","-","-","Adyar","12.98583333","80.24500000","13-11-2023 19:00","3.5"
"118296","SGSWRDC Campus (Tharamani site)","Tamil Nadu SW GW","33","Tamil Nadu","568","Chennai","-","-","-","Adyar","East flowing rivers between Pennar and Kanyakumari","-","-","-","Adyar","12.98583333","80.24500000","13-11-2023 21:00","0.5"
"118297","SGSWRDC Campus (Tharamani site)","Tamil Nadu SW GW","33","Tamil Nadu","568","Chennai","-","-","-","Adyar","East flowing rivers between Pennar and Kanyakumari","-","-","-","Adyar","12.98583333","80.24500000","13-11-2023 22:00","4.5"
"118298","SGSWRDC Campus (Tharamani site)","Tamil Nadu SW GW","33","Tamil Nadu","568","Chennai","-","-","-","Adyar","East flowing rivers between Pennar and Kanyakumari","-","-","-","Adyar","12.98583333","80.24500000","13-11-2023 23:00","1"
"118299","SGSWRDC Campus (Tharamani site)","Tamil Nadu SW GW","33","Tamil Nadu","568","Chennai","-","-","-","Adyar","East flowing rivers between Pennar and Kanyakumari","-","-","-","Adyar","12.98583333","80.24500000","14-11-2023 00:00","10"
"118300","SGSWRDC Campus (Tharamani site)","Tamil Nadu SW GW","33","Tamil Nadu","568","Chennai","-","-","-","Adyar","East flowing rivers between Pennar and Kanyakumari","-","-","-","Adyar","12.98583333","80.24500000","14-11-2023 01:00","2.5"
"118301","SGSWRDC Campus (Tharamani site)","Tamil Nadu SW GW","33","Tamil Nadu","568","Chennai","-","-","-","Adyar","East flowing rivers between Pennar and Kanyakumari","-","-","-","Adyar","12.98583333","80.24500000","14-11-2023 02:00","2.5"
"118302","SGSWRDC Campus (Tharamani site)","Tamil Nadu SW GW","33","Tamil Nadu","568","Chennai","-","-","-","Adyar","East flowing rivers between Pennar and Kanyakumari","-","-","-","Adyar","12.98583333","80.24500000","14-11-2023 03:00","2"
"118303","SGSWRDC Campus (Tharamani site)","Tamil Nadu SW GW","33","Tamil Nadu","568","Chennai","-","-","-","Adyar","East flowing rivers between Pennar and Kanyakumari","-","-","-","Adyar","12.98583333","80.24500000","14-11-2023 04:00","0.5"
"118304","SGSWRDC Campus (Tharamani site)","Tamil Nadu SW GW","33","Tamil Nadu","568","Chennai","-","-","-","Adyar","East flowing rivers between Pennar and Kanyakumari","-","-","-","Adyar","12.98583333","80.24500000","14-11-2023 10:00","2"
"118305","SGSWRDC Campus (Tharamani site)","Tamil Nadu SW GW","33","Tamil Nadu","568","Chennai","-","-","-","Adyar","East flowing rivers between Pennar and Kanyakumari","-","-","-","Adyar","12.98583333","80.24500000","14-11-2023 11:00","6"
"118306","SGSWRDC Campus (Tharamani site)","Tamil Nadu SW GW","33","Tamil Nadu","568","Chennai","-","-","-","Adyar","East flowing rivers between Pennar and Kanyakumari","-","-","-","Adyar","12.98583333","80.24500000","14-11-2023 12:00","2.5"
"118307","SGSWRDC Campus (Tharamani site)","Tamil Nadu SW GW","33","Tamil Nadu","568","Chennai","-","-","-","Adyar","East flowing rivers between Pennar and Kanyakumari","-","-","-","Adyar","12.98583333","80.24500000","14-11-2023 13:00","1"
"118308","SGSWRDC Campus (Tharamani site)","Tamil Nadu SW GW","33","Tamil Nadu","568","Chennai","-","-","-","Adyar","East flowing rivers between Pennar and Kanyakumari","-","-","-","Adyar","12.98583333","80.24500000","14-11-2023 14:00","8.5"
"118309","SGSWRDC Campus (Tharamani site)","Tamil Nadu SW GW","33","Tamil Nadu","568","Chennai","-","-","-","Adyar","East flowing rivers between Pennar and Kanyakumari","-","-","-","Adyar","12.98583333","80.24500000","14-11-2023 15:00","0.5"
"118310","SGSWRDC Campus (Tharamani site)","Tamil Nadu SW GW","33","Tamil Nadu","568","Chennai","-","-","-","Adyar","East flowing rivers between Pennar and Kanyakumari","-","-","-","Adyar","12.98583333","80.24500000","14-11-2023 16:00","0.5"
"118311","SGSWRDC Campus (Tharamani site)","Tamil Nadu SW GW","33","Tamil Nadu","568","Chennai","-","-","-","Adyar","East flowing rivers between Pennar and Kanyakumari","-","-","-","Adyar","12.98583333","80.24500000","14-11-2023 17:00","2.5"
"118312","SGSWRDC Campus (Tharamani site)","Tamil Nadu SW GW","33","Tamil Nadu","568","Chennai","-","-","-","Adyar","East flowing rivers between Pennar and Kanyakumari","-","-","-","Adyar","12.98583333","80.24500000","14-11-2023 18:00","6.5"
"118313","SGSWRDC Campus (Tharamani site)","Tamil Nadu SW GW","33","Tamil Nadu","568","Chennai","-","-","-","Adyar","East flowing rivers between Pennar and Kanyakumari","-","-","-","Adyar","12.98583333","80.24500000","14-11-2023 19:00","6"
"118314","SGSWRDC Campus (Tharamani site)","Tamil Nadu SW GW","33","Tamil Nadu","568","Chennai","-","-","-","Adyar","East flowing rivers between Pennar and Kanyakumari","-","-","-","Adyar","12.98583333","80.24500000","14-11-2023 20:00","7.5"
"118315","SGSWRDC Campus (Tharamani site)","Tamil Nadu SW GW","33","Tamil Nadu","568","Chennai","-","-","-","Adyar","East flowing rivers between Pennar and Kanyakumari","-","-","-","Adyar","12.98583333","80.24500000","14-11-2023 21:00","2.5"
"118316","SGSWRDC Campus (Tharamani site)","Tamil Nadu SW GW","33","Tamil Nadu","568","Chennai","-","-","-","Adyar","East flowing rivers between Pennar and Kanyakumari","-","-","-","Adyar","12.98583333","80.24500000","14-11-2023 22:00","3.5"
"118317","SGSWRDC Campus (Tharamani site)","Tamil Nadu SW GW","33","Tamil Nadu","568","Chennai","-","-","-","Adyar","East flowing rivers between Pennar and Kanyakumari","-","-","-","Adyar","12.98583333","80.24500000","14-11-2023 23:00","7"
"118318","SGSWRDC Campus (Tharamani site)","Tamil Nadu SW GW","33","Tamil Nadu","568","Chennai","-","-","-","Adyar","East flowing rivers between Pennar and Kanyakumari","-","-","-","Adyar","12.98583333","80.24500000","15-11-2023 00:00","2.5"
"118319","SGSWRDC Campus (Tharamani site)","Tamil Nadu SW GW","33","Tamil Nadu","568","Chennai","-","-","-","Adyar","East flowing rivers between Pennar and Kanyakumari","-","-","-","Adyar","12.98583333","80.24500000","15-11-2023 01:00","1"
"118320","SGSWRDC Campus (Tharamani site)","Tamil Nadu SW GW","33","Tamil Nadu","568","Chennai","-","-","-","Adyar","East flowing rivers between Pennar and Kanyakumari","-","-","-","Adyar","12.98583333","80.24500000","15-11-2023 02:00","2.5"
"118321","SGSWRDC Campus (Tharamani site)","Tamil Nadu SW GW","33","Tamil Nadu","568","Chennai","-","-","-","Adyar","East flowing rivers between Pennar and Kanyakumari","-","-","-","Adyar","12.98583333","80.24500000","15-11-2023 03:00","1"
"118322","SGSWRDC Campus (Tharamani site)","Tamil Nadu SW GW","33","Tamil Nadu","568","Chennai","-","-","-","Adyar","East flowing rivers between Pennar and Kanyakumari","-","-","-","Adyar","12.98583333","80.24500000","15-11-2023 04:00","0.5"
"118323","SGSWRDC Campus (Tharamani site)","Tamil Nadu SW GW","33","Tamil Nadu","568","Chennai","-","-","-","Adyar","East flowing rivers between Pennar and Kanyakumari","-","-","-","Adyar","12.98583333","80.24500000","15-11-2023 08:00","0.5"
"118324","SGSWRDC Campus (Tharamani site)","Tamil Nadu SW GW","33","Tamil Nadu","568","Chennai","-","-","-","Adyar","East flowing rivers between Pennar and Kanyakumari","-","-","-","Adyar","12.98583333","80.24500000","15-11-2023 09:00","0.5"
"118325","SGSWRDC Campus (Tharamani site)","Tamil Nadu SW GW","33","Tamil Nadu","568","Chennai","-","-","-","Adyar","East flowing rivers between Pennar and Kanyakumari","-","-","-","Adyar","12.98583333","80.24500000","15-11-2023 12:00","5"
"118326","SGSWRDC Campus (Tharamani site)","Tamil Nadu SW GW","33","Tamil Nadu","568","Chennai","-","-","-","Adyar","East flowing rivers between Pennar and Kanyakumari","-","-","-","Adyar","12.98583333","80.24500000","15-11-2023 14:00","1.5"
"118327","SGSWRDC Campus (Tharamani site)","Tamil Nadu SW GW","33","Tamil Nadu","568","Chennai","-","-","-","Adyar","East flowing rivers between Pennar and Kanyakumari","-","-","-","Adyar","12.98583333","80.24500000","15-11-2023 15:00","0.5"
"118328","SGSWRDC Campus (Tharamani site)","Tamil Nadu SW GW","33","Tamil Nadu","568","Chennai","-","-","-","Adyar","East flowing rivers between Pennar and Kanyakumari","-","-","-","Adyar","12.98583333","80.24500000","15-11-2023 16:00","1"
"118329","SGSWRDC Campus (Tharamani site)","Tamil Nadu SW GW","33","Tamil Nadu","568","Chennai","-","-","-","Adyar","East flowing rivers between Pennar and Kanyakumari","-","-","-","Adyar","12.98583333","80.24500000","15-11-2023 17:00","0.5"
"118330","SGSWRDC Campus (Tharamani site)","Tamil Nadu SW GW","33","Tamil Nadu","568","Chennai","-","-","-","Adyar","East flowing rivers between Pennar and Kanyakumari","-","-","-","Adyar","12.98583333","80.24500000","15-11-2023 20:00","0.5"
"118331","SGSWRDC Campus (Tharamani site)","Tamil Nadu SW GW","33","Tamil Nadu","568","Chennai","-","-","-","Adyar","East flowing rivers between Pennar and Kanyakumari","-","-","-","Adyar","12.98583333","80.24500000","15-11-2023 21:00","0.5"
"118332","SGSWRDC Campus (Tharamani site)","Tamil Nadu SW GW","33","Tamil Nadu","568","Chennai","-","-","-","Adyar","East flowing rivers between Pennar and Kanyakumari","-","-","-","Adyar","12.98583333","80.24500000","15-11-2023 22:00","0.5"
"118333","SGSWRDC Campus (Tharamani site)","Tamil Nadu SW GW","33","Tamil Nadu","568","Chennai","-","-","-","Adyar","East flowing rivers between Pennar and Kanyakumari","-","-","-","Adyar","12.98583333","80.24500000","15-11-2023 23:00","0.5"
"118334","SGSWRDC Campus (Tharamani site)","Tamil Nadu SW GW","33","Tamil Nadu","568","Chennai","-","-","-","Adyar","East flowing rivers between Pennar and Kanyakumari","-","-","-","Adyar","12.98583333","80.24500000","17-11-2023 12:00","3.5"
"118335","SGSWRDC Campus (Tharamani site)","Tamil Nadu SW GW","33","Tamil Nadu","568","Chennai","-","-","-","Adyar","East flowing rivers between Pennar and Kanyakumari","-","-","-","Adyar","12.98583333","80.24500000","20-11-2023 12:00","0.5"
"118336","SGSWRDC Campus (Tharamani site)","Tamil Nadu SW GW","33","Tamil Nadu","568","Chennai","-","-","-","Adyar","East flowing rivers between Pennar and Kanyakumari","-","-","-","Adyar","12.98583333","80.24500000","20-11-2023 13:00","1.5"
"118337","SGSWRDC Campus (Tharamani site)","Tamil Nadu SW GW","33","Tamil Nadu","568","Chennai","-","-","-","Adyar","East flowing rivers between Pennar and Kanyakumari","-","-","-","Adyar","12.98583333","80.24500000","20-11-2023 14:00","0.5"
"118338","SGSWRDC Campus (Tharamani site)","Tamil Nadu SW GW","33","Tamil Nadu","568","Chennai","-","-","-","Adyar","East flowing rivers between Pennar and Kanyakumari","-","-","-","Adyar","12.98583333","80.24500000","20-11-2023 15:00","0.5"
"118339","SGSWRDC Campus (Tharamani site)","Tamil Nadu SW GW","33","Tamil Nadu","568","Chennai","-","-","-","Adyar","East flowing rivers between Pennar and Kanyakumari","-","-","-","Adyar","12.98583333","80.24500000","20-11-2023 17:00","1"
"118340","SGSWRDC Campus (Tharamani site)","Tamil Nadu SW GW","33","Tamil Nadu","568","Chennai","-","-","-","Adyar","East flowing rivers between Pennar and Kanyakumari","-","-","-","Adyar","12.98583333","80.24500000","20-11-2023 18:00","0.5"
"118341","SGSWRDC Campus (Tharamani site)","Tamil Nadu SW GW","33","Tamil Nadu","568","Chennai","-","-","-","Adyar","East flowing rivers between Pennar and Kanyakumari","-","-","-","Adyar","12.98583333","80.24500000","20-11-2023 19:00","1"
"118342","SGSWRDC Campus (Tharamani site)","Tamil Nadu SW GW","33","Tamil Nadu","568","Chennai","-","-","-","Adyar","East flowing rivers between Pennar and Kanyakumari","-","-","-","Adyar","12.98583333","80.24500000","20-11-2023 20:00","3"
"118343","SGSWRDC Campus (Tharamani site)","Tamil Nadu SW GW","33","Tamil Nadu","568","Chennai","-","-","-","Adyar","East flowing rivers between Pennar and Kanyakumari","-","-","-","Adyar","12.98583333","80.24500000","21-11-2023 01:00","2.5"
"118344","SGSWRDC Campus (Tharamani site)","Tamil Nadu SW GW","33","Tamil Nadu","568","Chennai","-","-","-","Adyar","East flowing rivers between Pennar and Kanyakumari","-","-","-","Adyar","12.98583333","80.24500000","21-11-2023 02:00","1"
"118345","SGSWRDC Campus (Tharamani site)","Tamil Nadu SW GW","33","Tamil Nadu","568","Chennai","-","-","-","Adyar","East flowing rivers between Pennar and Kanyakumari","-","-","-","Adyar","12.98583333","80.24500000","21-11-2023 03:00","2"
"118346","SGSWRDC Campus (Tharamani site)","Tamil Nadu SW GW","33","Tamil Nadu","568","Chennai","-","-","-","Adyar","East flowing rivers between Pennar and Kanyakumari","-","-","-","Adyar","12.98583333","80.24500000","21-11-2023 04:00","11"
"118347","SGSWRDC Campus (Tharamani site)","Tamil Nadu SW GW","33","Tamil Nadu","568","Chennai","-","-","-","Adyar","East flowing rivers between Pennar and Kanyakumari","-","-","-","Adyar","12.98583333","80.24500000","21-11-2023 05:00","1"
"118348","SGSWRDC Campus (Tharamani site)","Tamil Nadu SW GW","33","Tamil Nadu","568","Chennai","-","-","-","Adyar","East flowing rivers between Pennar and Kanyakumari","-","-","-","Adyar","12.98583333","80.24500000","21-11-2023 06:00","0.5"
"118349","SGSWRDC Campus (Tharamani site)","Tamil Nadu SW GW","33","Tamil Nadu","568","Chennai","-","-","-","Adyar","East flowing rivers between Pennar and Kanyakumari","-","-","-","Adyar","12.98583333","80.24500000","21-11-2023 10:00","0.5"
"118350","SGSWRDC Campus (Tharamani site)","Tamil Nadu SW GW","33","Tamil Nadu","568","Chennai","-","-","-","Adyar","East flowing rivers between Pennar and Kanyakumari","-","-","-","Adyar","12.98583333","80.24500000","21-11-2023 12:00","0.5"
"118351","SGSWRDC Campus (Tharamani site)","Tamil Nadu SW GW","33","Tamil Nadu","568","Chennai","-","-","-","Adyar","East flowing rivers between Pennar and Kanyakumari","-","-","-","Adyar","12.98583333","80.24500000","21-11-2023 13:00","3.5"
"118352","SGSWRDC Campus (Tharamani site)","Tamil Nadu SW GW","33","Tamil Nadu","568","Chennai","-","-","-","Adyar","East flowing rivers between Pennar and Kanyakumari","-","-","-","Adyar","12.98583333","80.24500000","21-11-2023 14:00","2"
"118353","SGSWRDC Campus (Tharamani site)","Tamil Nadu SW GW","33","Tamil Nadu","568","Chennai","-","-","-","Adyar","East flowing rivers between Pennar and Kanyakumari","-","-","-","Adyar","12.98583333","80.24500000","21-11-2023 20:00","1"
"118354","SGSWRDC Campus (Tharamani site)","Tamil Nadu SW GW","33","Tamil Nadu","568","Chennai","-","-","-","Adyar","East flowing rivers between Pennar and Kanyakumari","-","-","-","Adyar","12.98583333","80.24500000","21-11-2023 21:00","4.5"
"118355","SGSWRDC Campus (Tharamani site)","Tamil Nadu SW GW","33","Tamil Nadu","568","Chennai","-","-","-","Adyar","East flowing rivers between Pennar and Kanyakumari","-","-","-","Adyar","12.98583333","80.24500000","21-11-2023 22:00","2"
"118356","SGSWRDC Campus (Tharamani site)","Tamil Nadu SW GW","33","Tamil Nadu","568","Chennai","-","-","-","Adyar","East flowing rivers between Pennar and Kanyakumari","-","-","-","Adyar","12.98583333","80.24500000","21-11-2023 23:00","5"
"118357","SGSWRDC Campus (Tharamani site)","Tamil Nadu SW GW","33","Tamil Nadu","568","Chennai","-","-","-","Adyar","East flowing rivers between Pennar and Kanyakumari","-","-","-","Adyar","12.98583333","80.24500000","22-11-2023 00:00","4"
"118358","SGSWRDC Campus (Tharamani site)","Tamil Nadu SW GW","33","Tamil Nadu","568","Chennai","-","-","-","Adyar","East flowing rivers between Pennar and Kanyakumari","-","-","-","Adyar","12.98583333","80.24500000","22-11-2023 01:00","1"
"118359","SGSWRDC Campus (Tharamani site)","Tamil Nadu SW GW","33","Tamil Nadu","568","Chennai","-","-","-","Adyar","East flowing rivers between Pennar and Kanyakumari","-","-","-","Adyar","12.98583333","80.24500000","22-11-2023 03:00","1"
"118360","SGSWRDC Campus (Tharamani site)","Tamil Nadu SW GW","33","Tamil Nadu","568","Chennai","-","-","-","Adyar","East flowing rivers between Pennar and Kanyakumari","-","-","-","Adyar","12.98583333","80.24500000","22-11-2023 04:00","2"
"118361","SGSWRDC Campus (Tharamani site)","Tamil Nadu SW GW","33","Tamil Nadu","568","Chennai","-","-","-","Adyar","East flowing rivers between Pennar and Kanyakumari","-","-","-","Adyar","12.98583333","80.24500000","22-11-2023 06:00","0.5"
"118362","SGSWRDC Campus (Tharamani site)","Tamil Nadu SW GW","33","Tamil Nadu","568","Chennai","-","-","-","Adyar","East flowing rivers between Pennar and Kanyakumari","-","-","-","Adyar","12.98583333","80.24500000","22-11-2023 08:00","0.5"
"118363","SGSWRDC Campus (Tharamani site)","Tamil Nadu SW GW","33","Tamil Nadu","568","Chennai","-","-","-","Adyar","East flowing rivers between Pennar and Kanyakumari","-","-","-","Adyar","12.98583333","80.24500000","22-11-2023 09:00","1.5"
"118364","SGSWRDC Campus (Tharamani site)","Tamil Nadu SW GW","33","Tamil Nadu","568","Chennai","-","-","-","Adyar","East flowing rivers between Pennar and Kanyakumari","-","-","-","Adyar","12.98583333","80.24500000","22-11-2023 10:00","0.5"
"118365","SGSWRDC Campus (Tharamani site)","Tamil Nadu SW GW","33","Tamil Nadu","568","Chennai","-","-","-","Adyar","East flowing rivers between Pennar and Kanyakumari","-","-","-","Adyar","12.98583333","80.24500000","22-11-2023 14:00","0.5"
"118366","SGSWRDC Campus (Tharamani site)","Tamil Nadu SW GW","33","Tamil Nadu","568","Chennai","-","-","-","Adyar","East flowing rivers between Pennar and Kanyakumari","-","-","-","Adyar","12.98583333","80.24500000","22-11-2023 22:00","0.5"
"118367","SGSWRDC Campus (Tharamani site)","Tamil Nadu SW GW","33","Tamil Nadu","568","Chennai","-","-","-","Adyar","East flowing rivers between Pennar and Kanyakumari","-","-","-","Adyar","12.98583333","80.24500000","23-11-2023 07:00","0.5"
"118368","SGSWRDC Campus (Tharamani site)","Tamil Nadu SW GW","33","Tamil Nadu","568","Chennai","-","-","-","Adyar","East flowing rivers between Pennar and Kanyakumari","-","-","-","Adyar","12.98583333","80.24500000","23-11-2023 08:00","0.5"
"118369","SGSWRDC Campus (Tharamani site)","Tamil Nadu SW GW","33","Tamil Nadu","568","Chennai","-","-","-","Adyar","East flowing rivers between Pennar and Kanyakumari","-","-","-","Adyar","12.98583333","80.24500000","23-11-2023 09:00","2.5"
"118370","SGSWRDC Campus (Tharamani site)","Tamil Nadu SW GW","33","Tamil Nadu","568","Chennai","-","-","-","Adyar","East flowing rivers between Pennar and Kanyakumari","-","-","-","Adyar","12.98583333","80.24500000","23-11-2023 10:00","2"
"118371","SGSWRDC Campus (Tharamani site)","Tamil Nadu SW GW","33","Tamil Nadu","568","Chennai","-","-","-","Adyar","East flowing rivers between Pennar and Kanyakumari","-","-","-","Adyar","12.98583333","80.24500000","24-11-2023 14:00","0.5"
"118372","SGSWRDC Campus (Tharamani site)","Tamil Nadu SW GW","33","Tamil Nadu","568","Chennai","-","-","-","Adyar","East flowing rivers between Pennar and Kanyakumari","-","-","-","Adyar","12.98583333","80.24500000","24-11-2023 15:00","0.5"
"118373","SGSWRDC Campus (Tharamani site)","Tamil Nadu SW GW","33","Tamil Nadu","568","Chennai","-","-","-","Adyar","East flowing rivers between Pennar and Kanyakumari","-","-","-","Adyar","12.98583333","80.24500000","24-11-2023 16:00","0.5"
"118374","SGSWRDC Campus (Tharamani site)","Tamil Nadu SW GW","33","Tamil Nadu","568","Chennai","-","-","-","Adyar","East flowing rivers between Pennar and Kanyakumari","-","-","-","Adyar","12.98583333","80.24500000","25-11-2023 04:00","4.5"
"118375","SGSWRDC Campus (Tharamani site)","Tamil Nadu SW GW","33","Tamil Nadu","568","Chennai","-","-","-","Adyar","East flowing rivers between Pennar and Kanyakumari","-","-","-","Adyar","12.98583333","80.24500000","25-11-2023 05:00","31"
"118376","SGSWRDC Campus (Tharamani site)","Tamil Nadu SW GW","33","Tamil Nadu","568","Chennai","-","-","-","Adyar","East flowing rivers between Pennar and Kanyakumari","-","-","-","Adyar","12.98583333","80.24500000","25-11-2023 06:00","30.5"
"118377","SGSWRDC Campus (Tharamani site)","Tamil Nadu SW GW","33","Tamil Nadu","568","Chennai","-","-","-","Adyar","East flowing rivers between Pennar and Kanyakumari","-","-","-","Adyar","12.98583333","80.24500000","25-11-2023 07:00","4.5"
"118378","SGSWRDC Campus (Tharamani site)","Tamil Nadu SW GW","33","Tamil Nadu","568","Chennai","-","-","-","Adyar","East flowing rivers between Pennar and Kanyakumari","-","-","-","Adyar","12.98583333","80.24500000","26-11-2023 18:00","0.5"
"118379","SGSWRDC Campus (Tharamani site)","Tamil Nadu SW GW","33","Tamil Nadu","568","Chennai","-","-","-","Adyar","East flowing rivers between Pennar and Kanyakumari","-","-","-","Adyar","12.98583333","80.24500000","26-11-2023 19:00","3.5"
"118380","SGSWRDC Campus (Tharamani site)","Tamil Nadu SW GW","33","Tamil Nadu","568","Chennai","-","-","-","Adyar","East flowing rivers between Pennar and Kanyakumari","-","-","-","Adyar","12.98583333","80.24500000","26-11-2023 20:00","13.5"
"118381","SGSWRDC Campus (Tharamani site)","Tamil Nadu SW GW","33","Tamil Nadu","568","Chennai","-","-","-","Adyar","East flowing rivers between Pennar and Kanyakumari","-","-","-","Adyar","12.98583333","80.24500000","26-11-2023 21:00","0.5"
"118382","SGSWRDC Campus (Tharamani site)","Tamil Nadu SW GW","33","Tamil Nadu","568","Chennai","-","-","-","Adyar","East flowing rivers between Pennar and Kanyakumari","-","-","-","Adyar","12.98583333","80.24500000","27-11-2023 00:00","0.5"
"118383","SGSWRDC Campus (Tharamani site)","Tamil Nadu SW GW","33","Tamil Nadu","568","Chennai","-","-","-","Adyar","East flowing rivers between Pennar and Kanyakumari","-","-","-","Adyar","12.98583333","80.24500000","27-11-2023 01:00","0.5"
"118384","SGSWRDC Campus (Tharamani site)","Tamil Nadu SW GW","33","Tamil Nadu","568","Chennai","-","-","-","Adyar","East flowing rivers between Pennar and Kanyakumari","-","-","-","Adyar","12.98583333","80.24500000","27-11-2023 03:00","17"
"118385","SGSWRDC Campus (Tharamani site)","Tamil Nadu SW GW","33","Tamil Nadu","568","Chennai","-","-","-","Adyar","East flowing rivers between Pennar and Kanyakumari","-","-","-","Adyar","12.98583333","80.24500000","27-11-2023 19:00","0.5"
"118386","SGSWRDC Campus (Tharamani site)","Tamil Nadu SW GW","33","Tamil Nadu","568","Chennai","-","-","-","Adyar","East flowing rivers between Pennar and Kanyakumari","-","-","-","Adyar","12.98583333","80.24500000","27-11-2023 23:00","2"
"118387","SGSWRDC Campus (Tharamani site)","Tamil Nadu SW GW","33","Tamil Nadu","568","Chennai","-","-","-","Adyar","East flowing rivers between Pennar and Kanyakumari","-","-","-","Adyar","12.98583333","80.24500000","29-11-2023 01:00","2"
"118388","SGSWRDC Campus (Tharamani site)","Tamil Nadu SW GW","33","Tamil Nadu","568","Chennai","-","-","-","Adyar","East flowing rivers between Pennar and Kanyakumari","-","-","-","Adyar","12.98583333","80.24500000","29-11-2023 03:00","5"
"118389","SGSWRDC Campus (Tharamani site)","Tamil Nadu SW GW","33","Tamil Nadu","568","Chennai","-","-","-","Adyar","East flowing rivers between Pennar and Kanyakumari","-","-","-","Adyar","12.98583333","80.24500000","29-11-2023 04:00","6.5"
"118390","SGSWRDC Campus (Tharamani site)","Tamil Nadu SW GW","33","Tamil Nadu","568","Chennai","-","-","-","Adyar","East flowing rivers between Pennar and Kanyakumari","-","-","-","Adyar","12.98583333","80.24500000","29-11-2023 05:00","0.5"
"118391","SGSWRDC Campus (Tharamani site)","Tamil Nadu SW GW","33","Tamil Nadu","568","Chennai","-","-","-","Adyar","East flowing rivers between Pennar and Kanyakumari","-","-","-","Adyar","12.98583333","80.24500000","29-11-2023 08:00","0.5"
"118392","SGSWRDC Campus (Tharamani site)","Tamil Nadu SW GW","33","Tamil Nadu","568","Chennai","-","-","-","Adyar","East flowing rivers between Pennar and Kanyakumari","-","-","-","Adyar","12.98583333","80.24500000","29-11-2023 11:00","5.5"
"118393","SGSWRDC Campus (Tharamani site)","Tamil Nadu SW GW","33","Tamil Nadu","568","Chennai","-","-","-","Adyar","East flowing rivers between Pennar and Kanyakumari","-","-","-","Adyar","12.98583333","80.24500000","29-11-2023 12:00","5.5"
"118394","SGSWRDC Campus (Tharamani site)","Tamil Nadu SW GW","33","Tamil Nadu","568","Chennai","-","-","-","Adyar","East flowing rivers between Pennar and Kanyakumari","-","-","-","Adyar","12.98583333","80.24500000","29-11-2023 13:00","1.5"
"118395","SGSWRDC Campus (Tharamani site)","Tamil Nadu SW GW","33","Tamil Nadu","568","Chennai","-","-","-","Adyar","East flowing rivers between Pennar and Kanyakumari","-","-","-","Adyar","12.98583333","80.24500000","29-11-2023 14:00","2"
"118396","SGSWRDC Campus (Tharamani site)","Tamil Nadu SW GW","33","Tamil Nadu","568","Chennai","-","-","-","Adyar","East flowing rivers between Pennar and Kanyakumari","-","-","-","Adyar","12.98583333","80.24500000","29-11-2023 15:00","1.5"
"118397","SGSWRDC Campus (Tharamani site)","Tamil Nadu SW GW","33","Tamil Nadu","568","Chennai","-","-","-","Adyar","East flowing rivers between Pennar and Kanyakumari","-","-","-","Adyar","12.98583333","80.24500000","29-11-2023 18:00","1"
"118398","SGSWRDC Campus (Tharamani site)","Tamil Nadu SW GW","33","Tamil Nadu","568","Chennai","-","-","-","Adyar","East flowing rivers between Pennar and Kanyakumari","-","-","-","Adyar","12.98583333","80.24500000","29-11-2023 20:00","30.5"
"118399","SGSWRDC Campus (Tharamani site)","Tamil Nadu SW GW","33","Tamil Nadu","568","Chennai","-","-","-","Adyar","East flowing rivers between Pennar and Kanyakumari","-","-","-","Adyar","12.98583333","80.24500000","29-11-2023 21:00","5.5"
"118400","SGSWRDC Campus (Tharamani site)","Tamil Nadu SW GW","33","Tamil Nadu","568","Chennai","-","-","-","Adyar","East flowing rivers between Pennar and Kanyakumari","-","-","-","Adyar","12.98583333","80.24500000","29-11-2023 22:00","0.5"
"118401","SGSWRDC Campus (Tharamani site)","Tamil Nadu SW GW","33","Tamil Nadu","568","Chennai","-","-","-","Adyar","East flowing rivers between Pennar and Kanyakumari","-","-","-","Adyar","12.98583333","80.24500000","30-11-2023 03:00","1"
"118402","SGSWRDC Campus (Tharamani site)","Tamil Nadu SW GW","33","Tamil Nadu","568","Chennai","-","-","-","Adyar","East flowing rivers between Pennar and Kanyakumari","-","-","-","Adyar","12.98583333","80.24500000","30-11-2023 04:00","23"
"118403","SGSWRDC Campus (Tharamani site)","Tamil Nadu SW GW","33","Tamil Nadu","568","Chennai","-","-","-","Adyar","East flowing rivers between Pennar and Kanyakumari","-","-","-","Adyar","12.98583333","80.24500000","30-11-2023 05:00","2"
"118404","SGSWRDC Campus (Tharamani site)","Tamil Nadu SW GW","33","Tamil Nadu","568","Chennai","-","-","-","Adyar","East flowing rivers between Pennar and Kanyakumari","-","-","-","Adyar","12.98583333","80.24500000","30-11-2023 06:00","1"
"118405","SGSWRDC Campus (Tharamani site)","Tamil Nadu SW GW","33","Tamil Nadu","568","Chennai","-","-","-","Adyar","East flowing rivers between Pennar and Kanyakumari","-","-","-","Adyar","12.98583333","80.24500000","30-11-2023 09:00","7.5"
"118406","SGSWRDC Campus (Tharamani site)","Tamil Nadu SW GW","33","Tamil Nadu","568","Chennai","-","-","-","Adyar","East flowing rivers between Pennar and Kanyakumari","-","-","-","Adyar","12.98583333","80.24500000","30-11-2023 10:00","5.5"
"118407","SGSWRDC Campus (Tharamani site)","Tamil Nadu SW GW","33","Tamil Nadu","568","Chennai","-","-","-","Adyar","East flowing rivers between Pennar and Kanyakumari","-","-","-","Adyar","12.98583333","80.24500000","30-11-2023 11:00","0.5"
"118408","SGSWRDC Campus (Tharamani site)","Tamil Nadu SW GW","33","Tamil Nadu","568","Chennai","-","-","-","Adyar","East flowing rivers between Pennar and Kanyakumari","-","-","-","Adyar","12.98583333","80.24500000","30-11-2023 14:00","0.5"
"118409","SGSWRDC Campus (Tharamani site)","Tamil Nadu SW GW","33","Tamil Nadu","568","Chennai","-","-","-","Adyar","East flowing rivers between Pennar and Kanyakumari","-","-","-","Adyar","12.98583333","80.24500000","30-11-2023 15:00","0.5"
"118410","SGSWRDC Campus (Tharamani site)","Tamil Nadu SW GW","33","Tamil Nadu","568","Chennai","-","-","-","Adyar","East flowing rivers between Pennar and Kanyakumari","-","-","-","Adyar","12.98583333","80.24500000","30-11-2023 20:00","2"
"118411","SGSWRDC Campus (Tharamani site)","Tamil Nadu SW GW","33","Tamil Nadu","568","Chennai","-","-","-","Adyar","East flowing rivers between Pennar and Kanyakumari","-","-","-","Adyar","12.98583333","80.24500000","30-11-2023 21:00","2"
"118412","SGSWRDC Campus (Tharamani site)","Tamil Nadu SW GW","33","Tamil Nadu","568","Chennai","-","-","-","Adyar","East flowing rivers between Pennar and Kanyakumari","-","-","-","Adyar","12.98583333","80.24500000","30-11-2023 22:00","1"
"118413","SGSWRDC Campus (Tharamani site)","Tamil Nadu SW GW","33","Tamil Nadu","568","Chennai","-","-","-","Adyar","East flowing rivers between Pennar and Kanyakumari","-","-","-","Adyar","12.98583333","80.24500000","01-12-2023 01:00","2.5"
"118414","SGSWRDC Campus (Tharamani site)","Tamil Nadu SW GW","33","Tamil Nadu","568","Chennai","-","-","-","Adyar","East flowing rivers between Pennar and Kanyakumari","-","-","-","Adyar","12.98583333","80.24500000","01-12-2023 02:00","0.5"
"118415","SGSWRDC Campus (Tharamani site)","Tamil Nadu SW GW","33","Tamil Nadu","568","Chennai","-","-","-","Adyar","East flowing rivers between Pennar and Kanyakumari","-","-","-","Adyar","12.98583333","80.24500000","02-12-2023 07:00","1"
"118416","SGSWRDC Campus (Tharamani site)","Tamil Nadu SW GW","33","Tamil Nadu","568","Chennai","-","-","-","Adyar","East flowing rivers between Pennar and Kanyakumari","-","-","-","Adyar","12.98583333","80.24500000","02-12-2023 09:00","0.5"
"118417","SGSWRDC Campus (Tharamani site)","Tamil Nadu SW GW","33","Tamil Nadu","568","Chennai","-","-","-","Adyar","East flowing rivers between Pennar and Kanyakumari","-","-","-","Adyar","12.98583333","80.24500000","02-12-2023 10:00","1"
"118418","SGSWRDC Campus (Tharamani site)","Tamil Nadu SW GW","33","Tamil Nadu","568","Chennai","-","-","-","Adyar","East flowing rivers between Pennar and Kanyakumari","-","-","-","Adyar","12.98583333","80.24500000","02-12-2023 12:00","0.5"
"118419","SGSWRDC Campus (Tharamani site)","Tamil Nadu SW GW","33","Tamil Nadu","568","Chennai","-","-","-","Adyar","East flowing rivers between Pennar and Kanyakumari","-","-","-","Adyar","12.98583333","80.24500000","02-12-2023 17:00","4.5"
"118420","SGSWRDC Campus (Tharamani site)","Tamil Nadu SW GW","33","Tamil Nadu","568","Chennai","-","-","-","Adyar","East flowing rivers between Pennar and Kanyakumari","-","-","-","Adyar","12.98583333","80.24500000","02-12-2023 19:00","13"
"118421","SGSWRDC Campus (Tharamani site)","Tamil Nadu SW GW","33","Tamil Nadu","568","Chennai","-","-","-","Adyar","East flowing rivers between Pennar and Kanyakumari","-","-","-","Adyar","12.98583333","80.24500000","02-12-2023 20:00","8.5"
"118422","SGSWRDC Campus (Tharamani site)","Tamil Nadu SW GW","33","Tamil Nadu","568","Chennai","-","-","-","Adyar","East flowing rivers between Pennar and Kanyakumari","-","-","-","Adyar","12.98583333","80.24500000","02-12-2023 21:00","0.5"
"118423","SGSWRDC Campus (Tharamani site)","Tamil Nadu SW GW","33","Tamil Nadu","568","Chennai","-","-","-","Adyar","East flowing rivers between Pennar and Kanyakumari","-","-","-","Adyar","12.98583333","80.24500000","02-12-2023 22:00","0.5"
"118424","SGSWRDC Campus (Tharamani site)","Tamil Nadu SW GW","33","Tamil Nadu","568","Chennai","-","-","-","Adyar","East flowing rivers between Pennar and Kanyakumari","-","-","-","Adyar","12.98583333","80.24500000","03-12-2023 00:00","4.5"
"118425","SGSWRDC Campus (Tharamani site)","Tamil Nadu SW GW","33","Tamil Nadu","568","Chennai","-","-","-","Adyar","East flowing rivers between Pennar and Kanyakumari","-","-","-","Adyar","12.98583333","80.24500000","03-12-2023 01:00","1"
"118426","SGSWRDC Campus (Tharamani site)","Tamil Nadu SW GW","33","Tamil Nadu","568","Chennai","-","-","-","Adyar","East flowing rivers between Pennar and Kanyakumari","-","-","-","Adyar","12.98583333","80.24500000","03-12-2023 03:00","3"
"118427","SGSWRDC Campus (Tharamani site)","Tamil Nadu SW GW","33","Tamil Nadu","568","Chennai","-","-","-","Adyar","East flowing rivers between Pennar and Kanyakumari","-","-","-","Adyar","12.98583333","80.24500000","03-12-2023 04:00","4.5"
"118428","SGSWRDC Campus (Tharamani site)","Tamil Nadu SW GW","33","Tamil Nadu","568","Chennai","-","-","-","Adyar","East flowing rivers between Pennar and Kanyakumari","-","-","-","Adyar","12.98583333","80.24500000","03-12-2023 05:00","1"
"118429","SGSWRDC Campus (Tharamani site)","Tamil Nadu SW GW","33","Tamil Nadu","568","Chennai","-","-","-","Adyar","East flowing rivers between Pennar and Kanyakumari","-","-","-","Adyar","12.98583333","80.24500000","03-12-2023 06:00","4.5"
"118430","SGSWRDC Campus (Tharamani site)","Tamil Nadu SW GW","33","Tamil Nadu","568","Chennai","-","-","-","Adyar","East flowing rivers between Pennar and Kanyakumari","-","-","-","Adyar","12.98583333","80.24500000","03-12-2023 08:00","0.5"
"118431","SGSWRDC Campus (Tharamani site)","Tamil Nadu SW GW","33","Tamil Nadu","568","Chennai","-","-","-","Adyar","East flowing rivers between Pennar and Kanyakumari","-","-","-","Adyar","12.98583333","80.24500000","03-12-2023 09:00","0.5"
"118432","SGSWRDC Campus (Tharamani site)","Tamil Nadu SW GW","33","Tamil Nadu","568","Chennai","-","-","-","Adyar","East flowing rivers between Pennar and Kanyakumari","-","-","-","Adyar","12.98583333","80.24500000","03-12-2023 10:00","4"
"118433","SGSWRDC Campus (Tharamani site)","Tamil Nadu SW GW","33","Tamil Nadu","568","Chennai","-","-","-","Adyar","East flowing rivers between Pennar and Kanyakumari","-","-","-","Adyar","12.98583333","80.24500000","03-12-2023 12:00","2.5"
"118434","SGSWRDC Campus (Tharamani site)","Tamil Nadu SW GW","33","Tamil Nadu","568","Chennai","-","-","-","Adyar","East flowing rivers between Pennar and Kanyakumari","-","-","-","Adyar","12.98583333","80.24500000","03-12-2023 13:00","0.5"
"118435","SGSWRDC Campus (Tharamani site)","Tamil Nadu SW GW","33","Tamil Nadu","568","Chennai","-","-","-","Adyar","East flowing rivers between Pennar and Kanyakumari","-","-","-","Adyar","12.98583333","80.24500000","03-12-2023 14:00","0.5"
"118436","SGSWRDC Campus (Tharamani site)","Tamil Nadu SW GW","33","Tamil Nadu","568","Chennai","-","-","-","Adyar","East flowing rivers between Pennar and Kanyakumari","-","-","-","Adyar","12.98583333","80.24500000","03-12-2023 15:00","7"
"118437","SGSWRDC Campus (Tharamani site)","Tamil Nadu SW GW","33","Tamil Nadu","568","Chennai","-","-","-","Adyar","East flowing rivers between Pennar and Kanyakumari","-","-","-","Adyar","12.98583333","80.24500000","03-12-2023 16:00","2.5"
"118438","SGSWRDC Campus (Tharamani site)","Tamil Nadu SW GW","33","Tamil Nadu","568","Chennai","-","-","-","Adyar","East flowing rivers between Pennar and Kanyakumari","-","-","-","Adyar","12.98583333","80.24500000","03-12-2023 17:00","4.5"
"118439","SGSWRDC Campus (Tharamani site)","Tamil Nadu SW GW","33","Tamil Nadu","568","Chennai","-","-","-","Adyar","East flowing rivers between Pennar and Kanyakumari","-","-","-","Adyar","12.98583333","80.24500000","03-12-2023 18:00","10"
"118440","SGSWRDC Campus (Tharamani site)","Tamil Nadu SW GW","33","Tamil Nadu","568","Chennai","-","-","-","Adyar","East flowing rivers between Pennar and Kanyakumari","-","-","-","Adyar","12.98583333","80.24500000","03-12-2023 19:00","0.5"
"118441","SGSWRDC Campus (Tharamani site)","Tamil Nadu SW GW","33","Tamil Nadu","568","Chennai","-","-","-","Adyar","East flowing rivers between Pennar and Kanyakumari","-","-","-","Adyar","12.98583333","80.24500000","03-12-2023 20:00","5"
"118442","SGSWRDC Campus (Tharamani site)","Tamil Nadu SW GW","33","Tamil Nadu","568","Chennai","-","-","-","Adyar","East flowing rivers between Pennar and Kanyakumari","-","-","-","Adyar","12.98583333","80.24500000","03-12-2023 21:00","5"
"118443","SGSWRDC Campus (Tharamani site)","Tamil Nadu SW GW","33","Tamil Nadu","568","Chennai","-","-","-","Adyar","East flowing rivers between Pennar and Kanyakumari","-","-","-","Adyar","12.98583333","80.24500000","03-12-2023 22:00","7"
"118444","SGSWRDC Campus (Tharamani site)","Tamil Nadu SW GW","33","Tamil Nadu","568","Chennai","-","-","-","Adyar","East flowing rivers between Pennar and Kanyakumari","-","-","-","Adyar","12.98583333","80.24500000","03-12-2023 23:00","8"
"118445","SGSWRDC Campus (Tharamani site)","Tamil Nadu SW GW","33","Tamil Nadu","568","Chennai","-","-","-","Adyar","East flowing rivers between Pennar and Kanyakumari","-","-","-","Adyar","12.98583333","80.24500000","04-12-2023 00:00","15"
"118446","SGSWRDC Campus (Tharamani site)","Tamil Nadu SW GW","33","Tamil Nadu","568","Chennai","-","-","-","Adyar","East flowing rivers between Pennar and Kanyakumari","-","-","-","Adyar","12.98583333","80.24500000","04-12-2023 01:00","7.5"
"118447","SGSWRDC Campus (Tharamani site)","Tamil Nadu SW GW","33","Tamil Nadu","568","Chennai","-","-","-","Adyar","East flowing rivers between Pennar and Kanyakumari","-","-","-","Adyar","12.98583333","80.24500000","04-12-2023 02:00","7"
"118448","SGSWRDC Campus (Tharamani site)","Tamil Nadu SW GW","33","Tamil Nadu","568","Chennai","-","-","-","Adyar","East flowing rivers between Pennar and Kanyakumari","-","-","-","Adyar","12.98583333","80.24500000","04-12-2023 03:00","8"
"118449","SGSWRDC Campus (Tharamani site)","Tamil Nadu SW GW","33","Tamil Nadu","568","Chennai","-","-","-","Adyar","East flowing rivers between Pennar and Kanyakumari","-","-","-","Adyar","12.98583333","80.24500000","04-12-2023 04:00","21.5"
"118450","SGSWRDC Campus (Tharamani site)","Tamil Nadu SW GW","33","Tamil Nadu","568","Chennai","-","-","-","Adyar","East flowing rivers between Pennar and Kanyakumari","-","-","-","Adyar","12.98583333","80.24500000","04-12-2023 07:00","13"
"118451","SGSWRDC Campus (Tharamani site)","Tamil Nadu SW GW","33","Tamil Nadu","568","Chennai","-","-","-","Adyar","East flowing rivers between Pennar and Kanyakumari","-","-","-","Adyar","12.98583333","80.24500000","04-12-2023 08:00","27"
"118452","SGSWRDC Campus (Tharamani site)","Tamil Nadu SW GW","33","Tamil Nadu","568","Chennai","-","-","-","Adyar","East flowing rivers between Pennar and Kanyakumari","-","-","-","Adyar","12.98583333","80.24500000","04-12-2023 09:00","22"
"118453","SGSWRDC Campus (Tharamani site)","Tamil Nadu SW GW","33","Tamil Nadu","568","Chennai","-","-","-","Adyar","East flowing rivers between Pennar and Kanyakumari","-","-","-","Adyar","12.98583333","80.24500000","04-12-2023 10:00","33.5"
"118454","SGSWRDC Campus (Tharamani site)","Tamil Nadu SW GW","33","Tamil Nadu","568","Chennai","-","-","-","Adyar","East flowing rivers between Pennar and Kanyakumari","-","-","-","Adyar","12.98583333","80.24500000","04-12-2023 11:00","22.5"
"118455","SGSWRDC Campus (Tharamani site)","Tamil Nadu SW GW","33","Tamil Nadu","568","Chennai","-","-","-","Adyar","East flowing rivers between Pennar and Kanyakumari","-","-","-","Adyar","12.98583333","80.24500000","04-12-2023 12:00","14"
"118456","SGSWRDC Campus (Tharamani site)","Tamil Nadu SW GW","33","Tamil Nadu","568","Chennai","-","-","-","Adyar","East flowing rivers between Pennar and Kanyakumari","-","-","-","Adyar","12.98583333","80.24500000","04-12-2023 13:00","1"
"118457","SGSWRDC Campus (Tharamani site)","Tamil Nadu SW GW","33","Tamil Nadu","568","Chennai","-","-","-","Adyar","East flowing rivers between Pennar and Kanyakumari","-","-","-","Adyar","12.98583333","80.24500000","04-12-2023 14:00","20.5"
"118458","SGSWRDC Campus (Tharamani site)","Tamil Nadu SW GW","33","Tamil Nadu","568","Chennai","-","-","-","Adyar","East flowing rivers between Pennar and Kanyakumari","-","-","-","Adyar","12.98583333","80.24500000","04-12-2023 15:00","22"
"118459","SGSWRDC Campus (Tharamani site)","Tamil Nadu SW GW","33","Tamil Nadu","568","Chennai","-","-","-","Adyar","East flowing rivers between Pennar and Kanyakumari","-","-","-","Adyar","12.98583333","80.24500000","04-12-2023 16:00","7"
"118460","SGSWRDC Campus (Tharamani site)","Tamil Nadu SW GW","33","Tamil Nadu","568","Chennai","-","-","-","Adyar","East flowing rivers between Pennar and Kanyakumari","-","-","-","Adyar","12.98583333","80.24500000","04-12-2023 17:00","26.5"
"118461","SGSWRDC Campus (Tharamani site)","Tamil Nadu SW GW","33","Tamil Nadu","568","Chennai","-","-","-","Adyar","East flowing rivers between Pennar and Kanyakumari","-","-","-","Adyar","12.98583333","80.24500000","04-12-2023 18:00","8"
"118462","SGSWRDC Campus (Tharamani site)","Tamil Nadu SW GW","33","Tamil Nadu","568","Chennai","-","-","-","Adyar","East flowing rivers between Pennar and Kanyakumari","-","-","-","Adyar","12.98583333","80.24500000","04-12-2023 19:00","7.5"
"118463","SGSWRDC Campus (Tharamani site)","Tamil Nadu SW GW","33","Tamil Nadu","568","Chennai","-","-","-","Adyar","East flowing rivers between Pennar and Kanyakumari","-","-","-","Adyar","12.98583333","80.24500000","04-12-2023 20:00","31"
"118464","SGSWRDC Campus (Tharamani site)","Tamil Nadu SW GW","33","Tamil Nadu","568","Chennai","-","-","-","Adyar","East flowing rivers between Pennar and Kanyakumari","-","-","-","Adyar","12.98583333","80.24500000","11-12-2023 16:00","27"
"118465","SGSWRDC Campus (Tharamani site)","Tamil Nadu SW GW","33","Tamil Nadu","568","Chennai","-","-","-","Adyar","East flowing rivers between Pennar and Kanyakumari","-","-","-","Adyar","12.98583333","80.24500000","12-12-2023 14:00","0.5"
"118466","SGSWRDC Campus (Tharamani site)","Tamil Nadu SW GW","33","Tamil Nadu","568","Chennai","-","-","-","Adyar","East flowing rivers between Pennar and Kanyakumari","-","-","-","Adyar","12.98583333","80.24500000","12-12-2023 15:00","1"
"118467","SGSWRDC Campus (Tharamani site)","Tamil Nadu SW GW","33","Tamil Nadu","568","Chennai","-","-","-","Adyar","East flowing rivers between Pennar and Kanyakumari","-","-","-","Adyar","12.98583333","80.24500000","12-12-2023 16:00","4.5"
"118468","SGSWRDC Campus (Tharamani site)","Tamil Nadu SW GW","33","Tamil Nadu","568","Chennai","-","-","-","Adyar","East flowing rivers between Pennar and Kanyakumari","-","-","-","Adyar","12.98583333","80.24500000","12-12-2023 17:00","43"
"118469","SGSWRDC Campus (Tharamani site)","Tamil Nadu SW GW","33","Tamil Nadu","568","Chennai","-","-","-","Adyar","East flowing rivers between Pennar and Kanyakumari","-","-","-","Adyar","12.98583333","80.24500000","12-12-2023 18:00","6.5"
"118470","SGSWRDC Campus (Tharamani site)","Tamil Nadu SW GW","33","Tamil Nadu","568","Chennai","-","-","-","Adyar","East flowing rivers between Pennar and Kanyakumari","-","-","-","Adyar","12.98583333","80.24500000","12-12-2023 19:00","1.5"
"118471","SGSWRDC Campus (Tharamani site)","Tamil Nadu SW GW","33","Tamil Nadu","568","Chennai","-","-","-","Adyar","East flowing rivers between Pennar and Kanyakumari","-","-","-","Adyar","12.98583333","80.24500000","12-12-2023 20:00","1"
"118472","SGSWRDC Campus (Tharamani site)","Tamil Nadu SW GW","33","Tamil Nadu","568","Chennai","-","-","-","Adyar","East flowing rivers between Pennar and Kanyakumari","-","-","-","Adyar","12.98583333","80.24500000","12-12-2023 22:00","2.5"
"118473","SGSWRDC Campus (Tharamani site)","Tamil Nadu SW GW","33","Tamil Nadu","568","Chennai","-","-","-","Adyar","East flowing rivers between Pennar and Kanyakumari","-","-","-","Adyar","12.98583333","80.24500000","12-12-2023 23:00","0.5"
"118474","SGSWRDC Campus (Tharamani site)","Tamil Nadu SW GW","33","Tamil Nadu","568","Chennai","-","-","-","Adyar","East flowing rivers between Pennar and Kanyakumari","-","-","-","Adyar","12.98583333","80.24500000","13-12-2023 00:00","0.5"
"118475","SGSWRDC Campus (Tharamani site)","Tamil Nadu SW GW","33","Tamil Nadu","568","Chennai","-","-","-","Adyar","East flowing rivers between Pennar and Kanyakumari","-","-","-","Adyar","12.98583333","80.24500000","13-12-2023 01:00","52"
"118476","SGSWRDC Campus (Tharamani site)","Tamil Nadu SW GW","33","Tamil Nadu","568","Chennai","-","-","-","Adyar","East flowing rivers between Pennar and Kanyakumari","-","-","-","Adyar","12.98583333","80.24500000","13-12-2023 02:00","0.5"
"118477","SGSWRDC Campus (Tharamani site)","Tamil Nadu SW GW","33","Tamil Nadu","568","Chennai","-","-","-","Adyar","East flowing rivers between Pennar and Kanyakumari","-","-","-","Adyar","12.98583333","80.24500000","13-12-2023 03:00","0.5"
"118478","SGSWRDC Campus (Tharamani site)","Tamil Nadu SW GW","33","Tamil Nadu","568","Chennai","-","-","-","Adyar","East flowing rivers between Pennar and Kanyakumari","-","-","-","Adyar","12.98583333","80.24500000","13-12-2023 05:00","0.5"
"118479","SGSWRDC Campus (Tharamani site)","Tamil Nadu SW GW","33","Tamil Nadu","568","Chennai","-","-","-","Adyar","East flowing rivers between Pennar and Kanyakumari","-","-","-","Adyar","12.98583333","80.24500000","13-12-2023 09:00","1"
"118480","SGSWRDC Campus (Tharamani site)","Tamil Nadu SW GW","33","Tamil Nadu","568","Chennai","-","-","-","Adyar","East flowing rivers between Pennar and Kanyakumari","-","-","-","Adyar","12.98583333","80.24500000","13-12-2023 10:00","0.5"
"118481","SGSWRDC Campus (Tharamani site)","Tamil Nadu SW GW","33","Tamil Nadu","568","Chennai","-","-","-","Adyar","East flowing rivers between Pennar and Kanyakumari","-","-","-","Adyar","12.98583333","80.24500000","13-12-2023 11:00","5"
"118482","SGSWRDC Campus (Tharamani site)","Tamil Nadu SW GW","33","Tamil Nadu","568","Chennai","-","-","-","Adyar","East flowing rivers between Pennar and Kanyakumari","-","-","-","Adyar","12.98583333","80.24500000","13-12-2023 12:00","3"
"118483","SGSWRDC Campus (Tharamani site)","Tamil Nadu SW GW","33","Tamil Nadu","568","Chennai","-","-","-","Adyar","East flowing rivers between Pennar and Kanyakumari","-","-","-","Adyar","12.98583333","80.24500000","13-12-2023 13:00","4"
"118484","SGSWRDC Campus (Tharamani site)","Tamil Nadu SW GW","33","Tamil Nadu","568","Chennai","-","-","-","Adyar","East flowing rivers between Pennar and Kanyakumari","-","-","-","Adyar","12.98583333","80.24500000","13-12-2023 14:00","4.5"
"118485","SGSWRDC Campus (Tharamani site)","Tamil Nadu SW GW","33","Tamil Nadu","568","Chennai","-","-","-","Adyar","East flowing rivers between Pennar and Kanyakumari","-","-","-","Adyar","12.98583333","80.24500000","13-12-2023 15:00","0.5"
"118486","SGSWRDC Campus (Tharamani site)","Tamil Nadu SW GW","33","Tamil Nadu","568","Chennai","-","-","-","Adyar","East flowing rivers between Pennar and Kanyakumari","-","-","-","Adyar","12.98583333","80.24500000","13-12-2023 16:00","2"
"118487","SGSWRDC Campus (Tharamani site)","Tamil Nadu SW GW","33","Tamil Nadu","568","Chennai","-","-","-","Adyar","East flowing rivers between Pennar and Kanyakumari","-","-","-","Adyar","12.98583333","80.24500000","13-12-2023 17:00","1"
"118488","SGSWRDC Campus (Tharamani site)","Tamil Nadu SW GW","33","Tamil Nadu","568","Chennai","-","-","-","Adyar","East flowing rivers between Pennar and Kanyakumari","-","-","-","Adyar","12.98583333","80.24500000","13-12-2023 18:00","0.5"
"118489","SGSWRDC Campus (Tharamani site)","Tamil Nadu SW GW","33","Tamil Nadu","568","Chennai","-","-","-","Adyar","East flowing rivers between Pennar and Kanyakumari","-","-","-","Adyar","12.98583333","80.24500000","13-12-2023 19:00","1"
"118490","SGSWRDC Campus (Tharamani site)","Tamil Nadu SW GW","33","Tamil Nadu","568","Chennai","-","-","-","Adyar","East flowing rivers between Pennar and Kanyakumari","-","-","-","Adyar","12.98583333","80.24500000","13-12-2023 20:00","0.5"
"118491","SGSWRDC Campus (Tharamani site)","Tamil Nadu SW GW","33","Tamil Nadu","568","Chennai","-","-","-","Adyar","East flowing rivers between Pennar and Kanyakumari","-","-","-","Adyar","12.98583333","80.24500000","13-12-2023 21:00","1.5"
"118492","SGSWRDC Campus (Tharamani site)","Tamil Nadu SW GW","33","Tamil Nadu","568","Chennai","-","-","-","Adyar","East flowing rivers between Pennar and Kanyakumari","-","-","-","Adyar","12.98583333","80.24500000","14-12-2023 00:00","1"
"118493","SGSWRDC Campus (Tharamani site)","Tamil Nadu SW GW","33","Tamil Nadu","568","Chennai","-","-","-","Adyar","East flowing rivers between Pennar and Kanyakumari","-","-","-","Adyar","12.98583333","80.24500000","14-12-2023 01:00","0.5"
"118494","SGSWRDC Campus (Tharamani site)","Tamil Nadu SW GW","33","Tamil Nadu","568","Chennai","-","-","-","Adyar","East flowing rivers between Pennar and Kanyakumari","-","-","-","Adyar","12.98583333","80.24500000","14-12-2023 02:00","1.5"
"118495","SGSWRDC Campus (Tharamani site)","Tamil Nadu SW GW","33","Tamil Nadu","568","Chennai","-","-","-","Adyar","East flowing rivers between Pennar and Kanyakumari","-","-","-","Adyar","12.98583333","80.24500000","14-12-2023 03:00","0.5"
"118496","SGSWRDC Campus (Tharamani site)","Tamil Nadu SW GW","33","Tamil Nadu","568","Chennai","-","-","-","Adyar","East flowing rivers between Pennar and Kanyakumari","-","-","-","Adyar","12.98583333","80.24500000","14-12-2023 08:00","5"
"118497","SGSWRDC Campus (Tharamani site)","Tamil Nadu SW GW","33","Tamil Nadu","568","Chennai","-","-","-","Adyar","East flowing rivers between Pennar and Kanyakumari","-","-","-","Adyar","12.98583333","80.24500000","14-12-2023 09:00","50"
"118498","SGSWRDC Campus (Tharamani site)","Tamil Nadu SW GW","33","Tamil Nadu","568","Chennai","-","-","-","Adyar","East flowing rivers between Pennar and Kanyakumari","-","-","-","Adyar","12.98583333","80.24500000","14-12-2023 10:00","1.5"
"118499","SGSWRDC Campus (Tharamani site)","Tamil Nadu SW GW","33","Tamil Nadu","568","Chennai","-","-","-","Adyar","East flowing rivers between Pennar and Kanyakumari","-","-","-","Adyar","12.98583333","80.24500000","14-12-2023 11:00","0.5"
"118500","SGSWRDC Campus (Tharamani site)","Tamil Nadu SW GW","33","Tamil Nadu","568","Chennai","-","-","-","Adyar","East flowing rivers between Pennar and Kanyakumari","-","-","-","Adyar","12.98583333","80.24500000","14-12-2023 14:00","1"
"118501","SGSWRDC Campus (Tharamani site)","Tamil Nadu SW GW","33","Tamil Nadu","568","Chennai","-","-","-","Adyar","East flowing rivers between Pennar and Kanyakumari","-","-","-","Adyar","12.98583333","80.24500000","14-12-2023 15:00","1.5"
"118502","SGSWRDC Campus (Tharamani site)","Tamil Nadu SW GW","33","Tamil Nadu","568","Chennai","-","-","-","Adyar","East flowing rivers between Pennar and Kanyakumari","-","-","-","Adyar","12.98583333","80.24500000","14-12-2023 16:00","2.5"
"118503","SGSWRDC Campus (Tharamani site)","Tamil Nadu SW GW","33","Tamil Nadu","568","Chennai","-","-","-","Adyar","East flowing rivers between Pennar and Kanyakumari","-","-","-","Adyar","12.98583333","80.24500000","14-12-2023 17:00","0.5"
"118504","SGSWRDC Campus (Tharamani site)","Tamil Nadu SW GW","33","Tamil Nadu","568","Chennai","-","-","-","Adyar","East flowing rivers between Pennar and Kanyakumari","-","-","-","Adyar","12.98583333","80.24500000","14-12-2023 18:00","1"
"118505","SGSWRDC Campus (Tharamani site)","Tamil Nadu SW GW","33","Tamil Nadu","568","Chennai","-","-","-","Adyar","East flowing rivers between Pennar and Kanyakumari","-","-","-","Adyar","12.98583333","80.24500000","14-12-2023 19:00","3"
"118506","SGSWRDC Campus (Tharamani site)","Tamil Nadu SW GW","33","Tamil Nadu","568","Chennai","-","-","-","Adyar","East flowing rivers between Pennar and Kanyakumari","-","-","-","Adyar","12.98583333","80.24500000","14-12-2023 20:00","0.5"
"118507","SGSWRDC Campus (Tharamani site)","Tamil Nadu SW GW","33","Tamil Nadu","568","Chennai","-","-","-","Adyar","East flowing rivers between Pennar and Kanyakumari","-","-","-","Adyar","12.98583333","80.24500000","14-12-2023 21:00","0.5"
"118508","SGSWRDC Campus (Tharamani site)","Tamil Nadu SW GW","33","Tamil Nadu","568","Chennai","-","-","-","Adyar","East flowing rivers between Pennar and Kanyakumari","-","-","-","Adyar","12.98583333","80.24500000","14-12-2023 22:00","1"
"118509","SGSWRDC Campus (Tharamani site)","Tamil Nadu SW GW","33","Tamil Nadu","568","Chennai","-","-","-","Adyar","East flowing rivers between Pennar and Kanyakumari","-","-","-","Adyar","12.98583333","80.24500000","14-12-2023 23:00","1.5"
"118510","SGSWRDC Campus (Tharamani site)","Tamil Nadu SW GW","33","Tamil Nadu","568","Chennai","-","-","-","Adyar","East flowing rivers between Pennar and Kanyakumari","-","-","-","Adyar","12.98583333","80.24500000","15-12-2023 00:00","10.5"
"118511","SGSWRDC Campus (Tharamani site)","Tamil Nadu SW GW","33","Tamil Nadu","568","Chennai","-","-","-","Adyar","East flowing rivers between Pennar and Kanyakumari","-","-","-","Adyar","12.98583333","80.24500000","15-12-2023 01:00","12"
"118512","SGSWRDC Campus (Tharamani site)","Tamil Nadu SW GW","33","Tamil Nadu","568","Chennai","-","-","-","Adyar","East flowing rivers between Pennar and Kanyakumari","-","-","-","Adyar","12.98583333","80.24500000","15-12-2023 02:00","3.5"
"118513","SGSWRDC Campus (Tharamani site)","Tamil Nadu SW GW","33","Tamil Nadu","568","Chennai","-","-","-","Adyar","East flowing rivers between Pennar and Kanyakumari","-","-","-","Adyar","12.98583333","80.24500000","15-12-2023 03:00","3.5"
"118514","SGSWRDC Campus (Tharamani site)","Tamil Nadu SW GW","33","Tamil Nadu","568","Chennai","-","-","-","Adyar","East flowing rivers between Pennar and Kanyakumari","-","-","-","Adyar","12.98583333","80.24500000","15-12-2023 04:00","9.5"
"118515","SGSWRDC Campus (Tharamani site)","Tamil Nadu SW GW","33","Tamil Nadu","568","Chennai","-","-","-","Adyar","East flowing rivers between Pennar and Kanyakumari","-","-","-","Adyar","12.98583333","80.24500000","15-12-2023 05:00","2"
"118516","SGSWRDC Campus (Tharamani site)","Tamil Nadu SW GW","33","Tamil Nadu","568","Chennai","-","-","-","Adyar","East flowing rivers between Pennar and Kanyakumari","-","-","-","Adyar","12.98583333","80.24500000","15-12-2023 06:00","3"
"118517","SGSWRDC Campus (Tharamani site)","Tamil Nadu SW GW","33","Tamil Nadu","568","Chennai","-","-","-","Adyar","East flowing rivers between Pennar and Kanyakumari","-","-","-","Adyar","12.98583333","80.24500000","15-12-2023 07:00","1"
"118518","SGSWRDC Campus (Tharamani site)","Tamil Nadu SW GW","33","Tamil Nadu","568","Chennai","-","-","-","Adyar","East flowing rivers between Pennar and Kanyakumari","-","-","-","Adyar","12.98583333","80.24500000","15-12-2023 08:00","1.5"
"118519","SGSWRDC Campus (Tharamani site)","Tamil Nadu SW GW","33","Tamil Nadu","568","Chennai","-","-","-","Adyar","East flowing rivers between Pennar and Kanyakumari","-","-","-","Adyar","12.98583333","80.24500000","15-12-2023 09:00","6"
"118520","SGSWRDC Campus (Tharamani site)","Tamil Nadu SW GW","33","Tamil Nadu","568","Chennai","-","-","-","Adyar","East flowing rivers between Pennar and Kanyakumari","-","-","-","Adyar","12.98583333","80.24500000","15-12-2023 10:00","8.5"
"118521","SGSWRDC Campus (Tharamani site)","Tamil Nadu SW GW","33","Tamil Nadu","568","Chennai","-","-","-","Adyar","East flowing rivers between Pennar and Kanyakumari","-","-","-","Adyar","12.98583333","80.24500000","15-12-2023 11:00","0.5"
"118522","SGSWRDC Campus (Tharamani site)","Tamil Nadu SW GW","33","Tamil Nadu","568","Chennai","-","-","-","Adyar","East flowing rivers between Pennar and Kanyakumari","-","-","-","Adyar","12.98583333","80.24500000","15-12-2023 12:00","1"
"118523","SGSWRDC Campus (Tharamani site)","Tamil Nadu SW GW","33","Tamil Nadu","568","Chennai","-","-","-","Adyar","East flowing rivers between Pennar and Kanyakumari","-","-","-","Adyar","12.98583333","80.24500000","15-12-2023 13:00","3.5"
"118524","SGSWRDC Campus (Tharamani site)","Tamil Nadu SW GW","33","Tamil Nadu","568","Chennai","-","-","-","Adyar","East flowing rivers between Pennar and Kanyakumari","-","-","-","Adyar","12.98583333","80.24500000","15-12-2023 14:00","4.5"
"118525","SGSWRDC Campus (Tharamani site)","Tamil Nadu SW GW","33","Tamil Nadu","568","Chennai","-","-","-","Adyar","East flowing rivers between Pennar and Kanyakumari","-","-","-","Adyar","12.98583333","80.24500000","15-12-2023 15:00","2.5"
"118526","SGSWRDC Campus (Tharamani site)","Tamil Nadu SW GW","33","Tamil Nadu","568","Chennai","-","-","-","Adyar","East flowing rivers between Pennar and Kanyakumari","-","-","-","Adyar","12.98583333","80.24500000","15-12-2023 16:00","2.5"
"118527","SGSWRDC Campus (Tharamani site)","Tamil Nadu SW GW","33","Tamil Nadu","568","Chennai","-","-","-","Adyar","East flowing rivers between Pennar and Kanyakumari","-","-","-","Adyar","12.98583333","80.24500000","15-12-2023 17:00","11"
"118528","SGSWRDC Campus (Tharamani site)","Tamil Nadu SW GW","33","Tamil Nadu","568","Chennai","-","-","-","Adyar","East flowing rivers between Pennar and Kanyakumari","-","-","-","Adyar","12.98583333","80.24500000","15-12-2023 20:00","43"
"118529","SGSWRDC Campus (Tharamani site)","Tamil Nadu SW GW","33","Tamil Nadu","568","Chennai","-","-","-","Adyar","East flowing rivers between Pennar and Kanyakumari","-","-","-","Adyar","12.98583333","80.24500000","15-12-2023 21:00","11.5"
"118530","SGSWRDC Campus (Tharamani site)","Tamil Nadu SW GW","33","Tamil Nadu","568","Chennai","-","-","-","Adyar","East flowing rivers between Pennar and Kanyakumari","-","-","-","Adyar","12.98583333","80.24500000","15-12-2023 22:00","85"
"118531","SGSWRDC Campus (Tharamani site)","Tamil Nadu SW GW","33","Tamil Nadu","568","Chennai","-","-","-","Adyar","East flowing rivers between Pennar and Kanyakumari","-","-","-","Adyar","12.98583333","80.24500000","15-12-2023 23:00","75.5"
"118532","SGSWRDC Campus (Tharamani site)","Tamil Nadu SW GW","33","Tamil Nadu","568","Chennai","-","-","-","Adyar","East flowing rivers between Pennar and Kanyakumari","-","-","-","Adyar","12.98583333","80.24500000","16-12-2023 00:00","4"
"118533","SGSWRDC Campus (Tharamani site)","Tamil Nadu SW GW","33","Tamil Nadu","568","Chennai","-","-","-","Adyar","East flowing rivers between Pennar and Kanyakumari","-","-","-","Adyar","12.98583333","80.24500000","16-12-2023 01:00","13.5"
"118534","SGSWRDC Campus (Tharamani site)","Tamil Nadu SW GW","33","Tamil Nadu","568","Chennai","-","-","-","Adyar","East flowing rivers between Pennar and Kanyakumari","-","-","-","Adyar","12.98583333","80.24500000","16-12-2023 02:00","5"
"118535","SGSWRDC Campus (Tharamani site)","Tamil Nadu SW GW","33","Tamil Nadu","568","Chennai","-","-","-","Adyar","East flowing rivers between Pennar and Kanyakumari","-","-","-","Adyar","12.98583333","80.24500000","16-12-2023 03:00","0.5"
"118536","SGSWRDC Campus (Tharamani site)","Tamil Nadu SW GW","33","Tamil Nadu","568","Chennai","-","-","-","Adyar","East flowing rivers between Pennar and Kanyakumari","-","-","-","Adyar","12.98583333","80.24500000","16-12-2023 04:00","7"
"118537","SGSWRDC Campus (Tharamani site)","Tamil Nadu SW GW","33","Tamil Nadu","568","Chennai","-","-","-","Adyar","East flowing rivers between Pennar and Kanyakumari","-","-","-","Adyar","12.98583333","80.24500000","16-12-2023 05:00","2"
"118538","SGSWRDC Campus (Tharamani site)","Tamil Nadu SW GW","33","Tamil Nadu","568","Chennai","-","-","-","Adyar","East flowing rivers between Pennar and Kanyakumari","-","-","-","Adyar","12.98583333","80.24500000","16-12-2023 06:00","2.5"
"118539","SGSWRDC Campus (Tharamani site)","Tamil Nadu SW GW","33","Tamil Nadu","568","Chennai","-","-","-","Adyar","East flowing rivers between Pennar and Kanyakumari","-","-","-","Adyar","12.98583333","80.24500000","16-12-2023 07:00","1"
"118540","SGSWRDC Campus (Tharamani site)","Tamil Nadu SW GW","33","Tamil Nadu","568","Chennai","-","-","-","Adyar","East flowing rivers between Pennar and Kanyakumari","-","-","-","Adyar","12.98583333","80.24500000","16-12-2023 08:00","0.5"
"118541","SGSWRDC Campus (Tharamani site)","Tamil Nadu SW GW","33","Tamil Nadu","568","Chennai","-","-","-","Adyar","East flowing rivers between Pennar and Kanyakumari","-","-","-","Adyar","12.98583333","80.24500000","16-12-2023 09:00","1"
"118542","SGSWRDC Campus (Tharamani site)","Tamil Nadu SW GW","33","Tamil Nadu","568","Chennai","-","-","-","Adyar","East flowing rivers between Pennar and Kanyakumari","-","-","-","Adyar","12.98583333","80.24500000","16-12-2023 11:00","1"
"118543","SGSWRDC Campus (Tharamani site)","Tamil Nadu SW GW","33","Tamil Nadu","568","Chennai","-","-","-","Adyar","East flowing rivers between Pennar and Kanyakumari","-","-","-","Adyar","12.98583333","80.24500000","16-12-2023 12:00","4"
"118544","SGSWRDC Campus (Tharamani site)","Tamil Nadu SW GW","33","Tamil Nadu","568","Chennai","-","-","-","Adyar","East flowing rivers between Pennar and Kanyakumari","-","-","-","Adyar","12.98583333","80.24500000","16-12-2023 13:00","0.5"
"118545","SGSWRDC Campus (Tharamani site)","Tamil Nadu SW GW","33","Tamil Nadu","568","Chennai","-","-","-","Adyar","East flowing rivers between Pennar and Kanyakumari","-","-","-","Adyar","12.98583333","80.24500000","16-12-2023 14:00","0.5"
"118546","SGSWRDC Campus (Tharamani site)","Tamil Nadu SW GW","33","Tamil Nadu","568","Chennai","-","-","-","Adyar","East flowing rivers between Pennar and Kanyakumari","-","-","-","Adyar","12.98583333","80.24500000","17-12-2023 02:00","1"
"118547","SGSWRDC Campus (Tharamani site)","Tamil Nadu SW GW","33","Tamil Nadu","568","Chennai","-","-","-","Adyar","East flowing rivers between Pennar and Kanyakumari","-","-","-","Adyar","12.98583333","80.24500000","17-12-2023 10:00","0.5"
"118548","SGSWRDC Campus (Tharamani site)","Tamil Nadu SW GW","33","Tamil Nadu","568","Chennai","-","-","-","Adyar","East flowing rivers between Pennar and Kanyakumari","-","-","-","Adyar","12.98583333","80.24500000","17-12-2023 15:00","0.5"
"118549","SGSWRDC Campus (Tharamani site)","Tamil Nadu SW GW","33","Tamil Nadu","568","Chennai","-","-","-","Adyar","East flowing rivers between Pennar and Kanyakumari","-","-","-","Adyar","12.98583333","80.24500000","18-12-2023 10:00","0.5"
"118550","SGSWRDC Campus (Tharamani site)","Tamil Nadu SW GW","33","Tamil Nadu","568","Chennai","-","-","-","Adyar","East flowing rivers between Pennar and Kanyakumari","-","-","-","Adyar","12.98583333","80.24500000","23-12-2023 11:00","0.5"
"118551","SGSWRDC Campus (Tharamani site)","Tamil Nadu SW GW","33","Tamil Nadu","568","Chennai","-","-","-","Adyar","East flowing rivers between Pennar and Kanyakumari","-","-","-","Adyar","12.98583333","80.24500000","23-12-2023 15:00","0.5"
"118552","SGSWRDC Campus (Tharamani site)","Tamil Nadu SW GW","33","Tamil Nadu","568","Chennai","-","-","-","Adyar","East flowing rivers between Pennar and Kanyakumari","-","-","-","Adyar","12.98583333","80.24500000","24-12-2023 19:00","0.5"
"118553","SGSWRDC Campus (Tharamani site)","Tamil Nadu SW GW","33","Tamil Nadu","568","Chennai","-","-","-","Adyar","East flowing rivers between Pennar and Kanyakumari","-","-","-","Adyar","12.98583333","80.24500000","25-12-2023 01:00","1"
"118554","SGSWRDC Campus (Tharamani site)","Tamil Nadu SW GW","33","Tamil Nadu","568","Chennai","-","-","-","Adyar","East flowing rivers between Pennar and Kanyakumari","-","-","-","Adyar","12.98583333","80.24500000","25-12-2023 08:00","0.5"
"118555","SGSWRDC Campus (Tharamani site)","Tamil Nadu SW GW","33","Tamil Nadu","568","Chennai","-","-","-","Adyar","East flowing rivers between Pennar and Kanyakumari","-","-","-","Adyar","12.98583333","80.24500000","25-12-2023 10:00","0.5"
"118556","SGSWRDC Campus (Tharamani site)","Tamil Nadu SW GW","33","Tamil Nadu","568","Chennai","-","-","-","Adyar","East flowing rivers between Pennar and Kanyakumari","-","-","-","Adyar","12.98583333","80.24500000","25-12-2023 12:00","0.5"
"118557","SGSWRDC Campus (Tharamani site)","Tamil Nadu SW GW","33","Tamil Nadu","568","Chennai","-","-","-","Adyar","East flowing rivers between Pennar and Kanyakumari","-","-","-","Adyar","12.98583333","80.24500000","25-12-2023 20:00","0.5"
"118558","SGSWRDC Campus (Tharamani site)","Tamil Nadu SW GW","33","Tamil Nadu","568","Chennai","-","-","-","Adyar","East flowing rivers between Pennar and Kanyakumari","-","-","-","Adyar","12.98583333","80.24500000","29-12-2023 00:00","0.5"
"118559","SGSWRDC Campus (Tharamani site)","Tamil Nadu SW GW","33","Tamil Nadu","568","Chennai","-","-","-","Adyar","East flowing rivers between Pennar and Kanyakumari","-","-","-","Adyar","12.98583333","80.24500000","30-12-2023 08:00","0.5"
"118560","SGSWRDC Campus (Tharamani site)","Tamil Nadu SW GW","33","Tamil Nadu","568","Chennai","-","-","-","Adyar","East flowing rivers between Pennar and Kanyakumari","-","-","-","Adyar","12.98583333","80.24500000","31-12-2023 04:00","0.5"
"118561","SGSWRDC Campus (Tharamani site)","Tamil Nadu SW GW","33","Tamil Nadu","568","Chennai","-","-","-","Adyar","East flowing rivers between Pennar and Kanyakumari","-","-","-","Adyar","12.98583333","80.24500000","03-01-2024 10:25","1"
"118562","SGSWRDC Campus (Tharamani site)","Tamil Nadu SW GW","33","Tamil Nadu","568","Chennai","-","-","-","Adyar","East flowing rivers between Pennar and Kanyakumari","-","-","-","Adyar","12.98583333","80.24500000","03-01-2024 10:30","1"
"118563","SGSWRDC Campus (Tharamani site)","Tamil Nadu SW GW","33","Tamil Nadu","568","Chennai","-","-","-","Adyar","East flowing rivers between Pennar and Kanyakumari","-","-","-","Adyar","12.98583333","80.24500000","03-01-2024 10:35","1"
"118564","SGSWRDC Campus (Tharamani site)","Tamil Nadu SW GW","33","Tamil Nadu","568","Chennai","-","-","-","Adyar","East flowing rivers between Pennar and Kanyakumari","-","-","-","Adyar","12.98583333","80.24500000","03-01-2024 10:40","1"
"118565","SGSWRDC Campus (Tharamani site)","Tamil Nadu SW GW","33","Tamil Nadu","568","Chennai","-","-","-","Adyar","East flowing rivers between Pennar and Kanyakumari","-","-","-","Adyar","12.98583333","80.24500000","03-01-2024 10:45","1"
"118566","SGSWRDC Campus (Tharamani site)","Tamil Nadu SW GW","33","Tamil Nadu","568","Chennai","-","-","-","Adyar","East flowing rivers between Pennar and Kanyakumari","-","-","-","Adyar","12.98583333","80.24500000","03-01-2024 10:50","1"
"118567","SGSWRDC Campus (Tharamani site)","Tamil Nadu SW GW","33","Tamil Nadu","568","Chennai","-","-","-","Adyar","East flowing rivers between Pennar and Kanyakumari","-","-","-","Adyar","12.98583333","80.24500000","03-01-2024 10:55","1"
"118568","SGSWRDC Campus (Tharamani site)","Tamil Nadu SW GW","33","Tamil Nadu","568","Chennai","-","-","-","Adyar","East flowing rivers between Pennar and Kanyakumari","-","-","-","Adyar","12.98583333","80.24500000","03-01-2024 11:00","1"
"118569","SGSWRDC Campus (Tharamani site)","Tamil Nadu SW GW","33","Tamil Nadu","568","Chennai","-","-","-","Adyar","East flowing rivers between Pennar and Kanyakumari","-","-","-","Adyar","12.98583333","80.24500000","03-01-2024 23:55","0.5"
"118570","SGSWRDC Campus (Tharamani site)","Tamil Nadu SW GW","33","Tamil Nadu","568","Chennai","-","-","-","Adyar","East flowing rivers between Pennar and Kanyakumari","-","-","-","Adyar","12.98583333","80.24500000","04-01-2024 00:00","0.5"
"118571","SGSWRDC Campus (Tharamani site)","Tamil Nadu SW GW","33","Tamil Nadu","568","Chennai","-","-","-","Adyar","East flowing rivers between Pennar and Kanyakumari","-","-","-","Adyar","12.98583333","80.24500000","04-01-2024 00:50","0.5"
"118572","SGSWRDC Campus (Tharamani site)","Tamil Nadu SW GW","33","Tamil Nadu","568","Chennai","-","-","-","Adyar","East flowing rivers between Pennar and Kanyakumari","-","-","-","Adyar","12.98583333","80.24500000","04-01-2024 00:55","0.5"
"118573","SGSWRDC Campus (Tharamani site)","Tamil Nadu SW GW","33","Tamil Nadu","568","Chennai","-","-","-","Adyar","East flowing rivers between Pennar and Kanyakumari","-","-","-","Adyar","12.98583333","80.24500000","04-01-2024 01:00","0.5"
"118574","SGSWRDC Campus (Tharamani site)","Tamil Nadu SW GW","33","Tamil Nadu","568","Chennai","-","-","-","Adyar","East flowing rivers between Pennar and Kanyakumari","-","-","-","Adyar","12.98583333","80.24500000","04-01-2024 06:00","0.5"
"118575","SGSWRDC Campus (Tharamani site)","Tamil Nadu SW GW","33","Tamil Nadu","568","Chennai","-","-","-","Adyar","East flowing rivers between Pennar and Kanyakumari","-","-","-","Adyar","12.98583333","80.24500000","04-01-2024 16:00","0.5"
"118576","SGSWRDC Campus (Tharamani site)","Tamil Nadu SW GW","33","Tamil Nadu","568","Chennai","-","-","-","Adyar","East flowing rivers between Pennar and Kanyakumari","-","-","-","Adyar","12.98583333","80.24500000","04-01-2024 17:00","2"
"118577","SGSWRDC Campus (Tharamani site)","Tamil Nadu SW GW","33","Tamil Nadu","568","Chennai","-","-","-","Adyar","East flowing rivers between Pennar and Kanyakumari","-","-","-","Adyar","12.98583333","80.24500000","04-01-2024 18:00","1"
"118578","SGSWRDC Campus (Tharamani site)","Tamil Nadu SW GW","33","Tamil Nadu","568","Chennai","-","-","-","Adyar","East flowing rivers between Pennar and Kanyakumari","-","-","-","Adyar","12.98583333","80.24500000","05-01-2024 07:00","0.5"
"118579","SGSWRDC Campus (Tharamani site)","Tamil Nadu SW GW","33","Tamil Nadu","568","Chennai","-","-","-","Adyar","East flowing rivers between Pennar and Kanyakumari","-","-","-","Adyar","12.98583333","80.24500000","05-01-2024 12:00","17.5"
"118580","SGSWRDC Campus (Tharamani site)","Tamil Nadu SW GW","33","Tamil Nadu","568","Chennai","-","-","-","Adyar","East flowing rivers between Pennar and Kanyakumari","-","-","-","Adyar","12.98583333","80.24500000","05-01-2024 16:00","0.5"
"118581","SGSWRDC Campus (Tharamani site)","Tamil Nadu SW GW","33","Tamil Nadu","568","Chennai","-","-","-","Adyar","East flowing rivers between Pennar and Kanyakumari","-","-","-","Adyar","12.98583333","80.24500000","06-01-2024 11:00","0.5"
"118582","SGSWRDC Campus (Tharamani site)","Tamil Nadu SW GW","33","Tamil Nadu","568","Chennai","-","-","-","Adyar","East flowing rivers between Pennar and Kanyakumari","-","-","-","Adyar","12.98583333","80.24500000","06-01-2024 12:00","0.5"
"118583","SGSWRDC Campus (Tharamani site)","Tamil Nadu SW GW","33","Tamil Nadu","568","Chennai","-","-","-","Adyar","East flowing rivers between Pennar and Kanyakumari","-","-","-","Adyar","12.98583333","80.24500000","07-01-2024 06:00","3"
"118584","SGSWRDC Campus (Tharamani site)","Tamil Nadu SW GW","33","Tamil Nadu","568","Chennai","-","-","-","Adyar","East flowing rivers between Pennar and Kanyakumari","-","-","-","Adyar","12.98583333","80.24500000","07-01-2024 09:00","0.5"
"118585","SGSWRDC Campus (Tharamani site)","Tamil Nadu SW GW","33","Tamil Nadu","568","Chennai","-","-","-","Adyar","East flowing rivers between Pennar and Kanyakumari","-","-","-","Adyar","12.98583333","80.24500000","07-01-2024 10:00","4.5"
"118586","SGSWRDC Campus (Tharamani site)","Tamil Nadu SW GW","33","Tamil Nadu","568","Chennai","-","-","-","Adyar","East flowing rivers between Pennar and Kanyakumari","-","-","-","Adyar","12.98583333","80.24500000","07-01-2024 11:00","0.5"
"118587","SGSWRDC Campus (Tharamani site)","Tamil Nadu SW GW","33","Tamil Nadu","568","Chennai","-","-","-","Adyar","East flowing rivers between Pennar and Kanyakumari","-","-","-","Adyar","12.98583333","80.24500000","07-01-2024 14:00","1"
"118588","SGSWRDC Campus (Tharamani site)","Tamil Nadu SW GW","33","Tamil Nadu","568","Chennai","-","-","-","Adyar","East flowing rivers between Pennar and Kanyakumari","-","-","-","Adyar","12.98583333","80.24500000","07-01-2024 15:00","1"
"118589","SGSWRDC Campus (Tharamani site)","Tamil Nadu SW GW","33","Tamil Nadu","568","Chennai","-","-","-","Adyar","East flowing rivers between Pennar and Kanyakumari","-","-","-","Adyar","12.98583333","80.24500000","07-01-2024 16:00","0.5"
"118590","SGSWRDC Campus (Tharamani site)","Tamil Nadu SW GW","33","Tamil Nadu","568","Chennai","-","-","-","Adyar","East flowing rivers between Pennar and Kanyakumari","-","-","-","Adyar","12.98583333","80.24500000","07-01-2024 18:00","2"
"118591","SGSWRDC Campus (Tharamani site)","Tamil Nadu SW GW","33","Tamil Nadu","568","Chennai","-","-","-","Adyar","East flowing rivers between Pennar and Kanyakumari","-","-","-","Adyar","12.98583333","80.24500000","07-01-2024 19:00","10.5"
"118592","SGSWRDC Campus (Tharamani site)","Tamil Nadu SW GW","33","Tamil Nadu","568","Chennai","-","-","-","Adyar","East flowing rivers between Pennar and Kanyakumari","-","-","-","Adyar","12.98583333","80.24500000","07-01-2024 20:00","8"
"118593","SGSWRDC Campus (Tharamani site)","Tamil Nadu SW GW","33","Tamil Nadu","568","Chennai","-","-","-","Adyar","East flowing rivers between Pennar and Kanyakumari","-","-","-","Adyar","12.98583333","80.24500000","07-01-2024 21:00","2"
"118594","SGSWRDC Campus (Tharamani site)","Tamil Nadu SW GW","33","Tamil Nadu","568","Chennai","-","-","-","Adyar","East flowing rivers between Pennar and Kanyakumari","-","-","-","Adyar","12.98583333","80.24500000","07-01-2024 22:00","0.5"
"118595","SGSWRDC Campus (Tharamani site)","Tamil Nadu SW GW","33","Tamil Nadu","568","Chennai","-","-","-","Adyar","East flowing rivers between Pennar and Kanyakumari","-","-","-","Adyar","12.98583333","80.24500000","08-01-2024 00:00","0.5"
"118596","SGSWRDC Campus (Tharamani site)","Tamil Nadu SW GW","33","Tamil Nadu","568","Chennai","-","-","-","Adyar","East flowing rivers between Pennar and Kanyakumari","-","-","-","Adyar","12.98583333","80.24500000","08-01-2024 01:00","14.5"
"118597","SGSWRDC Campus (Tharamani site)","Tamil Nadu SW GW","33","Tamil Nadu","568","Chennai","-","-","-","Adyar","East flowing rivers between Pennar and Kanyakumari","-","-","-","Adyar","12.98583333","80.24500000","08-01-2024 02:00","0.5"
"118598","SGSWRDC Campus (Tharamani site)","Tamil Nadu SW GW","33","Tamil Nadu","568","Chennai","-","-","-","Adyar","East flowing rivers between Pennar and Kanyakumari","-","-","-","Adyar","12.98583333","80.24500000","08-01-2024 03:00","2"
"118599","SGSWRDC Campus (Tharamani site)","Tamil Nadu SW GW","33","Tamil Nadu","568","Chennai","-","-","-","Adyar","East flowing rivers between Pennar and Kanyakumari","-","-","-","Adyar","12.98583333","80.24500000","08-01-2024 04:00","3"
"118600","SGSWRDC Campus (Tharamani site)","Tamil Nadu SW GW","33","Tamil Nadu","568","Chennai","-","-","-","Adyar","East flowing rivers between Pennar and Kanyakumari","-","-","-","Adyar","12.98583333","80.24500000","08-01-2024 06:00","0.5"
"118601","SGSWRDC Campus (Tharamani site)","Tamil Nadu SW GW","33","Tamil Nadu","568","Chennai","-","-","-","Adyar","East flowing rivers between Pennar and Kanyakumari","-","-","-","Adyar","12.98583333","80.24500000","08-01-2024 07:00","1"
"118602","SGSWRDC Campus (Tharamani site)","Tamil Nadu SW GW","33","Tamil Nadu","568","Chennai","-","-","-","Adyar","East flowing rivers between Pennar and Kanyakumari","-","-","-","Adyar","12.98583333","80.24500000","08-01-2024 08:00","23"
"118603","SGSWRDC Campus (Tharamani site)","Tamil Nadu SW GW","33","Tamil Nadu","568","Chennai","-","-","-","Adyar","East flowing rivers between Pennar and Kanyakumari","-","-","-","Adyar","12.98583333","80.24500000","08-01-2024 09:00","3.5"
"118604","SGSWRDC Campus (Tharamani site)","Tamil Nadu SW GW","33","Tamil Nadu","568","Chennai","-","-","-","Adyar","East flowing rivers between Pennar and Kanyakumari","-","-","-","Adyar","12.98583333","80.24500000","08-01-2024 10:00","1.5"
"118605","SGSWRDC Campus (Tharamani site)","Tamil Nadu SW GW","33","Tamil Nadu","568","Chennai","-","-","-","Adyar","East flowing rivers between Pennar and Kanyakumari","-","-","-","Adyar","12.98583333","80.24500000","08-01-2024 11:00","0.5"
"118606","SGSWRDC Campus (Tharamani site)","Tamil Nadu SW GW","33","Tamil Nadu","568","Chennai","-","-","-","Adyar","East flowing rivers between Pennar and Kanyakumari","-","-","-","Adyar","12.98583333","80.24500000","09-01-2024 00:00","12.5"
"118607","SGSWRDC Campus (Tharamani site)","Tamil Nadu SW GW","33","Tamil Nadu","568","Chennai","-","-","-","Adyar","East flowing rivers between Pennar and Kanyakumari","-","-","-","Adyar","12.98583333","80.24500000","09-01-2024 01:00","26"
"118608","SGSWRDC Campus (Tharamani site)","Tamil Nadu SW GW","33","Tamil Nadu","568","Chennai","-","-","-","Adyar","East flowing rivers between Pennar and Kanyakumari","-","-","-","Adyar","12.98583333","80.24500000","09-01-2024 02:00","0.5"
"118609","SGSWRDC Campus (Tharamani site)","Tamil Nadu SW GW","33","Tamil Nadu","568","Chennai","-","-","-","Adyar","East flowing rivers between Pennar and Kanyakumari","-","-","-","Adyar","12.98583333","80.24500000","09-01-2024 03:00","5.5"
"118610","SGSWRDC Campus (Tharamani site)","Tamil Nadu SW GW","33","Tamil Nadu","568","Chennai","-","-","-","Adyar","East flowing rivers between Pennar and Kanyakumari","-","-","-","Adyar","12.98583333","80.24500000","10-01-2024 11:40","1"
"118611","SGSWRDC Campus (Tharamani site)","Tamil Nadu SW GW","33","Tamil Nadu","568","Chennai","-","-","-","Adyar","East flowing rivers between Pennar and Kanyakumari","-","-","-","Adyar","12.98583333","80.24500000","10-01-2024 11:45","2"
"118612","SGSWRDC Campus (Tharamani site)","Tamil Nadu SW GW","33","Tamil Nadu","568","Chennai","-","-","-","Adyar","East flowing rivers between Pennar and Kanyakumari","-","-","-","Adyar","12.98583333","80.24500000","10-01-2024 11:50","2"
"118613","SGSWRDC Campus (Tharamani site)","Tamil Nadu SW GW","33","Tamil Nadu","568","Chennai","-","-","-","Adyar","East flowing rivers between Pennar and Kanyakumari","-","-","-","Adyar","12.98583333","80.24500000","10-01-2024 11:55","2"
"118614","SGSWRDC Campus (Tharamani site)","Tamil Nadu SW GW","33","Tamil Nadu","568","Chennai","-","-","-","Adyar","East flowing rivers between Pennar and Kanyakumari","-","-","-","Adyar","12.98583333","80.24500000","10-01-2024 12:00","2"
"118615","SGSWRDC Campus (Tharamani site)","Tamil Nadu SW GW","33","Tamil Nadu","568","Chennai","-","-","-","Adyar","East flowing rivers between Pennar and Kanyakumari","-","-","-","Adyar","12.98583333","80.24500000","15-04-2024 15:00","9"
"118616","SGSWRDC Campus (Tharamani site)","Tamil Nadu SW GW","33","Tamil Nadu","568","Chennai","-","-","-","Adyar","East flowing rivers between Pennar and Kanyakumari","-","-","-","Adyar","12.98583333","80.24500000","08-05-2024 05:00","5.5"
"118617","SGSWRDC Campus (Tharamani site)","Tamil Nadu SW GW","33","Tamil Nadu","568","Chennai","-","-","-","Adyar","East flowing rivers between Pennar and Kanyakumari","-","-","-","Adyar","12.98583333","80.24500000","16-05-2024 07:00","0.5"
"118618","SGSWRDC Campus (Tharamani site)","Tamil Nadu SW GW","33","Tamil Nadu","568","Chennai","-","-","-","Adyar","East flowing rivers between Pennar and Kanyakumari","-","-","-","Adyar","12.98583333","80.24500000","16-05-2024 08:00","1"
"118619","SGSWRDC Campus (Tharamani site)","Tamil Nadu SW GW","33","Tamil Nadu","568","Chennai","-","-","-","Adyar","East flowing rivers between Pennar and Kanyakumari","-","-","-","Adyar","12.98583333","80.24500000","16-05-2024 11:00","0.5"
"118620","SGSWRDC Campus (Tharamani site)","Tamil Nadu SW GW","33","Tamil Nadu","568","Chennai","-","-","-","Adyar","East flowing rivers between Pennar and Kanyakumari","-","-","-","Adyar","12.98583333","80.24500000","16-05-2024 12:00","1.5"
"118621","SGSWRDC Campus (Tharamani site)","Tamil Nadu SW GW","33","Tamil Nadu","568","Chennai","-","-","-","Adyar","East flowing rivers between Pennar and Kanyakumari","-","-","-","Adyar","12.98583333","80.24500000","16-05-2024 13:00","2"
"118622","SGSWRDC Campus (Tharamani site)","Tamil Nadu SW GW","33","Tamil Nadu","568","Chennai","-","-","-","Adyar","East flowing rivers between Pennar and Kanyakumari","-","-","-","Adyar","12.98583333","80.24500000","16-05-2024 14:00","1"
"118623","SGSWRDC Campus (Tharamani site)","Tamil Nadu SW GW","33","Tamil Nadu","568","Chennai","-","-","-","Adyar","East flowing rivers between Pennar and Kanyakumari","-","-","-","Adyar","12.98583333","80.24500000","16-05-2024 15:00","0.5"
"118624","SGSWRDC Campus (Tharamani site)","Tamil Nadu SW GW","33","Tamil Nadu","568","Chennai","-","-","-","Adyar","East flowing rivers between Pennar and Kanyakumari","-","-","-","Adyar","12.98583333","80.24500000","16-05-2024 19:00","0.5"
"118625","SGSWRDC Campus (Tharamani site)","Tamil Nadu SW GW","33","Tamil Nadu","568","Chennai","-","-","-","Adyar","East flowing rivers between Pennar and Kanyakumari","-","-","-","Adyar","12.98583333","80.24500000","17-05-2024 11:00","14"
"118626","SGSWRDC Campus (Tharamani site)","Tamil Nadu SW GW","33","Tamil Nadu","568","Chennai","-","-","-","Adyar","East flowing rivers between Pennar and Kanyakumari","-","-","-","Adyar","12.98583333","80.24500000","17-05-2024 12:00","1.5"
"118627","SGSWRDC Campus (Tharamani site)","Tamil Nadu SW GW","33","Tamil Nadu","568","Chennai","-","-","-","Adyar","East flowing rivers between Pennar and Kanyakumari","-","-","-","Adyar","12.98583333","80.24500000","20-05-2024 07:00","5.5"
"118628","SGSWRDC Campus (Tharamani site)","Tamil Nadu SW GW","33","Tamil Nadu","568","Chennai","-","-","-","Adyar","East flowing rivers between Pennar and Kanyakumari","-","-","-","Adyar","12.98583333","80.24500000","20-05-2024 08:00","0.5"
"118629","SGSWRDC Campus (Tharamani site)","Tamil Nadu SW GW","33","Tamil Nadu","568","Chennai","-","-","-","Adyar","East flowing rivers between Pennar and Kanyakumari","-","-","-","Adyar","12.98583333","80.24500000","21-05-2024 07:00","0.5"
"118630","SGSWRDC Campus (Tharamani site)","Tamil Nadu SW GW","33","Tamil Nadu","568","Chennai","-","-","-","Adyar","East flowing rivers between Pennar and Kanyakumari","-","-","-","Adyar","12.98583333","80.24500000","21-05-2024 16:00","3.5"
"118631","SGSWRDC Campus (Tharamani site)","Tamil Nadu SW GW","33","Tamil Nadu","568","Chennai","-","-","-","Adyar","East flowing rivers between Pennar and Kanyakumari","-","-","-","Adyar","12.98583333","80.24500000","02-06-2024 00:00","1.5"
"118632","SGSWRDC Campus (Tharamani site)","Tamil Nadu SW GW","33","Tamil Nadu","568","Chennai","-","-","-","Adyar","East flowing rivers between Pennar and Kanyakumari","-","-","-","Adyar","12.98583333","80.24500000","02-06-2024 01:00","0.5"
"118633","SGSWRDC Campus (Tharamani site)","Tamil Nadu SW GW","33","Tamil Nadu","568","Chennai","-","-","-","Adyar","East flowing rivers between Pennar and Kanyakumari","-","-","-","Adyar","12.98583333","80.24500000","04-06-2024 19:00","3.5"
"118634","SGSWRDC Campus (Tharamani site)","Tamil Nadu SW GW","33","Tamil Nadu","568","Chennai","-","-","-","Adyar","East flowing rivers between Pennar and Kanyakumari","-","-","-","Adyar","12.98583333","80.24500000","04-06-2024 20:00","0.5"
"118635","SGSWRDC Campus (Tharamani site)","Tamil Nadu SW GW","33","Tamil Nadu","568","Chennai","-","-","-","Adyar","East flowing rivers between Pennar and Kanyakumari","-","-","-","Adyar","12.98583333","80.24500000","05-06-2024 16:00","9"
"118636","SGSWRDC Campus (Tharamani site)","Tamil Nadu SW GW","33","Tamil Nadu","568","Chennai","-","-","-","Adyar","East flowing rivers between Pennar and Kanyakumari","-","-","-","Adyar","12.98583333","80.24500000","05-06-2024 17:00","4"
"118637","SGSWRDC Campus (Tharamani site)","Tamil Nadu SW GW","33","Tamil Nadu","568","Chennai","-","-","-","Adyar","East flowing rivers between Pennar and Kanyakumari","-","-","-","Adyar","12.98583333","80.24500000","05-06-2024 19:00","0.5"
"118638","SGSWRDC Campus (Tharamani site)","Tamil Nadu SW GW","33","Tamil Nadu","568","Chennai","-","-","-","Adyar","East flowing rivers between Pennar and Kanyakumari","-","-","-","Adyar","12.98583333","80.24500000","05-06-2024 22:00","0.5"
"118639","SGSWRDC Campus (Tharamani site)","Tamil Nadu SW GW","33","Tamil Nadu","568","Chennai","-","-","-","Adyar","East flowing rivers between Pennar and Kanyakumari","-","-","-","Adyar","12.98583333","80.24500000","06-06-2024 21:00","14.5"
"118640","SGSWRDC Campus (Tharamani site)","Tamil Nadu SW GW","33","Tamil Nadu","568","Chennai","-","-","-","Adyar","East flowing rivers between Pennar and Kanyakumari","-","-","-","Adyar","12.98583333","80.24500000","06-06-2024 22:00","1.5"
"118641","SGSWRDC Campus (Tharamani site)","Tamil Nadu SW GW","33","Tamil Nadu","568","Chennai","-","-","-","Adyar","East flowing rivers between Pennar and Kanyakumari","-","-","-","Adyar","12.98583333","80.24500000","06-06-2024 23:00","3"
"118642","SGSWRDC Campus (Tharamani site)","Tamil Nadu SW GW","33","Tamil Nadu","568","Chennai","-","-","-","Adyar","East flowing rivers between Pennar and Kanyakumari","-","-","-","Adyar","12.98583333","80.24500000","07-06-2024 00:00","1"
"118643","SGSWRDC Campus (Tharamani site)","Tamil Nadu SW GW","33","Tamil Nadu","568","Chennai","-","-","-","Adyar","East flowing rivers between Pennar and Kanyakumari","-","-","-","Adyar","12.98583333","80.24500000","07-06-2024 02:00","1"
"118644","SGSWRDC Campus (Tharamani site)","Tamil Nadu SW GW","33","Tamil Nadu","568","Chennai","-","-","-","Adyar","East flowing rivers between Pennar and Kanyakumari","-","-","-","Adyar","12.98583333","80.24500000","07-06-2024 03:00","3"
"118645","SGSWRDC Campus (Tharamani site)","Tamil Nadu SW GW","33","Tamil Nadu","568","Chennai","-","-","-","Adyar","East flowing rivers between Pennar and Kanyakumari","-","-","-","Adyar","12.98583333","80.24500000","07-06-2024 07:00","0.5"
"118646","SGSWRDC Campus (Tharamani site)","Tamil Nadu SW GW","33","Tamil Nadu","568","Chennai","-","-","-","Adyar","East flowing rivers between Pennar and Kanyakumari","-","-","-","Adyar","12.98583333","80.24500000","10-06-2024 18:00","13"
"118647","SGSWRDC Campus (Tharamani site)","Tamil Nadu SW GW","33","Tamil Nadu","568","Chennai","-","-","-","Adyar","East flowing rivers between Pennar and Kanyakumari","-","-","-","Adyar","12.98583333","80.24500000","10-06-2024 20:00","0.5"
"118648","SGSWRDC Campus (Tharamani site)","Tamil Nadu SW GW","33","Tamil Nadu","568","Chennai","-","-","-","Adyar","East flowing rivers between Pennar and Kanyakumari","-","-","-","Adyar","12.98583333","80.24500000","11-06-2024 21:00","1.5"
"118649","SGSWRDC Campus (Tharamani site)","Tamil Nadu SW GW","33","Tamil Nadu","568","Chennai","-","-","-","Adyar","East flowing rivers between Pennar and Kanyakumari","-","-","-","Adyar","12.98583333","80.24500000","11-06-2024 22:00","6"
"118650","SGSWRDC Campus (Tharamani site)","Tamil Nadu SW GW","33","Tamil Nadu","568","Chennai","-","-","-","Adyar","East flowing rivers between Pennar and Kanyakumari","-","-","-","Adyar","12.98583333","80.24500000","12-06-2024 00:00","0.5"
"118651","SGSWRDC Campus (Tharamani site)","Tamil Nadu SW GW","33","Tamil Nadu","568","Chennai","-","-","-","Adyar","East flowing rivers between Pennar and Kanyakumari","-","-","-","Adyar","12.98583333","80.24500000","12-06-2024 02:00","0.5"
"118652","SGSWRDC Campus (Tharamani site)","Tamil Nadu SW GW","33","Tamil Nadu","568","Chennai","-","-","-","Adyar","East flowing rivers between Pennar and Kanyakumari","-","-","-","Adyar","12.98583333","80.24500000","12-06-2024 03:00","0.5"
"118653","SGSWRDC Campus (Tharamani site)","Tamil Nadu SW GW","33","Tamil Nadu","568","Chennai","-","-","-","Adyar","East flowing rivers between Pennar and Kanyakumari","-","-","-","Adyar","12.98583333","80.24500000","12-06-2024 23:00","2.5"
"118654","SGSWRDC Campus (Tharamani site)","Tamil Nadu SW GW","33","Tamil Nadu","568","Chennai","-","-","-","Adyar","East flowing rivers between Pennar and Kanyakumari","-","-","-","Adyar","12.98583333","80.24500000","13-06-2024 00:00","2.5"
"118655","SGSWRDC Campus (Tharamani site)","Tamil Nadu SW GW","33","Tamil Nadu","568","Chennai","-","-","-","Adyar","East flowing rivers between Pennar and Kanyakumari","-","-","-","Adyar","12.98583333","80.24500000","13-06-2024 02:00","0.5"
"118656","SGSWRDC Campus (Tharamani site)","Tamil Nadu SW GW","33","Tamil Nadu","568","Chennai","-","-","-","Adyar","East flowing rivers between Pennar and Kanyakumari","-","-","-","Adyar","12.98583333","80.24500000","16-06-2024 23:00","1.5"
"118657","SGSWRDC Campus (Tharamani site)","Tamil Nadu SW GW","33","Tamil Nadu","568","Chennai","-","-","-","Adyar","East flowing rivers between Pennar and Kanyakumari","-","-","-","Adyar","12.98583333","80.24500000","17-06-2024 10:00","0.5"
"118658","SGSWRDC Campus (Tharamani site)","Tamil Nadu SW GW","33","Tamil Nadu","568","Chennai","-","-","-","Adyar","East flowing rivers between Pennar and Kanyakumari","-","-","-","Adyar","12.98583333","80.24500000","18-06-2024 02:00","5.5"
"118659","SGSWRDC Campus (Tharamani site)","Tamil Nadu SW GW","33","Tamil Nadu","568","Chennai","-","-","-","Adyar","East flowing rivers between Pennar and Kanyakumari","-","-","-","Adyar","12.98583333","80.24500000","18-06-2024 03:00","31.5"
"118660","SGSWRDC Campus (Tharamani site)","Tamil Nadu SW GW","33","Tamil Nadu","568","Chennai","-","-","-","Adyar","East flowing rivers between Pennar and Kanyakumari","-","-","-","Adyar","12.98583333","80.24500000","18-06-2024 04:00","3.5"
"118661","SGSWRDC Campus (Tharamani site)","Tamil Nadu SW GW","33","Tamil Nadu","568","Chennai","-","-","-","Adyar","East flowing rivers between Pennar and Kanyakumari","-","-","-","Adyar","12.98583333","80.24500000","18-06-2024 23:00","30.5"
"118662","SGSWRDC Campus (Tharamani site)","Tamil Nadu SW GW","33","Tamil Nadu","568","Chennai","-","-","-","Adyar","East flowing rivers between Pennar and Kanyakumari","-","-","-","Adyar","12.98583333","80.24500000","19-06-2024 00:00","1"
"118663","SGSWRDC Campus (Tharamani site)","Tamil Nadu SW GW","33","Tamil Nadu","568","Chennai","-","-","-","Adyar","East flowing rivers between Pennar and Kanyakumari","-","-","-","Adyar","12.98583333","80.24500000","19-06-2024 01:00","0.5"
"118664","SGSWRDC Campus (Tharamani site)","Tamil Nadu SW GW","33","Tamil Nadu","568","Chennai","-","-","-","Adyar","East flowing rivers between Pennar and Kanyakumari","-","-","-","Adyar","12.98583333","80.24500000","19-06-2024 02:00","0.5"
"118665","SGSWRDC Campus (Tharamani site)","Tamil Nadu SW GW","33","Tamil Nadu","568","Chennai","-","-","-","Adyar","East flowing rivers between Pennar and Kanyakumari","-","-","-","Adyar","12.98583333","80.24500000","19-06-2024 16:00","2"
"118666","SGSWRDC Campus (Tharamani site)","Tamil Nadu SW GW","33","Tamil Nadu","568","Chennai","-","-","-","Adyar","East flowing rivers between Pennar and Kanyakumari","-","-","-","Adyar","12.98583333","80.24500000","20-06-2024 22:00","3"
"118667","SGSWRDC Campus (Tharamani site)","Tamil Nadu SW GW","33","Tamil Nadu","568","Chennai","-","-","-","Adyar","East flowing rivers between Pennar and Kanyakumari","-","-","-","Adyar","12.98583333","80.24500000","21-06-2024 19:00","0.5"
"118668","SGSWRDC Campus (Tharamani site)","Tamil Nadu SW GW","33","Tamil Nadu","568","Chennai","-","-","-","Adyar","East flowing rivers between Pennar and Kanyakumari","-","-","-","Adyar","12.98583333","80.24500000","03-07-2024 22:00","27.5"
"118669","SGSWRDC Campus (Tharamani site)","Tamil Nadu SW GW","33","Tamil Nadu","568","Chennai","-","-","-","Adyar","East flowing rivers between Pennar and Kanyakumari","-","-","-","Adyar","12.98583333","80.24500000","03-07-2024 23:00","2.5"
"118670","SGSWRDC Campus (Tharamani site)","Tamil Nadu SW GW","33","Tamil Nadu","568","Chennai","-","-","-","Adyar","East flowing rivers between Pennar and Kanyakumari","-","-","-","Adyar","12.98583333","80.24500000","04-07-2024 00:00","1.5"
"118671","SGSWRDC Campus (Tharamani site)","Tamil Nadu SW GW","33","Tamil Nadu","568","Chennai","-","-","-","Adyar","East flowing rivers between Pennar and Kanyakumari","-","-","-","Adyar","12.98583333","80.24500000","05-07-2024 23:00","5.5"
"118672","SGSWRDC Campus (Tharamani site)","Tamil Nadu SW GW","33","Tamil Nadu","568","Chennai","-","-","-","Adyar","East flowing rivers between Pennar and Kanyakumari","-","-","-","Adyar","12.98583333","80.24500000","06-07-2024 00:00","7.5"
"118673","SGSWRDC Campus (Tharamani site)","Tamil Nadu SW GW","33","Tamil Nadu","568","Chennai","-","-","-","Adyar","East flowing rivers between Pennar and Kanyakumari","-","-","-","Adyar","12.98583333","80.24500000","06-07-2024 01:00","3.5"
"118674","SGSWRDC Campus (Tharamani site)","Tamil Nadu SW GW","33","Tamil Nadu","568","Chennai","-","-","-","Adyar","East flowing rivers between Pennar and Kanyakumari","-","-","-","Adyar","12.98583333","80.24500000","06-07-2024 02:00","0.5"
"118675","SGSWRDC Campus (Tharamani site)","Tamil Nadu SW GW","33","Tamil Nadu","568","Chennai","-","-","-","Adyar","East flowing rivers between Pennar and Kanyakumari","-","-","-","Adyar","12.98583333","80.24500000","06-07-2024 03:00","0.5"
"118676","SGSWRDC Campus (Tharamani site)","Tamil Nadu SW GW","33","Tamil Nadu","568","Chennai","-","-","-","Adyar","East flowing rivers between Pennar and Kanyakumari","-","-","-","Adyar","12.98583333","80.24500000","07-07-2024 18:00","2"
"118677","SGSWRDC Campus (Tharamani site)","Tamil Nadu SW GW","33","Tamil Nadu","568","Chennai","-","-","-","Adyar","East flowing rivers between Pennar and Kanyakumari","-","-","-","Adyar","12.98583333","80.24500000","07-07-2024 21:00","1"
"118678","SGSWRDC Campus (Tharamani site)","Tamil Nadu SW GW","33","Tamil Nadu","568","Chennai","-","-","-","Adyar","East flowing rivers between Pennar and Kanyakumari","-","-","-","Adyar","12.98583333","80.24500000","08-07-2024 02:00","0.5"
"118679","SGSWRDC Campus (Tharamani site)","Tamil Nadu SW GW","33","Tamil Nadu","568","Chennai","-","-","-","Adyar","East flowing rivers between Pennar and Kanyakumari","-","-","-","Adyar","12.98583333","80.24500000","09-07-2024 05:00","0.5"
"118680","SGSWRDC Campus (Tharamani site)","Tamil Nadu SW GW","33","Tamil Nadu","568","Chennai","-","-","-","Adyar","East flowing rivers between Pennar and Kanyakumari","-","-","-","Adyar","12.98583333","80.24500000","09-07-2024 07:00","0.5"
"118681","SGSWRDC Campus (Tharamani site)","Tamil Nadu SW GW","33","Tamil Nadu","568","Chennai","-","-","-","Adyar","East flowing rivers between Pennar and Kanyakumari","-","-","-","Adyar","12.98583333","80.24500000","11-07-2024 01:00","3.5"
"118682","SGSWRDC Campus (Tharamani site)","Tamil Nadu SW GW","33","Tamil Nadu","568","Chennai","-","-","-","Adyar","East flowing rivers between Pennar and Kanyakumari","-","-","-","Adyar","12.98583333","80.24500000","11-07-2024 04:00","0.5"
"118683","SGSWRDC Campus (Tharamani site)","Tamil Nadu SW GW","33","Tamil Nadu","568","Chennai","-","-","-","Adyar","East flowing rivers between Pennar and Kanyakumari","-","-","-","Adyar","12.98583333","80.24500000","11-07-2024 05:00","1"
"118684","SGSWRDC Campus (Tharamani site)","Tamil Nadu SW GW","33","Tamil Nadu","568","Chennai","-","-","-","Adyar","East flowing rivers between Pennar and Kanyakumari","-","-","-","Adyar","12.98583333","80.24500000","11-07-2024 06:00","1"
"118685","SGSWRDC Campus (Tharamani site)","Tamil Nadu SW GW","33","Tamil Nadu","568","Chennai","-","-","-","Adyar","East flowing rivers between Pennar and Kanyakumari","-","-","-","Adyar","12.98583333","80.24500000","11-07-2024 07:00","0.5"
"118686","SGSWRDC Campus (Tharamani site)","Tamil Nadu SW GW","33","Tamil Nadu","568","Chennai","-","-","-","Adyar","East flowing rivers between Pennar and Kanyakumari","-","-","-","Adyar","12.98583333","80.24500000","12-07-2024 21:00","1.5"
"118687","SGSWRDC Campus (Tharamani site)","Tamil Nadu SW GW","33","Tamil Nadu","568","Chennai","-","-","-","Adyar","East flowing rivers between Pennar and Kanyakumari","-","-","-","Adyar","12.98583333","80.24500000","12-07-2024 22:00","8"
"118688","SGSWRDC Campus (Tharamani site)","Tamil Nadu SW GW","33","Tamil Nadu","568","Chennai","-","-","-","Adyar","East flowing rivers between Pennar and Kanyakumari","-","-","-","Adyar","12.98583333","80.24500000","12-07-2024 23:00","4.5"
"118689","SGSWRDC Campus (Tharamani site)","Tamil Nadu SW GW","33","Tamil Nadu","568","Chennai","-","-","-","Adyar","East flowing rivers between Pennar and Kanyakumari","-","-","-","Adyar","12.98583333","80.24500000","13-07-2024 00:00","16"
"118690","SGSWRDC Campus (Tharamani site)","Tamil Nadu SW GW","33","Tamil Nadu","568","Chennai","-","-","-","Adyar","East flowing rivers between Pennar and Kanyakumari","-","-","-","Adyar","12.98583333","80.24500000","13-07-2024 01:00","4"
"118691","SGSWRDC Campus (Tharamani site)","Tamil Nadu SW GW","33","Tamil Nadu","568","Chennai","-","-","-","Adyar","East flowing rivers between Pennar and Kanyakumari","-","-","-","Adyar","12.98583333","80.24500000","13-07-2024 02:00","3.5"
"118692","SGSWRDC Campus (Tharamani site)","Tamil Nadu SW GW","33","Tamil Nadu","568","Chennai","-","-","-","Adyar","East flowing rivers between Pennar and Kanyakumari","-","-","-","Adyar","12.98583333","80.24500000","13-07-2024 03:00","0.5"
"118693","SGSWRDC Campus (Tharamani site)","Tamil Nadu SW GW","33","Tamil Nadu","568","Chennai","-","-","-","Adyar","East flowing rivers between Pennar and Kanyakumari","-","-","-","Adyar","12.98583333","80.24500000","13-07-2024 06:00","1"
"118694","SGSWRDC Campus (Tharamani site)","Tamil Nadu SW GW","33","Tamil Nadu","568","Chennai","-","-","-","Adyar","East flowing rivers between Pennar and Kanyakumari","-","-","-","Adyar","12.98583333","80.24500000","14-07-2024 14:00","0.5"
"118695","SGSWRDC Campus (Tharamani site)","Tamil Nadu SW GW","33","Tamil Nadu","568","Chennai","-","-","-","Adyar","East flowing rivers between Pennar and Kanyakumari","-","-","-","Adyar","12.98583333","80.24500000","15-07-2024 03:00","0.5"
"118696","SGSWRDC Campus (Tharamani site)","Tamil Nadu SW GW","33","Tamil Nadu","568","Chennai","-","-","-","Adyar","East flowing rivers between Pennar and Kanyakumari","-","-","-","Adyar","12.98583333","80.24500000","15-07-2024 13:00","0.5"
"118697","SGSWRDC Campus (Tharamani site)","Tamil Nadu SW GW","33","Tamil Nadu","568","Chennai","-","-","-","Adyar","East flowing rivers between Pennar and Kanyakumari","-","-","-","Adyar","12.98583333","80.24500000","15-07-2024 14:00","0.5"
"118698","SGSWRDC Campus (Tharamani site)","Tamil Nadu SW GW","33","Tamil Nadu","568","Chennai","-","-","-","Adyar","East flowing rivers between Pennar and Kanyakumari","-","-","-","Adyar","12.98583333","80.24500000","15-07-2024 15:00","1"
"118699","SGSWRDC Campus (Tharamani site)","Tamil Nadu SW GW","33","Tamil Nadu","568","Chennai","-","-","-","Adyar","East flowing rivers between Pennar and Kanyakumari","-","-","-","Adyar","12.98583333","80.24500000","15-07-2024 16:00","0.5"
"118700","SGSWRDC Campus (Tharamani site)","Tamil Nadu SW GW","33","Tamil Nadu","568","Chennai","-","-","-","Adyar","East flowing rivers between Pennar and Kanyakumari","-","-","-","Adyar","12.98583333","80.24500000","18-07-2024 18:00","10"
"118701","SGSWRDC Campus (Tharamani site)","Tamil Nadu SW GW","33","Tamil Nadu","568","Chennai","-","-","-","Adyar","East flowing rivers between Pennar and Kanyakumari","-","-","-","Adyar","12.98583333","80.24500000","18-07-2024 19:00","1"
"118702","SGSWRDC Campus (Tharamani site)","Tamil Nadu SW GW","33","Tamil Nadu","568","Chennai","-","-","-","Adyar","East flowing rivers between Pennar and Kanyakumari","-","-","-","Adyar","12.98583333","80.24500000","23-07-2024 20:00","2"
"118703","SGSWRDC Campus (Tharamani site)","Tamil Nadu SW GW","33","Tamil Nadu","568","Chennai","-","-","-","Adyar","East flowing rivers between Pennar and Kanyakumari","-","-","-","Adyar","12.98583333","80.24500000","23-07-2024 21:00","4.5"
"118704","SGSWRDC Campus (Tharamani site)","Tamil Nadu SW GW","33","Tamil Nadu","568","Chennai","-","-","-","Adyar","East flowing rivers between Pennar and Kanyakumari","-","-","-","Adyar","12.98583333","80.24500000","30-07-2024 21:00","7.5"
"118705","SGSWRDC Campus (Tharamani site)","Tamil Nadu SW GW","33","Tamil Nadu","568","Chennai","-","-","-","Adyar","East flowing rivers between Pennar and Kanyakumari","-","-","-","Adyar","12.98583333","80.24500000","30-07-2024 23:00","0.5"
"118706","SGSWRDC Campus (Tharamani site)","Tamil Nadu SW GW","33","Tamil Nadu","568","Chennai","-","-","-","Adyar","East flowing rivers between Pennar and Kanyakumari","-","-","-","Adyar","12.98583333","80.24500000","02-08-2024 22:00","1"
"118707","SGSWRDC Campus (Tharamani site)","Tamil Nadu SW GW","33","Tamil Nadu","568","Chennai","-","-","-","Adyar","East flowing rivers between Pennar and Kanyakumari","-","-","-","Adyar","12.98583333","80.24500000","02-08-2024 23:00","0.5"
"118708","SGSWRDC Campus (Tharamani site)","Tamil Nadu SW GW","33","Tamil Nadu","568","Chennai","-","-","-","Adyar","East flowing rivers between Pennar and Kanyakumari","-","-","-","Adyar","12.98583333","80.24500000","03-08-2024 23:00","13.5"
"118709","SGSWRDC Campus (Tharamani site)","Tamil Nadu SW GW","33","Tamil Nadu","568","Chennai","-","-","-","Adyar","East flowing rivers between Pennar and Kanyakumari","-","-","-","Adyar","12.98583333","80.24500000","04-08-2024 00:00","3"
"118710","SGSWRDC Campus (Tharamani site)","Tamil Nadu SW GW","33","Tamil Nadu","568","Chennai","-","-","-","Adyar","East flowing rivers between Pennar and Kanyakumari","-","-","-","Adyar","12.98583333","80.24500000","04-08-2024 01:00","1"
"118711","SGSWRDC Campus (Tharamani site)","Tamil Nadu SW GW","33","Tamil Nadu","568","Chennai","-","-","-","Adyar","East flowing rivers between Pennar and Kanyakumari","-","-","-","Adyar","12.98583333","80.24500000","04-08-2024 18:00","22.5"
"118712","SGSWRDC Campus (Tharamani site)","Tamil Nadu SW GW","33","Tamil Nadu","568","Chennai","-","-","-","Adyar","East flowing rivers between Pennar and Kanyakumari","-","-","-","Adyar","12.98583333","80.24500000","04-08-2024 19:00","1.5"
"118713","SGSWRDC Campus (Tharamani site)","Tamil Nadu SW GW","33","Tamil Nadu","568","Chennai","-","-","-","Adyar","East flowing rivers between Pennar and Kanyakumari","-","-","-","Adyar","12.98583333","80.24500000","04-08-2024 21:00","0.5"
"118714","SGSWRDC Campus (Tharamani site)","Tamil Nadu SW GW","33","Tamil Nadu","568","Chennai","-","-","-","Adyar","East flowing rivers between Pennar and Kanyakumari","-","-","-","Adyar","12.98583333","80.24500000","05-08-2024 02:00","3.5"
"118715","SGSWRDC Campus (Tharamani site)","Tamil Nadu SW GW","33","Tamil Nadu","568","Chennai","-","-","-","Adyar","East flowing rivers between Pennar and Kanyakumari","-","-","-","Adyar","12.98583333","80.24500000","05-08-2024 03:00","10"
"118716","SGSWRDC Campus (Tharamani site)","Tamil Nadu SW GW","33","Tamil Nadu","568","Chennai","-","-","-","Adyar","East flowing rivers between Pennar and Kanyakumari","-","-","-","Adyar","12.98583333","80.24500000","05-08-2024 04:00","18.5"
"118717","SGSWRDC Campus (Tharamani site)","Tamil Nadu SW GW","33","Tamil Nadu","568","Chennai","-","-","-","Adyar","East flowing rivers between Pennar and Kanyakumari","-","-","-","Adyar","12.98583333","80.24500000","05-08-2024 05:00","8"
"118718","SGSWRDC Campus (Tharamani site)","Tamil Nadu SW GW","33","Tamil Nadu","568","Chennai","-","-","-","Adyar","East flowing rivers between Pennar and Kanyakumari","-","-","-","Adyar","12.98583333","80.24500000","05-08-2024 06:00","4.5"
"118719","SGSWRDC Campus (Tharamani site)","Tamil Nadu SW GW","33","Tamil Nadu","568","Chennai","-","-","-","Adyar","East flowing rivers between Pennar and Kanyakumari","-","-","-","Adyar","12.98583333","80.24500000","05-08-2024 07:00","2"
"118720","SGSWRDC Campus (Tharamani site)","Tamil Nadu SW GW","33","Tamil Nadu","568","Chennai","-","-","-","Adyar","East flowing rivers between Pennar and Kanyakumari","-","-","-","Adyar","12.98583333","80.24500000","05-08-2024 08:00","1.5"
"118721","SGSWRDC Campus (Tharamani site)","Tamil Nadu SW GW","33","Tamil Nadu","568","Chennai","-","-","-","Adyar","East flowing rivers between Pennar and Kanyakumari","-","-","-","Adyar","12.98583333","80.24500000","06-08-2024 20:00","27.5"
"118722","SGSWRDC Campus (Tharamani site)","Tamil Nadu SW GW","33","Tamil Nadu","568","Chennai","-","-","-","Adyar","East flowing rivers between Pennar and Kanyakumari","-","-","-","Adyar","12.98583333","80.24500000","06-08-2024 21:00","3.5"
"118723","SGSWRDC Campus (Tharamani site)","Tamil Nadu SW GW","33","Tamil Nadu","568","Chennai","-","-","-","Adyar","East flowing rivers between Pennar and Kanyakumari","-","-","-","Adyar","12.98583333","80.24500000","06-08-2024 22:00","1.5"
"118724","SGSWRDC Campus (Tharamani site)","Tamil Nadu SW GW","33","Tamil Nadu","568","Chennai","-","-","-","Adyar","East flowing rivers between Pennar and Kanyakumari","-","-","-","Adyar","12.98583333","80.24500000","07-08-2024 03:00","2"
"118725","SGSWRDC Campus (Tharamani site)","Tamil Nadu SW GW","33","Tamil Nadu","568","Chennai","-","-","-","Adyar","East flowing rivers between Pennar and Kanyakumari","-","-","-","Adyar","12.98583333","80.24500000","07-08-2024 04:00","1.5"
"118726","SGSWRDC Campus (Tharamani site)","Tamil Nadu SW GW","33","Tamil Nadu","568","Chennai","-","-","-","Adyar","East flowing rivers between Pennar and Kanyakumari","-","-","-","Adyar","12.98583333","80.24500000","12-08-2024 09:00","0.5"
"118727","SGSWRDC Campus (Tharamani site)","Tamil Nadu SW GW","33","Tamil Nadu","568","Chennai","-","-","-","Adyar","East flowing rivers between Pennar and Kanyakumari","-","-","-","Adyar","12.98583333","80.24500000","15-08-2024 03:00","1"
"118728","SGSWRDC Campus (Tharamani site)","Tamil Nadu SW GW","33","Tamil Nadu","568","Chennai","-","-","-","Adyar","East flowing rivers between Pennar and Kanyakumari","-","-","-","Adyar","12.98583333","80.24500000","15-08-2024 07:00","0.5"
"118729","SGSWRDC Campus (Tharamani site)","Tamil Nadu SW GW","33","Tamil Nadu","568","Chennai","-","-","-","Adyar","East flowing rivers between Pennar and Kanyakumari","-","-","-","Adyar","12.98583333","80.24500000","28-08-2024 05:00","0.5"
"118730","SGSWRDC Campus (Tharamani site)","Tamil Nadu SW GW","33","Tamil Nadu","568","Chennai","-","-","-","Adyar","East flowing rivers between Pennar and Kanyakumari","-","-","-","Adyar","12.98583333","80.24500000","28-08-2024 06:00","0.5"
"118731","SGSWRDC Campus (Tharamani site)","Tamil Nadu SW GW","33","Tamil Nadu","568","Chennai","-","-","-","Adyar","East flowing rivers between Pennar and Kanyakumari","-","-","-","Adyar","12.98583333","80.24500000","28-08-2024 08:00","0.5"
"118732","SGSWRDC Campus (Tharamani site)","Tamil Nadu SW GW","33","Tamil Nadu","568","Chennai","-","-","-","Adyar","East flowing rivers between Pennar and Kanyakumari","-","-","-","Adyar","12.98583333","80.24500000","30-08-2024 21:00","16"
"118733","SGSWRDC Campus (Tharamani site)","Tamil Nadu SW GW","33","Tamil Nadu","568","Chennai","-","-","-","Adyar","East flowing rivers between Pennar and Kanyakumari","-","-","-","Adyar","12.98583333","80.24500000","30-08-2024 22:00","3"
"118734","SGSWRDC Campus (Tharamani site)","Tamil Nadu SW GW","33","Tamil Nadu","568","Chennai","-","-","-","Adyar","East flowing rivers between Pennar and Kanyakumari","-","-","-","Adyar","12.98583333","80.24500000","30-08-2024 23:00","0.5"
"118735","SGSWRDC Campus (Tharamani site)","Tamil Nadu SW GW","33","Tamil Nadu","568","Chennai","-","-","-","Adyar","East flowing rivers between Pennar and Kanyakumari","-","-","-","Adyar","12.98583333","80.24500000","31-08-2024 03:00","0.5"
"118736","SGSWRDC Campus (Tharamani site)","Tamil Nadu SW GW","33","Tamil Nadu","568","Chennai","-","-","-","Adyar","East flowing rivers between Pennar and Kanyakumari","-","-","-","Adyar","12.98583333","80.24500000","01-09-2024 14:00","1.5"
"118737","SGSWRDC Campus (Tharamani site)","Tamil Nadu SW GW","33","Tamil Nadu","568","Chennai","-","-","-","Adyar","East flowing rivers between Pennar and Kanyakumari","-","-","-","Adyar","12.98583333","80.24500000","03-09-2024 08:00","0.5"
"118738","SGSWRDC Campus (Tharamani site)","Tamil Nadu SW GW","33","Tamil Nadu","568","Chennai","-","-","-","Adyar","East flowing rivers between Pennar and Kanyakumari","-","-","-","Adyar","12.98583333","80.24500000","03-09-2024 22:00","1.5"
"118739","SGSWRDC Campus (Tharamani site)","Tamil Nadu SW GW","33","Tamil Nadu","568","Chennai","-","-","-","Adyar","East flowing rivers between Pennar and Kanyakumari","-","-","-","Adyar","12.98583333","80.24500000","03-09-2024 23:00","0.5"
"118740","SGSWRDC Campus (Tharamani site)","Tamil Nadu SW GW","33","Tamil Nadu","568","Chennai","-","-","-","Adyar","East flowing rivers between Pennar and Kanyakumari","-","-","-","Adyar","12.98583333","80.24500000","06-09-2024 00:00","0.5"
"118741","SGSWRDC Campus (Tharamani site)","Tamil Nadu SW GW","33","Tamil Nadu","568","Chennai","-","-","-","Adyar","East flowing rivers between Pennar and Kanyakumari","-","-","-","Adyar","12.98583333","80.24500000","06-09-2024 02:00","1"
"118742","SGSWRDC Campus (Tharamani site)","Tamil Nadu SW GW","33","Tamil Nadu","568","Chennai","-","-","-","Adyar","East flowing rivers between Pennar and Kanyakumari","-","-","-","Adyar","12.98583333","80.24500000","06-09-2024 04:00","2"
"118743","SGSWRDC Campus (Tharamani site)","Tamil Nadu SW GW","33","Tamil Nadu","568","Chennai","-","-","-","Adyar","East flowing rivers between Pennar and Kanyakumari","-","-","-","Adyar","12.98583333","80.24500000","06-09-2024 06:00","1"
"118744","SGSWRDC Campus (Tharamani site)","Tamil Nadu SW GW","33","Tamil Nadu","568","Chennai","-","-","-","Adyar","East flowing rivers between Pennar and Kanyakumari","-","-","-","Adyar","12.98583333","80.24500000","06-09-2024 07:00","1"
"118745","SGSWRDC Campus (Tharamani site)","Tamil Nadu SW GW","33","Tamil Nadu","568","Chennai","-","-","-","Adyar","East flowing rivers between Pennar and Kanyakumari","-","-","-","Adyar","12.98583333","80.24500000","07-09-2024 03:00","1.5"
"118746","SGSWRDC Campus (Tharamani site)","Tamil Nadu SW GW","33","Tamil Nadu","568","Chennai","-","-","-","Adyar","East flowing rivers between Pennar and Kanyakumari","-","-","-","Adyar","12.98583333","80.24500000","07-09-2024 04:00","0.5"
"118747","SGSWRDC Campus (Tharamani site)","Tamil Nadu SW GW","33","Tamil Nadu","568","Chennai","-","-","-","Adyar","East flowing rivers between Pennar and Kanyakumari","-","-","-","Adyar","12.98583333","80.24500000","21-09-2024 00:00","8.5"
"118748","SGSWRDC Campus (Tharamani site)","Tamil Nadu SW GW","33","Tamil Nadu","568","Chennai","-","-","-","Adyar","East flowing rivers between Pennar and Kanyakumari","-","-","-","Adyar","12.98583333","80.24500000","21-09-2024 01:00","5.5"
"118749","SGSWRDC Campus (Tharamani site)","Tamil Nadu SW GW","33","Tamil Nadu","568","Chennai","-","-","-","Adyar","East flowing rivers between Pennar and Kanyakumari","-","-","-","Adyar","12.98583333","80.24500000","21-09-2024 03:00","3"
"118750","SGSWRDC Campus (Tharamani site)","Tamil Nadu SW GW","33","Tamil Nadu","568","Chennai","-","-","-","Adyar","East flowing rivers between Pennar and Kanyakumari","-","-","-","Adyar","12.98583333","80.24500000","21-09-2024 04:00","6.5"
"118751","SGSWRDC Campus (Tharamani site)","Tamil Nadu SW GW","33","Tamil Nadu","568","Chennai","-","-","-","Adyar","East flowing rivers between Pennar and Kanyakumari","-","-","-","Adyar","12.98583333","80.24500000","21-09-2024 05:00","3"
"118752","SGSWRDC Campus (Tharamani site)","Tamil Nadu SW GW","33","Tamil Nadu","568","Chennai","-","-","-","Adyar","East flowing rivers between Pennar and Kanyakumari","-","-","-","Adyar","12.98583333","80.24500000","21-09-2024 06:00","2"
"118753","SGSWRDC Campus (Tharamani site)","Tamil Nadu SW GW","33","Tamil Nadu","568","Chennai","-","-","-","Adyar","East flowing rivers between Pennar and Kanyakumari","-","-","-","Adyar","12.98583333","80.24500000","21-09-2024 07:00","1"
"118754","SGSWRDC Campus (Tharamani site)","Tamil Nadu SW GW","33","Tamil Nadu","568","Chennai","-","-","-","Adyar","East flowing rivers between Pennar and Kanyakumari","-","-","-","Adyar","12.98583333","80.24500000","24-09-2024 01:00","17.5"
"118755","SGSWRDC Campus (Tharamani site)","Tamil Nadu SW GW","33","Tamil Nadu","568","Chennai","-","-","-","Adyar","East flowing rivers between Pennar and Kanyakumari","-","-","-","Adyar","12.98583333","80.24500000","24-09-2024 02:00","9.5"
"118756","SGSWRDC Campus (Tharamani site)","Tamil Nadu SW GW","33","Tamil Nadu","568","Chennai","-","-","-","Adyar","East flowing rivers between Pennar and Kanyakumari","-","-","-","Adyar","12.98583333","80.24500000","24-09-2024 03:00","1"
"118757","SGSWRDC Campus (Tharamani site)","Tamil Nadu SW GW","33","Tamil Nadu","568","Chennai","-","-","-","Adyar","East flowing rivers between Pennar and Kanyakumari","-","-","-","Adyar","12.98583333","80.24500000","24-09-2024 04:00","1"
"118758","SGSWRDC Campus (Tharamani site)","Tamil Nadu SW GW","33","Tamil Nadu","568","Chennai","-","-","-","Adyar","East flowing rivers between Pennar and Kanyakumari","-","-","-","Adyar","12.98583333","80.24500000","24-09-2024 17:00","3"
"118759","SGSWRDC Campus (Tharamani site)","Tamil Nadu SW GW","33","Tamil Nadu","568","Chennai","-","-","-","Adyar","East flowing rivers between Pennar and Kanyakumari","-","-","-","Adyar","12.98583333","80.24500000","24-09-2024 18:00","0.5"
"118760","SGSWRDC Campus (Tharamani site)","Tamil Nadu SW GW","33","Tamil Nadu","568","Chennai","-","-","-","Adyar","East flowing rivers between Pennar and Kanyakumari","-","-","-","Adyar","12.98583333","80.24500000","24-09-2024 19:00","0.5"
"118761","SGSWRDC Campus (Tharamani site)","Tamil Nadu SW GW","33","Tamil Nadu","568","Chennai","-","-","-","Adyar","East flowing rivers between Pennar and Kanyakumari","-","-","-","Adyar","12.98583333","80.24500000","25-09-2024 18:00","7"
"118762","SGSWRDC Campus (Tharamani site)","Tamil Nadu SW GW","33","Tamil Nadu","568","Chennai","-","-","-","Adyar","East flowing rivers between Pennar and Kanyakumari","-","-","-","Adyar","12.98583333","80.24500000","25-09-2024 19:00","0.5"
"118763","SGSWRDC Campus (Tharamani site)","Tamil Nadu SW GW","33","Tamil Nadu","568","Chennai","-","-","-","Adyar","East flowing rivers between Pennar and Kanyakumari","-","-","-","Adyar","12.98583333","80.24500000","03-10-2024 16:00","7.5"
"118764","SGSWRDC Campus (Tharamani site)","Tamil Nadu SW GW","33","Tamil Nadu","568","Chennai","-","-","-","Adyar","East flowing rivers between Pennar and Kanyakumari","-","-","-","Adyar","12.98583333","80.24500000","03-10-2024 17:00","0.5"
"118765","SGSWRDC Campus (Tharamani site)","Tamil Nadu SW GW","33","Tamil Nadu","568","Chennai","-","-","-","Adyar","East flowing rivers between Pennar and Kanyakumari","-","-","-","Adyar","12.98583333","80.24500000","08-10-2024 03:00","1"
"118766","SGSWRDC Campus (Tharamani site)","Tamil Nadu SW GW","33","Tamil Nadu","568","Chennai","-","-","-","Adyar","East flowing rivers between Pennar and Kanyakumari","-","-","-","Adyar","12.98583333","80.24500000","08-10-2024 06:00","25.5"
"118767","SGSWRDC Campus (Tharamani site)","Tamil Nadu SW GW","33","Tamil Nadu","568","Chennai","-","-","-","Adyar","East flowing rivers between Pennar and Kanyakumari","-","-","-","Adyar","12.98583333","80.24500000","09-10-2024 10:00","5"
"118768","SGSWRDC Campus (Tharamani site)","Tamil Nadu SW GW","33","Tamil Nadu","568","Chennai","-","-","-","Adyar","East flowing rivers between Pennar and Kanyakumari","-","-","-","Adyar","12.98583333","80.24500000","10-10-2024 03:00","0.5"
"118769","SGSWRDC Campus (Tharamani site)","Tamil Nadu SW GW","33","Tamil Nadu","568","Chennai","-","-","-","Adyar","East flowing rivers between Pennar and Kanyakumari","-","-","-","Adyar","12.98583333","80.24500000","10-10-2024 04:00","12"
"118770","SGSWRDC Campus (Tharamani site)","Tamil Nadu SW GW","33","Tamil Nadu","568","Chennai","-","-","-","Adyar","East flowing rivers between Pennar and Kanyakumari","-","-","-","Adyar","12.98583333","80.24500000","10-10-2024 05:00","4"
"118771","SGSWRDC Campus (Tharamani site)","Tamil Nadu SW GW","33","Tamil Nadu","568","Chennai","-","-","-","Adyar","East flowing rivers between Pennar and Kanyakumari","-","-","-","Adyar","12.98583333","80.24500000","10-10-2024 06:00","4.5"
"118772","SGSWRDC Campus (Tharamani site)","Tamil Nadu SW GW","33","Tamil Nadu","568","Chennai","-","-","-","Adyar","East flowing rivers between Pennar and Kanyakumari","-","-","-","Adyar","12.98583333","80.24500000","10-10-2024 07:00","0.5"
"118773","SGSWRDC Campus (Tharamani site)","Tamil Nadu SW GW","33","Tamil Nadu","568","Chennai","-","-","-","Adyar","East flowing rivers between Pennar and Kanyakumari","-","-","-","Adyar","12.98583333","80.24500000","10-10-2024 10:00","0.5"
"118774","SGSWRDC Campus (Tharamani site)","Tamil Nadu SW GW","33","Tamil Nadu","568","Chennai","-","-","-","Adyar","East flowing rivers between Pennar and Kanyakumari","-","-","-","Adyar","12.98583333","80.24500000","10-10-2024 11:00","0.5"
"118775","SGSWRDC Campus (Tharamani site)","Tamil Nadu SW GW","33","Tamil Nadu","568","Chennai","-","-","-","Adyar","East flowing rivers between Pennar and Kanyakumari","-","-","-","Adyar","12.98583333","80.24500000","11-10-2024 08:00","0.5"
"118776","SGSWRDC Campus (Tharamani site)","Tamil Nadu SW GW","33","Tamil Nadu","568","Chennai","-","-","-","Adyar","East flowing rivers between Pennar and Kanyakumari","-","-","-","Adyar","12.98583333","80.24500000","11-10-2024 09:00","0.5"
"118777","SGSWRDC Campus (Tharamani site)","Tamil Nadu SW GW","33","Tamil Nadu","568","Chennai","-","-","-","Adyar","East flowing rivers between Pennar and Kanyakumari","-","-","-","Adyar","12.98583333","80.24500000","12-10-2024 02:00","5.5"
"118778","SGSWRDC Campus (Tharamani site)","Tamil Nadu SW GW","33","Tamil Nadu","568","Chennai","-","-","-","Adyar","East flowing rivers between Pennar and Kanyakumari","-","-","-","Adyar","12.98583333","80.24500000","12-10-2024 06:00","11"
"118779","SGSWRDC Campus (Tharamani site)","Tamil Nadu SW GW","33","Tamil Nadu","568","Chennai","-","-","-","Adyar","East flowing rivers between Pennar and Kanyakumari","-","-","-","Adyar","12.98583333","80.24500000","12-10-2024 08:00","1"
"118780","SGSWRDC Campus (Tharamani site)","Tamil Nadu SW GW","33","Tamil Nadu","568","Chennai","-","-","-","Adyar","East flowing rivers between Pennar and Kanyakumari","-","-","-","Adyar","12.98583333","80.24500000","14-10-2024 02:00","0.5"
"118781","SGSWRDC Campus (Tharamani site)","Tamil Nadu SW GW","33","Tamil Nadu","568","Chennai","-","-","-","Adyar","East flowing rivers between Pennar and Kanyakumari","-","-","-","Adyar","12.98583333","80.24500000","14-10-2024 03:00","17.5"
"118782","SGSWRDC Campus (Tharamani site)","Tamil Nadu SW GW","33","Tamil Nadu","568","Chennai","-","-","-","Adyar","East flowing rivers between Pennar and Kanyakumari","-","-","-","Adyar","12.98583333","80.24500000","14-10-2024 04:00","6"
"118783","SGSWRDC Campus (Tharamani site)","Tamil Nadu SW GW","33","Tamil Nadu","568","Chennai","-","-","-","Adyar","East flowing rivers between Pennar and Kanyakumari","-","-","-","Adyar","12.98583333","80.24500000","14-10-2024 05:00","5"
"118784","SGSWRDC Campus (Tharamani site)","Tamil Nadu SW GW","33","Tamil Nadu","568","Chennai","-","-","-","Adyar","East flowing rivers between Pennar and Kanyakumari","-","-","-","Adyar","12.98583333","80.24500000","14-10-2024 06:00","0.5"
"118785","SGSWRDC Campus (Tharamani site)","Tamil Nadu SW GW","33","Tamil Nadu","568","Chennai","-","-","-","Adyar","East flowing rivers between Pennar and Kanyakumari","-","-","-","Adyar","12.98583333","80.24500000","14-10-2024 10:55","0.5"
"118786","SGSWRDC Campus (Tharamani site)","Tamil Nadu SW GW","33","Tamil Nadu","568","Chennai","-","-","-","Adyar","East flowing rivers between Pennar and Kanyakumari","-","-","-","Adyar","12.98583333","80.24500000","14-10-2024 11:05","0.5"
"118787","SGSWRDC Campus (Tharamani site)","Tamil Nadu SW GW","33","Tamil Nadu","568","Chennai","-","-","-","Adyar","East flowing rivers between Pennar and Kanyakumari","-","-","-","Adyar","12.98583333","80.24500000","14-10-2024 11:10","0.5"
"118788","SGSWRDC Campus (Tharamani site)","Tamil Nadu SW GW","33","Tamil Nadu","568","Chennai","-","-","-","Adyar","East flowing rivers between Pennar and Kanyakumari","-","-","-","Adyar","12.98583333","80.24500000","14-10-2024 11:30","0.5"
"118789","SGSWRDC Campus (Tharamani site)","Tamil Nadu SW GW","33","Tamil Nadu","568","Chennai","-","-","-","Adyar","East flowing rivers between Pennar and Kanyakumari","-","-","-","Adyar","12.98583333","80.24500000","14-10-2024 12:00","0.5"
"118790","SGSWRDC Campus (Tharamani site)","Tamil Nadu SW GW","33","Tamil Nadu","568","Chennai","-","-","-","Adyar","East flowing rivers between Pennar and Kanyakumari","-","-","-","Adyar","12.98583333","80.24500000","14-10-2024 18:30","0.5"
"118791","SGSWRDC Campus (Tharamani site)","Tamil Nadu SW GW","33","Tamil Nadu","568","Chennai","-","-","-","Adyar","East flowing rivers between Pennar and Kanyakumari","-","-","-","Adyar","12.98583333","80.24500000","14-10-2024 19:00","1"
"118792","SGSWRDC Campus (Tharamani site)","Tamil Nadu SW GW","33","Tamil Nadu","568","Chennai","-","-","-","Adyar","East flowing rivers between Pennar and Kanyakumari","-","-","-","Adyar","12.98583333","80.24500000","14-10-2024 21:00","5"
"118793","SGSWRDC Campus (Tharamani site)","Tamil Nadu SW GW","33","Tamil Nadu","568","Chennai","-","-","-","Adyar","East flowing rivers between Pennar and Kanyakumari","-","-","-","Adyar","12.98583333","80.24500000","14-10-2024 21:30","0.5"
"118794","SGSWRDC Campus (Tharamani site)","Tamil Nadu SW GW","33","Tamil Nadu","568","Chennai","-","-","-","Adyar","East flowing rivers between Pennar and Kanyakumari","-","-","-","Adyar","12.98583333","80.24500000","14-10-2024 22:00","0.5"
"118795","SGSWRDC Campus (Tharamani site)","Tamil Nadu SW GW","33","Tamil Nadu","568","Chennai","-","-","-","Adyar","East flowing rivers between Pennar and Kanyakumari","-","-","-","Adyar","12.98583333","80.24500000","14-10-2024 22:30","0.5"
"118796","SGSWRDC Campus (Tharamani site)","Tamil Nadu SW GW","33","Tamil Nadu","568","Chennai","-","-","-","Adyar","East flowing rivers between Pennar and Kanyakumari","-","-","-","Adyar","12.98583333","80.24500000","14-10-2024 23:00","18"
"118797","SGSWRDC Campus (Tharamani site)","Tamil Nadu SW GW","33","Tamil Nadu","568","Chennai","-","-","-","Adyar","East flowing rivers between Pennar and Kanyakumari","-","-","-","Adyar","12.98583333","80.24500000","14-10-2024 23:30","19.5"
"118798","SGSWRDC Campus (Tharamani site)","Tamil Nadu SW GW","33","Tamil Nadu","568","Chennai","-","-","-","Adyar","East flowing rivers between Pennar and Kanyakumari","-","-","-","Adyar","12.98583333","80.24500000","15-10-2024 00:00","20"
"118799","SGSWRDC Campus (Tharamani site)","Tamil Nadu SW GW","33","Tamil Nadu","568","Chennai","-","-","-","Adyar","East flowing rivers between Pennar and Kanyakumari","-","-","-","Adyar","12.98583333","80.24500000","15-10-2024 00:30","1"
"118800","SGSWRDC Campus (Tharamani site)","Tamil Nadu SW GW","33","Tamil Nadu","568","Chennai","-","-","-","Adyar","East flowing rivers between Pennar and Kanyakumari","-","-","-","Adyar","12.98583333","80.24500000","15-10-2024 01:00","1.5"
"118801","SGSWRDC Campus (Tharamani site)","Tamil Nadu SW GW","33","Tamil Nadu","568","Chennai","-","-","-","Adyar","East flowing rivers between Pennar and Kanyakumari","-","-","-","Adyar","12.98583333","80.24500000","15-10-2024 07:30","9.5"
"118802","SGSWRDC Campus (Tharamani site)","Tamil Nadu SW GW","33","Tamil Nadu","568","Chennai","-","-","-","Adyar","East flowing rivers between Pennar and Kanyakumari","-","-","-","Adyar","12.98583333","80.24500000","15-10-2024 08:00","10"
"118803","SGSWRDC Campus (Tharamani site)","Tamil Nadu SW GW","33","Tamil Nadu","568","Chennai","-","-","-","Adyar","East flowing rivers between Pennar and Kanyakumari","-","-","-","Adyar","12.98583333","80.24500000","15-10-2024 09:30","11"
"118804","SGSWRDC Campus (Tharamani site)","Tamil Nadu SW GW","33","Tamil Nadu","568","Chennai","-","-","-","Adyar","East flowing rivers between Pennar and Kanyakumari","-","-","-","Adyar","12.98583333","80.24500000","15-10-2024 10:00","24.5"
"118805","SGSWRDC Campus (Tharamani site)","Tamil Nadu SW GW","33","Tamil Nadu","568","Chennai","-","-","-","Adyar","East flowing rivers between Pennar and Kanyakumari","-","-","-","Adyar","12.98583333","80.24500000","15-10-2024 10:30","41"
"118806","SGSWRDC Campus (Tharamani site)","Tamil Nadu SW GW","33","Tamil Nadu","568","Chennai","-","-","-","Adyar","East flowing rivers between Pennar and Kanyakumari","-","-","-","Adyar","12.98583333","80.24500000","15-10-2024 11:00","88"
"118807","SGSWRDC Campus (Tharamani site)","Tamil Nadu SW GW","33","Tamil Nadu","568","Chennai","-","-","-","Adyar","East flowing rivers between Pennar and Kanyakumari","-","-","-","Adyar","12.98583333","80.24500000","15-10-2024 11:30","3"
"118808","SGSWRDC Campus (Tharamani site)","Tamil Nadu SW GW","33","Tamil Nadu","568","Chennai","-","-","-","Adyar","East flowing rivers between Pennar and Kanyakumari","-","-","-","Adyar","12.98583333","80.24500000","15-10-2024 12:00","10.5"
"118809","SGSWRDC Campus (Tharamani site)","Tamil Nadu SW GW","33","Tamil Nadu","568","Chennai","-","-","-","Adyar","East flowing rivers between Pennar and Kanyakumari","-","-","-","Adyar","12.98583333","80.24500000","15-10-2024 12:30","1.5"
"118810","SGSWRDC Campus (Tharamani site)","Tamil Nadu SW GW","33","Tamil Nadu","568","Chennai","-","-","-","Adyar","East flowing rivers between Pennar and Kanyakumari","-","-","-","Adyar","12.98583333","80.24500000","15-10-2024 13:00","3"
"118811","SGSWRDC Campus (Tharamani site)","Tamil Nadu SW GW","33","Tamil Nadu","568","Chennai","-","-","-","Adyar","East flowing rivers between Pennar and Kanyakumari","-","-","-","Adyar","12.98583333","80.24500000","15-10-2024 13:30","12.5"
"118812","SGSWRDC Campus (Tharamani site)","Tamil Nadu SW GW","33","Tamil Nadu","568","Chennai","-","-","-","Adyar","East flowing rivers between Pennar and Kanyakumari","-","-","-","Adyar","12.98583333","80.24500000","15-10-2024 14:00","19"
"118813","SGSWRDC Campus (Tharamani site)","Tamil Nadu SW GW","33","Tamil Nadu","568","Chennai","-","-","-","Adyar","East flowing rivers between Pennar and Kanyakumari","-","-","-","Adyar","12.98583333","80.24500000","15-10-2024 14:30","1"
"118814","SGSWRDC Campus (Tharamani site)","Tamil Nadu SW GW","33","Tamil Nadu","568","Chennai","-","-","-","Adyar","East flowing rivers between Pennar and Kanyakumari","-","-","-","Adyar","12.98583333","80.24500000","15-10-2024 15:00","3"
"118815","SGSWRDC Campus (Tharamani site)","Tamil Nadu SW GW","33","Tamil Nadu","568","Chennai","-","-","-","Adyar","East flowing rivers between Pennar and Kanyakumari","-","-","-","Adyar","12.98583333","80.24500000","15-10-2024 15:30","2"
"118816","SGSWRDC Campus (Tharamani site)","Tamil Nadu SW GW","33","Tamil Nadu","568","Chennai","-","-","-","Adyar","East flowing rivers between Pennar and Kanyakumari","-","-","-","Adyar","12.98583333","80.24500000","15-10-2024 16:00","3"
"118817","SGSWRDC Campus (Tharamani site)","Tamil Nadu SW GW","33","Tamil Nadu","568","Chennai","-","-","-","Adyar","East flowing rivers between Pennar and Kanyakumari","-","-","-","Adyar","12.98583333","80.24500000","15-10-2024 17:00","1"
"118818","SGSWRDC Campus (Tharamani site)","Tamil Nadu SW GW","33","Tamil Nadu","568","Chennai","-","-","-","Adyar","East flowing rivers between Pennar and Kanyakumari","-","-","-","Adyar","12.98583333","80.24500000","15-10-2024 17:30","0.5"
"118819","SGSWRDC Campus (Tharamani site)","Tamil Nadu SW GW","33","Tamil Nadu","568","Chennai","-","-","-","Adyar","East flowing rivers between Pennar and Kanyakumari","-","-","-","Adyar","12.98583333","80.24500000","15-10-2024 18:00","1"
"118820","SGSWRDC Campus (Tharamani site)","Tamil Nadu SW GW","33","Tamil Nadu","568","Chennai","-","-","-","Adyar","East flowing rivers between Pennar and Kanyakumari","-","-","-","Adyar","12.98583333","80.24500000","15-10-2024 18:30","2"
"118821","SGSWRDC Campus (Tharamani site)","Tamil Nadu SW GW","33","Tamil Nadu","568","Chennai","-","-","-","Adyar","East flowing rivers between Pennar and Kanyakumari","-","-","-","Adyar","12.98583333","80.24500000","15-10-2024 19:00","5"
"118822","SGSWRDC Campus (Tharamani site)","Tamil Nadu SW GW","33","Tamil Nadu","568","Chennai","-","-","-","Adyar","East flowing rivers between Pennar and Kanyakumari","-","-","-","Adyar","12.98583333","80.24500000","15-10-2024 19:30","4.5"
"118823","SGSWRDC Campus (Tharamani site)","Tamil Nadu SW GW","33","Tamil Nadu","568","Chennai","-","-","-","Adyar","East flowing rivers between Pennar and Kanyakumari","-","-","-","Adyar","12.98583333","80.24500000","15-10-2024 20:00","9.5"
"118824","SGSWRDC Campus (Tharamani site)","Tamil Nadu SW GW","33","Tamil Nadu","568","Chennai","-","-","-","Adyar","East flowing rivers between Pennar and Kanyakumari","-","-","-","Adyar","12.98583333","80.24500000","15-10-2024 20:30","1.5"
"118825","SGSWRDC Campus (Tharamani site)","Tamil Nadu SW GW","33","Tamil Nadu","568","Chennai","-","-","-","Adyar","East flowing rivers between Pennar and Kanyakumari","-","-","-","Adyar","12.98583333","80.24500000","15-10-2024 21:30","0.5"
"118826","SGSWRDC Campus (Tharamani site)","Tamil Nadu SW GW","33","Tamil Nadu","568","Chennai","-","-","-","Adyar","East flowing rivers between Pennar and Kanyakumari","-","-","-","Adyar","12.98583333","80.24500000","15-10-2024 22:00","0.5"
"118827","SGSWRDC Campus (Tharamani site)","Tamil Nadu SW GW","33","Tamil Nadu","568","Chennai","-","-","-","Adyar","East flowing rivers between Pennar and Kanyakumari","-","-","-","Adyar","12.98583333","80.24500000","15-10-2024 23:00","2.5"
"118828","SGSWRDC Campus (Tharamani site)","Tamil Nadu SW GW","33","Tamil Nadu","568","Chennai","-","-","-","Adyar","East flowing rivers between Pennar and Kanyakumari","-","-","-","Adyar","12.98583333","80.24500000","15-10-2024 23:30","0.5"
"118829","SGSWRDC Campus (Tharamani site)","Tamil Nadu SW GW","33","Tamil Nadu","568","Chennai","-","-","-","Adyar","East flowing rivers between Pennar and Kanyakumari","-","-","-","Adyar","12.98583333","80.24500000","16-10-2024 00:00","1.5"
"118830","SGSWRDC Campus (Tharamani site)","Tamil Nadu SW GW","33","Tamil Nadu","568","Chennai","-","-","-","Adyar","East flowing rivers between Pennar and Kanyakumari","-","-","-","Adyar","12.98583333","80.24500000","16-10-2024 00:30","0.5"
"118831","SGSWRDC Campus (Tharamani site)","Tamil Nadu SW GW","33","Tamil Nadu","568","Chennai","-","-","-","Adyar","East flowing rivers between Pennar and Kanyakumari","-","-","-","Adyar","12.98583333","80.24500000","16-10-2024 01:00","0.5"
"118832","SGSWRDC Campus (Tharamani site)","Tamil Nadu SW GW","33","Tamil Nadu","568","Chennai","-","-","-","Adyar","East flowing rivers between Pennar and Kanyakumari","-","-","-","Adyar","12.98583333","80.24500000","16-10-2024 01:30","0.5"
"118833","SGSWRDC Campus (Tharamani site)","Tamil Nadu SW GW","33","Tamil Nadu","568","Chennai","-","-","-","Adyar","East flowing rivers between Pennar and Kanyakumari","-","-","-","Adyar","12.98583333","80.24500000","16-10-2024 02:00","1"
"118834","SGSWRDC Campus (Tharamani site)","Tamil Nadu SW GW","33","Tamil Nadu","568","Chennai","-","-","-","Adyar","East flowing rivers between Pennar and Kanyakumari","-","-","-","Adyar","12.98583333","80.24500000","16-10-2024 02:30","0.5"
"118835","SGSWRDC Campus (Tharamani site)","Tamil Nadu SW GW","33","Tamil Nadu","568","Chennai","-","-","-","Adyar","East flowing rivers between Pennar and Kanyakumari","-","-","-","Adyar","12.98583333","80.24500000","16-10-2024 03:00","0.5"
"118836","SGSWRDC Campus (Tharamani site)","Tamil Nadu SW GW","33","Tamil Nadu","568","Chennai","-","-","-","Adyar","East flowing rivers between Pennar and Kanyakumari","-","-","-","Adyar","12.98583333","80.24500000","16-10-2024 03:30","0.5"
"118837","SGSWRDC Campus (Tharamani site)","Tamil Nadu SW GW","33","Tamil Nadu","568","Chennai","-","-","-","Adyar","East flowing rivers between Pennar and Kanyakumari","-","-","-","Adyar","12.98583333","80.24500000","16-10-2024 04:00","1"
"118838","SGSWRDC Campus (Tharamani site)","Tamil Nadu SW GW","33","Tamil Nadu","568","Chennai","-","-","-","Adyar","East flowing rivers between Pennar and Kanyakumari","-","-","-","Adyar","12.98583333","80.24500000","16-10-2024 05:00","0.5"
"118839","SGSWRDC Campus (Tharamani site)","Tamil Nadu SW GW","33","Tamil Nadu","568","Chennai","-","-","-","Adyar","East flowing rivers between Pennar and Kanyakumari","-","-","-","Adyar","12.98583333","80.24500000","16-10-2024 05:30","0.5"
"118840","SGSWRDC Campus (Tharamani site)","Tamil Nadu SW GW","33","Tamil Nadu","568","Chennai","-","-","-","Adyar","East flowing rivers between Pennar and Kanyakumari","-","-","-","Adyar","12.98583333","80.24500000","16-10-2024 06:00","0.5"
"118841","SGSWRDC Campus (Tharamani site)","Tamil Nadu SW GW","33","Tamil Nadu","568","Chennai","-","-","-","Adyar","East flowing rivers between Pennar and Kanyakumari","-","-","-","Adyar","12.98583333","80.24500000","16-10-2024 06:30","1.5"
"118842","SGSWRDC Campus (Tharamani site)","Tamil Nadu SW GW","33","Tamil Nadu","568","Chennai","-","-","-","Adyar","East flowing rivers between Pennar and Kanyakumari","-","-","-","Adyar","12.98583333","80.24500000","16-10-2024 07:00","3"
"118843","SGSWRDC Campus (Tharamani site)","Tamil Nadu SW GW","33","Tamil Nadu","568","Chennai","-","-","-","Adyar","East flowing rivers between Pennar and Kanyakumari","-","-","-","Adyar","12.98583333","80.24500000","16-10-2024 08:00","1"
"118844","SGSWRDC Campus (Tharamani site)","Tamil Nadu SW GW","33","Tamil Nadu","568","Chennai","-","-","-","Adyar","East flowing rivers between Pennar and Kanyakumari","-","-","-","Adyar","12.98583333","80.24500000","18-10-2024 03:00","3"
"118845","SGSWRDC Campus (Tharamani site)","Tamil Nadu SW GW","33","Tamil Nadu","568","Chennai","-","-","-","Adyar","East flowing rivers between Pennar and Kanyakumari","-","-","-","Adyar","12.98583333","80.24500000","18-10-2024 07:00","13"
"118846","SGSWRDC Campus (Tharamani site)","Tamil Nadu SW GW","33","Tamil Nadu","568","Chennai","-","-","-","Adyar","East flowing rivers between Pennar and Kanyakumari","-","-","-","Adyar","12.98583333","80.24500000","19-10-2024 04:00","18.5"
"118847","SGSWRDC Campus (Tharamani site)","Tamil Nadu SW GW","33","Tamil Nadu","568","Chennai","-","-","-","Adyar","East flowing rivers between Pennar and Kanyakumari","-","-","-","Adyar","12.98583333","80.24500000","20-10-2024 04:00","11.5"
"118848","SGSWRDC Campus (Tharamani site)","Tamil Nadu SW GW","33","Tamil Nadu","568","Chennai","-","-","-","Adyar","East flowing rivers between Pennar and Kanyakumari","-","-","-","Adyar","12.98583333","80.24500000","20-10-2024 05:00","17.5"
"118849","SGSWRDC Campus (Tharamani site)","Tamil Nadu SW GW","33","Tamil Nadu","568","Chennai","-","-","-","Adyar","East flowing rivers between Pennar and Kanyakumari","-","-","-","Adyar","12.98583333","80.24500000","20-10-2024 11:00","1"
"118850","SGSWRDC Campus (Tharamani site)","Tamil Nadu SW GW","33","Tamil Nadu","568","Chennai","-","-","-","Adyar","East flowing rivers between Pennar and Kanyakumari","-","-","-","Adyar","12.98583333","80.24500000","21-10-2024 06:00","1"
"118851","SGSWRDC Campus (Tharamani site)","Tamil Nadu SW GW","33","Tamil Nadu","568","Chennai","-","-","-","Adyar","East flowing rivers between Pennar and Kanyakumari","-","-","-","Adyar","12.98583333","80.24500000","21-10-2024 10:00","0.5"
"118852","SGSWRDC Campus (Tharamani site)","Tamil Nadu SW GW","33","Tamil Nadu","568","Chennai","-","-","-","Adyar","East flowing rivers between Pennar and Kanyakumari","-","-","-","Adyar","12.98583333","80.24500000","29-10-2024 18:00","6.5"
"118853","SGSWRDC Campus (Tharamani site)","Tamil Nadu SW GW","33","Tamil Nadu","568","Chennai","-","-","-","Adyar","East flowing rivers between Pennar and Kanyakumari","-","-","-","Adyar","12.98583333","80.24500000","30-10-2024 13:00","1.5"
"118854","SGSWRDC Campus (Tharamani site)","Tamil Nadu SW GW","33","Tamil Nadu","568","Chennai","-","-","-","Adyar","East flowing rivers between Pennar and Kanyakumari","-","-","-","Adyar","12.98583333","80.24500000","30-10-2024 14:00","0.5"
"118855","SGSWRDC Campus (Tharamani site)","Tamil Nadu SW GW","33","Tamil Nadu","568","Chennai","-","-","-","Adyar","East flowing rivers between Pennar and Kanyakumari","-","-","-","Adyar","12.98583333","80.24500000","30-10-2024 15:00","0.5"
"118856","SGSWRDC Campus (Tharamani site)","Tamil Nadu SW GW","33","Tamil Nadu","568","Chennai","-","-","-","Adyar","East flowing rivers between Pennar and Kanyakumari","-","-","-","Adyar","12.98583333","80.24500000","02-11-2024 04:00","1.5"
"118857","SGSWRDC Campus (Tharamani site)","Tamil Nadu SW GW","33","Tamil Nadu","568","Chennai","-","-","-","Adyar","East flowing rivers between Pennar and Kanyakumari","-","-","-","Adyar","12.98583333","80.24500000","02-11-2024 08:00","1"
"118858","SGSWRDC Campus (Tharamani site)","Tamil Nadu SW GW","33","Tamil Nadu","568","Chennai","-","-","-","Adyar","East flowing rivers between Pennar and Kanyakumari","-","-","-","Adyar","12.98583333","80.24500000","02-11-2024 09:00","0.5"
"118859","SGSWRDC Campus (Tharamani site)","Tamil Nadu SW GW","33","Tamil Nadu","568","Chennai","-","-","-","Adyar","East flowing rivers between Pennar and Kanyakumari","-","-","-","Adyar","12.98583333","80.24500000","03-11-2024 05:00","6"
"118860","SGSWRDC Campus (Tharamani site)","Tamil Nadu SW GW","33","Tamil Nadu","568","Chennai","-","-","-","Adyar","East flowing rivers between Pennar and Kanyakumari","-","-","-","Adyar","12.98583333","80.24500000","04-11-2024 06:00","6.5"
"118861","SGSWRDC Campus (Tharamani site)","Tamil Nadu SW GW","33","Tamil Nadu","568","Chennai","-","-","-","Adyar","East flowing rivers between Pennar and Kanyakumari","-","-","-","Adyar","12.98583333","80.24500000","06-11-2024 15:00","1"
"118862","SGSWRDC Campus (Tharamani site)","Tamil Nadu SW GW","33","Tamil Nadu","568","Chennai","-","-","-","Adyar","East flowing rivers between Pennar and Kanyakumari","-","-","-","Adyar","12.98583333","80.24500000","06-11-2024 21:00","1.5"
"118863","SGSWRDC Campus (Tharamani site)","Tamil Nadu SW GW","33","Tamil Nadu","568","Chennai","-","-","-","Adyar","East flowing rivers between Pennar and Kanyakumari","-","-","-","Adyar","12.98583333","80.24500000","06-11-2024 22:00","2.5"
"118864","SGSWRDC Campus (Tharamani site)","Tamil Nadu SW GW","33","Tamil Nadu","568","Chennai","-","-","-","Adyar","East flowing rivers between Pennar and Kanyakumari","-","-","-","Adyar","12.98583333","80.24500000","07-11-2024 03:00","2.5"
"118865","SGSWRDC Campus (Tharamani site)","Tamil Nadu SW GW","33","Tamil Nadu","568","Chennai","-","-","-","Adyar","East flowing rivers between Pennar and Kanyakumari","-","-","-","Adyar","12.98583333","80.24500000","07-11-2024 08:00","1.5"
"118866","SGSWRDC Campus (Tharamani site)","Tamil Nadu SW GW","33","Tamil Nadu","568","Chennai","-","-","-","Adyar","East flowing rivers between Pennar and Kanyakumari","-","-","-","Adyar","12.98583333","80.24500000","07-11-2024 09:00","1.5"
"118867","SGSWRDC Campus (Tharamani site)","Tamil Nadu SW GW","33","Tamil Nadu","568","Chennai","-","-","-","Adyar","East flowing rivers between Pennar and Kanyakumari","-","-","-","Adyar","12.98583333","80.24500000","07-11-2024 10:00","1"
"118868","SGSWRDC Campus (Tharamani site)","Tamil Nadu SW GW","33","Tamil Nadu","568","Chennai","-","-","-","Adyar","East flowing rivers between Pennar and Kanyakumari","-","-","-","Adyar","12.98583333","80.24500000","07-11-2024 11:00","1"
"118869","SGSWRDC Campus (Tharamani site)","Tamil Nadu SW GW","33","Tamil Nadu","568","Chennai","-","-","-","Adyar","East flowing rivers between Pennar and Kanyakumari","-","-","-","Adyar","12.98583333","80.24500000","07-11-2024 12:00","3.5"
"118870","SGSWRDC Campus (Tharamani site)","Tamil Nadu SW GW","33","Tamil Nadu","568","Chennai","-","-","-","Adyar","East flowing rivers between Pennar and Kanyakumari","-","-","-","Adyar","12.98583333","80.24500000","07-11-2024 13:00","0.5"
"118871","SGSWRDC Campus (Tharamani site)","Tamil Nadu SW GW","33","Tamil Nadu","568","Chennai","-","-","-","Adyar","East flowing rivers between Pennar and Kanyakumari","-","-","-","Adyar","12.98583333","80.24500000","07-11-2024 14:00","0.5"
"118872","SGSWRDC Campus (Tharamani site)","Tamil Nadu SW GW","33","Tamil Nadu","568","Chennai","-","-","-","Adyar","East flowing rivers between Pennar and Kanyakumari","-","-","-","Adyar","12.98583333","80.24500000","11-11-2024 23:00","4.5"
"118873","SGSWRDC Campus (Tharamani site)","Tamil Nadu SW GW","33","Tamil Nadu","568","Chennai","-","-","-","Adyar","East flowing rivers between Pennar and Kanyakumari","-","-","-","Adyar","12.98583333","80.24500000","12-11-2024 00:00","0.5"
"118874","SGSWRDC Campus (Tharamani site)","Tamil Nadu SW GW","33","Tamil Nadu","568","Chennai","-","-","-","Adyar","East flowing rivers between Pennar and Kanyakumari","-","-","-","Adyar","12.98583333","80.24500000","12-11-2024 02:00","3.5"
"118875","SGSWRDC Campus (Tharamani site)","Tamil Nadu SW GW","33","Tamil Nadu","568","Chennai","-","-","-","Adyar","East flowing rivers between Pennar and Kanyakumari","-","-","-","Adyar","12.98583333","80.24500000","12-11-2024 03:00","0.5"
"118876","SGSWRDC Campus (Tharamani site)","Tamil Nadu SW GW","33","Tamil Nadu","568","Chennai","-","-","-","Adyar","East flowing rivers between Pennar and Kanyakumari","-","-","-","Adyar","12.98583333","80.24500000","12-11-2024 05:00","18.5"
"118877","SGSWRDC Campus (Tharamani site)","Tamil Nadu SW GW","33","Tamil Nadu","568","Chennai","-","-","-","Adyar","East flowing rivers between Pennar and Kanyakumari","-","-","-","Adyar","12.98583333","80.24500000","12-11-2024 06:00","8.5"
"118878","SGSWRDC Campus (Tharamani site)","Tamil Nadu SW GW","33","Tamil Nadu","568","Chennai","-","-","-","Adyar","East flowing rivers between Pennar and Kanyakumari","-","-","-","Adyar","12.98583333","80.24500000","12-11-2024 08:00","2"
"118879","SGSWRDC Campus (Tharamani site)","Tamil Nadu SW GW","33","Tamil Nadu","568","Chennai","-","-","-","Adyar","East flowing rivers between Pennar and Kanyakumari","-","-","-","Adyar","12.98583333","80.24500000","12-11-2024 09:00","1.5"
"118880","SGSWRDC Campus (Tharamani site)","Tamil Nadu SW GW","33","Tamil Nadu","568","Chennai","-","-","-","Adyar","East flowing rivers between Pennar and Kanyakumari","-","-","-","Adyar","12.98583333","80.24500000","13-11-2024 00:00","0.5"
"118881","SGSWRDC Campus (Tharamani site)","Tamil Nadu SW GW","33","Tamil Nadu","568","Chennai","-","-","-","Adyar","East flowing rivers between Pennar and Kanyakumari","-","-","-","Adyar","12.98583333","80.24500000","13-11-2024 01:00","2"
"118882","SGSWRDC Campus (Tharamani site)","Tamil Nadu SW GW","33","Tamil Nadu","568","Chennai","-","-","-","Adyar","East flowing rivers between Pennar and Kanyakumari","-","-","-","Adyar","12.98583333","80.24500000","13-11-2024 02:00","0.5"
"118883","SGSWRDC Campus (Tharamani site)","Tamil Nadu SW GW","33","Tamil Nadu","568","Chennai","-","-","-","Adyar","East flowing rivers between Pennar and Kanyakumari","-","-","-","Adyar","12.98583333","80.24500000","13-11-2024 03:00","1"
"118884","SGSWRDC Campus (Tharamani site)","Tamil Nadu SW GW","33","Tamil Nadu","568","Chennai","-","-","-","Adyar","East flowing rivers between Pennar and Kanyakumari","-","-","-","Adyar","12.98583333","80.24500000","13-11-2024 04:00","0.5"
"118885","SGSWRDC Campus (Tharamani site)","Tamil Nadu SW GW","33","Tamil Nadu","568","Chennai","-","-","-","Adyar","East flowing rivers between Pennar and Kanyakumari","-","-","-","Adyar","12.98583333","80.24500000","13-11-2024 05:00","1"
"118886","SGSWRDC Campus (Tharamani site)","Tamil Nadu SW GW","33","Tamil Nadu","568","Chennai","-","-","-","Adyar","East flowing rivers between Pennar and Kanyakumari","-","-","-","Adyar","12.98583333","80.24500000","13-11-2024 06:00","0.5"
"118887","SGSWRDC Campus (Tharamani site)","Tamil Nadu SW GW","33","Tamil Nadu","568","Chennai","-","-","-","Adyar","East flowing rivers between Pennar and Kanyakumari","-","-","-","Adyar","12.98583333","80.24500000","13-11-2024 11:00","0.5"
"118888","SGSWRDC Campus (Tharamani site)","Tamil Nadu SW GW","33","Tamil Nadu","568","Chennai","-","-","-","Adyar","East flowing rivers between Pennar and Kanyakumari","-","-","-","Adyar","12.98583333","80.24500000","14-11-2024 01:00","0.5"
"118889","SGSWRDC Campus (Tharamani site)","Tamil Nadu SW GW","33","Tamil Nadu","568","Chennai","-","-","-","Adyar","East flowing rivers between Pennar and Kanyakumari","-","-","-","Adyar","12.98583333","80.24500000","14-11-2024 02:00","2.5"
"118890","SGSWRDC Campus (Tharamani site)","Tamil Nadu SW GW","33","Tamil Nadu","568","Chennai","-","-","-","Adyar","East flowing rivers between Pennar and Kanyakumari","-","-","-","Adyar","12.98583333","80.24500000","14-11-2024 03:00","2"
"118891","SGSWRDC Campus (Tharamani site)","Tamil Nadu SW GW","33","Tamil Nadu","568","Chennai","-","-","-","Adyar","East flowing rivers between Pennar and Kanyakumari","-","-","-","Adyar","12.98583333","80.24500000","14-11-2024 18:00","2"
"118892","SGSWRDC Campus (Tharamani site)","Tamil Nadu SW GW","33","Tamil Nadu","568","Chennai","-","-","-","Adyar","East flowing rivers between Pennar and Kanyakumari","-","-","-","Adyar","12.98583333","80.24500000","14-11-2024 23:00","1.5"
"118893","SGSWRDC Campus (Tharamani site)","Tamil Nadu SW GW","33","Tamil Nadu","568","Chennai","-","-","-","Adyar","East flowing rivers between Pennar and Kanyakumari","-","-","-","Adyar","12.98583333","80.24500000","15-11-2024 00:00","7"
"118894","SGSWRDC Campus (Tharamani site)","Tamil Nadu SW GW","33","Tamil Nadu","568","Chennai","-","-","-","Adyar","East flowing rivers between Pennar and Kanyakumari","-","-","-","Adyar","12.98583333","80.24500000","15-11-2024 03:00","1"
"118895","SGSWRDC Campus (Tharamani site)","Tamil Nadu SW GW","33","Tamil Nadu","568","Chennai","-","-","-","Adyar","East flowing rivers between Pennar and Kanyakumari","-","-","-","Adyar","12.98583333","80.24500000","15-11-2024 04:00","2"
"118896","SGSWRDC Campus (Tharamani site)","Tamil Nadu SW GW","33","Tamil Nadu","568","Chennai","-","-","-","Adyar","East flowing rivers between Pennar and Kanyakumari","-","-","-","Adyar","12.98583333","80.24500000","15-11-2024 06:00","1"
"118897","SGSWRDC Campus (Tharamani site)","Tamil Nadu SW GW","33","Tamil Nadu","568","Chennai","-","-","-","Adyar","East flowing rivers between Pennar and Kanyakumari","-","-","-","Adyar","12.98583333","80.24500000","15-11-2024 07:00","2.5"
"118898","SGSWRDC Campus (Tharamani site)","Tamil Nadu SW GW","33","Tamil Nadu","568","Chennai","-","-","-","Adyar","East flowing rivers between Pennar and Kanyakumari","-","-","-","Adyar","12.98583333","80.24500000","16-11-2024 01:00","17"
"118899","SGSWRDC Campus (Tharamani site)","Tamil Nadu SW GW","33","Tamil Nadu","568","Chennai","-","-","-","Adyar","East flowing rivers between Pennar and Kanyakumari","-","-","-","Adyar","12.98583333","80.24500000","16-11-2024 13:00","0.5"
"118900","SGSWRDC Campus (Tharamani site)","Tamil Nadu SW GW","33","Tamil Nadu","568","Chennai","-","-","-","Adyar","East flowing rivers between Pennar and Kanyakumari","-","-","-","Adyar","12.98583333","80.24500000","25-11-2024 23:00","5"
"118901","SGSWRDC Campus (Tharamani site)","Tamil Nadu SW GW","33","Tamil Nadu","568","Chennai","-","-","-","Adyar","East flowing rivers between Pennar and Kanyakumari","-","-","-","Adyar","12.98583333","80.24500000","26-11-2024 05:00","1"
"118902","SGSWRDC Campus (Tharamani site)","Tamil Nadu SW GW","33","Tamil Nadu","568","Chennai","-","-","-","Adyar","East flowing rivers between Pennar and Kanyakumari","-","-","-","Adyar","12.98583333","80.24500000","26-11-2024 10:00","1"
"118903","SGSWRDC Campus (Tharamani site)","Tamil Nadu SW GW","33","Tamil Nadu","568","Chennai","-","-","-","Adyar","East flowing rivers between Pennar and Kanyakumari","-","-","-","Adyar","12.98583333","80.24500000","26-11-2024 11:00","40.5"
"118904","SGSWRDC Campus (Tharamani site)","Tamil Nadu SW GW","33","Tamil Nadu","568","Chennai","-","-","-","Adyar","East flowing rivers between Pennar and Kanyakumari","-","-","-","Adyar","12.98583333","80.24500000","26-11-2024 12:00","15"
"118905","SGSWRDC Campus (Tharamani site)","Tamil Nadu SW GW","33","Tamil Nadu","568","Chennai","-","-","-","Adyar","East flowing rivers between Pennar and Kanyakumari","-","-","-","Adyar","12.98583333","80.24500000","26-11-2024 13:00","3"
"118906","SGSWRDC Campus (Tharamani site)","Tamil Nadu SW GW","33","Tamil Nadu","568","Chennai","-","-","-","Adyar","East flowing rivers between Pennar and Kanyakumari","-","-","-","Adyar","12.98583333","80.24500000","26-11-2024 22:00","4.5"
"118907","SGSWRDC Campus (Tharamani site)","Tamil Nadu SW GW","33","Tamil Nadu","568","Chennai","-","-","-","Adyar","East flowing rivers between Pennar and Kanyakumari","-","-","-","Adyar","12.98583333","80.24500000","29-11-2024 00:00","3"
"118908","SGSWRDC Campus (Tharamani site)","Tamil Nadu SW GW","33","Tamil Nadu","568","Chennai","-","-","-","Adyar","East flowing rivers between Pennar and Kanyakumari","-","-","-","Adyar","12.98583333","80.24500000","29-11-2024 01:00","7"
"118909","SGSWRDC Campus (Tharamani site)","Tamil Nadu SW GW","33","Tamil Nadu","568","Chennai","-","-","-","Adyar","East flowing rivers between Pennar and Kanyakumari","-","-","-","Adyar","12.98583333","80.24500000","29-11-2024 02:00","12"
"118910","SGSWRDC Campus (Tharamani site)","Tamil Nadu SW GW","33","Tamil Nadu","568","Chennai","-","-","-","Adyar","East flowing rivers between Pennar and Kanyakumari","-","-","-","Adyar","12.98583333","80.24500000","29-11-2024 03:00","11"
"118911","SGSWRDC Campus (Tharamani site)","Tamil Nadu SW GW","33","Tamil Nadu","568","Chennai","-","-","-","Adyar","East flowing rivers between Pennar and Kanyakumari","-","-","-","Adyar","12.98583333","80.24500000","29-11-2024 04:00","7"
"118912","SGSWRDC Campus (Tharamani site)","Tamil Nadu SW GW","33","Tamil Nadu","568","Chennai","-","-","-","Adyar","East flowing rivers between Pennar and Kanyakumari","-","-","-","Adyar","12.98583333","80.24500000","29-11-2024 06:00","1.5"
"118913","SGSWRDC Campus (Tharamani site)","Tamil Nadu SW GW","33","Tamil Nadu","568","Chennai","-","-","-","Adyar","East flowing rivers between Pennar and Kanyakumari","-","-","-","Adyar","12.98583333","80.24500000","29-11-2024 09:00","1"
"118914","SGSWRDC Campus (Tharamani site)","Tamil Nadu SW GW","33","Tamil Nadu","568","Chennai","-","-","-","Adyar","East flowing rivers between Pennar and Kanyakumari","-","-","-","Adyar","12.98583333","80.24500000","29-11-2024 13:00","1"
"118915","SGSWRDC Campus (Tharamani site)","Tamil Nadu SW GW","33","Tamil Nadu","568","Chennai","-","-","-","Adyar","East flowing rivers between Pennar and Kanyakumari","-","-","-","Adyar","12.98583333","80.24500000","29-11-2024 14:00","1"
"118916","SGSWRDC Campus (Tharamani site)","Tamil Nadu SW GW","33","Tamil Nadu","568","Chennai","-","-","-","Adyar","East flowing rivers between Pennar and Kanyakumari","-","-","-","Adyar","12.98583333","80.24500000","29-11-2024 15:00","0.5"
"118917","SGSWRDC Campus (Tharamani site)","Tamil Nadu SW GW","33","Tamil Nadu","568","Chennai","-","-","-","Adyar","East flowing rivers between Pennar and Kanyakumari","-","-","-","Adyar","12.98583333","80.24500000","29-11-2024 22:00","0.5"
"118918","SGSWRDC Campus (Tharamani site)","Tamil Nadu SW GW","33","Tamil Nadu","568","Chennai","-","-","-","Adyar","East flowing rivers between Pennar and Kanyakumari","-","-","-","Adyar","12.98583333","80.24500000","30-11-2024 01:00","3.5"
"118919","SGSWRDC Campus (Tharamani site)","Tamil Nadu SW GW","33","Tamil Nadu","568","Chennai","-","-","-","Adyar","East flowing rivers between Pennar and Kanyakumari","-","-","-","Adyar","12.98583333","80.24500000","30-11-2024 02:00","1"
"118920","SGSWRDC Campus (Tharamani site)","Tamil Nadu SW GW","33","Tamil Nadu","568","Chennai","-","-","-","Adyar","East flowing rivers between Pennar and Kanyakumari","-","-","-","Adyar","12.98583333","80.24500000","30-11-2024 03:00","1.5"
"118921","SGSWRDC Campus (Tharamani site)","Tamil Nadu SW GW","33","Tamil Nadu","568","Chennai","-","-","-","Adyar","East flowing rivers between Pennar and Kanyakumari","-","-","-","Adyar","12.98583333","80.24500000","30-11-2024 04:00","1.5"
"118922","SGSWRDC Campus (Tharamani site)","Tamil Nadu SW GW","33","Tamil Nadu","568","Chennai","-","-","-","Adyar","East flowing rivers between Pennar and Kanyakumari","-","-","-","Adyar","12.98583333","80.24500000","30-11-2024 05:00","4"
"118923","SGSWRDC Campus (Tharamani site)","Tamil Nadu SW GW","33","Tamil Nadu","568","Chennai","-","-","-","Adyar","East flowing rivers between Pennar and Kanyakumari","-","-","-","Adyar","12.98583333","80.24500000","30-11-2024 06:00","12"
"118924","SGSWRDC Campus (Tharamani site)","Tamil Nadu SW GW","33","Tamil Nadu","568","Chennai","-","-","-","Adyar","East flowing rivers between Pennar and Kanyakumari","-","-","-","Adyar","12.98583333","80.24500000","30-11-2024 07:00","13"
"118925","SGSWRDC Campus (Tharamani site)","Tamil Nadu SW GW","33","Tamil Nadu","568","Chennai","-","-","-","Adyar","East flowing rivers between Pennar and Kanyakumari","-","-","-","Adyar","12.98583333","80.24500000","30-11-2024 08:00","11"
"118926","SGSWRDC Campus (Tharamani site)","Tamil Nadu SW GW","33","Tamil Nadu","568","Chennai","-","-","-","Adyar","East flowing rivers between Pennar and Kanyakumari","-","-","-","Adyar","12.98583333","80.24500000","30-11-2024 09:00","26"
"118927","SGSWRDC Campus (Tharamani site)","Tamil Nadu SW GW","33","Tamil Nadu","568","Chennai","-","-","-","Adyar","East flowing rivers between Pennar and Kanyakumari","-","-","-","Adyar","12.98583333","80.24500000","30-11-2024 10:00","26.5"
"118928","SGSWRDC Campus (Tharamani site)","Tamil Nadu SW GW","33","Tamil Nadu","568","Chennai","-","-","-","Adyar","East flowing rivers between Pennar and Kanyakumari","-","-","-","Adyar","12.98583333","80.24500000","30-11-2024 11:00","6"
"118929","SGSWRDC Campus (Tharamani site)","Tamil Nadu SW GW","33","Tamil Nadu","568","Chennai","-","-","-","Adyar","East flowing rivers between Pennar and Kanyakumari","-","-","-","Adyar","12.98583333","80.24500000","30-11-2024 12:00","4.5"
"118930","SGSWRDC Campus (Tharamani site)","Tamil Nadu SW GW","33","Tamil Nadu","568","Chennai","-","-","-","Adyar","East flowing rivers between Pennar and Kanyakumari","-","-","-","Adyar","12.98583333","80.24500000","30-11-2024 13:00","14"
"118931","SGSWRDC Campus (Tharamani site)","Tamil Nadu SW GW","33","Tamil Nadu","568","Chennai","-","-","-","Adyar","East flowing rivers between Pennar and Kanyakumari","-","-","-","Adyar","12.98583333","80.24500000","30-11-2024 14:00","7"
"118932","SGSWRDC Campus (Tharamani site)","Tamil Nadu SW GW","33","Tamil Nadu","568","Chennai","-","-","-","Adyar","East flowing rivers between Pennar and Kanyakumari","-","-","-","Adyar","12.98583333","80.24500000","30-11-2024 15:00","1.5"
"118933","SGSWRDC Campus (Tharamani site)","Tamil Nadu SW GW","33","Tamil Nadu","568","Chennai","-","-","-","Adyar","East flowing rivers between Pennar and Kanyakumari","-","-","-","Adyar","12.98583333","80.24500000","30-11-2024 17:00","1.5"
"118934","SGSWRDC Campus (Tharamani site)","Tamil Nadu SW GW","33","Tamil Nadu","568","Chennai","-","-","-","Adyar","East flowing rivers between Pennar and Kanyakumari","-","-","-","Adyar","12.98583333","80.24500000","01-12-2024 00:00","0.5"
"118935","SGSWRDC Campus (Tharamani site)","Tamil Nadu SW GW","33","Tamil Nadu","568","Chennai","-","-","-","Adyar","East flowing rivers between Pennar and Kanyakumari","-","-","-","Adyar","12.98583333","80.24500000","01-12-2024 13:00","0.5"
"118936","SGSWRDC Campus (Tharamani site)","Tamil Nadu SW GW","33","Tamil Nadu","568","Chennai","-","-","-","Adyar","East flowing rivers between Pennar and Kanyakumari","-","-","-","Adyar","12.98583333","80.24500000","01-12-2024 23:00","0.5"
"118937","SGSWRDC Campus (Tharamani site)","Tamil Nadu SW GW","33","Tamil Nadu","568","Chennai","-","-","-","Adyar","East flowing rivers between Pennar and Kanyakumari","-","-","-","Adyar","12.98583333","80.24500000","02-12-2024 02:00","0.5"
"118938","SGSWRDC Campus (Tharamani site)","Tamil Nadu SW GW","33","Tamil Nadu","568","Chennai","-","-","-","Adyar","East flowing rivers between Pennar and Kanyakumari","-","-","-","Adyar","12.98583333","80.24500000","04-12-2024 20:00","1"
"118939","SGSWRDC Campus (Tharamani site)","Tamil Nadu SW GW","33","Tamil Nadu","568","Chennai","-","-","-","Adyar","East flowing rivers between Pennar and Kanyakumari","-","-","-","Adyar","12.98583333","80.24500000","11-12-2024 10:00","7.5"
"118940","SGSWRDC Campus (Tharamani site)","Tamil Nadu SW GW","33","Tamil Nadu","568","Chennai","-","-","-","Adyar","East flowing rivers between Pennar and Kanyakumari","-","-","-","Adyar","12.98583333","80.24500000","11-12-2024 14:00","0.5"
"118941","SGSWRDC Campus (Tharamani site)","Tamil Nadu SW GW","33","Tamil Nadu","568","Chennai","-","-","-","Adyar","East flowing rivers between Pennar and Kanyakumari","-","-","-","Adyar","12.98583333","80.24500000","11-12-2024 15:00","2"
"118942","SGSWRDC Campus (Tharamani site)","Tamil Nadu SW GW","33","Tamil Nadu","568","Chennai","-","-","-","Adyar","East flowing rivers between Pennar and Kanyakumari","-","-","-","Adyar","12.98583333","80.24500000","11-12-2024 16:00","1"
"118943","SGSWRDC Campus (Tharamani site)","Tamil Nadu SW GW","33","Tamil Nadu","568","Chennai","-","-","-","Adyar","East flowing rivers between Pennar and Kanyakumari","-","-","-","Adyar","12.98583333","80.24500000","11-12-2024 18:00","0.5"
"118944","SGSWRDC Campus (Tharamani site)","Tamil Nadu SW GW","33","Tamil Nadu","568","Chennai","-","-","-","Adyar","East flowing rivers between Pennar and Kanyakumari","-","-","-","Adyar","12.98583333","80.24500000","11-12-2024 20:00","0.5"
"118945","SGSWRDC Campus (Tharamani site)","Tamil Nadu SW GW","33","Tamil Nadu","568","Chennai","-","-","-","Adyar","East flowing rivers between Pennar and Kanyakumari","-","-","-","Adyar","12.98583333","80.24500000","11-12-2024 22:00","2"
"118946","SGSWRDC Campus (Tharamani site)","Tamil Nadu SW GW","33","Tamil Nadu","568","Chennai","-","-","-","Adyar","East flowing rivers between Pennar and Kanyakumari","-","-","-","Adyar","12.98583333","80.24500000","11-12-2024 23:00","1"
"118947","SGSWRDC Campus (Tharamani site)","Tamil Nadu SW GW","33","Tamil Nadu","568","Chennai","-","-","-","Adyar","East flowing rivers between Pennar and Kanyakumari","-","-","-","Adyar","12.98583333","80.24500000","12-12-2024 00:00","0.5"
"118948","SGSWRDC Campus (Tharamani site)","Tamil Nadu SW GW","33","Tamil Nadu","568","Chennai","-","-","-","Adyar","East flowing rivers between Pennar and Kanyakumari","-","-","-","Adyar","12.98583333","80.24500000","12-12-2024 02:00","6.5"
"118949","SGSWRDC Campus (Tharamani site)","Tamil Nadu SW GW","33","Tamil Nadu","568","Chennai","-","-","-","Adyar","East flowing rivers between Pennar and Kanyakumari","-","-","-","Adyar","12.98583333","80.24500000","12-12-2024 03:00","3.5"
"118950","SGSWRDC Campus (Tharamani site)","Tamil Nadu SW GW","33","Tamil Nadu","568","Chennai","-","-","-","Adyar","East flowing rivers between Pennar and Kanyakumari","-","-","-","Adyar","12.98583333","80.24500000","12-12-2024 04:00","0.5"
"118951","SGSWRDC Campus (Tharamani site)","Tamil Nadu SW GW","33","Tamil Nadu","568","Chennai","-","-","-","Adyar","East flowing rivers between Pennar and Kanyakumari","-","-","-","Adyar","12.98583333","80.24500000","12-12-2024 06:00","11"
"118952","SGSWRDC Campus (Tharamani site)","Tamil Nadu SW GW","33","Tamil Nadu","568","Chennai","-","-","-","Adyar","East flowing rivers between Pennar and Kanyakumari","-","-","-","Adyar","12.98583333","80.24500000","12-12-2024 07:00","1"
"118953","SGSWRDC Campus (Tharamani site)","Tamil Nadu SW GW","33","Tamil Nadu","568","Chennai","-","-","-","Adyar","East flowing rivers between Pennar and Kanyakumari","-","-","-","Adyar","12.98583333","80.24500000","12-12-2024 08:00","1.5"
"118954","SGSWRDC Campus (Tharamani site)","Tamil Nadu SW GW","33","Tamil Nadu","568","Chennai","-","-","-","Adyar","East flowing rivers between Pennar and Kanyakumari","-","-","-","Adyar","12.98583333","80.24500000","12-12-2024 09:00","2"
"118955","SGSWRDC Campus (Tharamani site)","Tamil Nadu SW GW","33","Tamil Nadu","568","Chennai","-","-","-","Adyar","East flowing rivers between Pennar and Kanyakumari","-","-","-","Adyar","12.98583333","80.24500000","12-12-2024 10:00","2"
"118956","SGSWRDC Campus (Tharamani site)","Tamil Nadu SW GW","33","Tamil Nadu","568","Chennai","-","-","-","Adyar","East flowing rivers between Pennar and Kanyakumari","-","-","-","Adyar","12.98583333","80.24500000","12-12-2024 11:00","4.5"
"118957","SGSWRDC Campus (Tharamani site)","Tamil Nadu SW GW","33","Tamil Nadu","568","Chennai","-","-","-","Adyar","East flowing rivers between Pennar and Kanyakumari","-","-","-","Adyar","12.98583333","80.24500000","12-12-2024 12:00","56"
"118958","SGSWRDC Campus (Tharamani site)","Tamil Nadu SW GW","33","Tamil Nadu","568","Chennai","-","-","-","Adyar","East flowing rivers between Pennar and Kanyakumari","-","-","-","Adyar","12.98583333","80.24500000","12-12-2024 13:00","3"
"118959","SGSWRDC Campus (Tharamani site)","Tamil Nadu SW GW","33","Tamil Nadu","568","Chennai","-","-","-","Adyar","East flowing rivers between Pennar and Kanyakumari","-","-","-","Adyar","12.98583333","80.24500000","12-12-2024 19:00","1.5"
"118960","SGSWRDC Campus (Tharamani site)","Tamil Nadu SW GW","33","Tamil Nadu","568","Chennai","-","-","-","Adyar","East flowing rivers between Pennar and Kanyakumari","-","-","-","Adyar","12.98583333","80.24500000","18-12-2024 11:00","0.5"
"118961","SGSWRDC Campus (Tharamani site)","Tamil Nadu SW GW","33","Tamil Nadu","568","Chennai","-","-","-","Adyar","East flowing rivers between Pennar and Kanyakumari","-","-","-","Adyar","12.98583333","80.24500000","18-12-2024 12:00","0.5"
"118962","SGSWRDC Campus (Tharamani site)","Tamil Nadu SW GW","33","Tamil Nadu","568","Chennai","-","-","-","Adyar","East flowing rivers between Pennar and Kanyakumari","-","-","-","Adyar","12.98583333","80.24500000","18-12-2024 13:00","2"
"118963","SGSWRDC Campus (Tharamani site)","Tamil Nadu SW GW","33","Tamil Nadu","568","Chennai","-","-","-","Adyar","East flowing rivers between Pennar and Kanyakumari","-","-","-","Adyar","12.98583333","80.24500000","18-12-2024 14:05","1"
"118964","SGSWRDC Campus (Tharamani site)","Tamil Nadu SW GW","33","Tamil Nadu","568","Chennai","-","-","-","Adyar","East flowing rivers between Pennar and Kanyakumari","-","-","-","Adyar","12.98583333","80.24500000","18-12-2024 15:00","4.5"
"118965","SGSWRDC Campus (Tharamani site)","Tamil Nadu SW GW","33","Tamil Nadu","568","Chennai","-","-","-","Adyar","East flowing rivers between Pennar and Kanyakumari","-","-","-","Adyar","12.98583333","80.24500000","18-12-2024 16:00","13"
"118966","SGSWRDC Campus (Tharamani site)","Tamil Nadu SW GW","33","Tamil Nadu","568","Chennai","-","-","-","Adyar","East flowing rivers between Pennar and Kanyakumari","-","-","-","Adyar","12.98583333","80.24500000","18-12-2024 17:00","5"
"118967","SGSWRDC Campus (Tharamani site)","Tamil Nadu SW GW","33","Tamil Nadu","568","Chennai","-","-","-","Adyar","East flowing rivers between Pennar and Kanyakumari","-","-","-","Adyar","12.98583333","80.24500000","18-12-2024 18:00","0.5"
"118968","SGSWRDC Campus (Tharamani site)","Tamil Nadu SW GW","33","Tamil Nadu","568","Chennai","-","-","-","Adyar","East flowing rivers between Pennar and Kanyakumari","-","-","-","Adyar","12.98583333","80.24500000","18-12-2024 22:00","0.5"
"118969","SGSWRDC Campus (Tharamani site)","Tamil Nadu SW GW","33","Tamil Nadu","568","Chennai","-","-","-","Adyar","East flowing rivers between Pennar and Kanyakumari","-","-","-","Adyar","12.98583333","80.24500000","19-12-2024 02:00","0.5"
"118970","SGSWRDC Campus (Tharamani site)","Tamil Nadu SW GW","33","Tamil Nadu","568","Chennai","-","-","-","Adyar","East flowing rivers between Pennar and Kanyakumari","-","-","-","Adyar","12.98583333","80.24500000","19-12-2024 03:00","0.5"
"118971","SGSWRDC Campus (Tharamani site)","Tamil Nadu SW GW","33","Tamil Nadu","568","Chennai","-","-","-","Adyar","East flowing rivers between Pennar and Kanyakumari","-","-","-","Adyar","12.98583333","80.24500000","19-12-2024 08:00","1"
"118972","SGSWRDC Campus (Tharamani site)","Tamil Nadu SW GW","33","Tamil Nadu","568","Chennai","-","-","-","Adyar","East flowing rivers between Pennar and Kanyakumari","-","-","-","Adyar","12.98583333","80.24500000","19-12-2024 09:00","1.5"
"118973","SGSWRDC Campus (Tharamani site)","Tamil Nadu SW GW","33","Tamil Nadu","568","Chennai","-","-","-","Adyar","East flowing rivers between Pennar and Kanyakumari","-","-","-","Adyar","12.98583333","80.24500000","20-12-2024 06:00","0.5"
"118974","SGSWRDC Campus (Tharamani site)","Tamil Nadu SW GW","33","Tamil Nadu","568","Chennai","-","-","-","Adyar","East flowing rivers between Pennar and Kanyakumari","-","-","-","Adyar","12.98583333","80.24500000","24-12-2024 09:00","0.5"
"118975","SGSWRDC Campus (Tharamani site)","Tamil Nadu SW GW","33","Tamil Nadu","568","Chennai","-","-","-","Adyar","East flowing rivers between Pennar and Kanyakumari","-","-","-","Adyar","12.98583333","80.24500000","25-12-2024 17:00","0.5"
"118976","SGSWRDC Campus (Tharamani site)","Tamil Nadu SW GW","33","Tamil Nadu","568","Chennai","-","-","-","Adyar","East flowing rivers between Pennar and Kanyakumari","-","-","-","Adyar","12.98583333","80.24500000","25-12-2024 18:00","0.5"
"118977","SGSWRDC Campus (Tharamani site)","Tamil Nadu SW GW","33","Tamil Nadu","568","Chennai","-","-","-","Adyar","East flowing rivers between Pennar and Kanyakumari","-","-","-","Adyar","12.98583333","80.24500000","26-12-2024 02:00","1"
"118978","SGSWRDC Campus (Tharamani site)","Tamil Nadu SW GW","33","Tamil Nadu","568","Chennai","-","-","-","Adyar","East flowing rivers between Pennar and Kanyakumari","-","-","-","Adyar","12.98583333","80.24500000","26-12-2024 03:00","2.5"
"118979","SGSWRDC Campus (Tharamani site)","Tamil Nadu SW GW","33","Tamil Nadu","568","Chennai","-","-","-","Adyar","East flowing rivers between Pennar and Kanyakumari","-","-","-","Adyar","12.98583333","80.24500000","26-12-2024 04:00","4"
"118980","SGSWRDC Campus (Tharamani site)","Tamil Nadu SW GW","33","Tamil Nadu","568","Chennai","-","-","-","Adyar","East flowing rivers between Pennar and Kanyakumari","-","-","-","Adyar","12.98583333","80.24500000","26-12-2024 05:00","5"
"118981","SGSWRDC Campus (Tharamani site)","Tamil Nadu SW GW","33","Tamil Nadu","568","Chennai","-","-","-","Adyar","East flowing rivers between Pennar and Kanyakumari","-","-","-","Adyar","12.98583333","80.24500000","26-12-2024 06:00","0.5"
"118982","SGSWRDC Campus (Tharamani site)","Tamil Nadu SW GW","33","Tamil Nadu","568","Chennai","-","-","-","Adyar","East flowing rivers between Pennar and Kanyakumari","-","-","-","Adyar","12.98583333","80.24500000","26-12-2024 23:00","0.5"
"118983","SGSWRDC Campus (Tharamani site)","Tamil Nadu SW GW","33","Tamil Nadu","568","Chennai","-","-","-","Adyar","East flowing rivers between Pennar and Kanyakumari","-","-","-","Adyar","12.98583333","80.24500000","27-12-2024 00:00","0.5"
"118984","SGSWRDC Campus (Tharamani site)","Tamil Nadu SW GW","33","Tamil Nadu","568","Chennai","-","-","-","Adyar","East flowing rivers between Pennar and Kanyakumari","-","-","-","Adyar","12.98583333","80.24500000","27-12-2024 02:00","5.5"
"118985","SGSWRDC Campus (Tharamani site)","Tamil Nadu SW GW","33","Tamil Nadu","568","Chennai","-","-","-","Adyar","East flowing rivers between Pennar and Kanyakumari","-","-","-","Adyar","12.98583333","80.24500000","27-12-2024 03:00","19"
"118986","SGSWRDC Campus (Tharamani site)","Tamil Nadu SW GW","33","Tamil Nadu","568","Chennai","-","-","-","Adyar","East flowing rivers between Pennar and Kanyakumari","-","-","-","Adyar","12.98583333","80.24500000","27-12-2024 04:00","6"
"118987","SGSWRDC Campus (Tharamani site)","Tamil Nadu SW GW","33","Tamil Nadu","568","Chennai","-","-","-","Adyar","East flowing rivers between Pennar and Kanyakumari","-","-","-","Adyar","12.98583333","80.24500000","30-12-2024 00:00","1.5"
"118988","SGSWRDC Campus (Tharamani site)","Tamil Nadu SW GW","33","Tamil Nadu","568","Chennai","-","-","-","Adyar","East flowing rivers between Pennar and Kanyakumari","-","-","-","Adyar","12.98583333","80.24500000","05-01-2025 10:00","0.5"
"118989","SGSWRDC Campus (Tharamani site)","Tamil Nadu SW GW","33","Tamil Nadu","568","Chennai","-","-","-","Adyar","East flowing rivers between Pennar and Kanyakumari","-","-","-","Adyar","12.98583333","80.24500000","12-01-2025 23:00","1.5"
"118990","SGSWRDC Campus (Tharamani site)","Tamil Nadu SW GW","33","Tamil Nadu","568","Chennai","-","-","-","Adyar","East flowing rivers between Pennar and Kanyakumari","-","-","-","Adyar","12.98583333","80.24500000","13-01-2025 01:00","4"
"118991","SGSWRDC Campus (Tharamani site)","Tamil Nadu SW GW","33","Tamil Nadu","568","Chennai","-","-","-","Adyar","East flowing rivers between Pennar and Kanyakumari","-","-","-","Adyar","12.98583333","80.24500000","13-01-2025 02:00","1.5"
"118992","SGSWRDC Campus (Tharamani site)","Tamil Nadu SW GW","33","Tamil Nadu","568","Chennai","-","-","-","Adyar","East flowing rivers between Pennar and Kanyakumari","-","-","-","Adyar","12.98583333","80.24500000","13-01-2025 10:00","1.5"
"118993","SGSWRDC Campus (Tharamani site)","Tamil Nadu SW GW","33","Tamil Nadu","568","Chennai","-","-","-","Adyar","East flowing rivers between Pennar and Kanyakumari","-","-","-","Adyar","12.98583333","80.24500000","18-01-2025 22:00","1"
"118994","SGSWRDC Campus (Tharamani site)","Tamil Nadu SW GW","33","Tamil Nadu","568","Chennai","-","-","-","Adyar","East flowing rivers between Pennar and Kanyakumari","-","-","-","Adyar","12.98583333","80.24500000","19-01-2025 00:00","0.5"
"118995","SGSWRDC Campus (Tharamani site)","Tamil Nadu SW GW","33","Tamil Nadu","568","Chennai","-","-","-","Adyar","East flowing rivers between Pennar and Kanyakumari","-","-","-","Adyar","12.98583333","80.24500000","19-01-2025 02:00","1.5"
"118996","SGSWRDC Campus (Tharamani site)","Tamil Nadu SW GW","33","Tamil Nadu","568","Chennai","-","-","-","Adyar","East flowing rivers between Pennar and Kanyakumari","-","-","-","Adyar","12.98583333","80.24500000","19-01-2025 03:00","0.5"
"118997","SGSWRDC Campus (Tharamani site)","Tamil Nadu SW GW","33","Tamil Nadu","568","Chennai","-","-","-","Adyar","East flowing rivers between Pennar and Kanyakumari","-","-","-","Adyar","12.98583333","80.24500000","19-01-2025 06:00","4"
"118998","SGSWRDC Campus (Tharamani site)","Tamil Nadu SW GW","33","Tamil Nadu","568","Chennai","-","-","-","Adyar","East flowing rivers between Pennar and Kanyakumari","-","-","-","Adyar","12.98583333","80.24500000","19-01-2025 10:00","0.5"
"118999","SGSWRDC Campus (Tharamani site)","Tamil Nadu SW GW","33","Tamil Nadu","568","Chennai","-","-","-","Adyar","East flowing rivers between Pennar and Kanyakumari","-","-","-","Adyar","12.98583333","80.24500000","11-03-2025 09:00","1"
"119000","SGSWRDC Campus (Tharamani site)","Tamil Nadu SW GW","33","Tamil Nadu","568","Chennai","-","-","-","Adyar","East flowing rivers between Pennar and Kanyakumari","-","-","-","Adyar","12.98583333","80.24500000","11-03-2025 13:00","13.5"
"119001","SGSWRDC Campus (Tharamani site)","Tamil Nadu SW GW","33","Tamil Nadu","568","Chennai","-","-","-","Adyar","East flowing rivers between Pennar and Kanyakumari","-","-","-","Adyar","12.98583333","80.24500000","11-03-2025 14:00","1.5"
"119002","SGSWRDC Campus (Tharamani site)","Tamil Nadu SW GW","33","Tamil Nadu","568","Chennai","-","-","-","Adyar","East flowing rivers between Pennar and Kanyakumari","-","-","-","Adyar","12.98583333","80.24500000","11-03-2025 15:00","1"
"119003","SGSWRDC Campus (Tharamani site)","Tamil Nadu SW GW","33","Tamil Nadu","568","Chennai","-","-","-","Adyar","East flowing rivers between Pennar and Kanyakumari","-","-","-","Adyar","12.98583333","80.24500000","11-03-2025 21:00","9.5"
"119004","SGSWRDC Campus (Tharamani site)","Tamil Nadu SW GW","33","Tamil Nadu","568","Chennai","-","-","-","Adyar","East flowing rivers between Pennar and Kanyakumari","-","-","-","Adyar","12.98583333","80.24500000","16-04-2025 12:00","51"
"119005","SGSWRDC Campus (Tharamani site)","Tamil Nadu SW GW","33","Tamil Nadu","568","Chennai","-","-","-","Adyar","East flowing rivers between Pennar and Kanyakumari","-","-","-","Adyar","12.98583333","80.24500000","16-04-2025 13:00","5"
"119006","SGSWRDC Campus (Tharamani site)","Tamil Nadu SW GW","33","Tamil Nadu","568","Chennai","-","-","-","Adyar","East flowing rivers between Pennar and Kanyakumari","-","-","-","Adyar","12.98583333","80.24500000","16-04-2025 14:00","0.5"
"119007","SGSWRDC Campus (Tharamani site)","Tamil Nadu SW GW","33","Tamil Nadu","568","Chennai","-","-","-","Adyar","East flowing rivers between Pennar and Kanyakumari","-","-","-","Adyar","12.98583333","80.24500000","04-05-2025 17:00","5.5"
"119008","SGSWRDC Campus (Tharamani site)","Tamil Nadu SW GW","33","Tamil Nadu","568","Chennai","-","-","-","Adyar","East flowing rivers between Pennar and Kanyakumari","-","-","-","Adyar","12.98583333","80.24500000","04-05-2025 20:00","0.5"
"119009","SGSWRDC Campus (Tharamani site)","Tamil Nadu SW GW","33","Tamil Nadu","568","Chennai","-","-","-","Adyar","East flowing rivers between Pennar and Kanyakumari","-","-","-","Adyar","12.98583333","80.24500000","04-05-2025 21:00","1"
"119010","SGSWRDC Campus (Tharamani site)","Tamil Nadu SW GW","33","Tamil Nadu","568","Chennai","-","-","-","Adyar","East flowing rivers between Pennar and Kanyakumari","-","-","-","Adyar","12.98583333","80.24500000","07-05-2025 00:00","0.5"
"119011","SGSWRDC Campus (Tharamani site)","Tamil Nadu SW GW","33","Tamil Nadu","568","Chennai","-","-","-","Adyar","East flowing rivers between Pennar and Kanyakumari","-","-","-","Adyar","12.98583333","80.24500000","07-05-2025 01:00","1"
"119012","SGSWRDC Campus (Tharamani site)","Tamil Nadu SW GW","33","Tamil Nadu","568","Chennai","-","-","-","Adyar","East flowing rivers between Pennar and Kanyakumari","-","-","-","Adyar","12.98583333","80.24500000","19-05-2025 02:00","3.5"
"119013","SGSWRDC Campus (Tharamani site)","Tamil Nadu SW GW","33","Tamil Nadu","568","Chennai","-","-","-","Adyar","East flowing rivers between Pennar and Kanyakumari","-","-","-","Adyar","12.98583333","80.24500000","19-05-2025 03:00","0.5"
"119014","SGSWRDC Campus (Tharamani site)","Tamil Nadu SW GW","33","Tamil Nadu","568","Chennai","-","-","-","Adyar","East flowing rivers between Pennar and Kanyakumari","-","-","-","Adyar","12.98583333","80.24500000","19-05-2025 08:00","2"
"119015","SGSWRDC Campus (Tharamani site)","Tamil Nadu SW GW","33","Tamil Nadu","568","Chennai","-","-","-","Adyar","East flowing rivers between Pennar and Kanyakumari","-","-","-","Adyar","12.98583333","80.24500000","19-05-2025 09:00","5"
"119016","SGSWRDC Campus (Tharamani site)","Tamil Nadu SW GW","33","Tamil Nadu","568","Chennai","-","-","-","Adyar","East flowing rivers between Pennar and Kanyakumari","-","-","-","Adyar","12.98583333","80.24500000","19-05-2025 10:00","1"
"119017","SGSWRDC Campus (Tharamani site)","Tamil Nadu SW GW","33","Tamil Nadu","568","Chennai","-","-","-","Adyar","East flowing rivers between Pennar and Kanyakumari","-","-","-","Adyar","12.98583333","80.24500000","20-05-2025 08:00","0.5"
"119018","SGSWRDC Campus (Tharamani site)","Tamil Nadu SW GW","33","Tamil Nadu","568","Chennai","-","-","-","Adyar","East flowing rivers between Pennar and Kanyakumari","-","-","-","Adyar","12.98583333","80.24500000","20-05-2025 19:00","0.5"
"119019","SGSWRDC Campus (Tharamani site)","Tamil Nadu SW GW","33","Tamil Nadu","568","Chennai","-","-","-","Adyar","East flowing rivers between Pennar and Kanyakumari","-","-","-","Adyar","12.98583333","80.24500000","21-05-2025 01:00","0.5"
"119020","SGSWRDC Campus (Tharamani site)","Tamil Nadu SW GW","33","Tamil Nadu","568","Chennai","-","-","-","Adyar","East flowing rivers between Pennar and Kanyakumari","-","-","-","Adyar","12.98583333","80.24500000","03-06-2025 19:25","0.5"
"119021","SGSWRDC Campus (Tharamani site)","Tamil Nadu SW GW","33","Tamil Nadu","568","Chennai","-","-","-","Adyar","East flowing rivers between Pennar and Kanyakumari","-","-","-","Adyar","12.98583333","80.24500000","03-06-2025 19:30","0.5"
"119022","SGSWRDC Campus (Tharamani site)","Tamil Nadu SW GW","33","Tamil Nadu","568","Chennai","-","-","-","Adyar","East flowing rivers between Pennar and Kanyakumari","-","-","-","Adyar","12.98583333","80.24500000","03-06-2025 19:35","1"
"119023","SGSWRDC Campus (Tharamani site)","Tamil Nadu SW GW","33","Tamil Nadu","568","Chennai","-","-","-","Adyar","East flowing rivers between Pennar and Kanyakumari","-","-","-","Adyar","12.98583333","80.24500000","03-06-2025 19:40","1.5"
"119024","SGSWRDC Campus (Tharamani site)","Tamil Nadu SW GW","33","Tamil Nadu","568","Chennai","-","-","-","Adyar","East flowing rivers between Pennar and Kanyakumari","-","-","-","Adyar","12.98583333","80.24500000","03-06-2025 19:45","5.5"
"119025","SGSWRDC Campus (Tharamani site)","Tamil Nadu SW GW","33","Tamil Nadu","568","Chennai","-","-","-","Adyar","East flowing rivers between Pennar and Kanyakumari","-","-","-","Adyar","12.98583333","80.24500000","03-06-2025 19:50","6.5"
"119026","SGSWRDC Campus (Tharamani site)","Tamil Nadu SW GW","33","Tamil Nadu","568","Chennai","-","-","-","Adyar","East flowing rivers between Pennar and Kanyakumari","-","-","-","Adyar","12.98583333","80.24500000","03-06-2025 19:55","6.5"
"119027","SGSWRDC Campus (Tharamani site)","Tamil Nadu SW GW","33","Tamil Nadu","568","Chennai","-","-","-","Adyar","East flowing rivers between Pennar and Kanyakumari","-","-","-","Adyar","12.98583333","80.24500000","03-06-2025 20:00","6.5"
"119028","SGSWRDC Campus (Tharamani site)","Tamil Nadu SW GW","33","Tamil Nadu","568","Chennai","-","-","-","Adyar","East flowing rivers between Pennar and Kanyakumari","-","-","-","Adyar","12.98583333","80.24500000","10-08-2025 18:00","0.5"
"119029","SGSWRDC Campus (Tharamani site)","Tamil Nadu SW GW","33","Tamil Nadu","568","Chennai","-","-","-","Adyar","East flowing rivers between Pennar and Kanyakumari","-","-","-","Adyar","12.98583333","80.24500000","10-08-2025 19:00","1.5"
"119030","SGSWRDC Campus (Tharamani site)","Tamil Nadu SW GW","33","Tamil Nadu","568","Chennai","-","-","-","Adyar","East flowing rivers between Pennar and Kanyakumari","-","-","-","Adyar","12.98583333","80.24500000","11-08-2025 03:00","0.5"
"119031","SGSWRDC Campus (Tharamani site)","Tamil Nadu SW GW","33","Tamil Nadu","568","Chennai","-","-","-","Adyar","East flowing rivers between Pennar and Kanyakumari","-","-","-","Adyar","12.98583333","80.24500000","11-08-2025 14:00","1.5"
"119032","SGSWRDC Campus (Tharamani site)","Tamil Nadu SW GW","33","Tamil Nadu","568","Chennai","-","-","-","Adyar","East flowing rivers between Pennar and Kanyakumari","-","-","-","Adyar","12.98583333","80.24500000","11-08-2025 19:00","7"
"119033","SGSWRDC Campus (Tharamani site)","Tamil Nadu SW GW","33","Tamil Nadu","568","Chennai","-","-","-","Adyar","East flowing rivers between Pennar and Kanyakumari","-","-","-","Adyar","12.98583333","80.24500000","11-08-2025 20:00","0.5"
"119034","SGSWRDC Campus (Tharamani site)","Tamil Nadu SW GW","33","Tamil Nadu","568","Chennai","-","-","-","Adyar","East flowing rivers between Pennar and Kanyakumari","-","-","-","Adyar","12.98583333","80.24500000","12-08-2025 08:00","0.5"
"119035","SGSWRDC Campus (Tharamani site)","Tamil Nadu SW GW","33","Tamil Nadu","568","Chennai","-","-","-","Adyar","East flowing rivers between Pennar and Kanyakumari","-","-","-","Adyar","12.98583333","80.24500000","16-08-2025 16:00","2"
"119036","SGSWRDC Campus (Tharamani site)","Tamil Nadu SW GW","33","Tamil Nadu","568","Chennai","-","-","-","Adyar","East flowing rivers between Pennar and Kanyakumari","-","-","-","Adyar","12.98583333","80.24500000","16-08-2025 17:00","2.5"
"119037","SGSWRDC Campus (Tharamani site)","Tamil Nadu SW GW","33","Tamil Nadu","568","Chennai","-","-","-","Adyar","East flowing rivers between Pennar and Kanyakumari","-","-","-","Adyar","12.98583333","80.24500000","16-08-2025 21:00","3"
"119038","SGSWRDC Campus (Tharamani site)","Tamil Nadu SW GW","33","Tamil Nadu","568","Chennai","-","-","-","Adyar","East flowing rivers between Pennar and Kanyakumari","-","-","-","Adyar","12.98583333","80.24500000","17-08-2025 19:00","1"
"119039","SGSWRDC Campus (Tharamani site)","Tamil Nadu SW GW","33","Tamil Nadu","568","Chennai","-","-","-","Adyar","East flowing rivers between Pennar and Kanyakumari","-","-","-","Adyar","12.98583333","80.24500000","17-08-2025 20:00","0.5"
"119040","SGSWRDC Campus (Tharamani site)","Tamil Nadu SW GW","33","Tamil Nadu","568","Chennai","-","-","-","Adyar","East flowing rivers between Pennar and Kanyakumari","-","-","-","Adyar","12.98583333","80.24500000","17-08-2025 21:00","2"
"119041","SGSWRDC Campus (Tharamani site)","Tamil Nadu SW GW","33","Tamil Nadu","568","Chennai","-","-","-","Adyar","East flowing rivers between Pennar and Kanyakumari","-","-","-","Adyar","12.98583333","80.24500000","17-08-2025 22:00","1"
"119042","SGSWRDC Campus (Tharamani site)","Tamil Nadu SW GW","33","Tamil Nadu","568","Chennai","-","-","-","Adyar","East flowing rivers between Pennar and Kanyakumari","-","-","-","Adyar","12.98583333","80.24500000","17-08-2025 23:00","0.5"
"119043","SGSWRDC Campus (Tharamani site)","Tamil Nadu SW GW","33","Tamil Nadu","568","Chennai","-","-","-","Adyar","East flowing rivers between Pennar and Kanyakumari","-","-","-","Adyar","12.98583333","80.24500000","22-08-2025 06:00","55"
"119044","SGSWRDC Campus (Tharamani site)","Tamil Nadu SW GW","33","Tamil Nadu","568","Chennai","-","-","-","Adyar","East flowing rivers between Pennar and Kanyakumari","-","-","-","Adyar","12.98583333","80.24500000","22-08-2025 07:00","7.5"
"119045","SGSWRDC Campus (Tharamani site)","Tamil Nadu SW GW","33","Tamil Nadu","568","Chennai","-","-","-","Adyar","East flowing rivers between Pennar and Kanyakumari","-","-","-","Adyar","12.98583333","80.24500000","22-08-2025 20:00","0.5"
"119046","SGSWRDC Campus (Tharamani site)","Tamil Nadu SW GW","33","Tamil Nadu","568","Chennai","-","-","-","Adyar","East flowing rivers between Pennar and Kanyakumari","-","-","-","Adyar","12.98583333","80.24500000","22-08-2025 21:00","0.5"
"119047","SGSWRDC Campus (Tharamani site)","Tamil Nadu SW GW","33","Tamil Nadu","568","Chennai","-","-","-","Adyar","East flowing rivers between Pennar and Kanyakumari","-","-","-","Adyar","12.98583333","80.24500000","23-08-2025 03:00","27.5"
"119048","SGSWRDC Campus (Tharamani site)","Tamil Nadu SW GW","33","Tamil Nadu","568","Chennai","-","-","-","Adyar","East flowing rivers between Pennar and Kanyakumari","-","-","-","Adyar","12.98583333","80.24500000","23-08-2025 04:00","44.5"
"119049","SGSWRDC Campus (Tharamani site)","Tamil Nadu SW GW","33","Tamil Nadu","568","Chennai","-","-","-","Adyar","East flowing rivers between Pennar and Kanyakumari","-","-","-","Adyar","12.98583333","80.24500000","23-08-2025 05:00","6.5"
"119050","SGSWRDC Campus (Tharamani site)","Tamil Nadu SW GW","33","Tamil Nadu","568","Chennai","-","-","-","Adyar","East flowing rivers between Pennar and Kanyakumari","-","-","-","Adyar","12.98583333","80.24500000","23-08-2025 06:00","4.5"
"119051","SGSWRDC Campus (Tharamani site)","Tamil Nadu SW GW","33","Tamil Nadu","568","Chennai","-","-","-","Adyar","East flowing rivers between Pennar and Kanyakumari","-","-","-","Adyar","12.98583333","80.24500000","23-08-2025 07:00","4"
"119052","SGSWRDC Campus (Tharamani site)","Tamil Nadu SW GW","33","Tamil Nadu","568","Chennai","-","-","-","Adyar","East flowing rivers between Pennar and Kanyakumari","-","-","-","Adyar","12.98583333","80.24500000","23-08-2025 08:00","1"
"119053","SGSWRDC Campus (Tharamani site)","Tamil Nadu SW GW","33","Tamil Nadu","568","Chennai","-","-","-","Adyar","East flowing rivers between Pennar and Kanyakumari","-","-","-","Adyar","12.98583333","80.24500000","01-09-2025 00:00","1.5"
"119054","SGSWRDC Campus (Tharamani site)","Tamil Nadu SW GW","33","Tamil Nadu","568","Chennai","-","-","-","Adyar","East flowing rivers between Pennar and Kanyakumari","-","-","-","Adyar","12.98583333","80.24500000","01-09-2025 01:00","0.5"
"119055","SGSWRDC Campus (Tharamani site)","Tamil Nadu SW GW","33","Tamil Nadu","568","Chennai","-","-","-","Adyar","East flowing rivers between Pennar and Kanyakumari","-","-","-","Adyar","12.98583333","80.24500000","01-09-2025 02:00","0.5"
"119056","SGSWRDC Campus (Tharamani site)","Tamil Nadu SW GW","33","Tamil Nadu","568","Chennai","-","-","-","Adyar","East flowing rivers between Pennar and Kanyakumari","-","-","-","Adyar","12.98583333","80.24500000","02-09-2025 22:00","0.5"
"119057","SGSWRDC Campus (Tharamani site)","Tamil Nadu SW GW","33","Tamil Nadu","568","Chennai","-","-","-","Adyar","East flowing rivers between Pennar and Kanyakumari","-","-","-","Adyar","12.98583333","80.24500000","04-09-2025 00:00","1"
"119058","SGSWRDC Campus (Tharamani site)","Tamil Nadu SW GW","33","Tamil Nadu","568","Chennai","-","-","-","Adyar","East flowing rivers between Pennar and Kanyakumari","-","-","-","Adyar","12.98583333","80.24500000","05-09-2025 00:00","0.5"
"119059","SGSWRDC Campus (Tharamani site)","Tamil Nadu SW GW","33","Tamil Nadu","568","Chennai","-","-","-","Adyar","East flowing rivers between Pennar and Kanyakumari","-","-","-","Adyar","12.98583333","80.24500000","05-09-2025 02:00","1"
"119060","SGSWRDC Campus (Tharamani site)","Tamil Nadu SW GW","33","Tamil Nadu","568","Chennai","-","-","-","Adyar","East flowing rivers between Pennar and Kanyakumari","-","-","-","Adyar","12.98583333","80.24500000","05-09-2025 03:00","5.5"
"119061","SGSWRDC Campus (Tharamani site)","Tamil Nadu SW GW","33","Tamil Nadu","568","Chennai","-","-","-","Adyar","East flowing rivers between Pennar and Kanyakumari","-","-","-","Adyar","12.98583333","80.24500000","05-09-2025 04:00","0.5"
"119062","SGSWRDC Campus (Tharamani site)","Tamil Nadu SW GW","33","Tamil Nadu","568","Chennai","-","-","-","Adyar","East flowing rivers between Pennar and Kanyakumari","-","-","-","Adyar","12.98583333","80.24500000","07-09-2025 03:00","2.5"
"119063","SGSWRDC Campus (Tharamani site)","Tamil Nadu SW GW","33","Tamil Nadu","568","Chennai","-","-","-","Adyar","East flowing rivers between Pennar and Kanyakumari","-","-","-","Adyar","12.98583333","80.24500000","10-09-2025 17:00","9.5"
"119064","SGSWRDC Campus (Tharamani site)","Tamil Nadu SW GW","33","Tamil Nadu","568","Chennai","-","-","-","Adyar","East flowing rivers between Pennar and Kanyakumari","-","-","-","Adyar","12.98583333","80.24500000","13-09-2025 11:00","0.5"
"119065","SGSWRDC Campus (Tharamani site)","Tamil Nadu SW GW","33","Tamil Nadu","568","Chennai","-","-","-","Adyar","East flowing rivers between Pennar and Kanyakumari","-","-","-","Adyar","12.98583333","80.24500000","16-09-2025 03:00","2.5"
"119066","SGSWRDC Campus (Tharamani site)","Tamil Nadu SW GW","33","Tamil Nadu","568","Chennai","-","-","-","Adyar","East flowing rivers between Pennar and Kanyakumari","-","-","-","Adyar","12.98583333","80.24500000","16-09-2025 04:00","38.5"
"119067","SGSWRDC Campus (Tharamani site)","Tamil Nadu SW GW","33","Tamil Nadu","568","Chennai","-","-","-","Adyar","East flowing rivers between Pennar and Kanyakumari","-","-","-","Adyar","12.98583333","80.24500000","16-09-2025 05:00","4"
"119068","SGSWRDC Campus (Tharamani site)","Tamil Nadu SW GW","33","Tamil Nadu","568","Chennai","-","-","-","Adyar","East flowing rivers between Pennar and Kanyakumari","-","-","-","Adyar","12.98583333","80.24500000","16-09-2025 09:00","0.5"
"119069","SGSWRDC Campus (Tharamani site)","Tamil Nadu SW GW","33","Tamil Nadu","568","Chennai","-","-","-","Adyar","East flowing rivers between Pennar and Kanyakumari","-","-","-","Adyar","12.98583333","80.24500000","17-09-2025 05:00","0.5"
"119070","SGSWRDC Campus (Tharamani site)","Tamil Nadu SW GW","33","Tamil Nadu","568","Chennai","-","-","-","Adyar","East flowing rivers between Pennar and Kanyakumari","-","-","-","Adyar","12.98583333","80.24500000","18-09-2025 19:00","1.5"
"119071","SGSWRDC Campus (Tharamani site)","Tamil Nadu SW GW","33","Tamil Nadu","568","Chennai","-","-","-","Adyar","East flowing rivers between Pennar and Kanyakumari","-","-","-","Adyar","12.98583333","80.24500000","18-09-2025 20:00","19"
"119072","SGSWRDC Campus (Tharamani site)","Tamil Nadu SW GW","33","Tamil Nadu","568","Chennai","-","-","-","Adyar","East flowing rivers between Pennar and Kanyakumari","-","-","-","Adyar","12.98583333","80.24500000","18-09-2025 21:00","3"
"119073","SGSWRDC Campus (Tharamani site)","Tamil Nadu SW GW","33","Tamil Nadu","568","Chennai","-","-","-","Adyar","East flowing rivers between Pennar and Kanyakumari","-","-","-","Adyar","12.98583333","80.24500000","18-09-2025 22:00","0.5"
"119074","SGSWRDC Campus (Tharamani site)","Tamil Nadu SW GW","33","Tamil Nadu","568","Chennai","-","-","-","Adyar","East flowing rivers between Pennar and Kanyakumari","-","-","-","Adyar","12.98583333","80.24500000","20-09-2025 02:00","6.5"
"119075","SGSWRDC Campus (Tharamani site)","Tamil Nadu SW GW","33","Tamil Nadu","568","Chennai","-","-","-","Adyar","East flowing rivers between Pennar and Kanyakumari","-","-","-","Adyar","12.98583333","80.24500000","20-09-2025 03:00","5.5"
"119076","SGSWRDC Campus (Tharamani site)","Tamil Nadu SW GW","33","Tamil Nadu","568","Chennai","-","-","-","Adyar","East flowing rivers between Pennar and Kanyakumari","-","-","-","Adyar","12.98583333","80.24500000","20-09-2025 04:00","2"
"119077","SGSWRDC Campus (Tharamani site)","Tamil Nadu SW GW","33","Tamil Nadu","568","Chennai","-","-","-","Adyar","East flowing rivers between Pennar and Kanyakumari","-","-","-","Adyar","12.98583333","80.24500000","20-09-2025 05:00","0.5"
"119078","SGSWRDC Campus (Tharamani site)","Tamil Nadu SW GW","33","Tamil Nadu","568","Chennai","-","-","-","Adyar","East flowing rivers between Pennar and Kanyakumari","-","-","-","Adyar","12.98583333","80.24500000","20-09-2025 06:00","0.5"
"119079","SGSWRDC Campus (Tharamani site)","Tamil Nadu SW GW","33","Tamil Nadu","568","Chennai","-","-","-","Adyar","East flowing rivers between Pennar and Kanyakumari","-","-","-","Adyar","12.98583333","80.24500000","20-09-2025 07:00","1"
"119080","SGSWRDC Campus (Tharamani site)","Tamil Nadu SW GW","33","Tamil Nadu","568","Chennai","-","-","-","Adyar","East flowing rivers between Pennar and Kanyakumari","-","-","-","Adyar","12.98583333","80.24500000","20-09-2025 08:00","1"
"119081","SGSWRDC Campus (Tharamani site)","Tamil Nadu SW GW","33","Tamil Nadu","568","Chennai","-","-","-","Adyar","East flowing rivers between Pennar and Kanyakumari","-","-","-","Adyar","12.98583333","80.24500000","20-09-2025 09:00","0.5"
"119082","SGSWRDC Campus (Tharamani site)","Tamil Nadu SW GW","33","Tamil Nadu","568","Chennai","-","-","-","Adyar","East flowing rivers between Pennar and Kanyakumari","-","-","-","Adyar","12.98583333","80.24500000","21-09-2025 23:00","2"
"119083","SGSWRDC Campus (Tharamani site)","Tamil Nadu SW GW","33","Tamil Nadu","568","Chennai","-","-","-","Adyar","East flowing rivers between Pennar and Kanyakumari","-","-","-","Adyar","12.98583333","80.24500000","22-09-2025 02:00","0.5"
"119084","SGSWRDC Campus (Tharamani site)","Tamil Nadu SW GW","33","Tamil Nadu","568","Chennai","-","-","-","Adyar","East flowing rivers between Pennar and Kanyakumari","-","-","-","Adyar","12.98583333","80.24500000","24-09-2025 01:00","2.5"
"119085","SGSWRDC Campus (Tharamani site)","Tamil Nadu SW GW","33","Tamil Nadu","568","Chennai","-","-","-","Adyar","East flowing rivers between Pennar and Kanyakumari","-","-","-","Adyar","12.98583333","80.24500000","24-09-2025 10:00","0.5"
"119086","SGSWRDC Campus (Tharamani site)","Tamil Nadu SW GW","33","Tamil Nadu","568","Chennai","-","-","-","Adyar","East flowing rivers between Pennar and Kanyakumari","-","-","-","Adyar","12.98583333","80.24500000","26-09-2025 19:00","1.5"
"119087","SGSWRDC Campus (Tharamani site)","Tamil Nadu SW GW","33","Tamil Nadu","568","Chennai","-","-","-","Adyar","East flowing rivers between Pennar and Kanyakumari","-","-","-","Adyar","12.98583333","80.24500000","26-09-2025 21:00","0.5"
"119088","SGSWRDC Campus (Tharamani site)","Tamil Nadu SW GW","33","Tamil Nadu","568","Chennai","-","-","-","Adyar","East flowing rivers between Pennar and Kanyakumari","-","-","-","Adyar","12.98583333","80.24500000","27-09-2025 06:00","0.5"
"119089","SGSWRDC Campus (Tharamani site)","Tamil Nadu SW GW","33","Tamil Nadu","568","Chennai","-","-","-","Adyar","East flowing rivers between Pennar and Kanyakumari","-","-","-","Adyar","12.98583333","80.24500000","30-09-2025 03:00","1.5"
"119090","SGSWRDC Campus (Tharamani site)","Tamil Nadu SW GW","33","Tamil Nadu","568","Chennai","-","-","-","Adyar","East flowing rivers between Pennar and Kanyakumari","-","-","-","Adyar","12.98583333","80.24500000","30-09-2025 04:00","1"
"119091","SGSWRDC Campus (Tharamani site)","Tamil Nadu SW GW","33","Tamil Nadu","568","Chennai","-","-","-","Adyar","East flowing rivers between Pennar and Kanyakumari","-","-","-","Adyar","12.98583333","80.24500000","30-09-2025 05:00","0.5"
"119092","SGSWRDC Campus (Tharamani site)","Tamil Nadu SW GW","33","Tamil Nadu","568","Chennai","-","-","-","Adyar","East flowing rivers between Pennar and Kanyakumari","-","-","-","Adyar","12.98583333","80.24500000","30-09-2025 06:00","0.5"
"119093","SGSWRDC Campus (Tharamani site)","Tamil Nadu SW GW","33","Tamil Nadu","568","Chennai","-","-","-","Adyar","East flowing rivers between Pennar and Kanyakumari","-","-","-","Adyar","12.98583333","80.24500000","30-09-2025 07:00","0.5"
"119094","SGSWRDC Campus (Tharamani site)","Tamil Nadu SW GW","33","Tamil Nadu","568","Chennai","-","-","-","Adyar","East flowing rivers between Pennar and Kanyakumari","-","-","-","Adyar","12.98583333","80.24500000","03-10-2025 00:00","0.5"
"119095","SGSWRDC Campus (Tharamani site)","Tamil Nadu SW GW","33","Tamil Nadu","568","Chennai","-","-","-","Adyar","East flowing rivers between Pennar and Kanyakumari","-","-","-","Adyar","12.98583333","80.24500000","03-10-2025 02:00","25.5"
"119096","SGSWRDC Campus (Tharamani site)","Tamil Nadu SW GW","33","Tamil Nadu","568","Chennai","-","-","-","Adyar","East flowing rivers between Pennar and Kanyakumari","-","-","-","Adyar","12.98583333","80.24500000","03-10-2025 03:00","2.5"
"119097","SGSWRDC Campus (Tharamani site)","Tamil Nadu SW GW","33","Tamil Nadu","568","Chennai","-","-","-","Adyar","East flowing rivers between Pennar and Kanyakumari","-","-","-","Adyar","12.98583333","80.24500000","03-10-2025 04:00","2.5"
"119098","SGSWRDC Campus (Tharamani site)","Tamil Nadu SW GW","33","Tamil Nadu","568","Chennai","-","-","-","Adyar","East flowing rivers between Pennar and Kanyakumari","-","-","-","Adyar","12.98583333","80.24500000","03-10-2025 07:00","0.5"
"119099","SGSWRDC Campus (Tharamani site)","Tamil Nadu SW GW","33","Tamil Nadu","568","Chennai","-","-","-","Adyar","East flowing rivers between Pennar and Kanyakumari","-","-","-","Adyar","12.98583333","80.24500000","04-10-2025 03:00","0.5"
"119100","SGSWRDC Campus (Tharamani site)","Tamil Nadu SW GW","33","Tamil Nadu","568","Chennai","-","-","-","Adyar","East flowing rivers between Pennar and Kanyakumari","-","-","-","Adyar","12.98583333","80.24500000","14-10-2025 06:00","2.5"
"119101","SGSWRDC Campus (Tharamani site)","Tamil Nadu SW GW","33","Tamil Nadu","568","Chennai","-","-","-","Adyar","East flowing rivers between Pennar and Kanyakumari","-","-","-","Adyar","12.98583333","80.24500000","14-10-2025 08:00","1"
"119102","SGSWRDC Campus (Tharamani site)","Tamil Nadu SW GW","33","Tamil Nadu","568","Chennai","-","-","-","Adyar","East flowing rivers between Pennar and Kanyakumari","-","-","-","Adyar","12.98583333","80.24500000","14-10-2025 10:00","2.5"
"119103","SGSWRDC Campus (Tharamani site)","Tamil Nadu SW GW","33","Tamil Nadu","568","Chennai","-","-","-","Adyar","East flowing rivers between Pennar and Kanyakumari","-","-","-","Adyar","12.98583333","80.24500000","14-10-2025 23:00","5.5"
"119104","SGSWRDC Campus (Tharamani site)","Tamil Nadu SW GW","33","Tamil Nadu","568","Chennai","-","-","-","Adyar","East flowing rivers between Pennar and Kanyakumari","-","-","-","Adyar","12.98583333","80.24500000","15-10-2025 00:00","1"
"119105","SGSWRDC Campus (Tharamani site)","Tamil Nadu SW GW","33","Tamil Nadu","568","Chennai","-","-","-","Adyar","East flowing rivers between Pennar and Kanyakumari","-","-","-","Adyar","12.98583333","80.24500000","15-10-2025 04:00","19"
"119106","SGSWRDC Campus (Tharamani site)","Tamil Nadu SW GW","33","Tamil Nadu","568","Chennai","-","-","-","Adyar","East flowing rivers between Pennar and Kanyakumari","-","-","-","Adyar","12.98583333","80.24500000","15-10-2025 05:00","11"
"119107","SGSWRDC Campus (Tharamani site)","Tamil Nadu SW GW","33","Tamil Nadu","568","Chennai","-","-","-","Adyar","East flowing rivers between Pennar and Kanyakumari","-","-","-","Adyar","12.98583333","80.24500000","15-10-2025 07:00","2.5"
"119108","SGSWRDC Campus (Tharamani site)","Tamil Nadu SW GW","33","Tamil Nadu","568","Chennai","-","-","-","Adyar","East flowing rivers between Pennar and Kanyakumari","-","-","-","Adyar","12.98583333","80.24500000","15-10-2025 08:00","1"
"119109","SGSWRDC Campus (Tharamani site)","Tamil Nadu SW GW","33","Tamil Nadu","568","Chennai","-","-","-","Adyar","East flowing rivers between Pennar and Kanyakumari","-","-","-","Adyar","12.98583333","80.24500000","15-10-2025 09:00","0.5"
"119110","SGSWRDC Campus (Tharamani site)","Tamil Nadu SW GW","33","Tamil Nadu","568","Chennai","-","-","-","Adyar","East flowing rivers between Pennar and Kanyakumari","-","-","-","Adyar","12.98583333","80.24500000","16-10-2025 19:00","0.5"
"119111","SGSWRDC Campus (Tharamani site)","Tamil Nadu SW GW","33","Tamil Nadu","568","Chennai","-","-","-","Adyar","East flowing rivers between Pennar and Kanyakumari","-","-","-","Adyar","12.98583333","80.24500000","16-10-2025 20:00","1.5"
"119112","SGSWRDC Campus (Tharamani site)","Tamil Nadu SW GW","33","Tamil Nadu","568","Chennai","-","-","-","Adyar","East flowing rivers between Pennar and Kanyakumari","-","-","-","Adyar","12.98583333","80.24500000","16-10-2025 21:00","2.5"
"119113","SGSWRDC Campus (Tharamani site)","Tamil Nadu SW GW","33","Tamil Nadu","568","Chennai","-","-","-","Adyar","East flowing rivers between Pennar and Kanyakumari","-","-","-","Adyar","12.98583333","80.24500000","17-10-2025 01:00","4.5"
"119114","SGSWRDC Campus (Tharamani site)","Tamil Nadu SW GW","33","Tamil Nadu","568","Chennai","-","-","-","Adyar","East flowing rivers between Pennar and Kanyakumari","-","-","-","Adyar","12.98583333","80.24500000","17-10-2025 02:00","9.5"
"119115","SGSWRDC Campus (Tharamani site)","Tamil Nadu SW GW","33","Tamil Nadu","568","Chennai","-","-","-","Adyar","East flowing rivers between Pennar and Kanyakumari","-","-","-","Adyar","12.98583333","80.24500000","17-10-2025 04:00","3"
"119116","SGSWRDC Campus (Tharamani site)","Tamil Nadu SW GW","33","Tamil Nadu","568","Chennai","-","-","-","Adyar","East flowing rivers between Pennar and Kanyakumari","-","-","-","Adyar","12.98583333","80.24500000","17-10-2025 06:00","1"
"119117","SGSWRDC Campus (Tharamani site)","Tamil Nadu SW GW","33","Tamil Nadu","568","Chennai","-","-","-","Adyar","East flowing rivers between Pennar and Kanyakumari","-","-","-","Adyar","12.98583333","80.24500000","17-10-2025 07:00","2.5"
"119118","SGSWRDC Campus (Tharamani site)","Tamil Nadu SW GW","33","Tamil Nadu","568","Chennai","-","-","-","Adyar","East flowing rivers between Pennar and Kanyakumari","-","-","-","Adyar","12.98583333","80.24500000","17-10-2025 08:00","1.5"
"119119","SGSWRDC Campus (Tharamani site)","Tamil Nadu SW GW","33","Tamil Nadu","568","Chennai","-","-","-","Adyar","East flowing rivers between Pennar and Kanyakumari","-","-","-","Adyar","12.98583333","80.24500000","17-10-2025 09:00","12"
"119120","SGSWRDC Campus (Tharamani site)","Tamil Nadu SW GW","33","Tamil Nadu","568","Chennai","-","-","-","Adyar","East flowing rivers between Pennar and Kanyakumari","-","-","-","Adyar","12.98583333","80.24500000","17-10-2025 15:00","1.5"
"119121","SGSWRDC Campus (Tharamani site)","Tamil Nadu SW GW","33","Tamil Nadu","568","Chennai","-","-","-","Adyar","East flowing rivers between Pennar and Kanyakumari","-","-","-","Adyar","12.98583333","80.24500000","17-10-2025 19:00","1"
"119122","SGSWRDC Campus (Tharamani site)","Tamil Nadu SW GW","33","Tamil Nadu","568","Chennai","-","-","-","Adyar","East flowing rivers between Pennar and Kanyakumari","-","-","-","Adyar","12.98583333","80.24500000","17-10-2025 22:00","5.5"
"119123","SGSWRDC Campus (Tharamani site)","Tamil Nadu SW GW","33","Tamil Nadu","568","Chennai","-","-","-","Adyar","East flowing rivers between Pennar and Kanyakumari","-","-","-","Adyar","12.98583333","80.24500000","17-10-2025 23:00","11"
"119124","SGSWRDC Campus (Tharamani site)","Tamil Nadu SW GW","33","Tamil Nadu","568","Chennai","-","-","-","Adyar","East flowing rivers between Pennar and Kanyakumari","-","-","-","Adyar","12.98583333","80.24500000","18-10-2025 00:00","1"
"119125","SGSWRDC Campus (Tharamani site)","Tamil Nadu SW GW","33","Tamil Nadu","568","Chennai","-","-","-","Adyar","East flowing rivers between Pennar and Kanyakumari","-","-","-","Adyar","12.98583333","80.24500000","18-10-2025 01:00","0.5"
"119126","SGSWRDC Campus (Tharamani site)","Tamil Nadu SW GW","33","Tamil Nadu","568","Chennai","-","-","-","Adyar","East flowing rivers between Pennar and Kanyakumari","-","-","-","Adyar","12.98583333","80.24500000","18-10-2025 07:00","2"
"119127","SGSWRDC Campus (Tharamani site)","Tamil Nadu SW GW","33","Tamil Nadu","568","Chennai","-","-","-","Adyar","East flowing rivers between Pennar and Kanyakumari","-","-","-","Adyar","12.98583333","80.24500000","18-10-2025 09:00","0.5"
"119128","SGSWRDC Campus (Tharamani site)","Tamil Nadu SW GW","33","Tamil Nadu","568","Chennai","-","-","-","Adyar","East flowing rivers between Pennar and Kanyakumari","-","-","-","Adyar","12.98583333","80.24500000","18-10-2025 11:00","0.5"
"119129","SGSWRDC Campus (Tharamani site)","Tamil Nadu SW GW","33","Tamil Nadu","568","Chennai","-","-","-","Adyar","East flowing rivers between Pennar and Kanyakumari","-","-","-","Adyar","12.98583333","80.24500000","18-10-2025 12:00","1"
"119130","SGSWRDC Campus (Tharamani site)","Tamil Nadu SW GW","33","Tamil Nadu","568","Chennai","-","-","-","Adyar","East flowing rivers between Pennar and Kanyakumari","-","-","-","Adyar","12.98583333","80.24500000","18-10-2025 13:00","1"
"119131","SGSWRDC Campus (Tharamani site)","Tamil Nadu SW GW","33","Tamil Nadu","568","Chennai","-","-","-","Adyar","East flowing rivers between Pennar and Kanyakumari","-","-","-","Adyar","12.98583333","80.24500000","18-10-2025 14:00","0.5"
"119132","SGSWRDC Campus (Tharamani site)","Tamil Nadu SW GW","33","Tamil Nadu","568","Chennai","-","-","-","Adyar","East flowing rivers between Pennar and Kanyakumari","-","-","-","Adyar","12.98583333","80.24500000","19-10-2025 03:00","0.5"
"119133","SGSWRDC Campus (Tharamani site)","Tamil Nadu SW GW","33","Tamil Nadu","568","Chennai","-","-","-","Adyar","East flowing rivers between Pennar and Kanyakumari","-","-","-","Adyar","12.98583333","80.24500000","19-10-2025 07:00","1"
"119134","SGSWRDC Campus (Tharamani site)","Tamil Nadu SW GW","33","Tamil Nadu","568","Chennai","-","-","-","Adyar","East flowing rivers between Pennar and Kanyakumari","-","-","-","Adyar","12.98583333","80.24500000","19-10-2025 10:00","1"
"119135","SGSWRDC Campus (Tharamani site)","Tamil Nadu SW GW","33","Tamil Nadu","568","Chennai","-","-","-","Adyar","East flowing rivers between Pennar and Kanyakumari","-","-","-","Adyar","12.98583333","80.24500000","19-10-2025 11:00","1.5"
"119136","SGSWRDC Campus (Tharamani site)","Tamil Nadu SW GW","33","Tamil Nadu","568","Chennai","-","-","-","Adyar","East flowing rivers between Pennar and Kanyakumari","-","-","-","Adyar","12.98583333","80.24500000","20-10-2025 00:00","8.5"
"119137","SGSWRDC Campus (Tharamani site)","Tamil Nadu SW GW","33","Tamil Nadu","568","Chennai","-","-","-","Adyar","East flowing rivers between Pennar and Kanyakumari","-","-","-","Adyar","12.98583333","80.24500000","20-10-2025 01:00","1.5"
"119138","SGSWRDC Campus (Tharamani site)","Tamil Nadu SW GW","33","Tamil Nadu","568","Chennai","-","-","-","Adyar","East flowing rivers between Pennar and Kanyakumari","-","-","-","Adyar","12.98583333","80.24500000","20-10-2025 03:00","10"
"119139","SGSWRDC Campus (Tharamani site)","Tamil Nadu SW GW","33","Tamil Nadu","568","Chennai","-","-","-","Adyar","East flowing rivers between Pennar and Kanyakumari","-","-","-","Adyar","12.98583333","80.24500000","20-10-2025 06:00","0.5"
"119140","SGSWRDC Campus (Tharamani site)","Tamil Nadu SW GW","33","Tamil Nadu","568","Chennai","-","-","-","Adyar","East flowing rivers between Pennar and Kanyakumari","-","-","-","Adyar","12.98583333","80.24500000","20-10-2025 09:00","13.5"
"119141","SGSWRDC Campus (Tharamani site)","Tamil Nadu SW GW","33","Tamil Nadu","568","Chennai","-","-","-","Adyar","East flowing rivers between Pennar and Kanyakumari","-","-","-","Adyar","12.98583333","80.24500000","20-10-2025 14:00","0.5"
"119142","SGSWRDC Campus (Tharamani site)","Tamil Nadu SW GW","33","Tamil Nadu","568","Chennai","-","-","-","Adyar","East flowing rivers between Pennar and Kanyakumari","-","-","-","Adyar","12.98583333","80.24500000","21-10-2025 00:00","1"
"119143","SGSWRDC Campus (Tharamani site)","Tamil Nadu SW GW","33","Tamil Nadu","568","Chennai","-","-","-","Adyar","East flowing rivers between Pennar and Kanyakumari","-","-","-","Adyar","12.98583333","80.24500000","21-10-2025 04:00","0.5"
"119144","SGSWRDC Campus (Tharamani site)","Tamil Nadu SW GW","33","Tamil Nadu","568","Chennai","-","-","-","Adyar","East flowing rivers between Pennar and Kanyakumari","-","-","-","Adyar","12.98583333","80.24500000","21-10-2025 06:00","5.5"
"119145","SGSWRDC Campus (Tharamani site)","Tamil Nadu SW GW","33","Tamil Nadu","568","Chennai","-","-","-","Adyar","East flowing rivers between Pennar and Kanyakumari","-","-","-","Adyar","12.98583333","80.24500000","21-10-2025 08:00","16"
"119146","SGSWRDC Campus (Tharamani site)","Tamil Nadu SW GW","33","Tamil Nadu","568","Chennai","-","-","-","Adyar","East flowing rivers between Pennar and Kanyakumari","-","-","-","Adyar","12.98583333","80.24500000","21-10-2025 09:00","2"
"119147","SGSWRDC Campus (Tharamani site)","Tamil Nadu SW GW","33","Tamil Nadu","568","Chennai","-","-","-","Adyar","East flowing rivers between Pennar and Kanyakumari","-","-","-","Adyar","12.98583333","80.24500000","21-10-2025 10:00","0.5"
"119148","SGSWRDC Campus (Tharamani site)","Tamil Nadu SW GW","33","Tamil Nadu","568","Chennai","-","-","-","Adyar","East flowing rivers between Pennar and Kanyakumari","-","-","-","Adyar","12.98583333","80.24500000","21-10-2025 12:00","0.5"
"119149","SGSWRDC Campus (Tharamani site)","Tamil Nadu SW GW","33","Tamil Nadu","568","Chennai","-","-","-","Adyar","East flowing rivers between Pennar and Kanyakumari","-","-","-","Adyar","12.98583333","80.24500000","21-10-2025 13:00","14"
"119150","SGSWRDC Campus (Tharamani site)","Tamil Nadu SW GW","33","Tamil Nadu","568","Chennai","-","-","-","Adyar","East flowing rivers between Pennar and Kanyakumari","-","-","-","Adyar","12.98583333","80.24500000","21-10-2025 15:00","7.5"
"119151","SGSWRDC Campus (Tharamani site)","Tamil Nadu SW GW","33","Tamil Nadu","568","Chennai","-","-","-","Adyar","East flowing rivers between Pennar and Kanyakumari","-","-","-","Adyar","12.98583333","80.24500000","21-10-2025 17:00","0.5"
"119152","SGSWRDC Campus (Tharamani site)","Tamil Nadu SW GW","33","Tamil Nadu","568","Chennai","-","-","-","Adyar","East flowing rivers between Pennar and Kanyakumari","-","-","-","Adyar","12.98583333","80.24500000","21-10-2025 18:00","1"
"119153","SGSWRDC Campus (Tharamani site)","Tamil Nadu SW GW","33","Tamil Nadu","568","Chennai","-","-","-","Adyar","East flowing rivers between Pennar and Kanyakumari","-","-","-","Adyar","12.98583333","80.24500000","21-10-2025 20:00","0.5"
"119154","SGSWRDC Campus (Tharamani site)","Tamil Nadu SW GW","33","Tamil Nadu","568","Chennai","-","-","-","Adyar","East flowing rivers between Pennar and Kanyakumari","-","-","-","Adyar","12.98583333","80.24500000","21-10-2025 23:00","3.5"
"119155","SGSWRDC Campus (Tharamani site)","Tamil Nadu SW GW","33","Tamil Nadu","568","Chennai","-","-","-","Adyar","East flowing rivers between Pennar and Kanyakumari","-","-","-","Adyar","12.98583333","80.24500000","22-10-2025 03:00","8.5"
"119156","SGSWRDC Campus (Tharamani site)","Tamil Nadu SW GW","33","Tamil Nadu","568","Chennai","-","-","-","Adyar","East flowing rivers between Pennar and Kanyakumari","-","-","-","Adyar","12.98583333","80.24500000","22-10-2025 04:00","0.5"
"119157","SGSWRDC Campus (Tharamani site)","Tamil Nadu SW GW","33","Tamil Nadu","568","Chennai","-","-","-","Adyar","East flowing rivers between Pennar and Kanyakumari","-","-","-","Adyar","12.98583333","80.24500000","22-10-2025 07:00","7"
"119158","SGSWRDC Campus (Tharamani site)","Tamil Nadu SW GW","33","Tamil Nadu","568","Chennai","-","-","-","Adyar","East flowing rivers between Pennar and Kanyakumari","-","-","-","Adyar","12.98583333","80.24500000","22-10-2025 12:00","0.5"
"119159","SGSWRDC Campus (Tharamani site)","Tamil Nadu SW GW","33","Tamil Nadu","568","Chennai","-","-","-","Adyar","East flowing rivers between Pennar and Kanyakumari","-","-","-","Adyar","12.98583333","80.24500000","22-10-2025 23:00","1"
"119160","SGSWRDC Campus (Tharamani site)","Tamil Nadu SW GW","33","Tamil Nadu","568","Chennai","-","-","-","Adyar","East flowing rivers between Pennar and Kanyakumari","-","-","-","Adyar","12.98583333","80.24500000","23-10-2025 01:00","2"
"119161","SGSWRDC Campus (Tharamani site)","Tamil Nadu SW GW","33","Tamil Nadu","568","Chennai","-","-","-","Adyar","East flowing rivers between Pennar and Kanyakumari","-","-","-","Adyar","12.98583333","80.24500000","23-10-2025 02:00","1.5"
"119162","SGSWRDC Campus (Tharamani site)","Tamil Nadu SW GW","33","Tamil Nadu","568","Chennai","-","-","-","Adyar","East flowing rivers between Pennar and Kanyakumari","-","-","-","Adyar","12.98583333","80.24500000","23-10-2025 03:00","2"
"119163","SGSWRDC Campus (Tharamani site)","Tamil Nadu SW GW","33","Tamil Nadu","568","Chennai","-","-","-","Adyar","East flowing rivers between Pennar and Kanyakumari","-","-","-","Adyar","12.98583333","80.24500000","23-10-2025 04:00","0.5"
"119164","SGSWRDC Campus (Tharamani site)","Tamil Nadu SW GW","33","Tamil Nadu","568","Chennai","-","-","-","Adyar","East flowing rivers between Pennar and Kanyakumari","-","-","-","Adyar","12.98583333","80.24500000","23-10-2025 06:00","0.5"
"119165","SGSWRDC Campus (Tharamani site)","Tamil Nadu SW GW","33","Tamil Nadu","568","Chennai","-","-","-","Adyar","East flowing rivers between Pennar and Kanyakumari","-","-","-","Adyar","12.98583333","80.24500000","24-10-2025 01:00","1"
"119166","SGSWRDC Campus (Tharamani site)","Tamil Nadu SW GW","33","Tamil Nadu","568","Chennai","-","-","-","Adyar","East flowing rivers between Pennar and Kanyakumari","-","-","-","Adyar","12.98583333","80.24500000","24-10-2025 02:00","29"
"119167","SGSWRDC Campus (Tharamani site)","Tamil Nadu SW GW","33","Tamil Nadu","568","Chennai","-","-","-","Adyar","East flowing rivers between Pennar and Kanyakumari","-","-","-","Adyar","12.98583333","80.24500000","24-10-2025 03:00","2"
"119168","SGSWRDC Campus (Tharamani site)","Tamil Nadu SW GW","33","Tamil Nadu","568","Chennai","-","-","-","Adyar","East flowing rivers between Pennar and Kanyakumari","-","-","-","Adyar","12.98583333","80.24500000","24-10-2025 04:00","1"
"119169","SGSWRDC Campus (Tharamani site)","Tamil Nadu SW GW","33","Tamil Nadu","568","Chennai","-","-","-","Adyar","East flowing rivers between Pennar and Kanyakumari","-","-","-","Adyar","12.98583333","80.24500000","24-10-2025 05:00","0.5"
"119170","SGSWRDC Campus (Tharamani site)","Tamil Nadu SW GW","33","Tamil Nadu","568","Chennai","-","-","-","Adyar","East flowing rivers between Pennar and Kanyakumari","-","-","-","Adyar","12.98583333","80.24500000","24-10-2025 12:00","0.5"
"119171","SGSWRDC Campus (Tharamani site)","Tamil Nadu SW GW","33","Tamil Nadu","568","Chennai","-","-","-","Adyar","East flowing rivers between Pennar and Kanyakumari","-","-","-","Adyar","12.98583333","80.24500000","24-10-2025 14:00","0.5"
"119172","SGSWRDC Campus (Tharamani site)","Tamil Nadu SW GW","33","Tamil Nadu","568","Chennai","-","-","-","Adyar","East flowing rivers between Pennar and Kanyakumari","-","-","-","Adyar","12.98583333","80.24500000","25-10-2025 07:00","1.5"
"119173","SGSWRDC Campus (Tharamani site)","Tamil Nadu SW GW","33","Tamil Nadu","568","Chennai","-","-","-","Adyar","East flowing rivers between Pennar and Kanyakumari","-","-","-","Adyar","12.98583333","80.24500000","25-10-2025 08:00","1.5"
"119174","SGSWRDC Campus (Tharamani site)","Tamil Nadu SW GW","33","Tamil Nadu","568","Chennai","-","-","-","Adyar","East flowing rivers between Pennar and Kanyakumari","-","-","-","Adyar","12.98583333","80.24500000","25-10-2025 09:00","0.5"
"119175","SGSWRDC Campus (Tharamani site)","Tamil Nadu SW GW","33","Tamil Nadu","568","Chennai","-","-","-","Adyar","East flowing rivers between Pennar and Kanyakumari","-","-","-","Adyar","12.98583333","80.24500000","25-10-2025 14:00","15"
"119176","SGSWRDC Campus (Tharamani site)","Tamil Nadu SW GW","33","Tamil Nadu","568","Chennai","-","-","-","Adyar","East flowing rivers between Pennar and Kanyakumari","-","-","-","Adyar","12.98583333","80.24500000","25-10-2025 15:00","0.5"
"119177","SGSWRDC Campus (Tharamani site)","Tamil Nadu SW GW","33","Tamil Nadu","568","Chennai","-","-","-","Adyar","East flowing rivers between Pennar and Kanyakumari","-","-","-","Adyar","12.98583333","80.24500000","25-10-2025 17:00","2"
"119178","SGSWRDC Campus (Tharamani site)","Tamil Nadu SW GW","33","Tamil Nadu","568","Chennai","-","-","-","Adyar","East flowing rivers between Pennar and Kanyakumari","-","-","-","Adyar","12.98583333","80.24500000","25-10-2025 18:00","1"
"119179","SGSWRDC Campus (Tharamani site)","Tamil Nadu SW GW","33","Tamil Nadu","568","Chennai","-","-","-","Adyar","East flowing rivers between Pennar and Kanyakumari","-","-","-","Adyar","12.98583333","80.24500000","27-10-2025 05:00","0.5"
"119180","SGSWRDC Campus (Tharamani site)","Tamil Nadu SW GW","33","Tamil Nadu","568","Chennai","-","-","-","Adyar","East flowing rivers between Pennar and Kanyakumari","-","-","-","Adyar","12.98583333","80.24500000","27-10-2025 07:00","0.5"
"119181","SGSWRDC Campus (Tharamani site)","Tamil Nadu SW GW","33","Tamil Nadu","568","Chennai","-","-","-","Adyar","East flowing rivers between Pennar and Kanyakumari","-","-","-","Adyar","12.98583333","80.24500000","27-10-2025 08:00","0.5"
"119182","SGSWRDC Campus (Tharamani site)","Tamil Nadu SW GW","33","Tamil Nadu","568","Chennai","-","-","-","Adyar","East flowing rivers between Pennar and Kanyakumari","-","-","-","Adyar","12.98583333","80.24500000","27-10-2025 09:00","2"
"119183","SGSWRDC Campus (Tharamani site)","Tamil Nadu SW GW","33","Tamil Nadu","568","Chennai","-","-","-","Adyar","East flowing rivers between Pennar and Kanyakumari","-","-","-","Adyar","12.98583333","80.24500000","27-10-2025 10:00","1"
"119184","SGSWRDC Campus (Tharamani site)","Tamil Nadu SW GW","33","Tamil Nadu","568","Chennai","-","-","-","Adyar","East flowing rivers between Pennar and Kanyakumari","-","-","-","Adyar","12.98583333","80.24500000","27-10-2025 12:00","2"
"119185","SGSWRDC Campus (Tharamani site)","Tamil Nadu SW GW","33","Tamil Nadu","568","Chennai","-","-","-","Adyar","East flowing rivers between Pennar and Kanyakumari","-","-","-","Adyar","12.98583333","80.24500000","27-10-2025 13:00","2"
"119186","SGSWRDC Campus (Tharamani site)","Tamil Nadu SW GW","33","Tamil Nadu","568","Chennai","-","-","-","Adyar","East flowing rivers between Pennar and Kanyakumari","-","-","-","Adyar","12.98583333","80.24500000","27-10-2025 17:00","0.5"
"119187","SGSWRDC Campus (Tharamani site)","Tamil Nadu SW GW","33","Tamil Nadu","568","Chennai","-","-","-","Adyar","East flowing rivers between Pennar and Kanyakumari","-","-","-","Adyar","12.98583333","80.24500000","27-10-2025 19:00","1.5"
"119188","SGSWRDC Campus (Tharamani site)","Tamil Nadu SW GW","33","Tamil Nadu","568","Chennai","-","-","-","Adyar","East flowing rivers between Pennar and Kanyakumari","-","-","-","Adyar","12.98583333","80.24500000","27-10-2025 20:00","2"
"119189","SGSWRDC Campus (Tharamani site)","Tamil Nadu SW GW","33","Tamil Nadu","568","Chennai","-","-","-","Adyar","East flowing rivers between Pennar and Kanyakumari","-","-","-","Adyar","12.98583333","80.24500000","27-10-2025 21:00","3.5"
"119190","SGSWRDC Campus (Tharamani site)","Tamil Nadu SW GW","33","Tamil Nadu","568","Chennai","-","-","-","Adyar","East flowing rivers between Pennar and Kanyakumari","-","-","-","Adyar","12.98583333","80.24500000","27-10-2025 22:00","2.5"
"119191","SGSWRDC Campus (Tharamani site)","Tamil Nadu SW GW","33","Tamil Nadu","568","Chennai","-","-","-","Adyar","East flowing rivers between Pennar and Kanyakumari","-","-","-","Adyar","12.98583333","80.24500000","27-10-2025 23:00","4"
"119192","SGSWRDC Campus (Tharamani site)","Tamil Nadu SW GW","33","Tamil Nadu","568","Chennai","-","-","-","Adyar","East flowing rivers between Pennar and Kanyakumari","-","-","-","Adyar","12.98583333","80.24500000","28-10-2025 00:00","5.5"
"119193","SGSWRDC Campus (Tharamani site)","Tamil Nadu SW GW","33","Tamil Nadu","568","Chennai","-","-","-","Adyar","East flowing rivers between Pennar and Kanyakumari","-","-","-","Adyar","12.98583333","80.24500000","28-10-2025 01:00","4.5"
"119194","SGSWRDC Campus (Tharamani site)","Tamil Nadu SW GW","33","Tamil Nadu","568","Chennai","-","-","-","Adyar","East flowing rivers between Pennar and Kanyakumari","-","-","-","Adyar","12.98583333","80.24500000","28-10-2025 02:00","3.5"
"119195","SGSWRDC Campus (Tharamani site)","Tamil Nadu SW GW","33","Tamil Nadu","568","Chennai","-","-","-","Adyar","East flowing rivers between Pennar and Kanyakumari","-","-","-","Adyar","12.98583333","80.24500000","28-10-2025 03:00","1.5"
"119196","SGSWRDC Campus (Tharamani site)","Tamil Nadu SW GW","33","Tamil Nadu","568","Chennai","-","-","-","Adyar","East flowing rivers between Pennar and Kanyakumari","-","-","-","Adyar","12.98583333","80.24500000","28-10-2025 04:00","2.5"
"119197","SGSWRDC Campus (Tharamani site)","Tamil Nadu SW GW","33","Tamil Nadu","568","Chennai","-","-","-","Adyar","East flowing rivers between Pennar and Kanyakumari","-","-","-","Adyar","12.98583333","80.24500000","28-10-2025 05:00","1"
"119198","SGSWRDC Campus (Tharamani site)","Tamil Nadu SW GW","33","Tamil Nadu","568","Chennai","-","-","-","Adyar","East flowing rivers between Pennar and Kanyakumari","-","-","-","Adyar","12.98583333","80.24500000","28-10-2025 06:00","2"
"119199","SGSWRDC Campus (Tharamani site)","Tamil Nadu SW GW","33","Tamil Nadu","568","Chennai","-","-","-","Adyar","East flowing rivers between Pennar and Kanyakumari","-","-","-","Adyar","12.98583333","80.24500000","28-10-2025 07:00","1.5"
"119200","SGSWRDC Campus (Tharamani site)","Tamil Nadu SW GW","33","Tamil Nadu","568","Chennai","-","-","-","Adyar","East flowing rivers between Pennar and Kanyakumari","-","-","-","Adyar","12.98583333","80.24500000","28-10-2025 08:00","2.5"
"119201","SGSWRDC Campus (Tharamani site)","Tamil Nadu SW GW","33","Tamil Nadu","568","Chennai","-","-","-","Adyar","East flowing rivers between Pennar and Kanyakumari","-","-","-","Adyar","12.98583333","80.24500000","28-10-2025 09:00","3.5"
"119202","SGSWRDC Campus (Tharamani site)","Tamil Nadu SW GW","33","Tamil Nadu","568","Chennai","-","-","-","Adyar","East flowing rivers between Pennar and Kanyakumari","-","-","-","Adyar","12.98583333","80.24500000","28-10-2025 10:00","0.5"
"119203","SGSWRDC Campus (Tharamani site)","Tamil Nadu SW GW","33","Tamil Nadu","568","Chennai","-","-","-","Adyar","East flowing rivers between Pennar and Kanyakumari","-","-","-","Adyar","12.98583333","80.24500000","28-10-2025 11:00","1"
"119204","SGSWRDC Campus (Tharamani site)","Tamil Nadu SW GW","33","Tamil Nadu","568","Chennai","-","-","-","Adyar","East flowing rivers between Pennar and Kanyakumari","-","-","-","Adyar","12.98583333","80.24500000","28-10-2025 12:00","1.5"
"119205","SGSWRDC Campus (Tharamani site)","Tamil Nadu SW GW","33","Tamil Nadu","568","Chennai","-","-","-","Adyar","East flowing rivers between Pennar and Kanyakumari","-","-","-","Adyar","12.98583333","80.24500000","28-10-2025 13:00","1"
"119206","SGSWRDC Campus (Tharamani site)","Tamil Nadu SW GW","33","Tamil Nadu","568","Chennai","-","-","-","Adyar","East flowing rivers between Pennar and Kanyakumari","-","-","-","Adyar","12.98583333","80.24500000","28-10-2025 15:00","0.5"
"119207","SGSWRDC Campus (Tharamani site)","Tamil Nadu SW GW","33","Tamil Nadu","568","Chennai","-","-","-","Adyar","East flowing rivers between Pennar and Kanyakumari","-","-","-","Adyar","12.98583333","80.24500000","28-10-2025 17:00","0.5"
"119208","SGSWRDC Campus (Tharamani site)","Tamil Nadu SW GW","33","Tamil Nadu","568","Chennai","-","-","-","Adyar","East flowing rivers between Pennar and Kanyakumari","-","-","-","Adyar","12.98583333","80.24500000","04-11-2025 18:00","13.5"
"119209","SGSWRDC Campus (Tharamani site)","Tamil Nadu SW GW","33","Tamil Nadu","568","Chennai","-","-","-","Adyar","East flowing rivers between Pennar and Kanyakumari","-","-","-","Adyar","12.98583333","80.24500000","05-11-2025 13:00","0.5"
"119210","SGSWRDC Campus (Tharamani site)","Tamil Nadu SW GW","33","Tamil Nadu","568","Chennai","-","-","-","Adyar","East flowing rivers between Pennar and Kanyakumari","-","-","-","Adyar","12.98583333","80.24500000","05-11-2025 14:00","0.5"
"119211","SGSWRDC Campus (Tharamani site)","Tamil Nadu SW GW","33","Tamil Nadu","568","Chennai","-","-","-","Adyar","East flowing rivers between Pennar and Kanyakumari","-","-","-","Adyar","12.98583333","80.24500000","05-11-2025 21:00","0.5"
"119212","SGSWRDC Campus (Tharamani site)","Tamil Nadu SW GW","33","Tamil Nadu","568","Chennai","-","-","-","Adyar","East flowing rivers between Pennar and Kanyakumari","-","-","-","Adyar","12.98583333","80.24500000","06-11-2025 03:00","0.5"
"119213","SGSWRDC Campus (Tharamani site)","Tamil Nadu SW GW","33","Tamil Nadu","568","Chennai","-","-","-","Adyar","East flowing rivers between Pennar and Kanyakumari","-","-","-","Adyar","12.98583333","80.24500000","07-11-2025 12:00","0.5"
"119214","SGSWRDC Campus (Tharamani site)","Tamil Nadu SW GW","33","Tamil Nadu","568","Chennai","-","-","-","Adyar","East flowing rivers between Pennar and Kanyakumari","-","-","-","Adyar","12.98583333","80.24500000","13-11-2025 08:00","7"
"119215","SGSWRDC Campus (Tharamani site)","Tamil Nadu SW GW","33","Tamil Nadu","568","Chennai","-","-","-","Adyar","East flowing rivers between Pennar and Kanyakumari","-","-","-","Adyar","12.98583333","80.24500000","13-11-2025 10:00","18.5"
"119216","SGSWRDC Campus (Tharamani site)","Tamil Nadu SW GW","33","Tamil Nadu","568","Chennai","-","-","-","Adyar","East flowing rivers between Pennar and Kanyakumari","-","-","-","Adyar","12.98583333","80.24500000","13-11-2025 11:00","0.5"
"119217","SGSWRDC Campus (Tharamani site)","Tamil Nadu SW GW","33","Tamil Nadu","568","Chennai","-","-","-","Adyar","East flowing rivers between Pennar and Kanyakumari","-","-","-","Adyar","12.98583333","80.24500000","17-11-2025 08:00","0.5"
"119218","SGSWRDC Campus (Tharamani site)","Tamil Nadu SW GW","33","Tamil Nadu","568","Chennai","-","-","-","Adyar","East flowing rivers between Pennar and Kanyakumari","-","-","-","Adyar","12.98583333","80.24500000","17-11-2025 12:00","1.5"
"119219","SGSWRDC Campus (Tharamani site)","Tamil Nadu SW GW","33","Tamil Nadu","568","Chennai","-","-","-","Adyar","East flowing rivers between Pennar and Kanyakumari","-","-","-","Adyar","12.98583333","80.24500000","17-11-2025 14:00","0.5"
"119220","SGSWRDC Campus (Tharamani site)","Tamil Nadu SW GW","33","Tamil Nadu","568","Chennai","-","-","-","Adyar","East flowing rivers between Pennar and Kanyakumari","-","-","-","Adyar","12.98583333","80.24500000","17-11-2025 15:00","2"
"119221","SGSWRDC Campus (Tharamani site)","Tamil Nadu SW GW","33","Tamil Nadu","568","Chennai","-","-","-","Adyar","East flowing rivers between Pennar and Kanyakumari","-","-","-","Adyar","12.98583333","80.24500000","17-11-2025 16:00","1"
"119222","SGSWRDC Campus (Tharamani site)","Tamil Nadu SW GW","33","Tamil Nadu","568","Chennai","-","-","-","Adyar","East flowing rivers between Pennar and Kanyakumari","-","-","-","Adyar","12.98583333","80.24500000","17-11-2025 19:00","0.5"
"119223","SGSWRDC Campus (Tharamani site)","Tamil Nadu SW GW","33","Tamil Nadu","568","Chennai","-","-","-","Adyar","East flowing rivers between Pennar and Kanyakumari","-","-","-","Adyar","12.98583333","80.24500000","17-11-2025 21:00","0.5"
"119224","SGSWRDC Campus (Tharamani site)","Tamil Nadu SW GW","33","Tamil Nadu","568","Chennai","-","-","-","Adyar","East flowing rivers between Pennar and Kanyakumari","-","-","-","Adyar","12.98583333","80.24500000","17-11-2025 22:00","0.5"
"119225","SGSWRDC Campus (Tharamani site)","Tamil Nadu SW GW","33","Tamil Nadu","568","Chennai","-","-","-","Adyar","East flowing rivers between Pennar and Kanyakumari","-","-","-","Adyar","12.98583333","80.24500000","18-11-2025 00:00","1"
"119226","SGSWRDC Campus (Tharamani site)","Tamil Nadu SW GW","33","Tamil Nadu","568","Chennai","-","-","-","Adyar","East flowing rivers between Pennar and Kanyakumari","-","-","-","Adyar","12.98583333","80.24500000","18-11-2025 07:00","0.5"
"119227","SGSWRDC Campus (Tharamani site)","Tamil Nadu SW GW","33","Tamil Nadu","568","Chennai","-","-","-","Adyar","East flowing rivers between Pennar and Kanyakumari","-","-","-","Adyar","12.98583333","80.24500000","18-11-2025 14:00","1"
"119228","SGSWRDC Campus (Tharamani site)","Tamil Nadu SW GW","33","Tamil Nadu","568","Chennai","-","-","-","Adyar","East flowing rivers between Pennar and Kanyakumari","-","-","-","Adyar","12.98583333","80.24500000","18-11-2025 16:00","0.5"
"119229","SGSWRDC Campus (Tharamani site)","Tamil Nadu SW GW","33","Tamil Nadu","568","Chennai","-","-","-","Adyar","East flowing rivers between Pennar and Kanyakumari","-","-","-","Adyar","12.98583333","80.24500000","18-11-2025 17:00","4"
"119230","SGSWRDC Campus (Tharamani site)","Tamil Nadu SW GW","33","Tamil Nadu","568","Chennai","-","-","-","Adyar","East flowing rivers between Pennar and Kanyakumari","-","-","-","Adyar","12.98583333","80.24500000","18-11-2025 19:00","0.5"
"119231","SGSWRDC Campus (Tharamani site)","Tamil Nadu SW GW","33","Tamil Nadu","568","Chennai","-","-","-","Adyar","East flowing rivers between Pennar and Kanyakumari","-","-","-","Adyar","12.98583333","80.24500000","18-11-2025 20:00","2.5"
"119232","SGSWRDC Campus (Tharamani site)","Tamil Nadu SW GW","33","Tamil Nadu","568","Chennai","-","-","-","Adyar","East flowing rivers between Pennar and Kanyakumari","-","-","-","Adyar","12.98583333","80.24500000","19-11-2025 01:00","0.5"
"119233","SGSWRDC Campus (Tharamani site)","Tamil Nadu SW GW","33","Tamil Nadu","568","Chennai","-","-","-","Adyar","East flowing rivers between Pennar and Kanyakumari","-","-","-","Adyar","12.98583333","80.24500000","21-11-2025 03:00","0.5"
"119234","SGSWRDC Campus (Tharamani site)","Tamil Nadu SW GW","33","Tamil Nadu","568","Chennai","-","-","-","Adyar","East flowing rivers between Pennar and Kanyakumari","-","-","-","Adyar","12.98583333","80.24500000","21-11-2025 04:00","0.5"
"119235","SGSWRDC Campus (Tharamani site)","Tamil Nadu SW GW","33","Tamil Nadu","568","Chennai","-","-","-","Adyar","East flowing rivers between Pennar and Kanyakumari","-","-","-","Adyar","12.98583333","80.24500000","21-11-2025 06:00","4.5"
"119236","SGSWRDC Campus (Tharamani site)","Tamil Nadu SW GW","33","Tamil Nadu","568","Chennai","-","-","-","Adyar","East flowing rivers between Pennar and Kanyakumari","-","-","-","Adyar","12.98583333","80.24500000","21-11-2025 16:00","1"
"119237","SGSWRDC Campus (Tharamani site)","Tamil Nadu SW GW","33","Tamil Nadu","568","Chennai","-","-","-","Adyar","East flowing rivers between Pennar and Kanyakumari","-","-","-","Adyar","12.98583333","80.24500000","21-11-2025 17:00","1"
"119238","SGSWRDC Campus (Tharamani site)","Tamil Nadu SW GW","33","Tamil Nadu","568","Chennai","-","-","-","Adyar","East flowing rivers between Pennar and Kanyakumari","-","-","-","Adyar","12.98583333","80.24500000","21-11-2025 18:00","0.5"
"119239","SGSWRDC Campus (Tharamani site)","Tamil Nadu SW GW","33","Tamil Nadu","568","Chennai","-","-","-","Adyar","East flowing rivers between Pennar and Kanyakumari","-","-","-","Adyar","12.98583333","80.24500000","21-11-2025 20:00","0.5"
"119240","SGSWRDC Campus (Tharamani site)","Tamil Nadu SW GW","33","Tamil Nadu","568","Chennai","-","-","-","Adyar","East flowing rivers between Pennar and Kanyakumari","-","-","-","Adyar","12.98583333","80.24500000","21-11-2025 22:00","1"
"119241","SGSWRDC Campus (Tharamani site)","Tamil Nadu SW GW","33","Tamil Nadu","568","Chennai","-","-","-","Adyar","East flowing rivers between Pennar and Kanyakumari","-","-","-","Adyar","12.98583333","80.24500000","22-11-2025 03:00","0.5"
"119242","SGSWRDC Campus (Tharamani site)","Tamil Nadu SW GW","33","Tamil Nadu","568","Chennai","-","-","-","Adyar","East flowing rivers between Pennar and Kanyakumari","-","-","-","Adyar","12.98583333","80.24500000","30-11-2025 00:00","3"
"119243","SGSWRDC Campus (Tharamani site)","Tamil Nadu SW GW","33","Tamil Nadu","568","Chennai","-","-","-","Adyar","East flowing rivers between Pennar and Kanyakumari","-","-","-","Adyar","12.98583333","80.24500000","30-11-2025 01:00","1"
"119244","SGSWRDC Campus (Tharamani site)","Tamil Nadu SW GW","33","Tamil Nadu","568","Chennai","-","-","-","Adyar","East flowing rivers between Pennar and Kanyakumari","-","-","-","Adyar","12.98583333","80.24500000","30-11-2025 04:00","1.5"
"119245","SGSWRDC Campus (Tharamani site)","Tamil Nadu SW GW","33","Tamil Nadu","568","Chennai","-","-","-","Adyar","East flowing rivers between Pennar and Kanyakumari","-","-","-","Adyar","12.98583333","80.24500000","30-11-2025 06:00","0.5"
"119246","SGSWRDC Campus (Tharamani site)","Tamil Nadu SW GW","33","Tamil Nadu","568","Chennai","-","-","-","Adyar","East flowing rivers between Pennar and Kanyakumari","-","-","-","Adyar","12.98583333","80.24500000","30-11-2025 08:00","0.5"
"119247","SGSWRDC Campus (Tharamani site)","Tamil Nadu SW GW","33","Tamil Nadu","568","Chennai","-","-","-","Adyar","East flowing rivers between Pennar and Kanyakumari","-","-","-","Adyar","12.98583333","80.24500000","30-11-2025 09:00","1.5"
"119248","SGSWRDC Campus (Tharamani site)","Tamil Nadu SW GW","33","Tamil Nadu","568","Chennai","-","-","-","Adyar","East flowing rivers between Pennar and Kanyakumari","-","-","-","Adyar","12.98583333","80.24500000","30-11-2025 10:00","0.5"
"119249","SGSWRDC Campus (Tharamani site)","Tamil Nadu SW GW","33","Tamil Nadu","568","Chennai","-","-","-","Adyar","East flowing rivers between Pennar and Kanyakumari","-","-","-","Adyar","12.98583333","80.24500000","01-12-2025 00:00","0.5"
"119250","SGSWRDC Campus (Tharamani site)","Tamil Nadu SW GW","33","Tamil Nadu","568","Chennai","-","-","-","Adyar","East flowing rivers between Pennar and Kanyakumari","-","-","-","Adyar","12.98583333","80.24500000","01-12-2025 01:00","0.5"
"119251","SGSWRDC Campus (Tharamani site)","Tamil Nadu SW GW","33","Tamil Nadu","568","Chennai","-","-","-","Adyar","East flowing rivers between Pennar and Kanyakumari","-","-","-","Adyar","12.98583333","80.24500000","01-12-2025 02:00","1.5"
"119252","SGSWRDC Campus (Tharamani site)","Tamil Nadu SW GW","33","Tamil Nadu","568","Chennai","-","-","-","Adyar","East flowing rivers between Pennar and Kanyakumari","-","-","-","Adyar","12.98583333","80.24500000","01-12-2025 03:00","1"
"119253","SGSWRDC Campus (Tharamani site)","Tamil Nadu SW GW","33","Tamil Nadu","568","Chennai","-","-","-","Adyar","East flowing rivers between Pennar and Kanyakumari","-","-","-","Adyar","12.98583333","80.24500000","01-12-2025 05:00","0.5"
"119254","SGSWRDC Campus (Tharamani site)","Tamil Nadu SW GW","33","Tamil Nadu","568","Chennai","-","-","-","Adyar","East flowing rivers between Pennar and Kanyakumari","-","-","-","Adyar","12.98583333","80.24500000","01-12-2025 06:00","0.5"
"119255","SGSWRDC Campus (Tharamani site)","Tamil Nadu SW GW","33","Tamil Nadu","568","Chennai","-","-","-","Adyar","East flowing rivers between Pennar and Kanyakumari","-","-","-","Adyar","12.98583333","80.24500000","01-12-2025 07:00","0.5"
"119256","SGSWRDC Campus (Tharamani site)","Tamil Nadu SW GW","33","Tamil Nadu","568","Chennai","-","-","-","Adyar","East flowing rivers between Pennar and Kanyakumari","-","-","-","Adyar","12.98583333","80.24500000","01-12-2025 08:00","1"
"119257","SGSWRDC Campus (Tharamani site)","Tamil Nadu SW GW","33","Tamil Nadu","568","Chennai","-","-","-","Adyar","East flowing rivers between Pennar and Kanyakumari","-","-","-","Adyar","12.98583333","80.24500000","01-12-2025 09:00","9.5"
"119258","SGSWRDC Campus (Tharamani site)","Tamil Nadu SW GW","33","Tamil Nadu","568","Chennai","-","-","-","Adyar","East flowing rivers between Pennar and Kanyakumari","-","-","-","Adyar","12.98583333","80.24500000","01-12-2025 10:00","7"
"119259","SGSWRDC Campus (Tharamani site)","Tamil Nadu SW GW","33","Tamil Nadu","568","Chennai","-","-","-","Adyar","East flowing rivers between Pennar and Kanyakumari","-","-","-","Adyar","12.98583333","80.24500000","01-12-2025 12:00","18"
"119260","SGSWRDC Campus (Tharamani site)","Tamil Nadu SW GW","33","Tamil Nadu","568","Chennai","-","-","-","Adyar","East flowing rivers between Pennar and Kanyakumari","-","-","-","Adyar","12.98583333","80.24500000","01-12-2025 13:00","4.5"
"119261","SGSWRDC Campus (Tharamani site)","Tamil Nadu SW GW","33","Tamil Nadu","568","Chennai","-","-","-","Adyar","East flowing rivers between Pennar and Kanyakumari","-","-","-","Adyar","12.98583333","80.24500000","01-12-2025 14:00","5"
"119262","SGSWRDC Campus (Tharamani site)","Tamil Nadu SW GW","33","Tamil Nadu","568","Chennai","-","-","-","Adyar","East flowing rivers between Pennar and Kanyakumari","-","-","-","Adyar","12.98583333","80.24500000","01-12-2025 15:00","13.5"
"119263","SGSWRDC Campus (Tharamani site)","Tamil Nadu SW GW","33","Tamil Nadu","568","Chennai","-","-","-","Adyar","East flowing rivers between Pennar and Kanyakumari","-","-","-","Adyar","12.98583333","80.24500000","01-12-2025 16:00","8"
"119264","SGSWRDC Campus (Tharamani site)","Tamil Nadu SW GW","33","Tamil Nadu","568","Chennai","-","-","-","Adyar","East flowing rivers between Pennar and Kanyakumari","-","-","-","Adyar","12.98583333","80.24500000","01-12-2025 17:00","0.5"
"119265","SGSWRDC Campus (Tharamani site)","Tamil Nadu SW GW","33","Tamil Nadu","568","Chennai","-","-","-","Adyar","East flowing rivers between Pennar and Kanyakumari","-","-","-","Adyar","12.98583333","80.24500000","01-12-2025 19:00","0.5"
"119266","SGSWRDC Campus (Tharamani site)","Tamil Nadu SW GW","33","Tamil Nadu","568","Chennai","-","-","-","Adyar","East flowing rivers between Pennar and Kanyakumari","-","-","-","Adyar","12.98583333","80.24500000","01-12-2025 20:00","21.5"
"119267","SGSWRDC Campus (Tharamani site)","Tamil Nadu SW GW","33","Tamil Nadu","568","Chennai","-","-","-","Adyar","East flowing rivers between Pennar and Kanyakumari","-","-","-","Adyar","12.98583333","80.24500000","01-12-2025 21:00","1"
"119268","SGSWRDC Campus (Tharamani site)","Tamil Nadu SW GW","33","Tamil Nadu","568","Chennai","-","-","-","Adyar","East flowing rivers between Pennar and Kanyakumari","-","-","-","Adyar","12.98583333","80.24500000","01-12-2025 22:00","0.5"
"119269","SGSWRDC Campus (Tharamani site)","Tamil Nadu SW GW","33","Tamil Nadu","568","Chennai","-","-","-","Adyar","East flowing rivers between Pennar and Kanyakumari","-","-","-","Adyar","12.98583333","80.24500000","01-12-2025 23:00","1.5"
"119270","SGSWRDC Campus (Tharamani site)","Tamil Nadu SW GW","33","Tamil Nadu","568","Chennai","-","-","-","Adyar","East flowing rivers between Pennar and Kanyakumari","-","-","-","Adyar","12.98583333","80.24500000","02-12-2025 00:00","3"
"119271","SGSWRDC Campus (Tharamani site)","Tamil Nadu SW GW","33","Tamil Nadu","568","Chennai","-","-","-","Adyar","East flowing rivers between Pennar and Kanyakumari","-","-","-","Adyar","12.98583333","80.24500000","02-12-2025 01:00","2"
"119272","SGSWRDC Campus (Tharamani site)","Tamil Nadu SW GW","33","Tamil Nadu","568","Chennai","-","-","-","Adyar","East flowing rivers between Pennar and Kanyakumari","-","-","-","Adyar","12.98583333","80.24500000","02-12-2025 02:00","11"
"119273","SGSWRDC Campus (Tharamani site)","Tamil Nadu SW GW","33","Tamil Nadu","568","Chennai","-","-","-","Adyar","East flowing rivers between Pennar and Kanyakumari","-","-","-","Adyar","12.98583333","80.24500000","02-12-2025 03:00","14.5"
"119274","SGSWRDC Campus (Tharamani site)","Tamil Nadu SW GW","33","Tamil Nadu","568","Chennai","-","-","-","Adyar","East flowing rivers between Pennar and Kanyakumari","-","-","-","Adyar","12.98583333","80.24500000","02-12-2025 04:00","5"
"119275","SGSWRDC Campus (Tharamani site)","Tamil Nadu SW GW","33","Tamil Nadu","568","Chennai","-","-","-","Adyar","East flowing rivers between Pennar and Kanyakumari","-","-","-","Adyar","12.98583333","80.24500000","02-12-2025 05:00","0.5"
"119276","SGSWRDC Campus (Tharamani site)","Tamil Nadu SW GW","33","Tamil Nadu","568","Chennai","-","-","-","Adyar","East flowing rivers between Pennar and Kanyakumari","-","-","-","Adyar","12.98583333","80.24500000","02-12-2025 07:00","0.5"
"119277","SGSWRDC Campus (Tharamani site)","Tamil Nadu SW GW","33","Tamil Nadu","568","Chennai","-","-","-","Adyar","East flowing rivers between Pennar and Kanyakumari","-","-","-","Adyar","12.98583333","80.24500000","02-12-2025 08:00","1"
"119278","SGSWRDC Campus (Tharamani site)","Tamil Nadu SW GW","33","Tamil Nadu","568","Chennai","-","-","-","Adyar","East flowing rivers between Pennar and Kanyakumari","-","-","-","Adyar","12.98583333","80.24500000","02-12-2025 09:00","0.5"
"119279","SGSWRDC Campus (Tharamani site)","Tamil Nadu SW GW","33","Tamil Nadu","568","Chennai","-","-","-","Adyar","East flowing rivers between Pennar and Kanyakumari","-","-","-","Adyar","12.98583333","80.24500000","02-12-2025 10:00","7.5"
"119280","SGSWRDC Campus (Tharamani site)","Tamil Nadu SW GW","33","Tamil Nadu","568","Chennai","-","-","-","Adyar","East flowing rivers between Pennar and Kanyakumari","-","-","-","Adyar","12.98583333","80.24500000","02-12-2025 11:00","3.5"
"119281","SGSWRDC Campus (Tharamani site)","Tamil Nadu SW GW","33","Tamil Nadu","568","Chennai","-","-","-","Adyar","East flowing rivers between Pennar and Kanyakumari","-","-","-","Adyar","12.98583333","80.24500000","02-12-2025 12:00","4"
"119282","SGSWRDC Campus (Tharamani site)","Tamil Nadu SW GW","33","Tamil Nadu","568","Chennai","-","-","-","Adyar","East flowing rivers between Pennar and Kanyakumari","-","-","-","Adyar","12.98583333","80.24500000","02-12-2025 14:00","0.5"
"119283","SGSWRDC Campus (Tharamani site)","Tamil Nadu SW GW","33","Tamil Nadu","568","Chennai","-","-","-","Adyar","East flowing rivers between Pennar and Kanyakumari","-","-","-","Adyar","12.98583333","80.24500000","02-12-2025 15:00","1"
"119284","SGSWRDC Campus (Tharamani site)","Tamil Nadu SW GW","33","Tamil Nadu","568","Chennai","-","-","-","Adyar","East flowing rivers between Pennar and Kanyakumari","-","-","-","Adyar","12.98583333","80.24500000","02-12-2025 19:00","2.5"
"119285","SGSWRDC Campus (Tharamani site)","Tamil Nadu SW GW","33","Tamil Nadu","568","Chennai","-","-","-","Adyar","East flowing rivers between Pennar and Kanyakumari","-","-","-","Adyar","12.98583333","80.24500000","02-12-2025 20:00","1.5"
"119286","SGSWRDC Campus (Tharamani site)","Tamil Nadu SW GW","33","Tamil Nadu","568","Chennai","-","-","-","Adyar","East flowing rivers between Pennar and Kanyakumari","-","-","-","Adyar","12.98583333","80.24500000","02-12-2025 21:00","1.5"
"119287","SGSWRDC Campus (Tharamani site)","Tamil Nadu SW GW","33","Tamil Nadu","568","Chennai","-","-","-","Adyar","East flowing rivers between Pennar and Kanyakumari","-","-","-","Adyar","12.98583333","80.24500000","02-12-2025 23:00","0.5"
"119288","SGSWRDC Campus (Tharamani site)","Tamil Nadu SW GW","33","Tamil Nadu","568","Chennai","-","-","-","Adyar","East flowing rivers between Pennar and Kanyakumari","-","-","-","Adyar","12.98583333","80.24500000","03-12-2025 00:00","0.5"
"119289","SGSWRDC Campus (Tharamani site)","Tamil Nadu SW GW","33","Tamil Nadu","568","Chennai","-","-","-","Adyar","East flowing rivers between Pennar and Kanyakumari","-","-","-","Adyar","12.98583333","80.24500000","03-12-2025 02:00","1.5"
"119290","SGSWRDC Campus (Tharamani site)","Tamil Nadu SW GW","33","Tamil Nadu","568","Chennai","-","-","-","Adyar","East flowing rivers between Pennar and Kanyakumari","-","-","-","Adyar","12.98583333","80.24500000","03-12-2025 03:00","1"
"119291","SGSWRDC Campus (Tharamani site)","Tamil Nadu SW GW","33","Tamil Nadu","568","Chennai","-","-","-","Adyar","East flowing rivers between Pennar and Kanyakumari","-","-","-","Adyar","12.98583333","80.24500000","03-12-2025 04:00","13"
"119292","SGSWRDC Campus (Tharamani site)","Tamil Nadu SW GW","33","Tamil Nadu","568","Chennai","-","-","-","Adyar","East flowing rivers between Pennar and Kanyakumari","-","-","-","Adyar","12.98583333","80.24500000","03-12-2025 05:00","0.5"
"119293","SGSWRDC Campus (Tharamani site)","Tamil Nadu SW GW","33","Tamil Nadu","568","Chennai","-","-","-","Adyar","East flowing rivers between Pennar and Kanyakumari","-","-","-","Adyar","12.98583333","80.24500000","03-12-2025 06:00","0.5"
"119294","SGSWRDC Campus (Tharamani site)","Tamil Nadu SW GW","33","Tamil Nadu","568","Chennai","-","-","-","Adyar","East flowing rivers between Pennar and Kanyakumari","-","-","-","Adyar","12.98583333","80.24500000","03-12-2025 07:00","0.5"
"119295","SGSWRDC Campus (Tharamani site)","Tamil Nadu SW GW","33","Tamil Nadu","568","Chennai","-","-","-","Adyar","East flowing rivers between Pennar and Kanyakumari","-","-","-","Adyar","12.98583333","80.24500000","03-12-2025 08:00","1.5"
"119296","SGSWRDC Campus (Tharamani site)","Tamil Nadu SW GW","33","Tamil Nadu","568","Chennai","-","-","-","Adyar","East flowing rivers between Pennar and Kanyakumari","-","-","-","Adyar","12.98583333","80.24500000","03-12-2025 09:00","1"
"119297","SGSWRDC Campus (Tharamani site)","Tamil Nadu SW GW","33","Tamil Nadu","568","Chennai","-","-","-","Adyar","East flowing rivers between Pennar and Kanyakumari","-","-","-","Adyar","12.98583333","80.24500000","03-12-2025 10:00","4"
"119298","SGSWRDC Campus (Tharamani site)","Tamil Nadu SW GW","33","Tamil Nadu","568","Chennai","-","-","-","Adyar","East flowing rivers between Pennar and Kanyakumari","-","-","-","Adyar","12.98583333","80.24500000","03-12-2025 13:00","1"
"119299","SGSWRDC Campus (Tharamani site)","Tamil Nadu SW GW","33","Tamil Nadu","568","Chennai","-","-","-","Adyar","East flowing rivers between Pennar and Kanyakumari","-","-","-","Adyar","12.98583333","80.24500000","03-12-2025 16:00","0.5"
"119300","SGSWRDC Campus (Tharamani site)","Tamil Nadu SW GW","33","Tamil Nadu","568","Chennai","-","-","-","Adyar","East flowing rivers between Pennar and Kanyakumari","-","-","-","Adyar","12.98583333","80.24500000","03-12-2025 17:00","0.5"
"119301","SGSWRDC Campus (Tharamani site)","Tamil Nadu SW GW","33","Tamil Nadu","568","Chennai","-","-","-","Adyar","East flowing rivers between Pennar and Kanyakumari","-","-","-","Adyar","12.98583333","80.24500000","03-12-2025 18:00","4"
"119302","SGSWRDC Campus (Tharamani site)","Tamil Nadu SW GW","33","Tamil Nadu","568","Chennai","-","-","-","Adyar","East flowing rivers between Pennar and Kanyakumari","-","-","-","Adyar","12.98583333","80.24500000","03-12-2025 19:00","1"
"119303","SGSWRDC Campus (Tharamani site)","Tamil Nadu SW GW","33","Tamil Nadu","568","Chennai","-","-","-","Adyar","East flowing rivers between Pennar and Kanyakumari","-","-","-","Adyar","12.98583333","80.24500000","03-12-2025 20:00","2.5"
"119304","SGSWRDC Campus (Tharamani site)","Tamil Nadu SW GW","33","Tamil Nadu","568","Chennai","-","-","-","Adyar","East flowing rivers between Pennar and Kanyakumari","-","-","-","Adyar","12.98583333","80.24500000","03-12-2025 21:00","1.5"
"119305","SGSWRDC Campus (Tharamani site)","Tamil Nadu SW GW","33","Tamil Nadu","568","Chennai","-","-","-","Adyar","East flowing rivers between Pennar and Kanyakumari","-","-","-","Adyar","12.98583333","80.24500000","03-12-2025 22:00","0.5"
"119306","SGSWRDC Campus (Tharamani site)","Tamil Nadu SW GW","33","Tamil Nadu","568","Chennai","-","-","-","Adyar","East flowing rivers between Pennar and Kanyakumari","-","-","-","Adyar","12.98583333","80.24500000","04-12-2025 07:00","0.5"
"119307","SGSWRDC Campus (Tharamani site)","Tamil Nadu SW GW","33","Tamil Nadu","568","Chennai","-","-","-","Adyar","East flowing rivers between Pennar and Kanyakumari","-","-","-","Adyar","12.98583333","80.24500000","04-12-2025 08:00","0.5"
"119308","SGSWRDC Campus (Tharamani site)","Tamil Nadu SW GW","33","Tamil Nadu","568","Chennai","-","-","-","Adyar","East flowing rivers between Pennar and Kanyakumari","-","-","-","Adyar","12.98583333","80.24500000","04-12-2025 12:00","4.5"
"119309","SGSWRDC Campus (Tharamani site)","Tamil Nadu SW GW","33","Tamil Nadu","568","Chennai","-","-","-","Adyar","East flowing rivers between Pennar and Kanyakumari","-","-","-","Adyar","12.98583333","80.24500000","04-12-2025 13:00","6.5"
"119310","SGSWRDC Campus (Tharamani site)","Tamil Nadu SW GW","33","Tamil Nadu","568","Chennai","-","-","-","Adyar","East flowing rivers between Pennar and Kanyakumari","-","-","-","Adyar","12.98583333","80.24500000","04-12-2025 14:00","0.5"
"119311","SGSWRDC Campus (Tharamani site)","Tamil Nadu SW GW","33","Tamil Nadu","568","Chennai","-","-","-","Adyar","East flowing rivers between Pennar and Kanyakumari","-","-","-","Adyar","12.98583333","80.24500000","04-12-2025 23:00","0.5"
"119312","SGSWRDC Campus (Tharamani site)","Tamil Nadu SW GW","33","Tamil Nadu","568","Chennai","-","-","-","Adyar","East flowing rivers between Pennar and Kanyakumari","-","-","-","Adyar","12.98583333","80.24500000","05-12-2025 01:00","1"
"119313","SGSWRDC Campus (Tharamani site)","Tamil Nadu SW GW","33","Tamil Nadu","568","Chennai","-","-","-","Adyar","East flowing rivers between Pennar and Kanyakumari","-","-","-","Adyar","12.98583333","80.24500000","05-12-2025 02:00","0.5"
"119314","SGSWRDC Campus (Tharamani site)","Tamil Nadu SW GW","33","Tamil Nadu","568","Chennai","-","-","-","Adyar","East flowing rivers between Pennar and Kanyakumari","-","-","-","Adyar","12.98583333","80.24500000","05-12-2025 05:00","0.5"
"119315","SGSWRDC Campus (Tharamani site)","Tamil Nadu SW GW","33","Tamil Nadu","568","Chennai","-","-","-","Adyar","East flowing rivers between Pennar and Kanyakumari","-","-","-","Adyar","12.98583333","80.24500000","16-12-2025 11:00","3.5"
"119316","SGSWRDC Campus (Tharamani site)","Tamil Nadu SW GW","33","Tamil Nadu","568","Chennai","-","-","-","Adyar","East flowing rivers between Pennar and Kanyakumari","-","-","-","Adyar","12.98583333","80.24500000","16-12-2025 12:00","0.5"
"119317","SGSWRDC Campus (Tharamani site)","Tamil Nadu SW GW","33","Tamil Nadu","568","Chennai","-","-","-","Adyar","East flowing rivers between Pennar and Kanyakumari","-","-","-","Adyar","12.98583333","80.24500000","16-12-2025 13:00","1"
"119318","SGSWRDC Campus (Tharamani site)","Tamil Nadu SW GW","33","Tamil Nadu","568","Chennai","-","-","-","Adyar","East flowing rivers between Pennar and Kanyakumari","-","-","-","Adyar","12.98583333","80.24500000","16-12-2025 14:00","7"
"119319","SGSWRDC Campus (Tharamani site)","Tamil Nadu SW GW","33","Tamil Nadu","568","Chennai","-","-","-","Adyar","East flowing rivers between Pennar and Kanyakumari","-","-","-","Adyar","12.98583333","80.24500000","16-12-2025 18:00","0.5"
