station,Latitude,Longitude,timestamp,rainfall_1hr,rainfall_3hr,rainfall_6hr
Chennai Mylapore (DGPOffice),13.04138889,80.27916667,2021-08-09 18:00:00,1.5,,
Chennai Mylapore (DGPOffice),13.04138889,80.27916667,2021-08-10 02:00:00,0.5,,
Chennai Mylapore (DGPOffice),13.04138889,80.27916667,2021-08-10 04:00:00,0.5,,
Chennai Mylapore (DGPOffice),13.04138889,80.27916667,2021-08-10 07:00:00,0.5,,
Chennai Mylapore (DGPOffice),13.04138889,80.27916667,2021-08-10 08:00:00,0.5,,
Chennai Mylapore (DGPOffice),13.04138889,80.27916667,2021-08-13 18:00:00,2.0,,
Chennai Mylapore (DGPOffice),13.04138889,80.27916667,2021-08-16 09:00:00,0.5,,
Chennai Mylapore (DGPOffice),13.04138889,80.27916667,2021-08-17 03:00:00,21.0,,
Chennai Mylapore (DGPOffice),13.04138889,80.27916667,2021-08-17 04:00:00,9.5,,
Chennai Mylapore (DGPOffice),13.04138889,80.27916667,2021-08-17 05:00:00,4.5,35.0,
Chennai Mylapore (DGPOffice),13.04138889,80.27916667,2021-08-17 06:00:00,1.5,15.5,
Chennai Mylapore (DGPOffice),13.04138889,80.27916667,2021-08-27 16:00:00,8.5,,
Chennai Mylapore (DGPOffice),13.04138889,80.27916667,2021-08-27 17:00:00,6.5,,
Chennai Mylapore (DGPOffice),13.04138889,80.27916667,2021-08-27 18:00:00,0.5,15.5,
Chennai Mylapore (DGPOffice),13.04138889,80.27916667,2021-08-28 02:00:00,1.5,,
Chennai Mylapore (DGPOffice),13.04138889,80.27916667,2021-08-28 03:00:00,2.0,,
Chennai Mylapore (DGPOffice),13.04138889,80.27916667,2021-08-28 14:00:00,0.5,,
Chennai Mylapore (DGPOffice),13.04138889,80.27916667,2021-08-28 22:00:00,4.0,,
Chennai Mylapore (DGPOffice),13.04138889,80.27916667,2021-08-28 23:00:00,8.5,,
Chennai Mylapore (DGPOffice),13.04138889,80.27916667,2021-08-29 00:00:00,2.0,14.5,
Chennai Mylapore (DGPOffice),13.04138889,80.27916667,2021-08-29 01:00:00,2.5,13.0,
Chennai Mylapore (DGPOffice),13.04138889,80.27916667,2021-08-29 02:00:00,2.0,6.5,
Chennai Mylapore (DGPOffice),13.04138889,80.27916667,2021-08-29 03:00:00,1.0,5.5,20.0
Chennai Mylapore (DGPOffice),13.04138889,80.27916667,2021-08-29 06:00:00,0.5,,
Chennai Mylapore (DGPOffice),13.04138889,80.27916667,2021-08-29 15:00:00,1.5,,
Chennai Mylapore (DGPOffice),13.04138889,80.27916667,2021-08-29 22:00:00,2.0,,
Chennai Mylapore (DGPOffice),13.04138889,80.27916667,2021-08-29 23:00:00,0.5,,
Chennai Mylapore (DGPOffice),13.04138889,80.27916667,2021-08-30 01:00:00,0.5,,
Chennai Mylapore (DGPOffice),13.04138889,80.27916667,2021-08-30 02:00:00,0.5,,
Chennai Mylapore (DGPOffice),13.04138889,80.27916667,2021-08-30 12:00:00,0.5,,
Chennai Mylapore (DGPOffice),13.04138889,80.27916667,2021-08-31 02:00:00,0.5,,
Chennai Mylapore (DGPOffice),13.04138889,80.27916667,2021-08-31 03:00:00,0.5,,
Chennai Mylapore (DGPOffice),13.04138889,80.27916667,2021-09-03 15:00:00,0.5,,
Chennai Mylapore (DGPOffice),13.04138889,80.27916667,2021-09-04 03:00:00,1.5,,
Chennai Mylapore (DGPOffice),13.04138889,80.27916667,2021-09-04 07:00:00,0.5,,
Chennai Mylapore (DGPOffice),13.04138889,80.27916667,2021-09-04 13:00:00,0.5,,
Chennai Mylapore (DGPOffice),13.04138889,80.27916667,2021-09-04 18:00:00,1.5,,
Chennai Mylapore (DGPOffice),13.04138889,80.27916667,2021-09-05 17:00:00,10.0,,
Chennai Mylapore (DGPOffice),13.04138889,80.27916667,2021-09-05 18:00:00,0.5,,
Chennai Mylapore (DGPOffice),13.04138889,80.27916667,2021-09-06 20:00:00,26.5,,
Chennai Mylapore (DGPOffice),13.04138889,80.27916667,2021-09-06 21:00:00,0.5,,
Chennai Mylapore (DGPOffice),13.04138889,80.27916667,2021-09-17 16:00:00,7.0,,
Chennai Mylapore (DGPOffice),13.04138889,80.27916667,2021-09-18 00:00:00,7.0,,
Chennai Mylapore (DGPOffice),13.04138889,80.27916667,2021-09-18 01:00:00,1.0,,
Chennai Mylapore (DGPOffice),13.04138889,80.27916667,2021-09-21 15:00:00,18.5,,
Chennai Mylapore (DGPOffice),13.04138889,80.27916667,2021-09-21 16:00:00,2.5,,
Chennai Mylapore (DGPOffice),13.04138889,80.27916667,2021-09-21 23:00:00,14.0,,
Chennai Mylapore (DGPOffice),13.04138889,80.27916667,2021-09-22 03:00:00,37.0,,
Chennai Mylapore (DGPOffice),13.04138889,80.27916667,2021-09-22 04:00:00,8.0,,
Chennai Mylapore (DGPOffice),13.04138889,80.27916667,2021-09-22 05:00:00,5.5,50.5,
Chennai Mylapore (DGPOffice),13.04138889,80.27916667,2021-09-22 06:00:00,2.0,15.5,
Chennai Mylapore (DGPOffice),13.04138889,80.27916667,2021-09-22 07:00:00,2.5,10.0,
Chennai Mylapore (DGPOffice),13.04138889,80.27916667,2021-09-30 10:00:00,1.0,,
Chennai Mylapore (DGPOffice),13.04138889,80.27916667,2021-09-30 11:00:00,0.5,,
Chennai Mylapore (DGPOffice),13.04138889,80.27916667,2021-09-30 17:00:00,0.5,,
Chennai Mylapore (DGPOffice),13.04138889,80.27916667,2021-10-01 20:00:00,1.0,,
Chennai Mylapore (DGPOffice),13.04138889,80.27916667,2021-10-02 03:00:00,0.5,,
Chennai Mylapore (DGPOffice),13.04138889,80.27916667,2021-10-02 06:00:00,4.0,,
Chennai Mylapore (DGPOffice),13.04138889,80.27916667,2021-10-03 06:00:00,1.0,,
Chennai Mylapore (DGPOffice),13.04138889,80.27916667,2021-10-03 13:00:00,1.0,,
Chennai Mylapore (DGPOffice),13.04138889,80.27916667,2021-10-03 19:00:00,1.5,,
Chennai Mylapore (DGPOffice),13.04138889,80.27916667,2021-10-05 04:00:00,13.5,,
Chennai Mylapore (DGPOffice),13.04138889,80.27916667,2021-10-05 05:00:00,11.5,,
Chennai Mylapore (DGPOffice),13.04138889,80.27916667,2021-10-05 06:00:00,7.5,32.5,
Chennai Mylapore (DGPOffice),13.04138889,80.27916667,2021-10-05 07:00:00,0.5,19.5,
Chennai Mylapore (DGPOffice),13.04138889,80.27916667,2021-10-05 09:00:00,9.0,,
Chennai Mylapore (DGPOffice),13.04138889,80.27916667,2021-10-05 11:00:00,1.5,,
Chennai Mylapore (DGPOffice),13.04138889,80.27916667,2021-10-05 18:00:00,1.0,,
Chennai Mylapore (DGPOffice),13.04138889,80.27916667,2021-10-05 19:00:00,0.5,,
Chennai Mylapore (DGPOffice),13.04138889,80.27916667,2021-10-05 20:00:00,6.0,7.5,
Chennai Mylapore (DGPOffice),13.04138889,80.27916667,2021-10-05 22:00:00,10.5,,
Chennai Mylapore (DGPOffice),13.04138889,80.27916667,2021-10-05 23:00:00,4.0,,
Chennai Mylapore (DGPOffice),13.04138889,80.27916667,2021-10-06 06:00:00,0.5,,
Chennai Mylapore (DGPOffice),13.04138889,80.27916667,2021-10-06 08:00:00,0.5,,
Chennai Mylapore (DGPOffice),13.04138889,80.27916667,2021-10-07 01:00:00,2.5,,
Chennai Mylapore (DGPOffice),13.04138889,80.27916667,2021-10-07 02:00:00,5.5,,
Chennai Mylapore (DGPOffice),13.04138889,80.27916667,2021-10-07 03:00:00,25.5,33.5,
Chennai Mylapore (DGPOffice),13.04138889,80.27916667,2021-10-07 04:00:00,0.5,31.5,
Chennai Mylapore (DGPOffice),13.04138889,80.27916667,2021-10-07 05:00:00,0.5,26.5,
Chennai Mylapore (DGPOffice),13.04138889,80.27916667,2021-10-09 16:00:00,3.5,,
Chennai Mylapore (DGPOffice),13.04138889,80.27916667,2021-10-09 17:00:00,86.0,,
Chennai Mylapore (DGPOffice),13.04138889,80.27916667,2021-10-09 18:00:00,1.0,90.5,
Chennai Mylapore (DGPOffice),13.04138889,80.27916667,2021-10-10 16:00:00,4.0,,
Chennai Mylapore (DGPOffice),13.04138889,80.27916667,2021-10-11 11:00:00,0.5,,
Chennai Mylapore (DGPOffice),13.04138889,80.27916667,2021-10-13 21:00:00,0.5,,
Chennai Mylapore (DGPOffice),13.04138889,80.27916667,2021-10-13 23:00:00,0.5,,
Chennai Mylapore (DGPOffice),13.04138889,80.27916667,2021-10-15 13:00:00,4.5,,
Chennai Mylapore (DGPOffice),13.04138889,80.27916667,2021-10-15 14:00:00,13.5,,
Chennai Mylapore (DGPOffice),13.04138889,80.27916667,2021-10-28 10:00:00,0.5,,
Chennai Mylapore (DGPOffice),13.04138889,80.27916667,2021-10-29 02:00:00,7.5,,
Chennai Mylapore (DGPOffice),13.04138889,80.27916667,2021-10-29 05:00:00,1.5,,
Chennai Mylapore (DGPOffice),13.04138889,80.27916667,2021-10-29 06:00:00,3.0,,
Chennai Mylapore (DGPOffice),13.04138889,80.27916667,2021-10-29 11:00:00,3.5,,
Chennai Mylapore (DGPOffice),13.04138889,80.27916667,2021-10-29 13:00:00,1.0,,
Chennai Mylapore (DGPOffice),13.04138889,80.27916667,2021-10-29 18:00:00,0.5,,
Chennai Mylapore (DGPOffice),13.04138889,80.27916667,2021-10-30 00:00:00,2.5,,
Chennai Mylapore (DGPOffice),13.04138889,80.27916667,2021-10-30 01:00:00,11.0,,
Chennai Mylapore (DGPOffice),13.04138889,80.27916667,2021-10-30 02:00:00,0.5,14.0,
Chennai Mylapore (DGPOffice),13.04138889,80.27916667,2021-10-30 04:00:00,3.0,,
Chennai Mylapore (DGPOffice),13.04138889,80.27916667,2021-10-30 05:00:00,0.5,,
Chennai Mylapore (DGPOffice),13.04138889,80.27916667,2021-10-30 14:00:00,0.5,,
Chennai Mylapore (DGPOffice),13.04138889,80.27916667,2021-10-30 15:00:00,1.0,,
Chennai Mylapore (DGPOffice),13.04138889,80.27916667,2021-10-31 06:00:00,0.5,,
Chennai Mylapore (DGPOffice),13.04138889,80.27916667,2021-10-31 09:00:00,0.5,,
Chennai Mylapore (DGPOffice),13.04138889,80.27916667,2021-10-31 19:00:00,1.0,,
Chennai Mylapore (DGPOffice),13.04138889,80.27916667,2021-10-31 20:00:00,0.5,,
Chennai Mylapore (DGPOffice),13.04138889,80.27916667,2021-10-31 21:00:00,2.0,3.5,
Chennai Mylapore (DGPOffice),13.04138889,80.27916667,2021-10-31 22:00:00,3.0,5.5,
Chennai Mylapore (DGPOffice),13.04138889,80.27916667,2021-10-31 23:00:00,1.5,6.5,
Chennai Mylapore (DGPOffice),13.04138889,80.27916667,2021-11-01 05:00:00,2.0,,
Chennai Mylapore (DGPOffice),13.04138889,80.27916667,2021-11-01 06:00:00,0.5,,
Chennai Mylapore (DGPOffice),13.04138889,80.27916667,2021-11-01 07:00:00,0.5,3.0,
Chennai Mylapore (DGPOffice),13.04138889,80.27916667,2021-11-01 08:00:00,0.5,1.5,
Chennai Mylapore (DGPOffice),13.04138889,80.27916667,2021-11-01 09:00:00,0.5,1.5,
Chennai Mylapore (DGPOffice),13.04138889,80.27916667,2021-11-01 12:00:00,2.0,,
Chennai Mylapore (DGPOffice),13.04138889,80.27916667,2021-11-01 18:00:00,6.0,,
Chennai Mylapore (DGPOffice),13.04138889,80.27916667,2021-11-01 19:00:00,0.5,,
Chennai Mylapore (DGPOffice),13.04138889,80.27916667,2021-11-01 21:00:00,0.5,,
Chennai Mylapore (DGPOffice),13.04138889,80.27916667,2021-11-01 22:00:00,2.5,,
Chennai Mylapore (DGPOffice),13.04138889,80.27916667,2021-11-01 23:00:00,3.5,6.5,
Chennai Mylapore (DGPOffice),13.04138889,80.27916667,2021-11-02 00:00:00,1.0,7.0,
Chennai Mylapore (DGPOffice),13.04138889,80.27916667,2021-11-02 01:00:00,3.0,7.5,
Chennai Mylapore (DGPOffice),13.04138889,80.27916667,2021-11-02 02:00:00,1.0,5.0,11.5
Chennai Mylapore (DGPOffice),13.04138889,80.27916667,2021-11-02 03:00:00,2.0,6.0,13.0
Chennai Mylapore (DGPOffice),13.04138889,80.27916667,2021-11-02 04:00:00,5.0,8.0,15.5
Chennai Mylapore (DGPOffice),13.04138889,80.27916667,2021-11-02 05:00:00,0.5,7.5,12.5
Chennai Mylapore (DGPOffice),13.04138889,80.27916667,2021-11-02 08:00:00,13.0,,
Chennai Mylapore (DGPOffice),13.04138889,80.27916667,2021-11-02 09:00:00,0.5,,
Chennai Mylapore (DGPOffice),13.04138889,80.27916667,2021-11-02 18:00:00,1.0,,
Chennai Mylapore (DGPOffice),13.04138889,80.27916667,2021-11-03 00:00:00,0.5,,
Chennai Mylapore (DGPOffice),13.04138889,80.27916667,2021-11-03 03:00:00,1.0,,
Chennai Mylapore (DGPOffice),13.04138889,80.27916667,2021-11-03 04:00:00,12.0,,
Chennai Mylapore (DGPOffice),13.04138889,80.27916667,2021-11-03 05:00:00,4.5,17.5,
Chennai Mylapore (DGPOffice),13.04138889,80.27916667,2021-11-03 06:00:00,4.0,20.5,
Chennai Mylapore (DGPOffice),13.04138889,80.27916667,2021-11-03 07:00:00,5.0,13.5,
Chennai Mylapore (DGPOffice),13.04138889,80.27916667,2021-11-03 08:00:00,1.5,10.5,28.0
Chennai Mylapore (DGPOffice),13.04138889,80.27916667,2021-11-03 09:00:00,0.5,7.0,27.5
Chennai Mylapore (DGPOffice),13.04138889,80.27916667,2021-11-04 01:00:00,5.0,,
Chennai Mylapore (DGPOffice),13.04138889,80.27916667,2021-11-04 03:00:00,23.5,,
Chennai Mylapore (DGPOffice),13.04138889,80.27916667,2021-11-04 04:00:00,1.5,,
Chennai Mylapore (DGPOffice),13.04138889,80.27916667,2021-11-04 05:00:00,3.5,28.5,
Chennai Mylapore (DGPOffice),13.04138889,80.27916667,2021-11-04 06:00:00,6.5,11.5,
Chennai Mylapore (DGPOffice),13.04138889,80.27916667,2021-11-04 07:00:00,2.0,12.0,
Chennai Mylapore (DGPOffice),13.04138889,80.27916667,2021-11-04 08:00:00,1.0,9.5,38.0
Chennai Mylapore (DGPOffice),13.04138889,80.27916667,2021-11-04 11:00:00,0.5,,
Chennai Mylapore (DGPOffice),13.04138889,80.27916667,2021-11-04 15:00:00,0.5,,
Chennai Mylapore (DGPOffice),13.04138889,80.27916667,2021-11-05 13:00:00,2.0,,
Chennai Mylapore (DGPOffice),13.04138889,80.27916667,2021-11-05 23:00:00,4.0,,
Chennai Mylapore (DGPOffice),13.04138889,80.27916667,2021-11-06 02:00:00,0.5,,
Chennai Mylapore (DGPOffice),13.04138889,80.27916667,2021-11-06 03:00:00,1.5,,
Chennai Mylapore (DGPOffice),13.04138889,80.27916667,2021-11-06 04:00:00,0.5,2.5,
Chennai Mylapore (DGPOffice),13.04138889,80.27916667,2021-11-06 14:00:00,1.5,,
Chennai Mylapore (DGPOffice),13.04138889,80.27916667,2021-11-06 15:00:00,1.5,,
Chennai Mylapore (DGPOffice),13.04138889,80.27916667,2021-11-06 22:00:00,28.5,,
Chennai Mylapore (DGPOffice),13.04138889,80.27916667,2021-11-06 23:00:00,2.0,,
Chennai Mylapore (DGPOffice),13.04138889,80.27916667,2021-11-07 00:00:00,5.5,36.0,
Chennai Mylapore (DGPOffice),13.04138889,80.27916667,2021-11-07 01:00:00,31.5,39.0,
Chennai Mylapore (DGPOffice),13.04138889,80.27916667,2021-11-07 02:00:00,25.0,62.0,
Chennai Mylapore (DGPOffice),13.04138889,80.27916667,2021-11-07 03:00:00,4.0,60.5,96.5
Chennai Mylapore (DGPOffice),13.04138889,80.27916667,2021-11-07 04:00:00,24.5,53.5,92.5
Chennai Mylapore (DGPOffice),13.04138889,80.27916667,2021-11-07 05:00:00,14.0,42.5,104.5
Chennai Mylapore (DGPOffice),13.04138889,80.27916667,2021-11-07 06:00:00,33.0,71.5,132.0
Chennai Mylapore (DGPOffice),13.04138889,80.27916667,2021-11-07 07:00:00,18.0,65.0,118.5
Chennai Mylapore (DGPOffice),13.04138889,80.27916667,2021-11-07 08:00:00,9.0,60.0,102.5
Chennai Mylapore (DGPOffice),13.04138889,80.27916667,2021-11-07 09:00:00,11.5,38.5,110.0
Chennai Mylapore (DGPOffice),13.04138889,80.27916667,2021-11-07 13:00:00,1.5,,
Chennai Mylapore (DGPOffice),13.04138889,80.27916667,2021-11-07 15:00:00,20.0,,
Chennai Mylapore (DGPOffice),13.04138889,80.27916667,2021-11-07 16:00:00,15.0,,
Chennai Mylapore (DGPOffice),13.04138889,80.27916667,2021-11-07 17:00:00,1.0,36.0,
Chennai Mylapore (DGPOffice),13.04138889,80.27916667,2021-11-07 21:00:00,0.5,,
Chennai Mylapore (DGPOffice),13.04138889,80.27916667,2021-11-08 08:00:00,3.0,,
Chennai Mylapore (DGPOffice),13.04138889,80.27916667,2021-11-08 09:00:00,0.5,,
Chennai Mylapore (DGPOffice),13.04138889,80.27916667,2021-11-08 11:00:00,2.0,,
Chennai Mylapore (DGPOffice),13.04138889,80.27916667,2021-11-08 12:00:00,4.0,,
Chennai Mylapore (DGPOffice),13.04138889,80.27916667,2021-11-08 13:00:00,0.5,6.5,
Chennai Mylapore (DGPOffice),13.04138889,80.27916667,2021-11-08 14:00:00,1.0,5.5,
Chennai Mylapore (DGPOffice),13.04138889,80.27916667,2021-11-08 15:00:00,1.5,3.0,
Chennai Mylapore (DGPOffice),13.04138889,80.27916667,2021-11-08 16:00:00,1.0,3.5,10.0
Chennai Mylapore (DGPOffice),13.04138889,80.27916667,2021-11-08 17:00:00,1.0,3.5,9.0
Chennai Mylapore (DGPOffice),13.04138889,80.27916667,2021-11-08 18:00:00,1.0,3.0,6.0
Chennai Mylapore (DGPOffice),13.04138889,80.27916667,2021-11-08 19:00:00,6.0,8.0,11.5
Chennai Mylapore (DGPOffice),13.04138889,80.27916667,2021-11-08 20:00:00,3.5,10.5,14.0
Chennai Mylapore (DGPOffice),13.04138889,80.27916667,2021-11-08 21:00:00,1.5,11.0,14.0
Chennai Mylapore (DGPOffice),13.04138889,80.27916667,2021-11-08 22:00:00,2.0,7.0,15.0
Chennai Mylapore (DGPOffice),13.04138889,80.27916667,2021-11-08 23:00:00,8.5,12.0,22.5
Chennai Mylapore (DGPOffice),13.04138889,80.27916667,2021-11-09 00:00:00,2.0,12.5,23.5
Chennai Mylapore (DGPOffice),13.04138889,80.27916667,2021-11-09 01:00:00,3.5,14.0,21.0
Chennai Mylapore (DGPOffice),13.04138889,80.27916667,2021-11-09 03:00:00,3.0,,
Chennai Mylapore (DGPOffice),13.04138889,80.27916667,2021-11-09 04:00:00,0.5,,
Chennai Mylapore (DGPOffice),13.04138889,80.27916667,2021-11-09 08:00:00,0.5,,
Chennai Mylapore (DGPOffice),13.04138889,80.27916667,2021-11-09 13:00:00,5.0,,
Chennai Mylapore (DGPOffice),13.04138889,80.27916667,2021-11-09 14:00:00,0.5,,
Chennai Mylapore (DGPOffice),13.04138889,80.27916667,2021-11-09 20:00:00,0.5,,
Chennai Mylapore (DGPOffice),13.04138889,80.27916667,2021-11-09 22:00:00,1.0,,
Chennai Mylapore (DGPOffice),13.04138889,80.27916667,2021-11-10 02:00:00,1.0,,
Chennai Mylapore (DGPOffice),13.04138889,80.27916667,2021-11-10 04:00:00,5.0,,
Chennai Mylapore (DGPOffice),13.04138889,80.27916667,2021-11-10 05:00:00,1.0,,
Chennai Mylapore (DGPOffice),13.04138889,80.27916667,2021-11-10 06:00:00,14.0,20.0,
Chennai Mylapore (DGPOffice),13.04138889,80.27916667,2021-11-10 07:00:00,3.0,18.0,
Chennai Mylapore (DGPOffice),13.04138889,80.27916667,2021-11-10 12:00:00,1.0,,
Chennai Mylapore (DGPOffice),13.04138889,80.27916667,2021-11-10 13:00:00,13.0,,
Chennai Mylapore (DGPOffice),13.04138889,80.27916667,2021-11-10 15:00:00,3.5,,
Chennai Mylapore (DGPOffice),13.04138889,80.27916667,2021-11-10 19:00:00,16.5,,
Chennai Mylapore (DGPOffice),13.04138889,80.27916667,2021-11-10 20:00:00,4.0,,
Chennai Mylapore (DGPOffice),13.04138889,80.27916667,2021-11-10 21:00:00,7.0,27.5,
Chennai Mylapore (DGPOffice),13.04138889,80.27916667,2021-11-10 22:00:00,4.5,15.5,
Chennai Mylapore (DGPOffice),13.04138889,80.27916667,2021-11-10 23:00:00,12.0,23.5,
Chennai Mylapore (DGPOffice),13.04138889,80.27916667,2021-11-11 00:00:00,18.5,35.0,62.5
Chennai Mylapore (DGPOffice),13.04138889,80.27916667,2021-11-11 01:00:00,18.0,48.5,64.0
Chennai Mylapore (DGPOffice),13.04138889,80.27916667,2021-11-11 02:00:00,21.5,58.0,81.5
Chennai Mylapore (DGPOffice),13.04138889,80.27916667,2021-11-11 03:00:00,13.5,53.0,88.0
Chennai Mylapore (DGPOffice),13.04138889,80.27916667,2021-11-11 04:00:00,8.0,43.0,91.5
Chennai Mylapore (DGPOffice),13.04138889,80.27916667,2021-11-11 05:00:00,5.0,26.5,84.5
Chennai Mylapore (DGPOffice),13.04138889,80.27916667,2021-11-11 06:00:00,2.5,15.5,68.5
Chennai Mylapore (DGPOffice),13.04138889,80.27916667,2021-11-11 07:00:00,8.0,15.5,58.5
Chennai Mylapore (DGPOffice),13.04138889,80.27916667,2021-11-11 08:00:00,6.5,17.0,43.5
Chennai Mylapore (DGPOffice),13.04138889,80.27916667,2021-11-11 09:00:00,0.5,15.0,30.5
Chennai Mylapore (DGPOffice),13.04138889,80.27916667,2021-11-11 10:00:00,7.0,14.0,29.5
Chennai Mylapore (DGPOffice),13.04138889,80.27916667,2021-11-11 11:00:00,10.0,17.5,34.5
Chennai Mylapore (DGPOffice),13.04138889,80.27916667,2021-11-11 12:00:00,20.5,37.5,52.5
Chennai Mylapore (DGPOffice),13.04138889,80.27916667,2021-11-11 13:00:00,18.5,49.0,63.0
Chennai Mylapore (DGPOffice),13.04138889,80.27916667,2021-11-11 14:00:00,1.0,40.0,57.5
Chennai Mylapore (DGPOffice),13.04138889,80.27916667,2021-11-13 00:00:00,0.5,,
Chennai Mylapore (DGPOffice),13.04138889,80.27916667,2021-11-15 04:00:00,1.5,,
Chennai Mylapore (DGPOffice),13.04138889,80.27916667,2021-11-15 05:00:00,1.0,,
Chennai Mylapore (DGPOffice),13.04138889,80.27916667,2021-11-17 00:00:00,1.0,,
Chennai Mylapore (DGPOffice),13.04138889,80.27916667,2021-11-17 13:00:00,1.0,,
Chennai Mylapore (DGPOffice),13.04138889,80.27916667,2021-11-17 14:00:00,1.0,,
Chennai Mylapore (DGPOffice),13.04138889,80.27916667,2021-11-17 16:00:00,2.0,,
Chennai Mylapore (DGPOffice),13.04138889,80.27916667,2021-11-17 21:00:00,5.0,,
Chennai Mylapore (DGPOffice),13.04138889,80.27916667,2021-11-18 02:00:00,8.5,,
Chennai Mylapore (DGPOffice),13.04138889,80.27916667,2021-11-18 03:00:00,2.5,,
Chennai Mylapore (DGPOffice),13.04138889,80.27916667,2021-11-18 04:00:00,1.0,12.0,
Chennai Mylapore (DGPOffice),13.04138889,80.27916667,2021-11-18 09:00:00,2.5,,
Chennai Mylapore (DGPOffice),13.04138889,80.27916667,2021-11-18 11:00:00,13.5,,
Chennai Mylapore (DGPOffice),13.04138889,80.27916667,2021-11-18 12:00:00,5.0,,
Chennai Mylapore (DGPOffice),13.04138889,80.27916667,2021-11-18 14:00:00,6.0,,
Chennai Mylapore (DGPOffice),13.04138889,80.27916667,2021-11-18 15:00:00,0.5,,
Chennai Mylapore (DGPOffice),13.04138889,80.27916667,2021-11-18 16:00:00,1.5,8.0,
Chennai Mylapore (DGPOffice),13.04138889,80.27916667,2021-11-18 17:00:00,4.5,6.5,
Chennai Mylapore (DGPOffice),13.04138889,80.27916667,2021-11-18 18:00:00,2.0,8.0,
Chennai Mylapore (DGPOffice),13.04138889,80.27916667,2021-11-18 21:00:00,3.5,,
Chennai Mylapore (DGPOffice),13.04138889,80.27916667,2021-11-18 22:00:00,5.0,,
Chennai Mylapore (DGPOffice),13.04138889,80.27916667,2021-11-19 06:00:00,0.5,,
Chennai Mylapore (DGPOffice),13.04138889,80.27916667,2021-11-19 16:00:00,1.0,,
Chennai Mylapore (DGPOffice),13.04138889,80.27916667,2021-11-19 17:00:00,0.5,,
Chennai Mylapore (DGPOffice),13.04138889,80.27916667,2021-11-20 03:00:00,0.5,,
Chennai Mylapore (DGPOffice),13.04138889,80.27916667,2021-11-20 05:00:00,0.5,,
Chennai Mylapore (DGPOffice),13.04138889,80.27916667,2021-11-20 06:00:00,1.5,,
Chennai Mylapore (DGPOffice),13.04138889,80.27916667,2021-11-20 09:00:00,1.5,,
Chennai Mylapore (DGPOffice),13.04138889,80.27916667,2021-11-20 10:00:00,1.0,,
Chennai Mylapore (DGPOffice),13.04138889,80.27916667,2021-11-22 06:00:00,2.5,,
Chennai Mylapore (DGPOffice),13.04138889,80.27916667,2021-11-22 09:00:00,22.0,,
Chennai Mylapore (DGPOffice),13.04138889,80.27916667,2021-11-22 10:00:00,6.0,,
Chennai Mylapore (DGPOffice),13.04138889,80.27916667,2021-11-25 07:00:00,7.5,,
Chennai Mylapore (DGPOffice),13.04138889,80.27916667,2021-11-25 08:00:00,1.0,,
Chennai Mylapore (DGPOffice),13.04138889,80.27916667,2021-11-25 13:00:00,1.0,,
Chennai Mylapore (DGPOffice),13.04138889,80.27916667,2021-11-25 19:00:00,3.5,,
Chennai Mylapore (DGPOffice),13.04138889,80.27916667,2021-11-25 20:00:00,0.5,,
Chennai Mylapore (DGPOffice),13.04138889,80.27916667,2021-11-25 21:00:00,2.5,6.5,
Chennai Mylapore (DGPOffice),13.04138889,80.27916667,2021-11-25 22:00:00,7.5,10.5,
Chennai Mylapore (DGPOffice),13.04138889,80.27916667,2021-11-25 23:00:00,15.5,25.5,
Chennai Mylapore (DGPOffice),13.04138889,80.27916667,2021-11-26 00:00:00,11.5,34.5,41.0
Chennai Mylapore (DGPOffice),13.04138889,80.27916667,2021-11-26 01:00:00,0.5,27.5,38.0
Chennai Mylapore (DGPOffice),13.04138889,80.27916667,2021-11-26 02:00:00,1.0,13.0,38.5
Chennai Mylapore (DGPOffice),13.04138889,80.27916667,2021-11-26 03:00:00,2.0,3.5,38.0
Chennai Mylapore (DGPOffice),13.04138889,80.27916667,2021-11-26 04:00:00,5.5,8.5,36.0
Chennai Mylapore (DGPOffice),13.04138889,80.27916667,2021-11-26 05:00:00,0.5,8.0,21.0
Chennai Mylapore (DGPOffice),13.04138889,80.27916667,2021-11-26 07:00:00,0.5,,
Chennai Mylapore (DGPOffice),13.04138889,80.27916667,2021-11-26 08:00:00,1.0,,
Chennai Mylapore (DGPOffice),13.04138889,80.27916667,2021-11-26 13:00:00,11.5,,
Chennai Mylapore (DGPOffice),13.04138889,80.27916667,2021-11-26 14:00:00,24.0,,
Chennai Mylapore (DGPOffice),13.04138889,80.27916667,2021-11-26 15:00:00,0.5,36.0,
Chennai Mylapore (DGPOffice),13.04138889,80.27916667,2021-11-26 16:00:00,0.5,25.0,
Chennai Mylapore (DGPOffice),13.04138889,80.27916667,2021-11-26 22:00:00,1.0,,
Chennai Mylapore (DGPOffice),13.04138889,80.27916667,2021-11-27 00:00:00,11.5,,
Chennai Mylapore (DGPOffice),13.04138889,80.27916667,2021-11-27 01:00:00,2.5,,
Chennai Mylapore (DGPOffice),13.04138889,80.27916667,2021-11-27 02:00:00,3.0,17.0,
Chennai Mylapore (DGPOffice),13.04138889,80.27916667,2021-11-27 03:00:00,2.5,8.0,
Chennai Mylapore (DGPOffice),13.04138889,80.27916667,2021-11-27 04:00:00,10.5,16.0,
Chennai Mylapore (DGPOffice),13.04138889,80.27916667,2021-11-27 05:00:00,4.0,17.0,34.0
Chennai Mylapore (DGPOffice),13.04138889,80.27916667,2021-11-27 06:00:00,17.0,31.5,39.5
Chennai Mylapore (DGPOffice),13.04138889,80.27916667,2021-11-27 07:00:00,13.5,34.5,50.5
Chennai Mylapore (DGPOffice),13.04138889,80.27916667,2021-11-27 08:00:00,1.5,32.0,49.0
Chennai Mylapore (DGPOffice),13.04138889,80.27916667,2021-11-27 09:00:00,1.5,16.5,48.0
Chennai Mylapore (DGPOffice),13.04138889,80.27916667,2021-11-27 10:00:00,1.0,4.0,38.5
Chennai Mylapore (DGPOffice),13.04138889,80.27916667,2021-11-27 18:00:00,0.5,,
Chennai Mylapore (DGPOffice),13.04138889,80.27916667,2021-11-27 19:00:00,9.0,,
Chennai Mylapore (DGPOffice),13.04138889,80.27916667,2021-11-27 20:00:00,8.5,18.0,
Chennai Mylapore (DGPOffice),13.04138889,80.27916667,2021-11-27 22:00:00,4.5,,
Chennai Mylapore (DGPOffice),13.04138889,80.27916667,2021-11-28 00:00:00,0.5,,
Chennai Mylapore (DGPOffice),13.04138889,80.27916667,2021-11-28 02:00:00,0.5,,
Chennai Mylapore (DGPOffice),13.04138889,80.27916667,2021-11-28 04:00:00,2.0,,
Chennai Mylapore (DGPOffice),13.04138889,80.27916667,2021-11-28 05:00:00,0.5,,
Chennai Mylapore (DGPOffice),13.04138889,80.27916667,2021-11-28 06:00:00,0.5,3.0,
Chennai Mylapore (DGPOffice),13.04138889,80.27916667,2021-11-28 13:00:00,1.0,,
Chennai Mylapore (DGPOffice),13.04138889,80.27916667,2021-11-28 14:00:00,0.5,,
Chennai Mylapore (DGPOffice),13.04138889,80.27916667,2021-11-28 15:00:00,0.5,2.0,
Chennai Mylapore (DGPOffice),13.04138889,80.27916667,2021-11-28 16:00:00,0.5,1.5,
Chennai Mylapore (DGPOffice),13.04138889,80.27916667,2021-11-28 18:00:00,12.0,,
Chennai Mylapore (DGPOffice),13.04138889,80.27916667,2021-11-28 21:00:00,1.5,,
Chennai Mylapore (DGPOffice),13.04138889,80.27916667,2021-11-29 01:00:00,0.5,,
Chennai Mylapore (DGPOffice),13.04138889,80.27916667,2021-11-29 09:00:00,0.5,,
Chennai Mylapore (DGPOffice),13.04138889,80.27916667,2021-11-29 12:00:00,1.5,,
Chennai Mylapore (DGPOffice),13.04138889,80.27916667,2021-11-29 14:00:00,2.5,,
Chennai Mylapore (DGPOffice),13.04138889,80.27916667,2021-11-29 16:00:00,8.5,,
Chennai Mylapore (DGPOffice),13.04138889,80.27916667,2021-11-30 18:00:00,0.5,,
Chennai Mylapore (DGPOffice),13.04138889,80.27916667,2021-11-30 23:00:00,2.5,,
Chennai Mylapore (DGPOffice),13.04138889,80.27916667,2021-12-30 13:00:00,13.0,,
Chennai Mylapore (DGPOffice),13.04138889,80.27916667,2021-12-30 14:00:00,2.5,,
Chennai Mylapore (DGPOffice),13.04138889,80.27916667,2021-12-30 15:00:00,27.0,42.5,
Chennai Mylapore (DGPOffice),13.04138889,80.27916667,2021-12-30 16:00:00,42.0,71.5,
Chennai Mylapore (DGPOffice),13.04138889,80.27916667,2021-12-30 17:00:00,62.0,131.0,
Chennai Mylapore (DGPOffice),13.04138889,80.27916667,2021-12-30 18:00:00,60.0,164.0,206.5
Chennai Mylapore (DGPOffice),13.04138889,80.27916667,2021-12-30 19:00:00,23.0,145.0,216.5
Chennai Mylapore (DGPOffice),13.04138889,80.27916667,2021-12-30 20:00:00,7.5,90.5,221.5
Chennai Mylapore (DGPOffice),13.04138889,80.27916667,2021-12-30 21:00:00,1.0,31.5,195.5
Chennai Mylapore (DGPOffice),13.04138889,80.27916667,2021-12-30 22:00:00,3.5,12.0,157.0
Chennai Mylapore (DGPOffice),13.04138889,80.27916667,2021-12-30 23:00:00,2.5,7.0,97.5
Chennai Mylapore (DGPOffice),13.04138889,80.27916667,2021-12-31 14:00:00,2.5,,
Chennai Mylapore (DGPOffice),13.04138889,80.27916667,2021-12-31 16:00:00,12.5,,
Chennai Mylapore (DGPOffice),13.04138889,80.27916667,2021-12-31 17:00:00,1.0,,
Chennai Mylapore (DGPOffice),13.04138889,80.27916667,2021-12-31 18:00:00,0.5,14.0,
Chennai Mylapore (DGPOffice),13.04138889,80.27916667,2021-12-31 20:00:00,0.5,,
Chennai Mylapore (DGPOffice),13.04138889,80.27916667,2022-01-14 05:00:00,0.5,,
Chennai Mylapore (DGPOffice),13.04138889,80.27916667,2022-01-17 07:00:00,2.0,,
Chennai Mylapore (DGPOffice),13.04138889,80.27916667,2022-01-17 08:00:00,1.5,,
Chennai Mylapore (DGPOffice),13.04138889,80.27916667,2022-01-17 09:00:00,2.0,5.5,
Chennai Mylapore (DGPOffice),13.04138889,80.27916667,2022-01-17 11:00:00,1.5,,
Chennai Mylapore (DGPOffice),13.04138889,80.27916667,2022-01-17 16:00:00,1.5,,
Chennai Mylapore (DGPOffice),13.04138889,80.27916667,2022-04-13 03:00:00,1.0,,
Chennai Mylapore (DGPOffice),13.04138889,80.27916667,2022-06-14 15:00:00,8.5,,
Chennai Mylapore (DGPOffice),13.04138889,80.27916667,2022-06-18 06:00:00,5.5,,
Chennai Mylapore (DGPOffice),13.04138889,80.27916667,2022-06-19 21:00:00,0.5,,
Chennai Mylapore (DGPOffice),13.04138889,80.27916667,2022-06-19 23:00:00,12.5,,
Chennai Mylapore (DGPOffice),13.04138889,80.27916667,2022-06-20 00:00:00,27.0,,
Chennai Mylapore (DGPOffice),13.04138889,80.27916667,2022-06-20 01:00:00,10.5,50.0,
Chennai Mylapore (DGPOffice),13.04138889,80.27916667,2022-06-20 03:00:00,25.0,,
Chennai Mylapore (DGPOffice),13.04138889,80.27916667,2022-06-20 04:00:00,1.0,,
Chennai Mylapore (DGPOffice),13.04138889,80.27916667,2022-06-20 19:00:00,4.5,,
Chennai Mylapore (DGPOffice),13.04138889,80.27916667,2022-06-20 23:00:00,7.0,,
Chennai Mylapore (DGPOffice),13.04138889,80.27916667,2022-06-21 00:00:00,19.0,,
Chennai Mylapore (DGPOffice),13.04138889,80.27916667,2022-06-21 01:00:00,1.5,27.5,
Chennai Mylapore (DGPOffice),13.04138889,80.27916667,2022-06-21 02:00:00,1.5,22.0,
Chennai Mylapore (DGPOffice),13.04138889,80.27916667,2022-06-21 18:00:00,0.5,,
Chennai Mylapore (DGPOffice),13.04138889,80.27916667,2022-06-21 23:00:00,2.0,,
Chennai Mylapore (DGPOffice),13.04138889,80.27916667,2022-06-22 00:00:00,19.5,,
Chennai Mylapore (DGPOffice),13.04138889,80.27916667,2022-06-22 01:00:00,7.5,29.0,
Chennai Mylapore (DGPOffice),13.04138889,80.27916667,2022-06-29 23:00:00,0.5,,
Chennai Mylapore (DGPOffice),13.04138889,80.27916667,2022-07-04 00:00:00,1.5,,
Chennai Mylapore (DGPOffice),13.04138889,80.27916667,2022-07-04 01:00:00,0.5,,
Chennai Mylapore (DGPOffice),13.04138889,80.27916667,2022-07-04 02:00:00,0.5,2.5,
Chennai Mylapore (DGPOffice),13.04138889,80.27916667,2022-07-04 03:00:00,0.5,1.5,
Chennai Mylapore (DGPOffice),13.04138889,80.27916667,2022-07-05 19:00:00,0.5,,
Chennai Mylapore (DGPOffice),13.04138889,80.27916667,2022-07-08 03:00:00,0.5,,
Chennai Mylapore (DGPOffice),13.04138889,80.27916667,2022-08-03 11:00:00,0.5,,
Chennai Mylapore (DGPOffice),13.04138889,80.27916667,2022-10-05 14:00:00,0.5,,
Chennai Mylapore (DGPOffice),13.04138889,80.27916667,2022-10-07 15:00:00,0.5,,
Chennai Mylapore (DGPOffice),13.04138889,80.27916667,2022-10-08 22:00:00,3.5,,
Chennai Mylapore (DGPOffice),13.04138889,80.27916667,2022-10-09 06:00:00,0.5,,
Chennai Mylapore (DGPOffice),13.04138889,80.27916667,2022-10-10 01:00:00,5.5,,
Chennai Mylapore (DGPOffice),13.04138889,80.27916667,2022-10-10 03:00:00,11.0,,
Chennai Mylapore (DGPOffice),13.04138889,80.27916667,2022-10-10 04:00:00,11.0,,
Chennai Mylapore (DGPOffice),13.04138889,80.27916667,2022-10-10 07:00:00,2.0,,
Chennai Mylapore (DGPOffice),13.04138889,80.27916667,2022-10-11 11:00:00,6.0,,
Chennai Mylapore (DGPOffice),13.04138889,80.27916667,2022-10-17 01:00:00,0.5,,
Chennai Mylapore (DGPOffice),13.04138889,80.27916667,2022-10-17 09:00:00,5.5,,
Chennai Mylapore (DGPOffice),13.04138889,80.27916667,2022-10-20 18:00:00,2.5,,
Chennai Mylapore (DGPOffice),13.04138889,80.27916667,2022-10-21 02:00:00,0.5,,
Chennai Mylapore (DGPOffice),13.04138889,80.27916667,2022-10-21 06:00:00,3.5,,
Chennai Mylapore (DGPOffice),13.04138889,80.27916667,2022-10-21 07:00:00,29.5,,
Chennai Mylapore (DGPOffice),13.04138889,80.27916667,2022-10-22 04:00:00,1.5,,
Chennai Mylapore (DGPOffice),13.04138889,80.27916667,2022-10-22 15:00:00,3.0,,
Chennai Mylapore (DGPOffice),13.04138889,80.27916667,2022-10-22 16:00:00,2.0,,
Chennai Mylapore (DGPOffice),13.04138889,80.27916667,2022-10-22 21:00:00,0.5,,
Chennai Mylapore (DGPOffice),13.04138889,80.27916667,2022-10-27 08:00:00,1.5,,
Chennai Mylapore (DGPOffice),13.04138889,80.27916667,2022-10-27 10:00:00,2.0,,
Chennai Mylapore (DGPOffice),13.04138889,80.27916667,2022-10-27 11:00:00,2.0,,
Chennai Mylapore (DGPOffice),13.04138889,80.27916667,2022-10-27 13:00:00,0.5,,
Chennai Mylapore (DGPOffice),13.04138889,80.27916667,2022-10-27 19:00:00,1.0,,
Chennai Mylapore (DGPOffice),13.04138889,80.27916667,2022-10-28 01:00:00,0.5,,
Chennai Mylapore (DGPOffice),13.04138889,80.27916667,2022-10-31 01:00:00,1.5,,
Chennai Mylapore (DGPOffice),13.04138889,80.27916667,2022-11-01 13:00:00,2.0,,
Chennai Mylapore (DGPOffice),13.04138889,80.27916667,2022-11-01 14:00:00,24.5,,
Chennai Mylapore (DGPOffice),13.04138889,80.27916667,2022-11-01 15:00:00,4.0,30.5,
Chennai Mylapore (DGPOffice),13.04138889,80.27916667,2022-11-01 20:00:00,2.5,,
Chennai Mylapore (DGPOffice),13.04138889,80.27916667,2022-11-01 21:00:00,52.0,,
Chennai Mylapore (DGPOffice),13.04138889,80.27916667,2022-11-01 22:00:00,113.5,168.0,
Chennai Mylapore (DGPOffice),13.04138889,80.27916667,2022-11-01 23:00:00,88.5,254.0,
Chennai Mylapore (DGPOffice),13.04138889,80.27916667,2022-11-02 01:00:00,32.0,,
Chennai Mylapore (DGPOffice),13.04138889,80.27916667,2022-11-02 02:00:00,119.5,,
Chennai Mylapore (DGPOffice),13.04138889,80.27916667,2022-11-02 04:00:00,184.5,,
Chennai Mylapore (DGPOffice),13.04138889,80.27916667,2022-11-02 05:00:00,769.5,,
Chennai Mylapore (DGPOffice),13.04138889,80.27916667,2022-11-02 06:00:00,1412.5,2366.5,
Chennai Mylapore (DGPOffice),13.04138889,80.27916667,2022-11-02 07:00:00,135.5,2317.5,
Chennai Mylapore (DGPOffice),13.04138889,80.27916667,2022-11-02 08:00:00,79.5,1627.5,
Chennai Mylapore (DGPOffice),13.04138889,80.27916667,2022-11-02 09:00:00,170.5,385.5,2752.0
Chennai Mylapore (DGPOffice),13.04138889,80.27916667,2022-11-02 10:00:00,4.0,254.0,2571.5
Chennai Mylapore (DGPOffice),13.04138889,80.27916667,2022-11-02 11:00:00,0.5,175.0,1802.5
Chennai Mylapore (DGPOffice),13.04138889,80.27916667,2022-11-02 12:00:00,3.0,7.5,393.0
Chennai Mylapore (DGPOffice),13.04138889,80.27916667,2022-11-02 18:00:00,6.0,,
Chennai Mylapore (DGPOffice),13.04138889,80.27916667,2022-11-02 23:00:00,2.0,,
Chennai Mylapore (DGPOffice),13.04138889,80.27916667,2022-11-03 17:00:00,9.0,,
Chennai Mylapore (DGPOffice),13.04138889,80.27916667,2022-11-03 18:00:00,8.5,,
Chennai Mylapore (DGPOffice),13.04138889,80.27916667,2022-11-03 19:00:00,5.0,22.5,
Chennai Mylapore (DGPOffice),13.04138889,80.27916667,2022-11-03 20:00:00,1.5,15.0,
Chennai Mylapore (DGPOffice),13.04138889,80.27916667,2022-11-03 21:00:00,11.0,17.5,
Chennai Mylapore (DGPOffice),13.04138889,80.27916667,2022-11-03 22:00:00,10.0,22.5,45.0
Chennai Mylapore (DGPOffice),13.04138889,80.27916667,2022-11-03 23:00:00,3.5,24.5,39.5
Chennai Mylapore (DGPOffice),13.04138889,80.27916667,2022-11-04 00:00:00,2.0,15.5,33.0
Chennai Mylapore (DGPOffice),13.04138889,80.27916667,2022-11-04 01:00:00,0.5,6.0,28.5
Chennai Mylapore (DGPOffice),13.04138889,80.27916667,2022-11-04 03:00:00,2.0,,
Chennai Mylapore (DGPOffice),13.04138889,80.27916667,2022-11-04 19:00:00,1.0,,
Chennai Mylapore (DGPOffice),13.04138889,80.27916667,2022-11-05 20:00:00,0.5,,
Chennai Mylapore (DGPOffice),13.04138889,80.27916667,2022-11-05 21:00:00,3.0,,
Chennai Mylapore (DGPOffice),13.04138889,80.27916667,2022-11-10 06:00:00,2.5,,
Chennai Mylapore (DGPOffice),13.04138889,80.27916667,2022-11-10 08:00:00,4.5,,
Chennai Mylapore (DGPOffice),13.04138889,80.27916667,2022-11-10 18:00:00,2.0,,
Chennai Mylapore (DGPOffice),13.04138889,80.27916667,2022-11-10 19:00:00,6.5,,
Chennai Mylapore (DGPOffice),13.04138889,80.27916667,2022-11-11 00:00:00,0.5,,
Chennai Mylapore (DGPOffice),13.04138889,80.27916667,2022-11-11 01:00:00,9.5,,
Chennai Mylapore (DGPOffice),13.04138889,80.27916667,2022-11-11 02:00:00,7.5,17.5,
Chennai Mylapore (DGPOffice),13.04138889,80.27916667,2022-11-11 05:00:00,1.0,,
Chennai Mylapore (DGPOffice),13.04138889,80.27916667,2022-11-11 06:00:00,1.0,,
Chennai Mylapore (DGPOffice),13.04138889,80.27916667,2022-11-11 07:00:00,7.5,9.5,
Chennai Mylapore (DGPOffice),13.04138889,80.27916667,2022-11-11 10:00:00,3.0,,
Chennai Mylapore (DGPOffice),13.04138889,80.27916667,2022-11-11 12:00:00,0.5,,
Chennai Mylapore (DGPOffice),13.04138889,80.27916667,2022-11-11 14:00:00,0.5,,
Chennai Mylapore (DGPOffice),13.04138889,80.27916667,2022-11-11 18:00:00,0.5,,
Chennai Mylapore (DGPOffice),13.04138889,80.27916667,2022-11-11 22:00:00,0.5,,
Chennai Mylapore (DGPOffice),13.04138889,80.27916667,2022-11-12 05:00:00,1.0,,
Chennai Mylapore (DGPOffice),13.04138889,80.27916667,2022-11-12 06:00:00,8.5,,
Chennai Mylapore (DGPOffice),13.04138889,80.27916667,2022-11-12 07:00:00,0.5,10.0,
Chennai Mylapore (DGPOffice),13.04138889,80.27916667,2022-11-12 21:00:00,0.5,,
Chennai Mylapore (DGPOffice),13.04138889,80.27916667,2022-11-13 03:00:00,0.5,,
Chennai Mylapore (DGPOffice),13.04138889,80.27916667,2022-11-13 04:00:00,1.5,,
Chennai Mylapore (DGPOffice),13.04138889,80.27916667,2022-11-13 05:00:00,10.0,12.0,
Chennai Mylapore (DGPOffice),13.04138889,80.27916667,2022-11-13 06:00:00,0.5,12.0,
Chennai Mylapore (DGPOffice),13.04138889,80.27916667,2022-11-13 07:00:00,5.0,15.5,
Chennai Mylapore (DGPOffice),13.04138889,80.27916667,2022-11-13 16:00:00,0.5,,
Chennai Mylapore (DGPOffice),13.04138889,80.27916667,2022-11-14 14:00:00,3.5,,
Chennai Mylapore (DGPOffice),13.04138889,80.27916667,2022-11-14 20:00:00,1.5,,
Chennai Mylapore (DGPOffice),13.04138889,80.27916667,2022-11-14 21:00:00,14.5,,
Chennai Mylapore (DGPOffice),13.04138889,80.27916667,2022-11-15 05:00:00,0.5,,
Chennai Mylapore (DGPOffice),13.04138889,80.27916667,2022-11-16 17:00:00,4.5,,
Chennai Mylapore (DGPOffice),13.04138889,80.27916667,2022-11-21 21:00:00,1.0,,
Chennai Mylapore (DGPOffice),13.04138889,80.27916667,2022-11-21 22:00:00,0.5,,
Chennai Mylapore (DGPOffice),13.04138889,80.27916667,2022-11-21 23:00:00,0.5,2.0,
Chennai Mylapore (DGPOffice),13.04138889,80.27916667,2022-11-22 00:00:00,1.5,2.5,
Chennai Mylapore (DGPOffice),13.04138889,80.27916667,2022-11-22 11:00:00,0.5,,
Chennai Mylapore (DGPOffice),13.04138889,80.27916667,2022-11-23 00:00:00,16.5,,
Chennai Mylapore (DGPOffice),13.04138889,80.27916667,2022-11-23 01:00:00,4.0,,
Chennai Mylapore (DGPOffice),13.04138889,80.27916667,2022-11-24 07:00:00,4.0,,
Chennai Mylapore (DGPOffice),13.04138889,80.27916667,2022-12-01 02:00:00,1.0,,
Chennai Mylapore (DGPOffice),13.04138889,80.27916667,2022-12-04 04:00:00,0.5,,
Chennai Mylapore (DGPOffice),13.04138889,80.27916667,2022-12-08 10:00:00,0.5,,
Chennai Mylapore (DGPOffice),13.04138889,80.27916667,2022-12-08 11:00:00,0.5,,
Chennai Mylapore (DGPOffice),13.04138889,80.27916667,2022-12-08 19:00:00,2.0,,
Chennai Mylapore (DGPOffice),13.04138889,80.27916667,2022-12-08 20:00:00,1.0,,
Chennai Mylapore (DGPOffice),13.04138889,80.27916667,2022-12-08 21:00:00,3.0,6.0,
Chennai Mylapore (DGPOffice),13.04138889,80.27916667,2022-12-08 22:00:00,4.5,8.5,
Chennai Mylapore (DGPOffice),13.04138889,80.27916667,2022-12-08 23:00:00,3.5,11.0,
Chennai Mylapore (DGPOffice),13.04138889,80.27916667,2022-12-09 00:00:00,0.5,8.5,14.5
Chennai Mylapore (DGPOffice),13.04138889,80.27916667,2022-12-09 01:00:00,1.5,5.5,14.0
Chennai Mylapore (DGPOffice),13.04138889,80.27916667,2022-12-09 02:00:00,1.5,3.5,14.5
Chennai Mylapore (DGPOffice),13.04138889,80.27916667,2022-12-09 03:00:00,1.5,4.5,13.0
Chennai Mylapore (DGPOffice),13.04138889,80.27916667,2022-12-09 04:00:00,17.5,20.5,26.0
Chennai Mylapore (DGPOffice),13.04138889,80.27916667,2022-12-09 05:00:00,17.5,36.5,40.0
Chennai Mylapore (DGPOffice),13.04138889,80.27916667,2022-12-09 06:00:00,9.0,44.0,48.5
Chennai Mylapore (DGPOffice),13.04138889,80.27916667,2022-12-09 07:00:00,3.5,30.0,50.5
Chennai Mylapore (DGPOffice),13.04138889,80.27916667,2022-12-09 09:00:00,6.0,,
Chennai Mylapore (DGPOffice),13.04138889,80.27916667,2022-12-09 11:00:00,0.5,,
Chennai Mylapore (DGPOffice),13.04138889,80.27916667,2022-12-09 12:00:00,3.0,,
Chennai Mylapore (DGPOffice),13.04138889,80.27916667,2022-12-09 13:00:00,2.0,5.5,
Chennai Mylapore (DGPOffice),13.04138889,80.27916667,2022-12-09 14:00:00,2.5,7.5,
Chennai Mylapore (DGPOffice),13.04138889,80.27916667,2022-12-09 16:00:00,7.0,,
Chennai Mylapore (DGPOffice),13.04138889,80.27916667,2022-12-09 17:00:00,4.5,,
Chennai Mylapore (DGPOffice),13.04138889,80.27916667,2022-12-09 18:00:00,7.5,19.0,
Chennai Mylapore (DGPOffice),13.04138889,80.27916667,2022-12-09 19:00:00,14.0,26.0,
Chennai Mylapore (DGPOffice),13.04138889,80.27916667,2022-12-09 20:00:00,19.5,41.0,
Chennai Mylapore (DGPOffice),13.04138889,80.27916667,2022-12-09 21:00:00,8.0,41.5,60.5
Chennai Mylapore (DGPOffice),13.04138889,80.27916667,2022-12-09 22:00:00,3.5,31.0,57.0
Chennai Mylapore (DGPOffice),13.04138889,80.27916667,2022-12-09 23:00:00,7.5,19.0,60.0
Chennai Mylapore (DGPOffice),13.04138889,80.27916667,2022-12-10 00:00:00,1.0,12.0,53.5
Chennai Mylapore (DGPOffice),13.04138889,80.27916667,2022-12-10 01:00:00,0.5,9.0,40.0
Chennai Mylapore (DGPOffice),13.04138889,80.27916667,2022-12-10 05:00:00,0.5,,
Chennai Mylapore (DGPOffice),13.04138889,80.27916667,2022-12-10 06:00:00,0.5,,
Chennai Mylapore (DGPOffice),13.04138889,80.27916667,2022-12-10 07:00:00,0.5,1.5,
Chennai Mylapore (DGPOffice),13.04138889,80.27916667,2022-12-10 10:00:00,0.5,,
Chennai Mylapore (DGPOffice),13.04138889,80.27916667,2022-12-10 15:00:00,0.5,,
Chennai Mylapore (DGPOffice),13.04138889,80.27916667,2022-12-11 04:00:00,6.0,,
Chennai Mylapore (DGPOffice),13.04138889,80.27916667,2022-12-11 06:00:00,1.0,,
Chennai Mylapore (DGPOffice),13.04138889,80.27916667,2022-12-11 08:00:00,1.5,,
Chennai Mylapore (DGPOffice),13.04138889,80.27916667,2022-12-11 09:00:00,0.5,,
Chennai Mylapore (DGPOffice),13.04138889,80.27916667,2022-12-12 03:00:00,2.0,,
Chennai Mylapore (DGPOffice),13.04138889,80.27916667,2022-12-12 05:00:00,2.5,,
Chennai Mylapore (DGPOffice),13.04138889,80.27916667,2022-12-12 06:00:00,2.0,,
Chennai Mylapore (DGPOffice),13.04138889,80.27916667,2022-12-12 10:00:00,1.0,,
Chennai Mylapore (DGPOffice),13.04138889,80.27916667,2022-12-12 11:00:00,1.0,,
Chennai Mylapore (DGPOffice),13.04138889,80.27916667,2022-12-12 12:00:00,5.0,7.0,
Chennai Mylapore (DGPOffice),13.04138889,80.27916667,2022-12-12 13:00:00,3.5,9.5,
Chennai Mylapore (DGPOffice),13.04138889,80.27916667,2022-12-12 14:00:00,1.0,9.5,
Chennai Mylapore (DGPOffice),13.04138889,80.27916667,2022-12-12 15:00:00,4.5,9.0,16.0
Chennai Mylapore (DGPOffice),13.04138889,80.27916667,2022-12-12 16:00:00,1.0,6.5,16.0
Chennai Mylapore (DGPOffice),13.04138889,80.27916667,2022-12-24 21:00:00,7.0,,
Chennai Mylapore (DGPOffice),13.04138889,80.27916667,2022-12-24 22:00:00,2.5,,
Chennai Mylapore (DGPOffice),13.04138889,80.27916667,2022-12-25 02:00:00,2.0,,
Chennai Mylapore (DGPOffice),13.04138889,80.27916667,2022-12-25 03:00:00,1.0,,
Chennai Mylapore (DGPOffice),13.04138889,80.27916667,2022-12-25 04:00:00,6.0,9.0,
Chennai Mylapore (DGPOffice),13.04138889,80.27916667,2022-12-25 05:00:00,1.0,8.0,
Chennai Mylapore (DGPOffice),13.04138889,80.27916667,2022-12-25 06:00:00,0.5,7.5,
Chennai Mylapore (DGPOffice),13.04138889,80.27916667,2022-12-25 07:00:00,0.5,2.0,11.0
Chennai Mylapore (DGPOffice),13.04138889,80.27916667,2022-12-25 08:00:00,3.5,4.5,12.5
Chennai Mylapore (DGPOffice),13.04138889,80.27916667,2022-12-25 09:00:00,1.5,5.5,13.0
Chennai Mylapore (DGPOffice),13.04138889,80.27916667,2022-12-25 10:00:00,2.5,7.5,9.5
Chennai Mylapore (DGPOffice),13.04138889,80.27916667,2022-12-25 11:00:00,2.5,6.5,11.0
Chennai Mylapore (DGPOffice),13.04138889,80.27916667,2022-12-25 12:00:00,0.5,5.5,11.0
Chennai Mylapore (DGPOffice),13.04138889,80.27916667,2022-12-26 02:00:00,1.0,,
Chennai Mylapore (DGPOffice),13.04138889,80.27916667,2022-12-26 14:00:00,0.5,,
Chennai Mylapore (DGPOffice),13.04138889,80.27916667,2022-12-27 15:00:00,1.0,,
Chennai Mylapore (DGPOffice),13.04138889,80.27916667,2023-01-07 11:00:00,0.5,,
Chennai Mylapore (DGPOffice),13.04138889,80.27916667,2023-01-07 22:00:00,3.0,,
Chennai Mylapore (DGPOffice),13.04138889,80.27916667,2023-01-07 23:00:00,2.5,,
Chennai Mylapore (DGPOffice),13.04138889,80.27916667,2023-02-01 23:00:00,0.5,,
Chennai Mylapore (DGPOffice),13.04138889,80.27916667,2023-02-02 00:00:00,1.0,,
Chennai Mylapore (DGPOffice),13.04138889,80.27916667,2023-03-17 13:00:00,1.0,,
Chennai Mylapore (DGPOffice),13.04138889,80.27916667,2023-03-17 14:00:00,1.0,,
Chennai Mylapore (DGPOffice),13.04138889,80.27916667,2023-03-17 15:00:00,0.5,2.5,
Chennai Mylapore (DGPOffice),13.04138889,80.27916667,2023-03-17 16:00:00,0.5,2.0,
Chennai Mylapore (DGPOffice),13.04138889,80.27916667,2023-03-18 03:00:00,0.5,,
Chennai Mylapore (DGPOffice),13.04138889,80.27916667,2023-03-18 13:00:00,0.5,,
Chennai Mylapore (DGPOffice),13.04138889,80.27916667,2023-03-18 14:00:00,0.5,,
Chennai Mylapore (DGPOffice),13.04138889,80.27916667,2023-03-19 07:00:00,0.5,,
Chennai Mylapore (DGPOffice),13.04138889,80.27916667,2023-03-20 02:00:00,0.5,,
Chennai Mylapore (DGPOffice),13.04138889,80.27916667,2023-03-20 03:00:00,1.5,,
Chennai Mylapore (DGPOffice),13.04138889,80.27916667,2023-03-20 04:00:00,1.0,3.0,
Chennai Mylapore (DGPOffice),13.04138889,80.27916667,2023-03-20 05:00:00,1.0,3.5,
Chennai Mylapore (DGPOffice),13.04138889,80.27916667,2023-03-20 06:00:00,0.5,2.5,
Chennai Mylapore (DGPOffice),13.04138889,80.27916667,2023-03-20 07:00:00,1.0,2.5,5.5
Chennai Mylapore (DGPOffice),13.04138889,80.27916667,2023-03-20 08:00:00,0.5,2.0,5.5
Chennai Mylapore (DGPOffice),13.04138889,80.27916667,2023-03-20 09:00:00,0.5,2.0,4.5
Chennai Mylapore (DGPOffice),13.04138889,80.27916667,2023-03-20 10:00:00,0.5,1.5,4.0
Chennai Mylapore (DGPOffice),13.04138889,80.27916667,2023-03-20 11:00:00,0.5,1.5,3.5
Chennai Mylapore (DGPOffice),13.04138889,80.27916667,2023-03-20 12:00:00,0.5,1.5,3.5
Chennai Mylapore (DGPOffice),13.04138889,80.27916667,2023-03-20 13:00:00,0.5,1.5,3.0
Chennai Mylapore (DGPOffice),13.04138889,80.27916667,2023-03-20 14:00:00,0.5,1.5,3.0
Chennai Mylapore (DGPOffice),13.04138889,80.27916667,2023-03-20 15:00:00,0.5,1.5,3.0
Chennai Mylapore (DGPOffice),13.04138889,80.27916667,2023-03-20 17:00:00,0.5,,
Chennai Mylapore (DGPOffice),13.04138889,80.27916667,2023-03-20 19:00:00,0.5,,
Chennai Mylapore (DGPOffice),13.04138889,80.27916667,2023-03-20 21:00:00,0.5,,
Chennai Mylapore (DGPOffice),13.04138889,80.27916667,2023-03-21 00:00:00,0.5,,
Chennai Mylapore (DGPOffice),13.04138889,80.27916667,2023-03-21 03:00:00,0.5,,
Chennai Mylapore (DGPOffice),13.04138889,80.27916667,2023-03-21 08:00:00,0.5,,
Chennai Mylapore (DGPOffice),13.04138889,80.27916667,2023-03-21 12:00:00,0.5,,
Chennai Mylapore (DGPOffice),13.04138889,80.27916667,2023-03-21 17:00:00,0.5,,
Chennai Mylapore (DGPOffice),13.04138889,80.27916667,2023-03-22 00:00:00,0.5,,
Chennai Mylapore (DGPOffice),13.04138889,80.27916667,2023-03-22 09:00:00,0.5,,
Chennai Mylapore (DGPOffice),13.04138889,80.27916667,2023-03-22 19:00:00,0.5,,
Chennai Mylapore (DGPOffice),13.04138889,80.27916667,2023-03-23 08:00:00,0.5,,
Chennai Mylapore (DGPOffice),13.04138889,80.27916667,2023-04-23 22:00:00,0.5,,
Chennai Mylapore (DGPOffice),13.04138889,80.27916667,2023-05-01 07:00:00,1.0,,
Chennai Mylapore (DGPOffice),13.04138889,80.27916667,2023-05-01 08:00:00,1.0,,
Chennai Mylapore (DGPOffice),13.04138889,80.27916667,2023-05-01 09:00:00,0.5,2.5,
Chennai Mylapore (DGPOffice),13.04138889,80.27916667,2023-05-01 10:00:00,0.5,2.0,
Chennai Mylapore (DGPOffice),13.04138889,80.27916667,2023-05-01 11:00:00,0.5,1.5,
Chennai Mylapore (DGPOffice),13.04138889,80.27916667,2023-05-01 12:00:00,0.5,1.5,4.0
Chennai Mylapore (DGPOffice),13.04138889,80.27916667,2023-05-01 13:00:00,0.5,1.5,3.5
Chennai Mylapore (DGPOffice),13.04138889,80.27916667,2023-05-01 14:00:00,0.5,1.5,3.0
Chennai Mylapore (DGPOffice),13.04138889,80.27916667,2023-05-01 15:00:00,0.5,1.5,3.0
Chennai Mylapore (DGPOffice),13.04138889,80.27916667,2023-05-01 16:00:00,0.5,1.5,3.0
Chennai Mylapore (DGPOffice),13.04138889,80.27916667,2023-05-01 18:00:00,0.5,,
Chennai Mylapore (DGPOffice),13.04138889,80.27916667,2023-05-01 20:00:00,0.5,,
Chennai Mylapore (DGPOffice),13.04138889,80.27916667,2023-05-01 22:00:00,0.5,,
Chennai Mylapore (DGPOffice),13.04138889,80.27916667,2023-05-02 00:00:00,0.5,,
Chennai Mylapore (DGPOffice),13.04138889,80.27916667,2023-05-02 02:00:00,0.5,,
Chennai Mylapore (DGPOffice),13.04138889,80.27916667,2023-05-02 03:00:00,0.5,,
Chennai Mylapore (DGPOffice),13.04138889,80.27916667,2023-05-02 05:00:00,0.5,,
Chennai Mylapore (DGPOffice),13.04138889,80.27916667,2023-05-02 07:00:00,0.5,,
Chennai Mylapore (DGPOffice),13.04138889,80.27916667,2023-05-02 08:00:00,0.5,,
Chennai Mylapore (DGPOffice),13.04138889,80.27916667,2023-05-02 10:00:00,0.5,,
Chennai Mylapore (DGPOffice),13.04138889,80.27916667,2023-05-02 12:00:00,0.5,,
Chennai Mylapore (DGPOffice),13.04138889,80.27916667,2023-05-02 14:00:00,0.5,,
Chennai Mylapore (DGPOffice),13.04138889,80.27916667,2023-05-02 16:00:00,0.5,,
Chennai Mylapore (DGPOffice),13.04138889,80.27916667,2023-05-02 18:00:00,0.5,,
Chennai Mylapore (DGPOffice),13.04138889,80.27916667,2023-05-02 20:00:00,0.5,,
Chennai Mylapore (DGPOffice),13.04138889,80.27916667,2023-05-02 23:00:00,0.5,,
Chennai Mylapore (DGPOffice),13.04138889,80.27916667,2023-05-03 01:00:00,0.5,,
Chennai Mylapore (DGPOffice),13.04138889,80.27916667,2023-05-03 04:00:00,0.5,,
Chennai Mylapore (DGPOffice),13.04138889,80.27916667,2023-05-03 07:00:00,0.5,,
Chennai Mylapore (DGPOffice),13.04138889,80.27916667,2023-05-03 11:00:00,0.5,,
Chennai Mylapore (DGPOffice),13.04138889,80.27916667,2023-05-03 14:00:00,0.5,,
Chennai Mylapore (DGPOffice),13.04138889,80.27916667,2023-05-03 17:00:00,0.5,,
Chennai Mylapore (DGPOffice),13.04138889,80.27916667,2023-05-03 21:00:00,0.5,,
Chennai Mylapore (DGPOffice),13.04138889,80.27916667,2023-05-04 01:00:00,0.5,,
Chennai Mylapore (DGPOffice),13.04138889,80.27916667,2023-05-04 05:00:00,0.5,,
Chennai Mylapore (DGPOffice),13.04138889,80.27916667,2023-05-04 10:00:00,0.5,,
Chennai Mylapore (DGPOffice),13.04138889,80.27916667,2023-05-04 14:00:00,0.5,,
Chennai Mylapore (DGPOffice),13.04138889,80.27916667,2023-05-04 18:00:00,0.5,,
Chennai Mylapore (DGPOffice),13.04138889,80.27916667,2023-05-05 00:00:00,0.5,,
Chennai Mylapore (DGPOffice),13.04138889,80.27916667,2023-05-05 07:00:00,0.5,,
Chennai Mylapore (DGPOffice),13.04138889,80.27916667,2023-05-05 12:00:00,0.5,,
Chennai Mylapore (DGPOffice),13.04138889,80.27916667,2023-05-05 19:00:00,0.5,,
Chennai Mylapore (DGPOffice),13.04138889,80.27916667,2023-05-06 03:00:00,0.5,,
Chennai Mylapore (DGPOffice),13.04138889,80.27916667,2023-05-06 12:00:00,0.5,,
Chennai Mylapore (DGPOffice),13.04138889,80.27916667,2023-05-06 20:00:00,0.5,,
Chennai Mylapore (DGPOffice),13.04138889,80.27916667,2023-05-07 07:00:00,0.5,,
Chennai Mylapore (DGPOffice),13.04138889,80.27916667,2023-05-07 18:00:00,0.5,,
Chennai Mylapore (DGPOffice),13.04138889,80.27916667,2023-05-08 08:00:00,0.5,,
Chennai Mylapore (DGPOffice),13.04138889,80.27916667,2023-05-08 22:00:00,0.5,,
Chennai Mylapore (DGPOffice),13.04138889,80.27916667,2023-05-09 19:00:00,0.5,,
Chennai Mylapore (DGPOffice),13.04138889,80.27916667,2023-05-10 15:00:00,0.5,,
Chennai Mylapore (DGPOffice),13.04138889,80.27916667,2023-05-11 18:00:00,0.5,,
Chennai Mylapore (DGPOffice),13.04138889,80.27916667,2023-05-12 22:00:00,0.5,,
Chennai Mylapore (DGPOffice),13.04138889,80.27916667,2023-05-16 05:00:00,0.5,,
Chennai Mylapore (DGPOffice),13.04138889,80.27916667,2023-06-06 17:00:00,0.5,,
Chennai Mylapore (DGPOffice),13.04138889,80.27916667,2023-06-06 18:00:00,1.0,,
Chennai Mylapore (DGPOffice),13.04138889,80.27916667,2023-06-06 19:00:00,1.0,2.5,
Chennai Mylapore (DGPOffice),13.04138889,80.27916667,2023-06-06 20:00:00,0.5,2.5,
Chennai Mylapore (DGPOffice),13.04138889,80.27916667,2023-06-06 21:00:00,0.5,2.0,
Chennai Mylapore (DGPOffice),13.04138889,80.27916667,2023-06-11 21:00:00,1.0,,
Chennai Mylapore (DGPOffice),13.04138889,80.27916667,2023-06-11 22:00:00,1.0,,
Chennai Mylapore (DGPOffice),13.04138889,80.27916667,2023-06-11 23:00:00,1.0,3.0,
Chennai Mylapore (DGPOffice),13.04138889,80.27916667,2023-06-12 00:00:00,0.5,2.5,
Chennai Mylapore (DGPOffice),13.04138889,80.27916667,2023-06-13 00:00:00,0.5,,
Chennai Mylapore (DGPOffice),13.04138889,80.27916667,2023-06-18 13:00:00,0.5,,
Chennai Mylapore (DGPOffice),13.04138889,80.27916667,2023-06-18 14:00:00,0.5,,
Chennai Mylapore (DGPOffice),13.04138889,80.27916667,2023-06-18 15:00:00,0.5,1.5,
Chennai Mylapore (DGPOffice),13.04138889,80.27916667,2023-06-18 17:00:00,0.5,,
Chennai Mylapore (DGPOffice),13.04138889,80.27916667,2023-06-18 19:00:00,0.5,,
Chennai Mylapore (DGPOffice),13.04138889,80.27916667,2023-06-18 21:00:00,0.5,,
Chennai Mylapore (DGPOffice),13.04138889,80.27916667,2023-06-19 12:00:00,3.0,,
Chennai Mylapore (DGPOffice),13.04138889,80.27916667,2023-06-19 13:00:00,2.5,,
Chennai Mylapore (DGPOffice),13.04138889,80.27916667,2023-06-19 14:00:00,2.0,7.5,
Chennai Mylapore (DGPOffice),13.04138889,80.27916667,2023-06-19 15:00:00,2.0,6.5,
Chennai Mylapore (DGPOffice),13.04138889,80.27916667,2023-06-20 09:00:00,1.0,,
Chennai Mylapore (DGPOffice),13.04138889,80.27916667,2023-06-20 10:00:00,0.5,,
Chennai Mylapore (DGPOffice),13.04138889,80.27916667,2023-06-20 11:00:00,1.0,2.5,
Chennai Mylapore (DGPOffice),13.04138889,80.27916667,2023-06-20 12:00:00,0.5,2.0,
Chennai Mylapore (DGPOffice),13.04138889,80.27916667,2023-06-20 13:00:00,1.0,2.5,
Chennai Mylapore (DGPOffice),13.04138889,80.27916667,2023-06-20 14:00:00,1.0,2.5,5.0
Chennai Mylapore (DGPOffice),13.04138889,80.27916667,2023-06-20 15:00:00,1.0,3.0,5.0
Chennai Mylapore (DGPOffice),13.04138889,80.27916667,2023-06-20 16:00:00,1.0,3.0,5.5
Chennai Mylapore (DGPOffice),13.04138889,80.27916667,2023-06-20 17:00:00,0.5,2.5,5.0
Chennai Mylapore (DGPOffice),13.04138889,80.27916667,2023-06-20 18:00:00,1.0,2.5,5.5
Chennai Mylapore (DGPOffice),13.04138889,80.27916667,2023-06-20 19:00:00,0.5,2.0,5.0
Chennai Mylapore (DGPOffice),13.04138889,80.27916667,2023-06-20 20:00:00,1.0,2.5,5.0
Chennai Mylapore (DGPOffice),13.04138889,80.27916667,2023-06-20 21:00:00,0.5,2.0,4.5
Chennai Mylapore (DGPOffice),13.04138889,80.27916667,2023-06-20 22:00:00,1.0,2.5,4.5
Chennai Mylapore (DGPOffice),13.04138889,80.27916667,2023-06-20 23:00:00,0.5,2.0,4.5
Chennai Mylapore (DGPOffice),13.04138889,80.27916667,2023-06-21 00:00:00,1.0,2.5,4.5
Chennai Mylapore (DGPOffice),13.04138889,80.27916667,2023-06-21 09:00:00,0.5,,
Chennai Mylapore (DGPOffice),13.04138889,80.27916667,2023-06-21 10:00:00,1.0,,
Chennai Mylapore (DGPOffice),13.04138889,80.27916667,2023-06-21 11:00:00,0.5,2.0,
Chennai Mylapore (DGPOffice),13.04138889,80.27916667,2023-06-21 12:00:00,0.5,2.0,
Chennai Mylapore (DGPOffice),13.04138889,80.27916667,2023-06-21 13:00:00,0.5,1.5,
Chennai Mylapore (DGPOffice),13.04138889,80.27916667,2023-06-21 14:00:00,1.0,2.0,4.0
Chennai Mylapore (DGPOffice),13.04138889,80.27916667,2023-06-21 15:00:00,0.5,2.0,4.0
Chennai Mylapore (DGPOffice),13.04138889,80.27916667,2023-06-21 16:00:00,0.5,2.0,3.5
Chennai Mylapore (DGPOffice),13.04138889,80.27916667,2023-06-21 17:00:00,0.5,1.5,3.5
Chennai Mylapore (DGPOffice),13.04138889,80.27916667,2023-06-21 18:00:00,1.0,2.0,4.0
Chennai Mylapore (DGPOffice),13.04138889,80.27916667,2023-06-21 19:00:00,0.5,2.0,4.0
Chennai Mylapore (DGPOffice),13.04138889,80.27916667,2023-06-21 20:00:00,0.5,2.0,3.5
Chennai Mylapore (DGPOffice),13.04138889,80.27916667,2023-06-21 21:00:00,0.5,1.5,3.5
Chennai Mylapore (DGPOffice),13.04138889,80.27916667,2023-06-21 22:00:00,0.5,1.5,3.5
Chennai Mylapore (DGPOffice),13.04138889,80.27916667,2023-06-21 23:00:00,0.5,1.5,3.5
Chennai Mylapore (DGPOffice),13.04138889,80.27916667,2023-06-22 00:00:00,0.5,1.5,3.0
Chennai Mylapore (DGPOffice),13.04138889,80.27916667,2023-06-22 01:00:00,0.5,1.5,3.0
Chennai Mylapore (DGPOffice),13.04138889,80.27916667,2023-06-22 02:00:00,0.5,1.5,3.0
Chennai Mylapore (DGPOffice),13.04138889,80.27916667,2023-06-22 04:00:00,0.5,,
Chennai Mylapore (DGPOffice),13.04138889,80.27916667,2023-06-22 09:00:00,0.5,,
Chennai Mylapore (DGPOffice),13.04138889,80.27916667,2023-06-22 11:00:00,0.5,,
Chennai Mylapore (DGPOffice),13.04138889,80.27916667,2023-06-22 12:00:00,0.5,,
Chennai Mylapore (DGPOffice),13.04138889,80.27916667,2023-06-22 13:00:00,0.5,1.5,
Chennai Mylapore (DGPOffice),13.04138889,80.27916667,2023-06-22 14:00:00,0.5,1.5,
Chennai Mylapore (DGPOffice),13.04138889,80.27916667,2023-06-22 15:00:00,0.5,1.5,
Chennai Mylapore (DGPOffice),13.04138889,80.27916667,2023-06-22 16:00:00,0.5,1.5,3.0
Chennai Mylapore (DGPOffice),13.04138889,80.27916667,2023-06-22 17:00:00,0.5,1.5,3.0
Chennai Mylapore (DGPOffice),13.04138889,80.27916667,2023-06-22 19:00:00,0.5,,
Chennai Mylapore (DGPOffice),13.04138889,80.27916667,2023-06-22 20:00:00,0.5,,
Chennai Mylapore (DGPOffice),13.04138889,80.27916667,2023-06-22 21:00:00,0.5,1.5,
Chennai Mylapore (DGPOffice),13.04138889,80.27916667,2023-06-23 11:00:00,0.5,,
Chennai Mylapore (DGPOffice),13.04138889,80.27916667,2023-06-23 13:00:00,0.5,,
Chennai Mylapore (DGPOffice),13.04138889,80.27916667,2023-06-23 15:00:00,0.5,,
Chennai Mylapore (DGPOffice),13.04138889,80.27916667,2023-06-23 17:00:00,0.5,,
Chennai Mylapore (DGPOffice),13.04138889,80.27916667,2023-06-23 20:00:00,0.5,,
Chennai Mylapore (DGPOffice),13.04138889,80.27916667,2023-06-24 10:00:00,0.5,,
Chennai Mylapore (DGPOffice),13.04138889,80.27916667,2023-06-24 20:00:00,0.5,,
Chennai Mylapore (DGPOffice),13.04138889,80.27916667,2023-06-25 14:00:00,0.5,,
Chennai Mylapore (DGPOffice),13.04138889,80.27916667,2023-06-26 09:00:00,0.5,,
Chennai Mylapore (DGPOffice),13.04138889,80.27916667,2023-06-26 15:00:00,0.5,,
Chennai Mylapore (DGPOffice),13.04138889,80.27916667,2023-06-26 16:00:00,0.5,,
Chennai Mylapore (DGPOffice),13.04138889,80.27916667,2023-06-26 17:00:00,0.5,1.5,
Chennai Mylapore (DGPOffice),13.04138889,80.27916667,2023-06-26 19:00:00,0.5,,
Chennai Mylapore (DGPOffice),13.04138889,80.27916667,2023-06-26 20:00:00,0.5,,
Chennai Mylapore (DGPOffice),13.04138889,80.27916667,2023-06-27 00:00:00,0.5,,
Chennai Mylapore (DGPOffice),13.04138889,80.27916667,2023-06-27 14:00:00,0.5,,
Chennai Mylapore (DGPOffice),13.04138889,80.27916667,2023-06-27 17:00:00,0.5,,
Chennai Mylapore (DGPOffice),13.04138889,80.27916667,2023-06-27 20:00:00,0.5,,
Chennai Mylapore (DGPOffice),13.04138889,80.27916667,2023-06-28 11:00:00,0.5,,
Chennai Mylapore (DGPOffice),13.04138889,80.27916667,2023-06-29 22:00:00,0.5,,
Chennai Mylapore (DGPOffice),13.04138889,80.27916667,2023-07-03 03:00:00,1.0,,
Chennai Mylapore (DGPOffice),13.04138889,80.27916667,2023-07-03 04:00:00,0.5,,
Chennai Mylapore (DGPOffice),13.04138889,80.27916667,2023-07-03 05:00:00,0.5,2.0,
Chennai Mylapore (DGPOffice),13.04138889,80.27916667,2023-07-03 06:00:00,0.5,1.5,
Chennai Mylapore (DGPOffice),13.04138889,80.27916667,2023-07-03 09:00:00,0.5,,
Chennai Mylapore (DGPOffice),13.04138889,80.27916667,2023-07-03 13:00:00,0.5,,
Chennai Mylapore (DGPOffice),13.04138889,80.27916667,2023-07-09 18:00:00,2.0,,
Chennai Mylapore (DGPOffice),13.04138889,80.27916667,2023-07-09 19:00:00,2.5,,
Chennai Mylapore (DGPOffice),13.04138889,80.27916667,2023-07-09 20:00:00,1.5,6.0,
Chennai Mylapore (DGPOffice),13.04138889,80.27916667,2023-07-09 22:00:00,0.5,,
Chennai Mylapore (DGPOffice),13.04138889,80.27916667,2023-07-09 23:00:00,2.0,,
Chennai Mylapore (DGPOffice),13.04138889,80.27916667,2023-07-10 00:00:00,1.5,4.0,
Chennai Mylapore (DGPOffice),13.04138889,80.27916667,2023-07-10 03:00:00,0.5,,
Chennai Mylapore (DGPOffice),13.04138889,80.27916667,2023-07-13 01:00:00,0.5,,
Chennai Mylapore (DGPOffice),13.04138889,80.27916667,2023-07-13 02:00:00,0.5,,
Chennai Mylapore (DGPOffice),13.04138889,80.27916667,2023-07-13 03:00:00,1.0,2.0,
Chennai Mylapore (DGPOffice),13.04138889,80.27916667,2023-07-13 04:00:00,2.0,3.5,
Chennai Mylapore (DGPOffice),13.04138889,80.27916667,2023-07-13 05:00:00,3.0,6.0,
Chennai Mylapore (DGPOffice),13.04138889,80.27916667,2023-07-13 06:00:00,2.0,7.0,9.0
Chennai Mylapore (DGPOffice),13.04138889,80.27916667,2023-07-13 23:00:00,7.0,,
Chennai Mylapore (DGPOffice),13.04138889,80.27916667,2023-07-14 00:00:00,2.0,,
Chennai Mylapore (DGPOffice),13.04138889,80.27916667,2023-07-22 21:00:00,4.0,,
Chennai Mylapore (DGPOffice),13.04138889,80.27916667,2023-07-22 22:00:00,2.5,,
Chennai Mylapore (DGPOffice),13.04138889,80.27916667,2023-07-22 23:00:00,0.5,7.0,
Chennai Mylapore (DGPOffice),13.04138889,80.27916667,2023-07-23 12:00:00,0.5,,
Chennai Mylapore (DGPOffice),13.04138889,80.27916667,2023-07-23 16:00:00,0.5,,
Chennai Mylapore (DGPOffice),13.04138889,80.27916667,2023-07-24 19:00:00,19.0,,
Chennai Mylapore (DGPOffice),13.04138889,80.27916667,2023-07-24 20:00:00,1.0,,
Chennai Mylapore (DGPOffice),13.04138889,80.27916667,2023-07-24 21:00:00,5.0,25.0,
Chennai Mylapore (DGPOffice),13.04138889,80.27916667,2023-07-24 22:00:00,2.0,8.0,
Chennai Mylapore (DGPOffice),13.04138889,80.27916667,2023-07-25 10:00:00,0.5,,
Chennai Mylapore (DGPOffice),13.04138889,80.27916667,2023-07-25 14:00:00,2.5,,
Chennai Mylapore (DGPOffice),13.04138889,80.27916667,2023-07-25 15:00:00,0.5,,
Chennai Mylapore (DGPOffice),13.04138889,80.27916667,2023-07-25 17:00:00,0.5,,
Chennai Mylapore (DGPOffice),13.04138889,80.27916667,2023-07-25 19:00:00,0.5,,
Chennai Mylapore (DGPOffice),13.04138889,80.27916667,2023-07-26 05:00:00,0.5,,
Chennai Mylapore (DGPOffice),13.04138889,80.27916667,2023-07-26 07:00:00,0.5,,
Chennai Mylapore (DGPOffice),13.04138889,80.27916667,2023-08-10 16:00:00,7.0,,
Chennai Mylapore (DGPOffice),13.04138889,80.27916667,2023-08-10 17:00:00,2.5,,
Chennai Mylapore (DGPOffice),13.04138889,80.27916667,2023-08-10 18:00:00,0.5,10.0,
Chennai Mylapore (DGPOffice),13.04138889,80.27916667,2023-08-12 14:00:00,0.5,,
Chennai Mylapore (DGPOffice),13.04138889,80.27916667,2023-08-12 15:00:00,2.0,,
Chennai Mylapore (DGPOffice),13.04138889,80.27916667,2023-08-12 17:00:00,0.5,,
Chennai Mylapore (DGPOffice),13.04138889,80.27916667,2023-08-13 06:00:00,0.5,,
Chennai Mylapore (DGPOffice),13.04138889,80.27916667,2023-08-14 00:00:00,9.0,,
Chennai Mylapore (DGPOffice),13.04138889,80.27916667,2023-08-14 01:00:00,52.5,,
Chennai Mylapore (DGPOffice),13.04138889,80.27916667,2023-08-14 02:00:00,2.0,63.5,
Chennai Mylapore (DGPOffice),13.04138889,80.27916667,2023-08-14 03:00:00,6.5,61.0,
Chennai Mylapore (DGPOffice),13.04138889,80.27916667,2023-08-14 04:00:00,4.0,12.5,
Chennai Mylapore (DGPOffice),13.04138889,80.27916667,2023-08-14 05:00:00,8.0,18.5,82.0
Chennai Mylapore (DGPOffice),13.04138889,80.27916667,2023-08-14 06:00:00,0.5,12.5,73.5
Chennai Mylapore (DGPOffice),13.04138889,80.27916667,2023-08-14 17:00:00,0.5,,
Chennai Mylapore (DGPOffice),13.04138889,80.27916667,2023-08-14 19:00:00,0.5,,
Chennai Mylapore (DGPOffice),13.04138889,80.27916667,2023-08-14 23:00:00,4.5,,
Chennai Mylapore (DGPOffice),13.04138889,80.27916667,2023-08-16 03:00:00,1.0,,
Chennai Mylapore (DGPOffice),13.04138889,80.27916667,2023-08-16 23:00:00,0.5,,
Chennai Mylapore (DGPOffice),13.04138889,80.27916667,2023-08-17 19:00:00,1.5,,
Chennai Mylapore (DGPOffice),13.04138889,80.27916667,2023-08-17 21:00:00,0.5,,
Chennai Mylapore (DGPOffice),13.04138889,80.27916667,2023-08-17 22:00:00,1.5,,
Chennai Mylapore (DGPOffice),13.04138889,80.27916667,2023-08-17 23:00:00,36.0,38.0,
Chennai Mylapore (DGPOffice),13.04138889,80.27916667,2023-08-18 00:00:00,4.0,41.5,
Chennai Mylapore (DGPOffice),13.04138889,80.27916667,2023-08-18 01:00:00,7.0,47.0,
Chennai Mylapore (DGPOffice),13.04138889,80.27916667,2023-08-18 04:00:00,0.5,,
Chennai Mylapore (DGPOffice),13.04138889,80.27916667,2023-08-19 20:00:00,1.0,,
Chennai Mylapore (DGPOffice),13.04138889,80.27916667,2023-08-19 21:00:00,2.0,,
Chennai Mylapore (DGPOffice),13.04138889,80.27916667,2023-08-22 08:00:00,3.5,,
Chennai Mylapore (DGPOffice),13.04138889,80.27916667,2023-08-22 09:00:00,0.5,,
Chennai Mylapore (DGPOffice),13.04138889,80.27916667,2023-08-23 02:00:00,1.5,,
Chennai Mylapore (DGPOffice),13.04138889,80.27916667,2023-08-23 03:00:00,0.5,,
Chennai Mylapore (DGPOffice),13.04138889,80.27916667,2023-08-23 06:00:00,0.5,,
Chennai Mylapore (DGPOffice),13.04138889,80.27916667,2023-08-23 07:00:00,0.5,,
Chennai Mylapore (DGPOffice),13.04138889,80.27916667,2023-08-24 01:00:00,11.5,,
Chennai Mylapore (DGPOffice),13.04138889,80.27916667,2023-08-24 02:00:00,21.0,,
Chennai Mylapore (DGPOffice),13.04138889,80.27916667,2023-08-24 03:00:00,1.5,34.0,
Chennai Mylapore (DGPOffice),13.04138889,80.27916667,2023-08-24 04:00:00,2.5,25.0,
Chennai Mylapore (DGPOffice),13.04138889,80.27916667,2023-08-24 05:00:00,4.0,8.0,
Chennai Mylapore (DGPOffice),13.04138889,80.27916667,2023-08-24 06:00:00,0.5,7.0,41.0
Chennai Mylapore (DGPOffice),13.04138889,80.27916667,2023-08-27 04:00:00,29.5,,
Chennai Mylapore (DGPOffice),13.04138889,80.27916667,2023-08-27 05:00:00,0.5,,
Chennai Mylapore (DGPOffice),13.04138889,80.27916667,2023-08-29 04:00:00,2.0,,
Chennai Mylapore (DGPOffice),13.04138889,80.27916667,2023-08-29 05:00:00,36.5,,
Chennai Mylapore (DGPOffice),13.04138889,80.27916667,2023-08-29 06:00:00,1.0,39.5,
Chennai Mylapore (DGPOffice),13.04138889,80.27916667,2023-08-29 07:00:00,1.5,39.0,
Chennai Mylapore (DGPOffice),13.04138889,80.27916667,2023-09-02 19:00:00,1.0,,
Chennai Mylapore (DGPOffice),13.04138889,80.27916667,2023-09-03 17:00:00,29.0,,
Chennai Mylapore (DGPOffice),13.04138889,80.27916667,2023-09-03 18:00:00,2.0,,
Chennai Mylapore (DGPOffice),13.04138889,80.27916667,2023-09-03 21:00:00,1.0,,
Chennai Mylapore (DGPOffice),13.04138889,80.27916667,2023-09-04 02:00:00,0.5,,
Chennai Mylapore (DGPOffice),13.04138889,80.27916667,2023-09-07 20:00:00,0.5,,
Chennai Mylapore (DGPOffice),13.04138889,80.27916667,2023-09-07 21:00:00,9.5,,
Chennai Mylapore (DGPOffice),13.04138889,80.27916667,2023-09-07 22:00:00,3.0,13.0,
Chennai Mylapore (DGPOffice),13.04138889,80.27916667,2023-09-07 23:00:00,27.5,40.0,
Chennai Mylapore (DGPOffice),13.04138889,80.27916667,2023-09-08 00:00:00,1.5,32.0,
Chennai Mylapore (DGPOffice),13.04138889,80.27916667,2023-09-13 22:00:00,4.5,,
Chennai Mylapore (DGPOffice),13.04138889,80.27916667,2023-09-13 23:00:00,0.5,,
Chennai Mylapore (DGPOffice),13.04138889,80.27916667,2023-09-14 21:00:00,1.0,,
Chennai Mylapore (DGPOffice),13.04138889,80.27916667,2023-09-16 16:00:00,11.0,,
Chennai Mylapore (DGPOffice),13.04138889,80.27916667,2023-09-16 17:00:00,2.5,,
Chennai Mylapore (DGPOffice),13.04138889,80.27916667,2023-09-16 19:00:00,0.5,,
Chennai Mylapore (DGPOffice),13.04138889,80.27916667,2023-09-16 22:00:00,22.5,,
Chennai Mylapore (DGPOffice),13.04138889,80.27916667,2023-09-16 23:00:00,2.5,,
Chennai Mylapore (DGPOffice),13.04138889,80.27916667,2023-09-17 00:00:00,2.0,27.0,
Chennai Mylapore (DGPOffice),13.04138889,80.27916667,2023-09-17 01:00:00,3.0,7.5,
Chennai Mylapore (DGPOffice),13.04138889,80.27916667,2023-09-17 02:00:00,1.0,6.0,
Chennai Mylapore (DGPOffice),13.04138889,80.27916667,2023-09-17 03:00:00,0.5,4.5,31.5
Chennai Mylapore (DGPOffice),13.04138889,80.27916667,2023-09-18 18:00:00,1.0,,
Chennai Mylapore (DGPOffice),13.04138889,80.27916667,2023-09-19 01:00:00,5.0,,
Chennai Mylapore (DGPOffice),13.04138889,80.27916667,2023-09-19 02:00:00,3.0,,
Chennai Mylapore (DGPOffice),13.04138889,80.27916667,2023-09-19 03:00:00,1.0,9.0,
Chennai Mylapore (DGPOffice),13.04138889,80.27916667,2023-09-19 04:00:00,1.0,5.0,
Chennai Mylapore (DGPOffice),13.04138889,80.27916667,2023-09-21 07:00:00,5.0,,
Chennai Mylapore (DGPOffice),13.04138889,80.27916667,2023-09-21 08:00:00,4.0,,
Chennai Mylapore (DGPOffice),13.04138889,80.27916667,2023-09-21 09:00:00,2.0,11.0,
Chennai Mylapore (DGPOffice),13.04138889,80.27916667,2023-09-24 04:00:00,1.0,,
Chennai Mylapore (DGPOffice),13.04138889,80.27916667,2023-09-26 22:00:00,0.5,,
Chennai Mylapore (DGPOffice),13.04138889,80.27916667,2023-09-27 18:00:00,3.5,,
Chennai Mylapore (DGPOffice),13.04138889,80.27916667,2023-09-27 19:00:00,1.0,,
Chennai Mylapore (DGPOffice),13.04138889,80.27916667,2023-09-29 01:00:00,2.0,,
Chennai Mylapore (DGPOffice),13.04138889,80.27916667,2023-09-29 19:00:00,11.0,,
Chennai Mylapore (DGPOffice),13.04138889,80.27916667,2023-09-29 20:00:00,28.0,,
Chennai Mylapore (DGPOffice),13.04138889,80.27916667,2023-09-29 21:00:00,0.5,39.5,
Chennai Mylapore (DGPOffice),13.04138889,80.27916667,2023-09-29 23:00:00,1.0,,
Chennai Mylapore (DGPOffice),13.04138889,80.27916667,2023-09-30 00:00:00,0.5,,
Chennai Mylapore (DGPOffice),13.04138889,80.27916667,2023-09-30 06:00:00,0.5,,
Chennai Mylapore (DGPOffice),13.04138889,80.27916667,2023-10-05 03:00:00,3.0,,
Chennai Mylapore (DGPOffice),13.04138889,80.27916667,2023-10-05 04:00:00,1.0,,
Chennai Mylapore (DGPOffice),13.04138889,80.27916667,2023-10-14 08:00:00,3.0,,
Chennai Mylapore (DGPOffice),13.04138889,80.27916667,2023-10-14 09:00:00,0.5,,
Chennai Mylapore (DGPOffice),13.04138889,80.27916667,2023-10-15 04:00:00,26.0,,
Chennai Mylapore (DGPOffice),13.04138889,80.27916667,2023-10-15 05:00:00,4.0,,
Chennai Mylapore (DGPOffice),13.04138889,80.27916667,2023-10-15 06:00:00,2.5,32.5,
Chennai Mylapore (DGPOffice),13.04138889,80.27916667,2023-10-15 07:00:00,1.5,8.0,
Chennai Mylapore (DGPOffice),13.04138889,80.27916667,2023-10-21 05:00:00,3.5,,
Chennai Mylapore (DGPOffice),13.04138889,80.27916667,2023-10-22 07:00:00,0.5,,
Chennai Mylapore (DGPOffice),13.04138889,80.27916667,2023-10-28 23:00:00,0.5,,
Chennai Mylapore (DGPOffice),13.04138889,80.27916667,2023-10-29 00:00:00,0.5,,
Chennai Mylapore (DGPOffice),13.04138889,80.27916667,2023-10-29 05:00:00,1.0,,
Chennai Mylapore (DGPOffice),13.04138889,80.27916667,2023-10-29 23:00:00,3.0,,
Chennai Mylapore (DGPOffice),13.04138889,80.27916667,2023-10-30 00:00:00,7.5,,
Chennai Mylapore (DGPOffice),13.04138889,80.27916667,2023-10-30 01:00:00,3.5,14.0,
Chennai Mylapore (DGPOffice),13.04138889,80.27916667,2023-10-30 02:00:00,20.5,31.5,
Chennai Mylapore (DGPOffice),13.04138889,80.27916667,2023-10-30 03:00:00,7.5,31.5,
Chennai Mylapore (DGPOffice),13.04138889,80.27916667,2023-10-30 16:00:00,1.0,,
Chennai Mylapore (DGPOffice),13.04138889,80.27916667,2023-10-31 09:00:00,3.5,,
Chennai Mylapore (DGPOffice),13.04138889,80.27916667,2023-10-31 10:00:00,0.5,,
Chennai Mylapore (DGPOffice),13.04138889,80.27916667,2023-11-01 13:00:00,0.5,,
Chennai Mylapore (DGPOffice),13.04138889,80.27916667,2023-11-01 14:00:00,2.5,,
Chennai Mylapore (DGPOffice),13.04138889,80.27916667,2023-11-01 17:00:00,1.5,,
Chennai Mylapore (DGPOffice),13.04138889,80.27916667,2023-11-02 10:00:00,1.0,,
Chennai Mylapore (DGPOffice),13.04138889,80.27916667,2023-11-02 11:00:00,1.5,,
Chennai Mylapore (DGPOffice),13.04138889,80.27916667,2023-11-03 02:00:00,3.0,,
Chennai Mylapore (DGPOffice),13.04138889,80.27916667,2023-11-03 04:00:00,1.5,,
Chennai Mylapore (DGPOffice),13.04138889,80.27916667,2023-11-03 10:00:00,3.0,,
Chennai Mylapore (DGPOffice),13.04138889,80.27916667,2023-11-03 13:00:00,2.0,,
Chennai Mylapore (DGPOffice),13.04138889,80.27916667,2023-11-03 14:00:00,0.5,,
Chennai Mylapore (DGPOffice),13.04138889,80.27916667,2023-11-04 04:00:00,5.0,,
Chennai Mylapore (DGPOffice),13.04138889,80.27916667,2023-11-04 07:00:00,20.5,,
Chennai Mylapore (DGPOffice),13.04138889,80.27916667,2023-11-07 02:00:00,14.5,,
Chennai Mylapore (DGPOffice),13.04138889,80.27916667,2023-11-07 03:00:00,1.0,,
Chennai Mylapore (DGPOffice),13.04138889,80.27916667,2023-11-07 06:00:00,1.0,,
Chennai Mylapore (DGPOffice),13.04138889,80.27916667,2023-11-07 23:00:00,3.0,,
Chennai Mylapore (DGPOffice),13.04138889,80.27916667,2023-11-08 01:00:00,4.5,,
Chennai Mylapore (DGPOffice),13.04138889,80.27916667,2023-11-08 03:00:00,1.5,,
Chennai Mylapore (DGPOffice),13.04138889,80.27916667,2023-11-09 07:00:00,0.5,,
Chennai Mylapore (DGPOffice),13.04138889,80.27916667,2023-11-09 17:00:00,16.0,,
Chennai Mylapore (DGPOffice),13.04138889,80.27916667,2023-11-09 18:00:00,0.5,,
Chennai Mylapore (DGPOffice),13.04138889,80.27916667,2023-11-09 21:00:00,3.0,,
Chennai Mylapore (DGPOffice),13.04138889,80.27916667,2023-11-13 19:00:00,1.0,,
Chennai Mylapore (DGPOffice),13.04138889,80.27916667,2023-11-13 22:00:00,3.0,,
Chennai Mylapore (DGPOffice),13.04138889,80.27916667,2023-11-13 23:00:00,1.0,,
Chennai Mylapore (DGPOffice),13.04138889,80.27916667,2023-11-14 00:00:00,5.5,9.5,
Chennai Mylapore (DGPOffice),13.04138889,80.27916667,2023-11-14 01:00:00,1.5,8.0,
Chennai Mylapore (DGPOffice),13.04138889,80.27916667,2023-11-14 02:00:00,1.5,8.5,
Chennai Mylapore (DGPOffice),13.04138889,80.27916667,2023-11-14 03:00:00,2.5,5.5,15.0
Chennai Mylapore (DGPOffice),13.04138889,80.27916667,2023-11-14 10:00:00,1.0,,
Chennai Mylapore (DGPOffice),13.04138889,80.27916667,2023-11-14 11:00:00,4.5,,
Chennai Mylapore (DGPOffice),13.04138889,80.27916667,2023-11-14 12:00:00,2.0,7.5,
Chennai Mylapore (DGPOffice),13.04138889,80.27916667,2023-11-14 13:00:00,3.5,10.0,
Chennai Mylapore (DGPOffice),13.04138889,80.27916667,2023-11-14 14:00:00,14.0,19.5,
Chennai Mylapore (DGPOffice),13.04138889,80.27916667,2023-11-14 15:00:00,0.5,18.0,25.5
Chennai Mylapore (DGPOffice),13.04138889,80.27916667,2023-11-14 17:00:00,1.5,,
Chennai Mylapore (DGPOffice),13.04138889,80.27916667,2023-11-14 18:00:00,6.5,,
Chennai Mylapore (DGPOffice),13.04138889,80.27916667,2023-11-14 19:00:00,12.0,20.0,
Chennai Mylapore (DGPOffice),13.04138889,80.27916667,2023-11-14 20:00:00,5.0,23.5,
Chennai Mylapore (DGPOffice),13.04138889,80.27916667,2023-11-14 21:00:00,2.0,19.0,
Chennai Mylapore (DGPOffice),13.04138889,80.27916667,2023-11-14 22:00:00,5.5,12.5,32.5
Chennai Mylapore (DGPOffice),13.04138889,80.27916667,2023-11-14 23:00:00,7.0,14.5,38.0
Chennai Mylapore (DGPOffice),13.04138889,80.27916667,2023-11-15 00:00:00,2.5,15.0,34.0
Chennai Mylapore (DGPOffice),13.04138889,80.27916667,2023-11-15 02:00:00,1.5,,
Chennai Mylapore (DGPOffice),13.04138889,80.27916667,2023-11-15 03:00:00,3.0,,
Chennai Mylapore (DGPOffice),13.04138889,80.27916667,2023-11-15 08:00:00,7.5,,
Chennai Mylapore (DGPOffice),13.04138889,80.27916667,2023-11-15 09:00:00,0.5,,
Chennai Mylapore (DGPOffice),13.04138889,80.27916667,2023-11-15 11:00:00,0.5,,
Chennai Mylapore (DGPOffice),13.04138889,80.27916667,2023-11-15 12:00:00,1.5,,
Chennai Mylapore (DGPOffice),13.04138889,80.27916667,2023-11-15 14:00:00,3.5,,
Chennai Mylapore (DGPOffice),13.04138889,80.27916667,2023-11-15 15:00:00,0.5,,
Chennai Mylapore (DGPOffice),13.04138889,80.27916667,2023-11-15 19:00:00,1.5,,
Chennai Mylapore (DGPOffice),13.04138889,80.27916667,2023-11-15 20:00:00,4.5,,
Chennai Mylapore (DGPOffice),13.04138889,80.27916667,2023-11-15 21:00:00,0.5,6.5,
Chennai Mylapore (DGPOffice),13.04138889,80.27916667,2023-11-15 22:00:00,0.5,5.5,
Chennai Mylapore (DGPOffice),13.04138889,80.27916667,2023-11-17 13:00:00,1.5,,
Chennai Mylapore (DGPOffice),13.04138889,80.27916667,2023-11-20 12:00:00,4.0,,
Chennai Mylapore (DGPOffice),13.04138889,80.27916667,2023-11-20 13:00:00,3.0,,
Chennai Mylapore (DGPOffice),13.04138889,80.27916667,2023-11-20 14:00:00,0.5,7.5,
Chennai Mylapore (DGPOffice),13.04138889,80.27916667,2023-11-20 15:00:00,1.0,4.5,
Chennai Mylapore (DGPOffice),13.04138889,80.27916667,2023-11-20 17:00:00,1.0,,
Chennai Mylapore (DGPOffice),13.04138889,80.27916667,2023-11-20 18:00:00,1.0,,
Chennai Mylapore (DGPOffice),13.04138889,80.27916667,2023-11-20 19:00:00,0.5,2.5,
Chennai Mylapore (DGPOffice),13.04138889,80.27916667,2023-11-20 20:00:00,5.0,6.5,
Chennai Mylapore (DGPOffice),13.04138889,80.27916667,2023-11-20 21:00:00,0.5,6.0,
Chennai Mylapore (DGPOffice),13.04138889,80.27916667,2023-11-21 01:00:00,31.0,,
Chennai Mylapore (DGPOffice),13.04138889,80.27916667,2023-11-21 02:00:00,3.5,,
Chennai Mylapore (DGPOffice),13.04138889,80.27916667,2023-11-21 03:00:00,12.0,46.5,
Chennai Mylapore (DGPOffice),13.04138889,80.27916667,2023-11-21 04:00:00,20.5,36.0,
Chennai Mylapore (DGPOffice),13.04138889,80.27916667,2023-11-21 05:00:00,1.0,33.5,
Chennai Mylapore (DGPOffice),13.04138889,80.27916667,2023-11-21 06:00:00,1.5,23.0,69.5
Chennai Mylapore (DGPOffice),13.04138889,80.27916667,2023-11-21 10:00:00,0.5,,
Chennai Mylapore (DGPOffice),13.04138889,80.27916667,2023-11-21 11:00:00,0.5,,
Chennai Mylapore (DGPOffice),13.04138889,80.27916667,2023-11-21 12:00:00,1.0,2.0,
Chennai Mylapore (DGPOffice),13.04138889,80.27916667,2023-11-21 13:00:00,2.5,4.0,
Chennai Mylapore (DGPOffice),13.04138889,80.27916667,2023-11-21 14:00:00,2.0,5.5,
Chennai Mylapore (DGPOffice),13.04138889,80.27916667,2023-11-21 20:00:00,0.5,,
Chennai Mylapore (DGPOffice),13.04138889,80.27916667,2023-11-21 21:00:00,4.0,,
Chennai Mylapore (DGPOffice),13.04138889,80.27916667,2023-11-21 22:00:00,3.0,7.5,
Chennai Mylapore (DGPOffice),13.04138889,80.27916667,2023-11-21 23:00:00,5.5,12.5,
Chennai Mylapore (DGPOffice),13.04138889,80.27916667,2023-11-22 00:00:00,4.0,12.5,
Chennai Mylapore (DGPOffice),13.04138889,80.27916667,2023-11-22 01:00:00,1.0,10.5,18.0
Chennai Mylapore (DGPOffice),13.04138889,80.27916667,2023-11-22 02:00:00,1.0,6.0,18.5
Chennai Mylapore (DGPOffice),13.04138889,80.27916667,2023-11-22 03:00:00,3.0,5.0,17.5
Chennai Mylapore (DGPOffice),13.04138889,80.27916667,2023-11-22 04:00:00,3.5,7.5,18.0
Chennai Mylapore (DGPOffice),13.04138889,80.27916667,2023-11-22 06:00:00,1.0,,
Chennai Mylapore (DGPOffice),13.04138889,80.27916667,2023-11-22 07:00:00,6.0,,
Chennai Mylapore (DGPOffice),13.04138889,80.27916667,2023-11-22 09:00:00,1.5,,
Chennai Mylapore (DGPOffice),13.04138889,80.27916667,2023-11-22 10:00:00,1.0,,
Chennai Mylapore (DGPOffice),13.04138889,80.27916667,2023-11-22 21:00:00,2.0,,
Chennai Mylapore (DGPOffice),13.04138889,80.27916667,2023-11-22 22:00:00,2.5,,
Chennai Mylapore (DGPOffice),13.04138889,80.27916667,2023-11-23 07:00:00,3.5,,
Chennai Mylapore (DGPOffice),13.04138889,80.27916667,2023-11-23 09:00:00,2.5,,
Chennai Mylapore (DGPOffice),13.04138889,80.27916667,2023-11-23 10:00:00,1.0,,
Chennai Mylapore (DGPOffice),13.04138889,80.27916667,2023-11-25 04:00:00,0.5,,
Chennai Mylapore (DGPOffice),13.04138889,80.27916667,2023-11-25 06:00:00,25.0,,
Chennai Mylapore (DGPOffice),13.04138889,80.27916667,2023-11-25 07:00:00,14.0,,
Chennai Mylapore (DGPOffice),13.04138889,80.27916667,2023-11-26 17:00:00,3.5,,
Chennai Mylapore (DGPOffice),13.04138889,80.27916667,2023-11-26 18:00:00,1.5,,
Chennai Mylapore (DGPOffice),13.04138889,80.27916667,2023-11-26 19:00:00,2.5,7.5,
Chennai Mylapore (DGPOffice),13.04138889,80.27916667,2023-11-26 20:00:00,15.5,19.5,
Chennai Mylapore (DGPOffice),13.04138889,80.27916667,2023-11-26 21:00:00,0.5,18.5,
Chennai Mylapore (DGPOffice),13.04138889,80.27916667,2023-11-27 01:00:00,5.5,,
Chennai Mylapore (DGPOffice),13.04138889,80.27916667,2023-11-27 02:00:00,0.5,,
Chennai Mylapore (DGPOffice),13.04138889,80.27916667,2023-11-27 11:00:00,0.5,,
Chennai Mylapore (DGPOffice),13.04138889,80.27916667,2023-11-27 13:00:00,0.5,,
Chennai Mylapore (DGPOffice),13.04138889,80.27916667,2023-11-27 14:00:00,1.5,,
Chennai Mylapore (DGPOffice),13.04138889,80.27916667,2023-11-27 22:00:00,15.0,,
Chennai Mylapore (DGPOffice),13.04138889,80.27916667,2023-11-27 23:00:00,4.0,,
Chennai Mylapore (DGPOffice),13.04138889,80.27916667,2023-11-28 02:00:00,2.5,,
Chennai Mylapore (DGPOffice),13.04138889,80.27916667,2023-11-29 00:00:00,8.0,,
Chennai Mylapore (DGPOffice),13.04138889,80.27916667,2023-11-29 01:00:00,4.5,,
Chennai Mylapore (DGPOffice),13.04138889,80.27916667,2023-11-29 03:00:00,1.5,,
Chennai Mylapore (DGPOffice),13.04138889,80.27916667,2023-11-29 04:00:00,7.0,,
Chennai Mylapore (DGPOffice),13.04138889,80.27916667,2023-11-29 05:00:00,6.0,14.5,
Chennai Mylapore (DGPOffice),13.04138889,80.27916667,2023-11-29 09:00:00,0.5,,
Chennai Mylapore (DGPOffice),13.04138889,80.27916667,2023-11-29 12:00:00,1.0,,
Chennai Mylapore (DGPOffice),13.04138889,80.27916667,2023-11-29 13:00:00,1.5,,
Chennai Mylapore (DGPOffice),13.04138889,80.27916667,2023-11-29 18:00:00,6.0,,
Chennai Mylapore (DGPOffice),13.04138889,80.27916667,2023-11-29 19:00:00,4.0,,
Chennai Mylapore (DGPOffice),13.04138889,80.27916667,2023-11-29 20:00:00,17.5,27.5,
Chennai Mylapore (DGPOffice),13.04138889,80.27916667,2023-11-29 21:00:00,2.5,24.0,
Chennai Mylapore (DGPOffice),13.04138889,80.27916667,2023-11-29 22:00:00,0.5,20.5,
Chennai Mylapore (DGPOffice),13.04138889,80.27916667,2023-11-30 02:00:00,0.5,,
Chennai Mylapore (DGPOffice),13.04138889,80.27916667,2023-11-30 03:00:00,4.0,,
Chennai Mylapore (DGPOffice),13.04138889,80.27916667,2023-11-30 04:00:00,9.0,13.5,
Chennai Mylapore (DGPOffice),13.04138889,80.27916667,2023-11-30 05:00:00,12.0,25.0,
Chennai Mylapore (DGPOffice),13.04138889,80.27916667,2023-11-30 06:00:00,0.5,21.5,
Chennai Mylapore (DGPOffice),13.04138889,80.27916667,2023-11-30 09:00:00,5.0,,
Chennai Mylapore (DGPOffice),13.04138889,80.27916667,2023-11-30 10:00:00,3.0,,
Chennai Mylapore (DGPOffice),13.04138889,80.27916667,2023-11-30 11:00:00,0.5,8.5,
Chennai Mylapore (DGPOffice),13.04138889,80.27916667,2023-11-30 20:00:00,8.5,,
Chennai Mylapore (DGPOffice),13.04138889,80.27916667,2023-11-30 21:00:00,2.5,,
Chennai Mylapore (DGPOffice),13.04138889,80.27916667,2023-11-30 22:00:00,2.5,13.5,
Chennai Mylapore (DGPOffice),13.04138889,80.27916667,2023-12-02 07:00:00,3.0,,
Chennai Mylapore (DGPOffice),13.04138889,80.27916667,2023-12-02 12:00:00,1.5,,
Chennai Mylapore (DGPOffice),13.04138889,80.27916667,2023-12-02 17:00:00,3.5,,
Chennai Mylapore (DGPOffice),13.04138889,80.27916667,2023-12-02 19:00:00,12.0,,
Chennai Mylapore (DGPOffice),13.04138889,80.27916667,2023-12-02 20:00:00,5.0,,
Chennai Mylapore (DGPOffice),13.04138889,80.27916667,2023-12-02 22:00:00,1.0,,
Chennai Mylapore (DGPOffice),13.04138889,80.27916667,2023-12-03 00:00:00,2.5,,
Chennai Mylapore (DGPOffice),13.04138889,80.27916667,2023-12-03 01:00:00,5.0,,
Chennai Mylapore (DGPOffice),13.04138889,80.27916667,2023-12-03 02:00:00,8.5,16.0,
Chennai Mylapore (DGPOffice),13.04138889,80.27916667,2023-12-03 03:00:00,3.0,16.5,
Chennai Mylapore (DGPOffice),13.04138889,80.27916667,2023-12-03 04:00:00,3.0,14.5,
Chennai Mylapore (DGPOffice),13.04138889,80.27916667,2023-12-03 05:00:00,2.0,8.0,24.0
Chennai Mylapore (DGPOffice),13.04138889,80.27916667,2023-12-03 06:00:00,2.5,7.5,24.0
Chennai Mylapore (DGPOffice),13.04138889,80.27916667,2023-12-03 10:00:00,1.0,,
Chennai Mylapore (DGPOffice),13.04138889,80.27916667,2023-12-03 12:00:00,1.5,,
Chennai Mylapore (DGPOffice),13.04138889,80.27916667,2023-12-03 15:00:00,4.5,,
Chennai Mylapore (DGPOffice),13.04138889,80.27916667,2023-12-03 16:00:00,4.0,,
Chennai Mylapore (DGPOffice),13.04138889,80.27916667,2023-12-03 17:00:00,0.5,9.0,
Chennai Mylapore (DGPOffice),13.04138889,80.27916667,2023-12-03 18:00:00,5.5,10.0,
Chennai Mylapore (DGPOffice),13.04138889,80.27916667,2023-12-03 19:00:00,1.5,7.5,
Chennai Mylapore (DGPOffice),13.04138889,80.27916667,2023-12-03 20:00:00,4.0,11.0,20.0
Chennai Mylapore (DGPOffice),13.04138889,80.27916667,2023-12-03 21:00:00,3.5,9.0,19.0
Chennai Mylapore (DGPOffice),13.04138889,80.27916667,2023-12-03 22:00:00,6.5,14.0,21.5
Chennai Mylapore (DGPOffice),13.04138889,80.27916667,2023-12-03 23:00:00,9.0,19.0,30.0
Chennai Mylapore (DGPOffice),13.04138889,80.27916667,2023-12-04 00:00:00,17.5,33.0,42.0
Chennai Mylapore (DGPOffice),13.04138889,80.27916667,2023-12-04 01:00:00,3.5,30.0,44.0
Chennai Mylapore (DGPOffice),13.04138889,80.27916667,2023-12-04 02:00:00,5.5,26.5,45.5
Chennai Mylapore (DGPOffice),13.04138889,80.27916667,2023-12-04 03:00:00,11.5,20.5,53.5
Chennai Mylapore (DGPOffice),13.04138889,80.27916667,2023-12-04 04:00:00,21.5,38.5,68.5
Chennai Mylapore (DGPOffice),13.04138889,80.27916667,2023-12-04 05:00:00,38.0,71.0,97.5
Chennai Mylapore (DGPOffice),13.04138889,80.27916667,2023-12-04 06:00:00,8.0,67.5,88.0
Chennai Mylapore (DGPOffice),13.04138889,80.27916667,2023-12-04 07:00:00,14.5,60.5,99.0
Chennai Mylapore (DGPOffice),13.04138889,80.27916667,2023-12-04 08:00:00,31.0,53.5,124.5
Chennai Mylapore (DGPOffice),13.04138889,80.27916667,2023-12-04 09:00:00,29.5,75.0,142.5
Chennai Mylapore (DGPOffice),13.04138889,80.27916667,2023-12-04 10:00:00,39.5,100.0,160.5
Chennai Mylapore (DGPOffice),13.04138889,80.27916667,2023-12-04 11:00:00,25.5,94.5,148.0
Chennai Mylapore (DGPOffice),13.04138889,80.27916667,2023-12-04 12:00:00,8.0,73.0,148.0
Chennai Mylapore (DGPOffice),13.04138889,80.27916667,2023-12-04 13:00:00,5.5,39.0,139.0
Chennai Mylapore (DGPOffice),13.04138889,80.27916667,2023-12-04 14:00:00,13.0,26.5,121.0
Chennai Mylapore (DGPOffice),13.04138889,80.27916667,2023-12-04 15:00:00,21.0,39.5,112.5
Chennai Mylapore (DGPOffice),13.04138889,80.27916667,2023-12-04 16:00:00,5.0,39.0,78.0
Chennai Mylapore (DGPOffice),13.04138889,80.27916667,2023-12-04 17:00:00,8.0,34.0,60.5
Chennai Mylapore (DGPOffice),13.04138889,80.27916667,2023-12-04 18:00:00,18.5,31.5,71.0
Chennai Mylapore (DGPOffice),13.04138889,80.27916667,2023-12-04 19:00:00,16.5,43.0,82.0
Chennai Mylapore (DGPOffice),13.04138889,80.27916667,2023-12-04 20:00:00,20.0,55.0,89.0
Chennai Mylapore (DGPOffice),13.04138889,80.27916667,2023-12-07 07:00:00,0.5,,
Chennai Mylapore (DGPOffice),13.04138889,80.27916667,2023-12-08 06:00:00,0.5,,
Chennai Mylapore (DGPOffice),13.04138889,80.27916667,2023-12-08 07:00:00,0.5,,
Chennai Mylapore (DGPOffice),13.04138889,80.27916667,2023-12-10 23:00:00,0.5,,
Chennai Mylapore (DGPOffice),13.04138889,80.27916667,2023-12-11 03:00:00,0.5,,
Chennai Mylapore (DGPOffice),13.04138889,80.27916667,2023-12-15 14:00:00,4.0,,
Chennai Mylapore (DGPOffice),13.04138889,80.27916667,2023-12-15 15:00:00,0.5,,
Chennai Mylapore (DGPOffice),13.04138889,80.27916667,2023-12-15 22:00:00,0.5,,
Chennai Mylapore (DGPOffice),13.04138889,80.27916667,2023-12-16 08:00:00,0.5,,
Chennai Mylapore (DGPOffice),13.04138889,80.27916667,2024-01-04 16:00:00,1.0,,
Chennai Mylapore (DGPOffice),13.04138889,80.27916667,2024-01-04 17:00:00,2.5,,
Chennai Mylapore (DGPOffice),13.04138889,80.27916667,2024-01-06 11:00:00,0.5,,
Chennai Mylapore (DGPOffice),13.04138889,80.27916667,2024-01-07 10:00:00,7.0,,
Chennai Mylapore (DGPOffice),13.04138889,80.27916667,2024-01-07 12:00:00,2.0,,
Chennai Mylapore (DGPOffice),13.04138889,80.27916667,2024-01-07 15:00:00,4.5,,
Chennai Mylapore (DGPOffice),13.04138889,80.27916667,2024-01-07 18:00:00,2.0,,
Chennai Mylapore (DGPOffice),13.04138889,80.27916667,2024-01-07 19:00:00,9.5,,
Chennai Mylapore (DGPOffice),13.04138889,80.27916667,2024-01-07 20:00:00,2.5,14.0,
Chennai Mylapore (DGPOffice),13.04138889,80.27916667,2024-01-07 21:00:00,1.5,13.5,
Chennai Mylapore (DGPOffice),13.04138889,80.27916667,2024-01-07 22:00:00,0.5,4.5,
Chennai Mylapore (DGPOffice),13.04138889,80.27916667,2024-01-08 01:00:00,0.5,,
Chennai Mylapore (DGPOffice),13.04138889,80.27916667,2024-01-08 02:00:00,2.5,,
Chennai Mylapore (DGPOffice),13.04138889,80.27916667,2024-01-08 03:00:00,3.5,6.5,
Chennai Mylapore (DGPOffice),13.04138889,80.27916667,2024-01-08 04:00:00,2.5,8.5,
Chennai Mylapore (DGPOffice),13.04138889,80.27916667,2024-01-08 08:00:00,4.5,,
Chennai Mylapore (DGPOffice),13.04138889,80.27916667,2024-01-08 09:00:00,2.0,,
Chennai Mylapore (DGPOffice),13.04138889,80.27916667,2024-01-08 10:00:00,0.5,7.0,
Chennai Mylapore (DGPOffice),13.04138889,80.27916667,2024-01-08 11:00:00,0.5,3.0,
Chennai Mylapore (DGPOffice),13.04138889,80.27916667,2024-01-10 11:00:00,26.0,,
Chennai Mylapore (DGPOffice),13.04138889,80.27916667,2024-05-13 12:00:00,5.5,,
Chennai Mylapore (DGPOffice),13.04138889,80.27916667,2024-05-16 07:00:00,1.0,,
Chennai Mylapore (DGPOffice),13.04138889,80.27916667,2024-05-16 08:00:00,0.5,,
Chennai Mylapore (DGPOffice),13.04138889,80.27916667,2024-05-16 12:00:00,1.0,,
Chennai Mylapore (DGPOffice),13.04138889,80.27916667,2024-05-16 13:00:00,2.0,,
Chennai Mylapore (DGPOffice),13.04138889,80.27916667,2024-05-16 14:00:00,0.5,3.5,
Chennai Mylapore (DGPOffice),13.04138889,80.27916667,2024-05-16 15:00:00,0.5,3.0,
Chennai Mylapore (DGPOffice),13.04138889,80.27916667,2024-05-19 01:00:00,6.0,,
Chennai Mylapore (DGPOffice),13.04138889,80.27916667,2024-05-19 02:00:00,5.0,,
Chennai Mylapore (DGPOffice),13.04138889,80.27916667,2024-05-20 05:00:00,0.5,,
Chennai Mylapore (DGPOffice),13.04138889,80.27916667,2024-05-20 06:00:00,0.5,,
Chennai Mylapore (DGPOffice),13.04138889,80.27916667,2024-05-21 04:00:00,0.5,,
Chennai Mylapore (DGPOffice),13.04138889,80.27916667,2024-05-21 05:00:00,1.5,,
Chennai Mylapore (DGPOffice),13.04138889,80.27916667,2024-05-21 15:00:00,0.5,,
Chennai Mylapore (DGPOffice),13.04138889,80.27916667,2024-05-21 18:00:00,0.5,,
Chennai Mylapore (DGPOffice),13.04138889,80.27916667,2024-05-22 11:00:00,0.5,,
Chennai Mylapore (DGPOffice),13.04138889,80.27916667,2024-05-22 12:00:00,2.0,,
Chennai Mylapore (DGPOffice),13.04138889,80.27916667,2024-05-22 20:00:00,0.5,,
Chennai Mylapore (DGPOffice),13.04138889,80.27916667,2024-06-04 19:00:00,6.5,,
Chennai Mylapore (DGPOffice),13.04138889,80.27916667,2024-06-05 16:00:00,47.0,,
Chennai Mylapore (DGPOffice),13.04138889,80.27916667,2024-06-05 17:00:00,6.5,,
Chennai Mylapore (DGPOffice),13.04138889,80.27916667,2024-06-06 21:00:00,2.0,,
Chennai Mylapore (DGPOffice),13.04138889,80.27916667,2024-06-06 22:00:00,2.5,,
Chennai Mylapore (DGPOffice),13.04138889,80.27916667,2024-06-06 23:00:00,2.0,6.5,
Chennai Mylapore (DGPOffice),13.04138889,80.27916667,2024-06-07 00:00:00,0.5,5.0,
Chennai Mylapore (DGPOffice),13.04138889,80.27916667,2024-06-07 02:00:00,0.5,,
Chennai Mylapore (DGPOffice),13.04138889,80.27916667,2024-06-07 03:00:00,2.0,,
Chennai Mylapore (DGPOffice),13.04138889,80.27916667,2024-06-10 18:00:00,6.5,,
Chennai Mylapore (DGPOffice),13.04138889,80.27916667,2024-06-10 19:00:00,0.5,,
Chennai Mylapore (DGPOffice),13.04138889,80.27916667,2024-06-11 21:00:00,0.5,,
Chennai Mylapore (DGPOffice),13.04138889,80.27916667,2024-06-11 22:00:00,14.5,,
Chennai Mylapore (DGPOffice),13.04138889,80.27916667,2024-06-12 02:00:00,0.5,,
Chennai Mylapore (DGPOffice),13.04138889,80.27916667,2024-06-12 03:00:00,0.5,,
Chennai Mylapore (DGPOffice),13.04138889,80.27916667,2024-06-12 23:00:00,4.5,,
Chennai Mylapore (DGPOffice),13.04138889,80.27916667,2024-06-13 00:00:00,9.0,,
Chennai Mylapore (DGPOffice),13.04138889,80.27916667,2024-06-13 18:00:00,1.0,,
Chennai Mylapore (DGPOffice),13.04138889,80.27916667,2024-06-13 19:00:00,2.5,,
Chennai Mylapore (DGPOffice),13.04138889,80.27916667,2024-06-18 02:00:00,3.0,,
Chennai Mylapore (DGPOffice),13.04138889,80.27916667,2024-06-18 03:00:00,10.5,,
Chennai Mylapore (DGPOffice),13.04138889,80.27916667,2024-06-18 04:00:00,1.5,15.0,
Chennai Mylapore (DGPOffice),13.04138889,80.27916667,2024-06-18 05:00:00,0.5,12.5,
Chennai Mylapore (DGPOffice),13.04138889,80.27916667,2024-06-18 22:00:00,4.5,,
Chennai Mylapore (DGPOffice),13.04138889,80.27916667,2024-06-18 23:00:00,48.0,,
Chennai Mylapore (DGPOffice),13.04138889,80.27916667,2024-06-19 00:00:00,0.5,53.0,
Chennai Mylapore (DGPOffice),13.04138889,80.27916667,2024-06-19 01:00:00,1.0,49.5,
Chennai Mylapore (DGPOffice),13.04138889,80.27916667,2024-06-20 22:00:00,24.5,,
Chennai Mylapore (DGPOffice),13.04138889,80.27916667,2024-06-23 22:00:00,0.5,,
Chennai Mylapore (DGPOffice),13.04138889,80.27916667,2024-06-25 21:00:00,3.5,,
Chennai Mylapore (DGPOffice),13.04138889,80.27916667,2024-06-25 22:00:00,0.5,,
Chennai Mylapore (DGPOffice),13.04138889,80.27916667,2024-07-03 22:00:00,40.5,,
Chennai Mylapore (DGPOffice),13.04138889,80.27916667,2024-07-03 23:00:00,3.5,,
Chennai Mylapore (DGPOffice),13.04138889,80.27916667,2024-07-04 00:00:00,2.0,46.0,
Chennai Mylapore (DGPOffice),13.04138889,80.27916667,2024-07-05 23:00:00,7.0,,
Chennai Mylapore (DGPOffice),13.04138889,80.27916667,2024-07-06 00:00:00,38.0,,
Chennai Mylapore (DGPOffice),13.04138889,80.27916667,2024-07-06 01:00:00,4.0,49.0,
Chennai Mylapore (DGPOffice),13.04138889,80.27916667,2024-07-06 02:00:00,0.5,42.5,
Chennai Mylapore (DGPOffice),13.04138889,80.27916667,2024-07-07 18:00:00,10.5,,
Chennai Mylapore (DGPOffice),13.04138889,80.27916667,2024-07-07 22:00:00,0.5,,
Chennai Mylapore (DGPOffice),13.04138889,80.27916667,2024-07-07 23:00:00,0.5,,
Chennai Mylapore (DGPOffice),13.04138889,80.27916667,2024-07-08 03:00:00,0.5,,
Chennai Mylapore (DGPOffice),13.04138889,80.27916667,2024-07-11 01:00:00,3.5,,
Chennai Mylapore (DGPOffice),13.04138889,80.27916667,2024-07-11 05:00:00,1.0,,
Chennai Mylapore (DGPOffice),13.04138889,80.27916667,2024-07-11 06:00:00,1.5,,
Chennai Mylapore (DGPOffice),13.04138889,80.27916667,2024-07-12 22:00:00,21.0,,
Chennai Mylapore (DGPOffice),13.04138889,80.27916667,2024-07-12 23:00:00,1.0,,
Chennai Mylapore (DGPOffice),13.04138889,80.27916667,2024-07-13 00:00:00,7.5,29.5,
Chennai Mylapore (DGPOffice),13.04138889,80.27916667,2024-07-13 01:00:00,3.5,12.0,
Chennai Mylapore (DGPOffice),13.04138889,80.27916667,2024-07-13 02:00:00,3.0,14.0,
Chennai Mylapore (DGPOffice),13.04138889,80.27916667,2024-07-13 03:00:00,1.0,7.5,37.0
Chennai Mylapore (DGPOffice),13.04138889,80.27916667,2024-07-13 05:00:00,0.5,,
Chennai Mylapore (DGPOffice),13.04138889,80.27916667,2024-07-14 23:00:00,0.5,,
Chennai Mylapore (DGPOffice),13.04138889,80.27916667,2024-07-15 05:00:00,0.5,,
Chennai Mylapore (DGPOffice),13.04138889,80.27916667,2024-07-15 13:00:00,0.5,,
Chennai Mylapore (DGPOffice),13.04138889,80.27916667,2024-07-15 14:00:00,0.5,,
Chennai Mylapore (DGPOffice),13.04138889,80.27916667,2024-07-15 15:00:00,0.5,1.5,
Chennai Mylapore (DGPOffice),13.04138889,80.27916667,2024-07-18 19:00:00,0.5,,
Chennai Mylapore (DGPOffice),13.04138889,80.27916667,2024-07-19 14:00:00,1.0,,
Chennai Mylapore (DGPOffice),13.04138889,80.27916667,2024-07-23 21:00:00,13.5,,
Chennai Mylapore (DGPOffice),13.04138889,80.27916667,2024-07-30 21:00:00,15.5,,
Chennai Mylapore (DGPOffice),13.04138889,80.27916667,2024-07-30 23:00:00,0.5,,
Chennai Mylapore (DGPOffice),13.04138889,80.27916667,2024-08-04 00:00:00,1.0,,
Chennai Mylapore (DGPOffice),13.04138889,80.27916667,2024-08-04 01:00:00,0.5,,
Chennai Mylapore (DGPOffice),13.04138889,80.27916667,2024-08-04 18:00:00,6.5,,
Chennai Mylapore (DGPOffice),13.04138889,80.27916667,2024-08-04 19:00:00,5.5,,
Chennai Mylapore (DGPOffice),13.04138889,80.27916667,2024-08-05 01:00:00,2.0,,
Chennai Mylapore (DGPOffice),13.04138889,80.27916667,2024-08-05 02:00:00,10.5,,
Chennai Mylapore (DGPOffice),13.04138889,80.27916667,2024-08-05 03:00:00,1.0,13.5,
Chennai Mylapore (DGPOffice),13.04138889,80.27916667,2024-08-05 04:00:00,14.0,25.5,
Chennai Mylapore (DGPOffice),13.04138889,80.27916667,2024-08-05 05:00:00,17.0,32.0,
Chennai Mylapore (DGPOffice),13.04138889,80.27916667,2024-08-05 06:00:00,17.0,48.0,61.5
Chennai Mylapore (DGPOffice),13.04138889,80.27916667,2024-08-05 07:00:00,4.5,38.5,64.0
Chennai Mylapore (DGPOffice),13.04138889,80.27916667,2024-08-06 20:00:00,1.5,,
Chennai Mylapore (DGPOffice),13.04138889,80.27916667,2024-08-06 21:00:00,16.0,,
Chennai Mylapore (DGPOffice),13.04138889,80.27916667,2024-08-06 22:00:00,1.5,19.0,
Chennai Mylapore (DGPOffice),13.04138889,80.27916667,2024-08-08 04:00:00,0.5,,
Chennai Mylapore (DGPOffice),13.04138889,80.27916667,2024-08-08 15:00:00,1.5,,
Chennai Mylapore (DGPOffice),13.04138889,80.27916667,2024-08-08 16:00:00,0.5,,
Chennai Mylapore (DGPOffice),13.04138889,80.27916667,2024-08-09 14:00:00,1.0,,
Chennai Mylapore (DGPOffice),13.04138889,80.27916667,2024-08-12 06:00:00,7.0,,
Chennai Mylapore (DGPOffice),13.04138889,80.27916667,2024-08-28 05:00:00,0.5,,
Chennai Mylapore (DGPOffice),13.04138889,80.27916667,2024-08-28 06:00:00,0.5,,
Chennai Mylapore (DGPOffice),13.04138889,80.27916667,2024-08-30 21:00:00,17.0,,
Chennai Mylapore (DGPOffice),13.04138889,80.27916667,2024-08-30 22:00:00,3.0,,
Chennai Mylapore (DGPOffice),13.04138889,80.27916667,2024-08-30 23:00:00,1.0,21.0,
Chennai Mylapore (DGPOffice),13.04138889,80.27916667,2024-08-31 00:00:00,0.5,4.5,
Chennai Mylapore (DGPOffice),13.04138889,80.27916667,2024-09-03 01:00:00,9.5,,
Chennai Mylapore (DGPOffice),13.04138889,80.27916667,2024-09-03 02:00:00,17.5,,
Chennai Mylapore (DGPOffice),13.04138889,80.27916667,2024-09-03 07:00:00,0.5,,
Chennai Mylapore (DGPOffice),13.04138889,80.27916667,2024-09-03 21:00:00,1.5,,
Chennai Mylapore (DGPOffice),13.04138889,80.27916667,2024-09-03 22:00:00,2.5,,
Chennai Mylapore (DGPOffice),13.04138889,80.27916667,2024-09-03 23:00:00,2.0,6.0,
Chennai Mylapore (DGPOffice),13.04138889,80.27916667,2024-09-04 00:00:00,1.0,5.5,
Chennai Mylapore (DGPOffice),13.04138889,80.27916667,2024-09-06 03:00:00,0.5,,
Chennai Mylapore (DGPOffice),13.04138889,80.27916667,2024-09-06 06:00:00,1.0,,
Chennai Mylapore (DGPOffice),13.04138889,80.27916667,2024-09-06 07:00:00,0.5,,
Chennai Mylapore (DGPOffice),13.04138889,80.27916667,2024-09-07 03:00:00,12.0,,
Chennai Mylapore (DGPOffice),13.04138889,80.27916667,2024-09-21 01:00:00,6.0,,
Chennai Mylapore (DGPOffice),13.04138889,80.27916667,2024-09-21 02:00:00,1.5,,
Chennai Mylapore (DGPOffice),13.04138889,80.27916667,2024-09-21 04:00:00,1.0,,
Chennai Mylapore (DGPOffice),13.04138889,80.27916667,2024-09-21 05:00:00,1.5,,
Chennai Mylapore (DGPOffice),13.04138889,80.27916667,2024-09-21 06:00:00,2.5,5.0,
Chennai Mylapore (DGPOffice),13.04138889,80.27916667,2024-09-21 07:00:00,1.5,5.5,
Chennai Mylapore (DGPOffice),13.04138889,80.27916667,2024-09-24 01:00:00,8.5,,
Chennai Mylapore (DGPOffice),13.04138889,80.27916667,2024-09-24 02:00:00,14.0,,
Chennai Mylapore (DGPOffice),13.04138889,80.27916667,2024-09-24 03:00:00,2.0,24.5,
Chennai Mylapore (DGPOffice),13.04138889,80.27916667,2024-09-24 04:00:00,0.5,16.5,
Chennai Mylapore (DGPOffice),13.04138889,80.27916667,2024-09-24 17:00:00,2.5,,
Chennai Mylapore (DGPOffice),13.04138889,80.27916667,2024-10-03 16:00:00,1.5,,
Chennai Mylapore (DGPOffice),13.04138889,80.27916667,2024-10-07 22:00:00,0.5,,
Chennai Mylapore (DGPOffice),13.04138889,80.27916667,2024-10-08 02:00:00,1.0,,
Chennai Mylapore (DGPOffice),13.04138889,80.27916667,2024-10-09 02:00:00,0.5,,
Chennai Mylapore (DGPOffice),13.04138889,80.27916667,2024-10-09 04:00:00,0.5,,
Chennai Mylapore (DGPOffice),13.04138889,80.27916667,2024-10-09 06:00:00,2.0,,
Chennai Mylapore (DGPOffice),13.04138889,80.27916667,2024-10-09 07:00:00,0.5,,
Chennai Mylapore (DGPOffice),13.04138889,80.27916667,2024-10-09 10:00:00,4.5,,
Chennai Mylapore (DGPOffice),13.04138889,80.27916667,2024-10-11 04:00:00,0.5,,
Chennai Mylapore (DGPOffice),13.04138889,80.27916667,2024-10-12 06:00:00,14.5,,
Chennai Mylapore (DGPOffice),13.04138889,80.27916667,2024-10-12 07:00:00,3.0,,
Chennai Mylapore (DGPOffice),13.04138889,80.27916667,2024-10-13 06:00:00,1.5,,
Chennai Mylapore (DGPOffice),13.04138889,80.27916667,2024-10-14 02:00:00,8.0,,
Chennai Mylapore (DGPOffice),13.04138889,80.27916667,2024-10-14 03:00:00,31.5,,
Chennai Mylapore (DGPOffice),13.04138889,80.27916667,2024-10-14 04:00:00,7.0,46.5,
Chennai Mylapore (DGPOffice),13.04138889,80.27916667,2024-10-14 05:00:00,5.5,44.0,
Chennai Mylapore (DGPOffice),13.04138889,80.27916667,2024-10-14 06:00:00,1.0,13.5,
Chennai Mylapore (DGPOffice),13.04138889,80.27916667,2024-10-14 13:00:00,0.5,,
Chennai Mylapore (DGPOffice),13.04138889,80.27916667,2024-10-14 19:00:00,0.5,,
Chennai Mylapore (DGPOffice),13.04138889,80.27916667,2024-10-14 21:00:00,1.5,,
Chennai Mylapore (DGPOffice),13.04138889,80.27916667,2024-10-14 22:00:00,0.5,,
Chennai Mylapore (DGPOffice),13.04138889,80.27916667,2024-10-14 23:00:00,3.5,5.5,
Chennai Mylapore (DGPOffice),13.04138889,80.27916667,2024-10-15 00:00:00,46.5,50.5,
Chennai Mylapore (DGPOffice),13.04138889,80.27916667,2024-10-15 01:00:00,0.5,50.5,
Chennai Mylapore (DGPOffice),13.04138889,80.27916667,2024-10-15 03:00:00,1.0,,
Chennai Mylapore (DGPOffice),13.04138889,80.27916667,2024-10-15 04:00:00,1.0,,
Chennai Mylapore (DGPOffice),13.04138889,80.27916667,2024-10-15 07:00:00,3.5,,
Chennai Mylapore (DGPOffice),13.04138889,80.27916667,2024-10-15 08:00:00,7.0,,
Chennai Mylapore (DGPOffice),13.04138889,80.27916667,2024-10-15 09:00:00,3.5,14.0,
Chennai Mylapore (DGPOffice),13.04138889,80.27916667,2024-10-15 10:00:00,25.0,35.5,
Chennai Mylapore (DGPOffice),13.04138889,80.27916667,2024-10-15 11:00:00,24.5,53.0,
Chennai Mylapore (DGPOffice),13.04138889,80.27916667,2024-10-15 12:00:00,9.0,58.5,72.5
Chennai Mylapore (DGPOffice),13.04138889,80.27916667,2024-10-15 14:00:00,9.0,,
Chennai Mylapore (DGPOffice),13.04138889,80.27916667,2024-10-15 16:00:00,3.5,,
Chennai Mylapore (DGPOffice),13.04138889,80.27916667,2024-10-15 17:00:00,2.5,,
Chennai Mylapore (DGPOffice),13.04138889,80.27916667,2024-10-15 18:00:00,3.0,9.0,
Chennai Mylapore (DGPOffice),13.04138889,80.27916667,2024-10-15 19:00:00,6.0,11.5,
Chennai Mylapore (DGPOffice),13.04138889,80.27916667,2024-10-15 20:00:00,8.0,17.0,
Chennai Mylapore (DGPOffice),13.04138889,80.27916667,2024-10-15 21:00:00,1.5,15.5,24.5
Chennai Mylapore (DGPOffice),13.04138889,80.27916667,2024-10-15 23:00:00,0.5,,
Chennai Mylapore (DGPOffice),13.04138889,80.27916667,2024-10-16 01:00:00,0.5,,
Chennai Mylapore (DGPOffice),13.04138889,80.27916667,2024-10-16 02:00:00,1.0,,
Chennai Mylapore (DGPOffice),13.04138889,80.27916667,2024-10-16 03:00:00,1.0,2.5,
Chennai Mylapore (DGPOffice),13.04138889,80.27916667,2024-10-16 05:00:00,1.0,,
Chennai Mylapore (DGPOffice),13.04138889,80.27916667,2024-10-16 06:00:00,0.5,,
Chennai Mylapore (DGPOffice),13.04138889,80.27916667,2024-10-16 07:00:00,1.0,2.5,
Chennai Mylapore (DGPOffice),13.04138889,80.27916667,2024-10-16 08:00:00,0.5,2.0,
Chennai Mylapore (DGPOffice),13.04138889,80.27916667,2024-10-18 07:00:00,9.0,,
Chennai Mylapore (DGPOffice),13.04138889,80.27916667,2024-10-18 08:00:00,8.5,,
Chennai Mylapore (DGPOffice),13.04138889,80.27916667,2024-10-19 04:00:00,37.5,,
Chennai Mylapore (DGPOffice),13.04138889,80.27916667,2024-10-19 05:00:00,0.5,,
Chennai Mylapore (DGPOffice),13.04138889,80.27916667,2024-10-20 05:00:00,26.5,,
Chennai Mylapore (DGPOffice),13.04138889,80.27916667,2024-10-20 06:00:00,1.5,,
Chennai Mylapore (DGPOffice),13.04138889,80.27916667,2024-10-21 06:00:00,0.5,,
Chennai Mylapore (DGPOffice),13.04138889,80.27916667,2024-10-29 18:00:00,0.5,,
Chennai Mylapore (DGPOffice),13.04138889,80.27916667,2024-10-30 14:00:00,6.0,,
Chennai Mylapore (DGPOffice),13.04138889,80.27916667,2024-11-02 09:00:00,0.5,,
Chennai Mylapore (DGPOffice),13.04138889,80.27916667,2024-11-03 06:00:00,7.0,,
Chennai Mylapore (DGPOffice),13.04138889,80.27916667,2024-11-03 07:00:00,0.5,,
Chennai Mylapore (DGPOffice),13.04138889,80.27916667,2024-11-04 05:00:00,0.5,,
Chennai Mylapore (DGPOffice),13.04138889,80.27916667,2024-11-04 06:00:00,1.0,,
Chennai Mylapore (DGPOffice),13.04138889,80.27916667,2024-11-04 07:00:00,0.5,2.0,
Chennai Mylapore (DGPOffice),13.04138889,80.27916667,2024-11-06 21:00:00,2.5,,
Chennai Mylapore (DGPOffice),13.04138889,80.27916667,2024-11-06 22:00:00,10.0,,
Chennai Mylapore (DGPOffice),13.04138889,80.27916667,2024-11-07 00:00:00,0.5,,
Chennai Mylapore (DGPOffice),13.04138889,80.27916667,2024-11-07 01:00:00,1.5,,
Chennai Mylapore (DGPOffice),13.04138889,80.27916667,2024-11-07 07:00:00,1.0,,
Chennai Mylapore (DGPOffice),13.04138889,80.27916667,2024-11-07 08:00:00,4.5,,
Chennai Mylapore (DGPOffice),13.04138889,80.27916667,2024-11-07 09:00:00,0.5,6.0,
Chennai Mylapore (DGPOffice),13.04138889,80.27916667,2024-11-07 11:00:00,0.5,,
Chennai Mylapore (DGPOffice),13.04138889,80.27916667,2024-11-07 12:00:00,3.0,,
Chennai Mylapore (DGPOffice),13.04138889,80.27916667,2024-11-07 13:00:00,1.0,4.5,
Chennai Mylapore (DGPOffice),13.04138889,80.27916667,2024-11-07 14:00:00,3.5,7.5,
Chennai Mylapore (DGPOffice),13.04138889,80.27916667,2024-11-07 19:00:00,0.5,,
Chennai Mylapore (DGPOffice),13.04138889,80.27916667,2024-11-11 23:00:00,5.0,,
Chennai Mylapore (DGPOffice),13.04138889,80.27916667,2024-11-12 02:00:00,0.5,,
Chennai Mylapore (DGPOffice),13.04138889,80.27916667,2024-11-12 03:00:00,1.5,,
Chennai Mylapore (DGPOffice),13.04138889,80.27916667,2024-11-12 04:00:00,4.5,6.5,
Chennai Mylapore (DGPOffice),13.04138889,80.27916667,2024-11-12 05:00:00,6.0,12.0,
Chennai Mylapore (DGPOffice),13.04138889,80.27916667,2024-11-12 06:00:00,5.5,16.0,
Chennai Mylapore (DGPOffice),13.04138889,80.27916667,2024-11-12 07:00:00,5.5,17.0,23.5
Chennai Mylapore (DGPOffice),13.04138889,80.27916667,2024-11-12 08:00:00,2.5,13.5,25.5
Chennai Mylapore (DGPOffice),13.04138889,80.27916667,2024-11-12 09:00:00,6.0,14.0,30.0
Chennai Mylapore (DGPOffice),13.04138889,80.27916667,2024-11-12 10:00:00,2.0,10.5,27.5
Chennai Mylapore (DGPOffice),13.04138889,80.27916667,2024-11-12 11:00:00,2.0,10.0,23.5
Chennai Mylapore (DGPOffice),13.04138889,80.27916667,2024-11-12 12:00:00,0.5,4.5,18.5
Chennai Mylapore (DGPOffice),13.04138889,80.27916667,2024-11-12 18:00:00,1.5,,
Chennai Mylapore (DGPOffice),13.04138889,80.27916667,2024-11-13 01:00:00,0.5,,
Chennai Mylapore (DGPOffice),13.04138889,80.27916667,2024-11-13 02:00:00,1.5,,
Chennai Mylapore (DGPOffice),13.04138889,80.27916667,2024-11-13 03:00:00,2.0,4.0,
Chennai Mylapore (DGPOffice),13.04138889,80.27916667,2024-11-13 04:00:00,1.0,4.5,
Chennai Mylapore (DGPOffice),13.04138889,80.27916667,2024-11-13 05:00:00,0.5,3.5,
Chennai Mylapore (DGPOffice),13.04138889,80.27916667,2024-11-13 06:00:00,0.5,2.0,6.0
Chennai Mylapore (DGPOffice),13.04138889,80.27916667,2024-11-13 18:00:00,0.5,,
Chennai Mylapore (DGPOffice),13.04138889,80.27916667,2024-11-14 02:00:00,3.0,,
Chennai Mylapore (DGPOffice),13.04138889,80.27916667,2024-11-14 03:00:00,4.5,,
Chennai Mylapore (DGPOffice),13.04138889,80.27916667,2024-11-14 17:00:00,2.0,,
Chennai Mylapore (DGPOffice),13.04138889,80.27916667,2024-11-14 23:00:00,4.0,,
Chennai Mylapore (DGPOffice),13.04138889,80.27916667,2024-11-15 00:00:00,3.5,,
Chennai Mylapore (DGPOffice),13.04138889,80.27916667,2024-11-15 02:00:00,1.0,,
Chennai Mylapore (DGPOffice),13.04138889,80.27916667,2024-11-15 04:00:00,3.0,,
Chennai Mylapore (DGPOffice),13.04138889,80.27916667,2024-11-15 06:00:00,3.0,,
Chennai Mylapore (DGPOffice),13.04138889,80.27916667,2024-11-15 07:00:00,0.5,,
Chennai Mylapore (DGPOffice),13.04138889,80.27916667,2024-11-15 08:00:00,0.5,4.0,
Chennai Mylapore (DGPOffice),13.04138889,80.27916667,2024-11-16 01:00:00,1.0,,
Chennai Mylapore (DGPOffice),13.04138889,80.27916667,2024-11-16 08:00:00,1.0,,
Chennai Mylapore (DGPOffice),13.04138889,80.27916667,2024-11-16 17:00:00,0.5,,
Chennai Mylapore (DGPOffice),13.04138889,80.27916667,2024-11-16 18:00:00,4.0,,
Chennai Mylapore (DGPOffice),13.04138889,80.27916667,2024-11-16 19:00:00,0.5,5.0,
Chennai Mylapore (DGPOffice),13.04138889,80.27916667,2024-11-25 23:00:00,12.0,,
Chennai Mylapore (DGPOffice),13.04138889,80.27916667,2024-11-26 10:00:00,2.0,,
Chennai Mylapore (DGPOffice),13.04138889,80.27916667,2024-11-26 11:00:00,21.0,,
Chennai Mylapore (DGPOffice),13.04138889,80.27916667,2024-11-26 12:00:00,8.5,31.5,
Chennai Mylapore (DGPOffice),13.04138889,80.27916667,2024-11-26 13:00:00,3.5,33.0,
Chennai Mylapore (DGPOffice),13.04138889,80.27916667,2024-11-26 14:00:00,1.5,13.5,
Chennai Mylapore (DGPOffice),13.04138889,80.27916667,2024-11-26 15:00:00,0.5,5.5,37.0
Chennai Mylapore (DGPOffice),13.04138889,80.27916667,2024-11-26 21:00:00,1.5,,
Chennai Mylapore (DGPOffice),13.04138889,80.27916667,2024-11-26 22:00:00,2.0,,
Chennai Mylapore (DGPOffice),13.04138889,80.27916667,2024-11-29 00:00:00,3.5,,
Chennai Mylapore (DGPOffice),13.04138889,80.27916667,2024-11-29 01:00:00,7.5,,
Chennai Mylapore (DGPOffice),13.04138889,80.27916667,2024-11-29 03:00:00,19.5,,
Chennai Mylapore (DGPOffice),13.04138889,80.27916667,2024-11-29 05:00:00,5.5,,
Chennai Mylapore (DGPOffice),13.04138889,80.27916667,2024-11-29 09:00:00,1.0,,
Chennai Mylapore (DGPOffice),13.04138889,80.27916667,2024-11-29 13:00:00,2.0,,
Chennai Mylapore (DGPOffice),13.04138889,80.27916667,2024-11-29 15:00:00,0.5,,
Chennai Mylapore (DGPOffice),13.04138889,80.27916667,2024-11-29 20:00:00,4.0,,
Chennai Mylapore (DGPOffice),13.04138889,80.27916667,2024-11-29 21:00:00,2.0,,
Chennai Mylapore (DGPOffice),13.04138889,80.27916667,2024-11-29 22:00:00,0.5,6.5,
Chennai Mylapore (DGPOffice),13.04138889,80.27916667,2024-11-30 01:00:00,3.0,,
Chennai Mylapore (DGPOffice),13.04138889,80.27916667,2024-11-30 04:00:00,2.0,,
Chennai Mylapore (DGPOffice),13.04138889,80.27916667,2024-11-30 05:00:00,4.5,,
Chennai Mylapore (DGPOffice),13.04138889,80.27916667,2024-11-30 07:00:00,12.5,,
Chennai Mylapore (DGPOffice),13.04138889,80.27916667,2024-11-30 08:00:00,14.5,,
Chennai Mylapore (DGPOffice),13.04138889,80.27916667,2024-11-30 10:00:00,18.5,,
Chennai Mylapore (DGPOffice),13.04138889,80.27916667,2024-11-30 11:00:00,2.0,,
Chennai Mylapore (DGPOffice),13.04138889,80.27916667,2024-11-30 12:00:00,2.0,22.5,
Chennai Mylapore (DGPOffice),13.04138889,80.27916667,2024-11-30 13:00:00,17.0,21.0,
Chennai Mylapore (DGPOffice),13.04138889,80.27916667,2024-11-30 14:00:00,6.5,25.5,
Chennai Mylapore (DGPOffice),13.04138889,80.27916667,2024-11-30 15:00:00,3.5,27.0,49.5
Chennai Mylapore (DGPOffice),13.04138889,80.27916667,2024-11-30 17:00:00,0.5,,
Chennai Mylapore (DGPOffice),13.04138889,80.27916667,2024-12-01 14:00:00,1.5,,
Chennai Mylapore (DGPOffice),13.04138889,80.27916667,2024-12-01 19:00:00,1.0,,
Chennai Mylapore (DGPOffice),13.04138889,80.27916667,2024-12-01 22:00:00,0.5,,
Chennai Mylapore (DGPOffice),13.04138889,80.27916667,2024-12-02 00:00:00,0.5,,
Chennai Mylapore (DGPOffice),13.04138889,80.27916667,2024-12-04 20:00:00,0.5,,
Chennai Mylapore (DGPOffice),13.04138889,80.27916667,2024-12-04 21:00:00,2.0,,
Chennai Mylapore (DGPOffice),13.04138889,80.27916667,2024-12-05 05:00:00,0.5,,
Chennai Mylapore (DGPOffice),13.04138889,80.27916667,2024-12-11 10:00:00,9.5,,
Chennai Mylapore (DGPOffice),13.04138889,80.27916667,2024-12-11 12:00:00,0.5,,
Chennai Mylapore (DGPOffice),13.04138889,80.27916667,2024-12-11 15:00:00,0.5,,
Chennai Mylapore (DGPOffice),13.04138889,80.27916667,2024-12-11 16:00:00,0.5,,
Chennai Mylapore (DGPOffice),13.04138889,80.27916667,2024-12-11 20:00:00,0.5,,
Chennai Mylapore (DGPOffice),13.04138889,80.27916667,2024-12-11 22:00:00,0.5,,
Chennai Mylapore (DGPOffice),13.04138889,80.27916667,2024-12-11 23:00:00,0.5,,
Chennai Mylapore (DGPOffice),13.04138889,80.27916667,2024-12-12 02:00:00,13.5,,
Chennai Mylapore (DGPOffice),13.04138889,80.27916667,2024-12-12 03:00:00,3.5,,
Chennai Mylapore (DGPOffice),13.04138889,80.27916667,2024-12-12 04:00:00,0.5,17.5,
Chennai Mylapore (DGPOffice),13.04138889,80.27916667,2024-12-12 05:00:00,0.5,4.5,
Chennai Mylapore (DGPOffice),13.04138889,80.27916667,2024-12-12 06:00:00,12.5,13.5,
Chennai Mylapore (DGPOffice),13.04138889,80.27916667,2024-12-12 07:00:00,3.0,16.0,33.5
Chennai Mylapore (DGPOffice),13.04138889,80.27916667,2024-12-12 08:00:00,3.5,19.0,23.5
Chennai Mylapore (DGPOffice),13.04138889,80.27916667,2024-12-12 09:00:00,2.5,9.0,22.5
Chennai Mylapore (DGPOffice),13.04138889,80.27916667,2024-12-12 10:00:00,3.0,9.0,25.0
Chennai Mylapore (DGPOffice),13.04138889,80.27916667,2024-12-12 12:00:00,2.0,,
Chennai Mylapore (DGPOffice),13.04138889,80.27916667,2024-12-12 13:00:00,8.0,,
Chennai Mylapore (DGPOffice),13.04138889,80.27916667,2024-12-12 17:00:00,3.0,,
Chennai Mylapore (DGPOffice),13.04138889,80.27916667,2024-12-12 18:00:00,0.5,,
Chennai Mylapore (DGPOffice),13.04138889,80.27916667,2024-12-12 19:00:00,1.5,5.0,
Chennai Mylapore (DGPOffice),13.04138889,80.27916667,2024-12-18 11:00:00,1.0,,
Chennai Mylapore (DGPOffice),13.04138889,80.27916667,2024-12-18 12:00:00,0.5,,
Chennai Mylapore (DGPOffice),13.04138889,80.27916667,2024-12-18 13:00:00,2.0,3.5,
Chennai Mylapore (DGPOffice),13.04138889,80.27916667,2024-12-18 14:00:00,5.5,8.0,
Chennai Mylapore (DGPOffice),13.04138889,80.27916667,2024-12-18 15:00:00,7.5,15.0,
Chennai Mylapore (DGPOffice),13.04138889,80.27916667,2024-12-18 16:00:00,13.0,26.0,29.5
Chennai Mylapore (DGPOffice),13.04138889,80.27916667,2024-12-18 17:00:00,2.5,23.0,31.0
Chennai Mylapore (DGPOffice),13.04138889,80.27916667,2024-12-18 21:00:00,0.5,,
Chennai Mylapore (DGPOffice),13.04138889,80.27916667,2024-12-19 01:00:00,0.5,,
Chennai Mylapore (DGPOffice),13.04138889,80.27916667,2024-12-19 02:00:00,0.5,,
Chennai Mylapore (DGPOffice),13.04138889,80.27916667,2024-12-19 03:00:00,0.5,1.5,
Chennai Mylapore (DGPOffice),13.04138889,80.27916667,2024-12-19 08:00:00,1.5,,
Chennai Mylapore (DGPOffice),13.04138889,80.27916667,2024-12-19 09:00:00,4.0,,
Chennai Mylapore (DGPOffice),13.04138889,80.27916667,2024-12-20 07:00:00,3.0,,
Chennai Mylapore (DGPOffice),13.04138889,80.27916667,2024-12-24 10:00:00,0.5,,
Chennai Mylapore (DGPOffice),13.04138889,80.27916667,2024-12-25 17:00:00,1.0,,
Chennai Mylapore (DGPOffice),13.04138889,80.27916667,2024-12-26 02:00:00,1.0,,
Chennai Mylapore (DGPOffice),13.04138889,80.27916667,2024-12-26 03:00:00,2.0,,
Chennai Mylapore (DGPOffice),13.04138889,80.27916667,2024-12-26 04:00:00,4.0,7.0,
Chennai Mylapore (DGPOffice),13.04138889,80.27916667,2024-12-26 05:00:00,1.5,7.5,
Chennai Mylapore (DGPOffice),13.04138889,80.27916667,2024-12-26 08:00:00,1.0,,
Chennai Mylapore (DGPOffice),13.04138889,80.27916667,2024-12-26 23:00:00,1.0,,
Chennai Mylapore (DGPOffice),13.04138889,80.27916667,2024-12-27 01:00:00,1.0,,
Chennai Mylapore (DGPOffice),13.04138889,80.27916667,2024-12-27 02:00:00,15.5,,
Chennai Mylapore (DGPOffice),13.04138889,80.27916667,2024-12-27 03:00:00,8.5,25.0,
Chennai Mylapore (DGPOffice),13.04138889,80.27916667,2024-12-27 04:00:00,1.0,25.0,
Chennai Mylapore (DGPOffice),13.04138889,80.27916667,2024-12-27 06:00:00,3.0,,
Chennai Mylapore (DGPOffice),13.04138889,80.27916667,2024-12-29 21:00:00,0.5,,
Chennai Mylapore (DGPOffice),13.04138889,80.27916667,2024-12-30 00:00:00,0.5,,
Chennai Mylapore (DGPOffice),13.04138889,80.27916667,2024-12-30 01:00:00,0.5,,
Chennai Mylapore (DGPOffice),13.04138889,80.27916667,2025-01-10 17:00:00,0.5,,
Chennai Mylapore (DGPOffice),13.04138889,80.27916667,2025-01-13 01:00:00,3.5,,
Chennai Mylapore (DGPOffice),13.04138889,80.27916667,2025-01-13 02:00:00,0.5,,
Chennai Mylapore (DGPOffice),13.04138889,80.27916667,2025-01-18 22:00:00,0.5,,
Chennai Mylapore (DGPOffice),13.04138889,80.27916667,2025-01-19 00:00:00,0.5,,
Chennai Mylapore (DGPOffice),13.04138889,80.27916667,2025-01-19 03:00:00,0.5,,
Chennai Mylapore (DGPOffice),13.04138889,80.27916667,2025-01-19 04:00:00,2.5,,
Chennai Mylapore (DGPOffice),13.04138889,80.27916667,2025-01-19 05:00:00,7.0,10.0,
Chennai Mylapore (DGPOffice),13.04138889,80.27916667,2025-01-19 07:00:00,0.5,,
Chennai Mylapore (DGPOffice),13.04138889,80.27916667,2025-03-11 13:00:00,11.5,,
Chennai Mylapore (DGPOffice),13.04138889,80.27916667,2025-03-11 15:00:00,1.0,,
Chennai Mylapore (DGPOffice),13.04138889,80.27916667,2025-03-11 16:00:00,0.5,,
Chennai Mylapore (DGPOffice),13.04138889,80.27916667,2025-03-11 21:00:00,3.0,,
Chennai Mylapore (DGPOffice),13.04138889,80.27916667,2025-04-17 13:00:00,3.0,,
Chennai Mylapore (DGPOffice),13.04138889,80.27916667,2025-05-12 18:00:00,2.5,,
Chennai Mylapore (DGPOffice),13.04138889,80.27916667,2025-05-19 06:00:00,0.5,,
Chennai Mylapore (DGPOffice),13.04138889,80.27916667,2025-05-19 07:00:00,0.5,,
Chennai Mylapore (DGPOffice),13.04138889,80.27916667,2025-05-19 08:00:00,3.0,4.0,
Chennai Mylapore (DGPOffice),13.04138889,80.27916667,2025-05-19 09:00:00,3.5,7.0,
Chennai Mylapore (DGPOffice),13.04138889,80.27916667,2025-05-20 06:00:00,0.5,,
Chennai Mylapore (DGPOffice),13.04138889,80.27916667,2025-05-20 08:00:00,0.5,,
Chennai Mylapore (DGPOffice),13.04138889,80.27916667,2025-08-11 20:00:00,0.5,,
Chennai Mylapore (DGPOffice),13.04138889,80.27916667,2025-08-12 07:00:00,0.5,,
Chennai Mylapore (DGPOffice),13.04138889,80.27916667,2025-08-22 05:00:00,2.5,,
Chennai Mylapore (DGPOffice),13.04138889,80.27916667,2025-08-22 06:00:00,26.5,,
Chennai Mylapore (DGPOffice),13.04138889,80.27916667,2025-08-22 07:00:00,3.5,32.5,
Chennai Mylapore (DGPOffice),13.04138889,80.27916667,2025-08-23 03:00:00,2.5,,
Chennai Mylapore (DGPOffice),13.04138889,80.27916667,2025-08-23 04:00:00,36.5,,
Chennai Mylapore (DGPOffice),13.04138889,80.27916667,2025-08-23 05:00:00,4.5,43.5,
Chennai Mylapore (DGPOffice),13.04138889,80.27916667,2025-08-23 06:00:00,3.0,44.0,
Chennai Mylapore (DGPOffice),13.04138889,80.27916667,2025-08-23 07:00:00,4.5,12.0,
Chennai Mylapore (DGPOffice),13.04138889,80.27916667,2025-08-23 08:00:00,2.0,9.5,53.0
Chennai Mylapore (DGPOffice),13.04138889,80.27916667,2025-09-01 00:00:00,7.5,,
Chennai Mylapore (DGPOffice),13.04138889,80.27916667,2025-09-01 01:00:00,1.5,,
Chennai Mylapore (DGPOffice),13.04138889,80.27916667,2025-09-01 02:00:00,1.0,10.0,
Chennai Mylapore (DGPOffice),13.04138889,80.27916667,2025-09-02 22:00:00,0.5,,
Chennai Mylapore (DGPOffice),13.04138889,80.27916667,2025-09-02 23:00:00,1.5,,
Chennai Mylapore (DGPOffice),13.04138889,80.27916667,2025-09-05 02:00:00,5.0,,
Chennai Mylapore (DGPOffice),13.04138889,80.27916667,2025-09-05 07:00:00,0.5,,
Chennai Mylapore (DGPOffice),13.04138889,80.27916667,2025-09-07 03:00:00,17.5,,
Chennai Mylapore (DGPOffice),13.04138889,80.27916667,2025-09-09 15:00:00,0.5,,
Chennai Mylapore (DGPOffice),13.04138889,80.27916667,2025-09-10 16:00:00,1.0,,
Chennai Mylapore (DGPOffice),13.04138889,80.27916667,2025-09-10 17:00:00,1.0,,
Chennai Mylapore (DGPOffice),13.04138889,80.27916667,2025-09-14 07:00:00,0.5,,
Chennai Mylapore (DGPOffice),13.04138889,80.27916667,2025-09-16 04:00:00,65.5,,
Chennai Mylapore (DGPOffice),13.04138889,80.27916667,2025-09-16 05:00:00,2.0,,
Chennai Mylapore (DGPOffice),13.04138889,80.27916667,2025-09-16 06:00:00,1.0,68.5,
Chennai Mylapore (DGPOffice),13.04138889,80.27916667,2025-09-17 04:00:00,28.0,,
Chennai Mylapore (DGPOffice),13.04138889,80.27916667,2025-09-17 05:00:00,6.0,,
Chennai Mylapore (DGPOffice),13.04138889,80.27916667,2025-09-18 19:00:00,1.0,,
Chennai Mylapore (DGPOffice),13.04138889,80.27916667,2025-09-18 20:00:00,1.5,,
Chennai Mylapore (DGPOffice),13.04138889,80.27916667,2025-09-18 21:00:00,1.0,3.5,
Chennai Mylapore (DGPOffice),13.04138889,80.27916667,2025-09-20 02:00:00,29.5,,
Chennai Mylapore (DGPOffice),13.04138889,80.27916667,2025-09-20 03:00:00,2.5,,
Chennai Mylapore (DGPOffice),13.04138889,80.27916667,2025-09-20 04:00:00,2.0,34.0,
Chennai Mylapore (DGPOffice),13.04138889,80.27916667,2025-09-20 06:00:00,0.5,,
Chennai Mylapore (DGPOffice),13.04138889,80.27916667,2025-09-20 08:00:00,0.5,,
Chennai Mylapore (DGPOffice),13.04138889,80.27916667,2025-09-22 23:00:00,1.0,,
Chennai Mylapore (DGPOffice),13.04138889,80.27916667,2025-09-26 19:00:00,2.0,,
Chennai Mylapore (DGPOffice),13.04138889,80.27916667,2025-09-26 21:00:00,1.5,,
Chennai Mylapore (DGPOffice),13.04138889,80.27916667,2025-09-30 03:00:00,7.5,,
Chennai Mylapore (DGPOffice),13.04138889,80.27916667,2025-09-30 04:00:00,1.5,,
Chennai Mylapore (DGPOffice),13.04138889,80.27916667,2025-09-30 05:00:00,0.5,9.5,
Chennai Mylapore (DGPOffice),13.04138889,80.27916667,2025-09-30 06:00:00,0.5,2.5,
Chennai Mylapore (DGPOffice),13.04138889,80.27916667,2025-10-02 03:00:00,0.5,,
Chennai Mylapore (DGPOffice),13.04138889,80.27916667,2025-10-03 00:00:00,3.0,,
Chennai Mylapore (DGPOffice),13.04138889,80.27916667,2025-10-03 02:00:00,4.0,,
Chennai Mylapore (DGPOffice),13.04138889,80.27916667,2025-10-03 04:00:00,0.5,,
Chennai Mylapore (DGPOffice),13.04138889,80.27916667,2025-10-03 06:00:00,0.5,,
Chennai Mylapore (DGPOffice),13.04138889,80.27916667,2025-10-05 15:00:00,4.0,,
Chennai Mylapore (DGPOffice),13.04138889,80.27916667,2025-10-13 05:00:00,0.5,,
Chennai Mylapore (DGPOffice),13.04138889,80.27916667,2025-10-14 06:00:00,1.5,,
Chennai Mylapore (DGPOffice),13.04138889,80.27916667,2025-10-14 08:00:00,0.5,,
Chennai Mylapore (DGPOffice),13.04138889,80.27916667,2025-10-15 01:00:00,1.0,,
Chennai Mylapore (DGPOffice),13.04138889,80.27916667,2025-10-15 03:00:00,1.0,,
Chennai Mylapore (DGPOffice),13.04138889,80.27916667,2025-10-15 04:00:00,4.5,,
Chennai Mylapore (DGPOffice),13.04138889,80.27916667,2025-10-15 05:00:00,5.5,11.0,
Chennai Mylapore (DGPOffice),13.04138889,80.27916667,2025-10-15 06:00:00,0.5,10.5,
Chennai Mylapore (DGPOffice),13.04138889,80.27916667,2025-10-15 07:00:00,2.5,8.5,
Chennai Mylapore (DGPOffice),13.04138889,80.27916667,2025-10-15 09:00:00,2.0,,
Chennai Mylapore (DGPOffice),13.04138889,80.27916667,2025-10-15 11:00:00,0.5,,
Chennai Mylapore (DGPOffice),13.04138889,80.27916667,2025-10-15 16:00:00,0.5,,
Chennai Mylapore (DGPOffice),13.04138889,80.27916667,2025-10-15 23:00:00,2.0,,
Chennai Mylapore (DGPOffice),13.04138889,80.27916667,2025-10-17 01:00:00,0.5,,
Chennai Mylapore (DGPOffice),13.04138889,80.27916667,2025-10-17 02:00:00,24.0,,
Chennai Mylapore (DGPOffice),13.04138889,80.27916667,2025-10-17 03:00:00,2.5,27.0,
Chennai Mylapore (DGPOffice),13.04138889,80.27916667,2025-10-17 04:00:00,0.5,27.0,
Chennai Mylapore (DGPOffice),13.04138889,80.27916667,2025-10-17 05:00:00,0.5,3.5,
Chennai Mylapore (DGPOffice),13.04138889,80.27916667,2025-10-17 06:00:00,1.5,2.5,29.5
Chennai Mylapore (DGPOffice),13.04138889,80.27916667,2025-10-17 07:00:00,0.5,2.5,29.5
Chennai Mylapore (DGPOffice),13.04138889,80.27916667,2025-10-17 08:00:00,0.5,2.5,6.0
Chennai Mylapore (DGPOffice),13.04138889,80.27916667,2025-10-17 09:00:00,2.0,3.0,5.5
Chennai Mylapore (DGPOffice),13.04138889,80.27916667,2025-10-17 15:00:00,9.5,,
Chennai Mylapore (DGPOffice),13.04138889,80.27916667,2025-10-17 23:00:00,12.0,,
Chennai Mylapore (DGPOffice),13.04138889,80.27916667,2025-10-18 00:00:00,7.0,,
Chennai Mylapore (DGPOffice),13.04138889,80.27916667,2025-10-18 01:00:00,10.5,29.5,
Chennai Mylapore (DGPOffice),13.04138889,80.27916667,2025-10-18 11:00:00,0.5,,
Chennai Mylapore (DGPOffice),13.04138889,80.27916667,2025-10-18 12:00:00,2.0,,
Chennai Mylapore (DGPOffice),13.04138889,80.27916667,2025-10-18 13:00:00,1.0,3.5,
Chennai Mylapore (DGPOffice),13.04138889,80.27916667,2025-10-18 14:00:00,0.5,3.5,
Chennai Mylapore (DGPOffice),13.04138889,80.27916667,2025-10-19 03:00:00,3.0,,
Chennai Mylapore (DGPOffice),13.04138889,80.27916667,2025-10-19 07:00:00,1.0,,
Chennai Mylapore (DGPOffice),13.04138889,80.27916667,2025-10-19 10:00:00,1.0,,
Chennai Mylapore (DGPOffice),13.04138889,80.27916667,2025-10-19 11:00:00,1.5,,
Chennai Mylapore (DGPOffice),13.04138889,80.27916667,2025-10-20 00:00:00,1.5,,
Chennai Mylapore (DGPOffice),13.04138889,80.27916667,2025-10-20 06:00:00,0.5,,
Chennai Mylapore (DGPOffice),13.04138889,80.27916667,2025-10-20 09:00:00,7.5,,
Chennai Mylapore (DGPOffice),13.04138889,80.27916667,2025-10-20 14:00:00,1.0,,
Chennai Mylapore (DGPOffice),13.04138889,80.27916667,2025-10-21 06:00:00,3.0,,
Chennai Mylapore (DGPOffice),13.04138889,80.27916667,2025-10-21 09:00:00,1.5,,
Chennai Mylapore (DGPOffice),13.04138889,80.27916667,2025-10-21 10:00:00,0.5,,
Chennai Mylapore (DGPOffice),13.04138889,80.27916667,2025-10-21 13:00:00,15.0,,
Chennai Mylapore (DGPOffice),13.04138889,80.27916667,2025-10-21 14:00:00,0.5,,
Chennai Mylapore (DGPOffice),13.04138889,80.27916667,2025-10-21 15:00:00,1.5,17.0,
Chennai Mylapore (DGPOffice),13.04138889,80.27916667,2025-10-21 17:00:00,3.0,,
Chennai Mylapore (DGPOffice),13.04138889,80.27916667,2025-10-21 18:00:00,5.5,,
Chennai Mylapore (DGPOffice),13.04138889,80.27916667,2025-10-21 23:00:00,2.0,,
Chennai Mylapore (DGPOffice),13.04138889,80.27916667,2025-10-22 03:00:00,4.5,,
Chennai Mylapore (DGPOffice),13.04138889,80.27916667,2025-10-22 04:00:00,3.5,,
Chennai Mylapore (DGPOffice),13.04138889,80.27916667,2025-10-22 07:00:00,2.0,,
Chennai Mylapore (DGPOffice),13.04138889,80.27916667,2025-10-22 08:00:00,3.5,,
Chennai Mylapore (DGPOffice),13.04138889,80.27916667,2025-10-22 11:00:00,2.0,,
Chennai Mylapore (DGPOffice),13.04138889,80.27916667,2025-10-22 14:00:00,1.5,,
Chennai Mylapore (DGPOffice),13.04138889,80.27916667,2025-10-23 00:00:00,11.5,,
Chennai Mylapore (DGPOffice),13.04138889,80.27916667,2025-10-23 01:00:00,3.5,,
Chennai Mylapore (DGPOffice),13.04138889,80.27916667,2025-10-23 02:00:00,1.0,16.0,
Chennai Mylapore (DGPOffice),13.04138889,80.27916667,2025-10-23 03:00:00,2.0,6.5,
Chennai Mylapore (DGPOffice),13.04138889,80.27916667,2025-10-23 04:00:00,1.0,4.0,
Chennai Mylapore (DGPOffice),13.04138889,80.27916667,2025-10-23 06:00:00,0.5,,
Chennai Mylapore (DGPOffice),13.04138889,80.27916667,2025-10-24 02:00:00,4.5,,
Chennai Mylapore (DGPOffice),13.04138889,80.27916667,2025-10-24 03:00:00,2.5,,
Chennai Mylapore (DGPOffice),13.04138889,80.27916667,2025-10-24 04:00:00,2.5,9.5,
Chennai Mylapore (DGPOffice),13.04138889,80.27916667,2025-10-24 05:00:00,1.5,6.5,
Chennai Mylapore (DGPOffice),13.04138889,80.27916667,2025-10-24 12:00:00,0.5,,
Chennai Mylapore (DGPOffice),13.04138889,80.27916667,2025-10-24 14:00:00,0.5,,
Chennai Mylapore (DGPOffice),13.04138889,80.27916667,2025-10-25 09:00:00,0.5,,
Chennai Mylapore (DGPOffice),13.04138889,80.27916667,2025-10-27 05:00:00,0.5,,
Chennai Mylapore (DGPOffice),13.04138889,80.27916667,2025-10-27 06:00:00,0.5,,
Chennai Mylapore (DGPOffice),13.04138889,80.27916667,2025-10-27 07:00:00,0.5,1.5,
Chennai Mylapore (DGPOffice),13.04138889,80.27916667,2025-10-27 08:00:00,0.5,1.5,
Chennai Mylapore (DGPOffice),13.04138889,80.27916667,2025-10-27 09:00:00,2.5,3.5,
Chennai Mylapore (DGPOffice),13.04138889,80.27916667,2025-10-27 10:00:00,1.0,4.0,5.5
Chennai Mylapore (DGPOffice),13.04138889,80.27916667,2025-10-27 11:00:00,0.5,4.0,5.5
Chennai Mylapore (DGPOffice),13.04138889,80.27916667,2025-10-27 12:00:00,3.0,4.5,8.0
Chennai Mylapore (DGPOffice),13.04138889,80.27916667,2025-10-27 13:00:00,1.5,5.0,9.0
Chennai Mylapore (DGPOffice),13.04138889,80.27916667,2025-10-27 15:00:00,0.5,,
Chennai Mylapore (DGPOffice),13.04138889,80.27916667,2025-10-27 18:00:00,1.0,,
Chennai Mylapore (DGPOffice),13.04138889,80.27916667,2025-10-27 19:00:00,1.0,,
Chennai Mylapore (DGPOffice),13.04138889,80.27916667,2025-10-27 20:00:00,3.0,5.0,
Chennai Mylapore (DGPOffice),13.04138889,80.27916667,2025-10-27 21:00:00,3.0,7.0,
Chennai Mylapore (DGPOffice),13.04138889,80.27916667,2025-10-27 22:00:00,2.5,8.5,
Chennai Mylapore (DGPOffice),13.04138889,80.27916667,2025-10-27 23:00:00,5.0,10.5,15.5
Chennai Mylapore (DGPOffice),13.04138889,80.27916667,2025-10-28 00:00:00,6.0,13.5,20.5
Chennai Mylapore (DGPOffice),13.04138889,80.27916667,2025-10-28 01:00:00,4.5,15.5,24.0
Chennai Mylapore (DGPOffice),13.04138889,80.27916667,2025-10-28 02:00:00,4.0,14.5,25.0
Chennai Mylapore (DGPOffice),13.04138889,80.27916667,2025-10-28 03:00:00,2.5,11.0,24.5
Chennai Mylapore (DGPOffice),13.04138889,80.27916667,2025-10-28 04:00:00,3.5,10.0,25.5
Chennai Mylapore (DGPOffice),13.04138889,80.27916667,2025-10-28 05:00:00,1.5,7.5,22.0
Chennai Mylapore (DGPOffice),13.04138889,80.27916667,2025-10-28 06:00:00,1.5,6.5,17.5
Chennai Mylapore (DGPOffice),13.04138889,80.27916667,2025-10-28 07:00:00,1.5,4.5,14.5
Chennai Mylapore (DGPOffice),13.04138889,80.27916667,2025-10-28 08:00:00,2.5,5.5,13.0
Chennai Mylapore (DGPOffice),13.04138889,80.27916667,2025-10-28 09:00:00,2.0,6.0,12.5
Chennai Mylapore (DGPOffice),13.04138889,80.27916667,2025-10-28 10:00:00,1.5,6.0,10.5
Chennai Mylapore (DGPOffice),13.04138889,80.27916667,2025-10-28 11:00:00,1.0,4.5,10.0
Chennai Mylapore (DGPOffice),13.04138889,80.27916667,2025-11-05 21:00:00,2.0,,
Chennai Mylapore (DGPOffice),13.04138889,80.27916667,2025-11-06 19:00:00,0.5,,
Chennai Mylapore (DGPOffice),13.04138889,80.27916667,2025-11-06 20:00:00,1.5,,
Chennai Mylapore (DGPOffice),13.04138889,80.27916667,2025-11-13 07:00:00,6.5,,
Chennai Mylapore (DGPOffice),13.04138889,80.27916667,2025-11-13 09:00:00,3.0,,
Chennai Mylapore (DGPOffice),13.04138889,80.27916667,2025-11-17 04:00:00,1.0,,
Chennai Mylapore (DGPOffice),13.04138889,80.27916667,2025-11-17 07:00:00,0.5,,
Chennai Mylapore (DGPOffice),13.04138889,80.27916667,2025-11-17 12:00:00,0.5,,
Chennai Mylapore (DGPOffice),13.04138889,80.27916667,2025-11-17 15:00:00,1.5,,
Chennai Mylapore (DGPOffice),13.04138889,80.27916667,2025-11-17 16:00:00,0.5,,
Chennai Mylapore (DGPOffice),13.04138889,80.27916667,2025-11-17 19:00:00,0.5,,
Chennai Mylapore (DGPOffice),13.04138889,80.27916667,2025-11-17 21:00:00,0.5,,
Chennai Mylapore (DGPOffice),13.04138889,80.27916667,2025-11-18 00:00:00,0.5,,
Chennai Mylapore (DGPOffice),13.04138889,80.27916667,2025-11-18 13:00:00,0.5,,
Chennai Mylapore (DGPOffice),13.04138889,80.27916667,2025-11-18 16:00:00,3.0,,
Chennai Mylapore (DGPOffice),13.04138889,80.27916667,2025-11-18 17:00:00,3.0,,
Chennai Mylapore (DGPOffice),13.04138889,80.27916667,2025-11-18 19:00:00,1.5,,
Chennai Mylapore (DGPOffice),13.04138889,80.27916667,2025-11-18 20:00:00,3.0,,
Chennai Mylapore (DGPOffice),13.04138889,80.27916667,2025-11-21 03:00:00,1.0,,
Chennai Mylapore (DGPOffice),13.04138889,80.27916667,2025-11-21 06:00:00,2.5,,
Chennai Mylapore (DGPOffice),13.04138889,80.27916667,2025-11-21 16:00:00,0.5,,
Chennai Mylapore (DGPOffice),13.04138889,80.27916667,2025-11-21 20:00:00,0.5,,
Chennai Mylapore (DGPOffice),13.04138889,80.27916667,2025-11-21 22:00:00,0.5,,
Chennai Mylapore (DGPOffice),13.04138889,80.27916667,2025-11-21 23:00:00,0.5,,
Chennai Mylapore (DGPOffice),13.04138889,80.27916667,2025-11-22 00:00:00,1.0,2.0,
Chennai Mylapore (DGPOffice),13.04138889,80.27916667,2025-11-22 03:00:00,0.5,,
Chennai Mylapore (DGPOffice),13.04138889,80.27916667,2025-11-23 03:00:00,1.0,,
Chennai Mylapore (DGPOffice),13.04138889,80.27916667,2025-11-23 04:00:00,0.5,,
Chennai Mylapore (DGPOffice),13.04138889,80.27916667,2025-11-30 00:00:00,2.5,,
Chennai Mylapore (DGPOffice),13.04138889,80.27916667,2025-11-30 08:00:00,0.5,,
Chennai Mylapore (DGPOffice),13.04138889,80.27916667,2025-11-30 09:00:00,0.5,,
Chennai Mylapore (DGPOffice),13.04138889,80.27916667,2025-11-30 11:00:00,0.5,,
Chennai Mylapore (DGPOffice),13.04138889,80.27916667,2025-11-30 19:00:00,1.0,,
Chennai Mylapore (DGPOffice),13.04138889,80.27916667,2025-11-30 20:00:00,0.5,,
Chennai Mylapore (DGPOffice),13.04138889,80.27916667,2025-11-30 21:00:00,1.5,3.0,
Chennai Mylapore (DGPOffice),13.04138889,80.27916667,2025-11-30 23:00:00,0.5,,
Chennai Mylapore (DGPOffice),13.04138889,80.27916667,2025-12-01 00:00:00,0.5,,
Chennai Mylapore (DGPOffice),13.04138889,80.27916667,2025-12-01 01:00:00,0.5,1.5,
Chennai Mylapore (DGPOffice),13.04138889,80.27916667,2025-12-01 02:00:00,1.5,2.5,
Chennai Mylapore (DGPOffice),13.04138889,80.27916667,2025-12-01 03:00:00,0.5,2.5,
Chennai Mylapore (DGPOffice),13.04138889,80.27916667,2025-12-01 04:00:00,0.5,2.5,4.0
Chennai Mylapore (DGPOffice),13.04138889,80.27916667,2025-12-01 05:00:00,1.0,2.0,4.5
Chennai Mylapore (DGPOffice),13.04138889,80.27916667,2025-12-01 07:00:00,0.5,,
Chennai Mylapore (DGPOffice),13.04138889,80.27916667,2025-12-01 08:00:00,2.0,,
Chennai Mylapore (DGPOffice),13.04138889,80.27916667,2025-12-01 09:00:00,18.0,20.5,
Chennai Mylapore (DGPOffice),13.04138889,80.27916667,2025-12-01 10:00:00,7.5,27.5,
Chennai Mylapore (DGPOffice),13.04138889,80.27916667,2025-12-01 11:00:00,10.5,36.0,
Chennai Mylapore (DGPOffice),13.04138889,80.27916667,2025-12-01 12:00:00,10.5,28.5,49.0
Chennai Mylapore (DGPOffice),13.04138889,80.27916667,2025-12-01 13:00:00,5.5,26.5,54.0
Chennai Mylapore (DGPOffice),13.04138889,80.27916667,2025-12-01 14:00:00,11.0,27.0,63.0
Chennai Mylapore (DGPOffice),13.04138889,80.27916667,2025-12-01 15:00:00,11.5,28.0,56.5
Chennai Mylapore (DGPOffice),13.04138889,80.27916667,2025-12-01 16:00:00,14.0,36.5,63.0
Chennai Mylapore (DGPOffice),13.04138889,80.27916667,2025-12-01 19:00:00,2.0,,
Chennai Mylapore (DGPOffice),13.04138889,80.27916667,2025-12-01 20:00:00,16.0,,
Chennai Mylapore (DGPOffice),13.04138889,80.27916667,2025-12-01 21:00:00,1.5,19.5,
Chennai Mylapore (DGPOffice),13.04138889,80.27916667,2025-12-01 22:00:00,0.5,18.0,
Chennai Mylapore (DGPOffice),13.04138889,80.27916667,2025-12-01 23:00:00,1.5,3.5,
Chennai Mylapore (DGPOffice),13.04138889,80.27916667,2025-12-02 00:00:00,3.5,5.5,25.0
Chennai Mylapore (DGPOffice),13.04138889,80.27916667,2025-12-02 01:00:00,2.5,7.5,25.5
Chennai Mylapore (DGPOffice),13.04138889,80.27916667,2025-12-02 02:00:00,3.5,9.5,13.0
Chennai Mylapore (DGPOffice),13.04138889,80.27916667,2025-12-02 03:00:00,18.5,24.5,30.0
Chennai Mylapore (DGPOffice),13.04138889,80.27916667,2025-12-02 04:00:00,15.5,37.5,45.0
Chennai Mylapore (DGPOffice),13.04138889,80.27916667,2025-12-02 05:00:00,0.5,34.5,44.0
Chennai Mylapore (DGPOffice),13.04138889,80.27916667,2025-12-02 06:00:00,0.5,16.5,41.0
Chennai Mylapore (DGPOffice),13.04138889,80.27916667,2025-12-02 09:00:00,0.5,,
Chennai Mylapore (DGPOffice),13.04138889,80.27916667,2025-12-02 10:00:00,2.5,,
Chennai Mylapore (DGPOffice),13.04138889,80.27916667,2025-12-02 11:00:00,4.0,7.0,
Chennai Mylapore (DGPOffice),13.04138889,80.27916667,2025-12-02 12:00:00,2.5,9.0,
Chennai Mylapore (DGPOffice),13.04138889,80.27916667,2025-12-02 15:00:00,1.5,,
Chennai Mylapore (DGPOffice),13.04138889,80.27916667,2025-12-02 16:00:00,1.0,,
Chennai Mylapore (DGPOffice),13.04138889,80.27916667,2025-12-02 18:00:00,0.5,,
Chennai Mylapore (DGPOffice),13.04138889,80.27916667,2025-12-02 19:00:00,0.5,,
Chennai Mylapore (DGPOffice),13.04138889,80.27916667,2025-12-02 21:00:00,0.5,,
Chennai Mylapore (DGPOffice),13.04138889,80.27916667,2025-12-02 23:00:00,0.5,,
Chennai Mylapore (DGPOffice),13.04138889,80.27916667,2025-12-03 01:00:00,0.5,,
Chennai Mylapore (DGPOffice),13.04138889,80.27916667,2025-12-03 02:00:00,1.0,,
Chennai Mylapore (DGPOffice),13.04138889,80.27916667,2025-12-03 03:00:00,1.5,3.0,
Chennai Mylapore (DGPOffice),13.04138889,80.27916667,2025-12-03 04:00:00,1.5,4.0,
Chennai Mylapore (DGPOffice),13.04138889,80.27916667,2025-12-03 05:00:00,1.5,4.5,
Chennai Mylapore (DGPOffice),13.04138889,80.27916667,2025-12-03 06:00:00,1.5,4.5,7.5
Chennai Mylapore (DGPOffice),13.04138889,80.27916667,2025-12-03 07:00:00,1.0,4.0,8.0
Chennai Mylapore (DGPOffice),13.04138889,80.27916667,2025-12-03 09:00:00,0.5,,
Chennai Mylapore (DGPOffice),13.04138889,80.27916667,2025-12-03 11:00:00,0.5,,
Chennai Mylapore (DGPOffice),13.04138889,80.27916667,2025-12-03 15:00:00,0.5,,
Chennai Mylapore (DGPOffice),13.04138889,80.27916667,2025-12-03 19:00:00,0.5,,
Chennai Mylapore (DGPOffice),13.04138889,80.27916667,2025-12-03 20:00:00,0.5,,
Chennai Mylapore (DGPOffice),13.04138889,80.27916667,2025-12-03 21:00:00,1.0,2.0,
Chennai Mylapore (DGPOffice),13.04138889,80.27916667,2025-12-03 23:00:00,0.5,,
Chennai Mylapore (DGPOffice),13.04138889,80.27916667,2025-12-04 00:00:00,0.5,,
Chennai Mylapore (DGPOffice),13.04138889,80.27916667,2025-12-04 01:00:00,0.5,1.5,
Chennai Mylapore (DGPOffice),13.04138889,80.27916667,2025-12-04 10:00:00,0.5,,
Chennai Mylapore (DGPOffice),13.04138889,80.27916667,2025-12-04 18:00:00,0.5,,
Chennai Mylapore (DGPOffice),13.04138889,80.27916667,2025-12-05 03:00:00,1.5,,
Chennai Mylapore (DGPOffice),13.04138889,80.27916667,2025-12-05 04:00:00,1.5,,
Chennai Mylapore (DGPOffice),13.04138889,80.27916667,2025-12-05 05:00:00,2.0,5.0,
Chennai Mylapore (DGPOffice),13.04138889,80.27916667,2025-12-05 06:00:00,1.5,5.0,
Chennai Mylapore (DGPOffice),13.04138889,80.27916667,2025-12-05 07:00:00,1.5,5.0,
Chennai Mylapore (DGPOffice),13.04138889,80.27916667,2025-12-05 08:00:00,1.5,4.5,9.5
Chennai Mylapore (DGPOffice),13.04138889,80.27916667,2025-12-05 09:00:00,1.0,4.0,9.0
Chennai Mylapore (DGPOffice),13.04138889,80.27916667,2025-12-05 10:00:00,1.0,3.5,8.5
Chennai Mylapore (DGPOffice),13.04138889,80.27916667,2025-12-05 11:00:00,1.0,3.0,7.5
Chennai Mylapore (DGPOffice),13.04138889,80.27916667,2025-12-05 12:00:00,1.5,3.5,7.5
Chennai Mylapore (DGPOffice),13.04138889,80.27916667,2025-12-05 13:00:00,2.5,5.0,8.5
Chennai Mylapore (DGPOffice),13.04138889,80.27916667,2025-12-05 14:00:00,10.5,14.5,17.5
Chennai Mylapore (DGPOffice),13.04138889,80.27916667,2025-12-05 15:00:00,10.0,23.0,26.5
Chennai Mylapore (DGPOffice),13.04138889,80.27916667,2025-12-05 16:00:00,7.0,27.5,32.5
Chennai Mylapore (DGPOffice),13.04138889,80.27916667,2025-12-05 17:00:00,2.5,19.5,34.0
RedHills,13.18666667,80.18833333,2022-01-17 06:00:00,0.5,,
RedHills,13.18666667,80.18833333,2022-01-17 10:00:00,1.0,,
RedHills,13.18666667,80.18833333,2022-03-04 14:00:00,3.0,,
RedHills,13.18666667,80.18833333,2022-06-19 22:00:00,15.5,,
RedHills,13.18666667,80.18833333,2022-06-19 23:00:00,10.5,,
RedHills,13.18666667,80.18833333,2022-06-20 00:00:00,1.0,27.0,
RedHills,13.18666667,80.18833333,2022-06-20 01:00:00,1.0,12.5,
RedHills,13.18666667,80.18833333,2022-06-20 02:00:00,1.0,3.0,
RedHills,13.18666667,80.18833333,2022-06-20 04:00:00,5.5,,
RedHills,13.18666667,80.18833333,2022-06-20 05:00:00,0.5,,
RedHills,13.18666667,80.18833333,2022-06-20 19:00:00,1.0,,
RedHills,13.18666667,80.18833333,2022-06-20 21:00:00,0.5,,
RedHills,13.18666667,80.18833333,2022-06-20 23:00:00,63.0,,
RedHills,13.18666667,80.18833333,2022-06-21 00:00:00,1.5,,
RedHills,13.18666667,80.18833333,2022-06-21 01:00:00,1.0,65.5,
RedHills,13.18666667,80.18833333,2022-06-21 02:00:00,4.0,6.5,
RedHills,13.18666667,80.18833333,2022-06-21 03:00:00,1.0,6.0,
RedHills,13.18666667,80.18833333,2022-06-21 17:00:00,8.5,,
RedHills,13.18666667,80.18833333,2022-06-21 18:00:00,2.5,,
RedHills,13.18666667,80.18833333,2022-06-21 23:00:00,37.0,,
RedHills,13.18666667,80.18833333,2022-06-22 00:00:00,1.0,,
RedHills,13.18666667,80.18833333,2022-06-22 01:00:00,1.0,39.0,
RedHills,13.18666667,80.18833333,2022-06-22 02:00:00,2.0,4.0,
RedHills,13.18666667,80.18833333,2022-06-22 03:00:00,2.0,5.0,
RedHills,13.18666667,80.18833333,2022-06-22 04:00:00,0.5,4.5,43.5
RedHills,13.18666667,80.18833333,2022-06-24 23:00:00,32.0,,
RedHills,13.18666667,80.18833333,2022-06-25 00:00:00,1.0,,
RedHills,13.18666667,80.18833333,2022-06-25 20:00:00,6.5,,
RedHills,13.18666667,80.18833333,2022-06-29 21:00:00,1.5,,
RedHills,13.18666667,80.18833333,2022-06-29 23:00:00,1.5,,
RedHills,13.18666667,80.18833333,2022-07-03 23:00:00,2.0,,
RedHills,13.18666667,80.18833333,2022-07-04 00:00:00,8.5,,
RedHills,13.18666667,80.18833333,2022-07-05 18:00:00,2.5,,
RedHills,13.18666667,80.18833333,2022-07-05 19:00:00,2.0,,
RedHills,13.18666667,80.18833333,2022-07-05 22:00:00,0.5,,
RedHills,13.18666667,80.18833333,2022-07-06 02:00:00,0.5,,
RedHills,13.18666667,80.18833333,2022-07-09 17:00:00,6.0,,
RedHills,13.18666667,80.18833333,2022-07-09 20:00:00,0.5,,
RedHills,13.18666667,80.18833333,2022-07-09 23:00:00,0.5,,
RedHills,13.18666667,80.18833333,2022-07-10 00:00:00,0.5,,
RedHills,13.18666667,80.18833333,2022-07-10 16:00:00,0.5,,
RedHills,13.18666667,80.18833333,2022-07-10 17:00:00,2.0,,
RedHills,13.18666667,80.18833333,2022-07-12 19:00:00,2.0,,
RedHills,13.18666667,80.18833333,2022-07-13 18:00:00,9.0,,
RedHills,13.18666667,80.18833333,2022-08-03 06:00:00,0.5,,
RedHills,13.18666667,80.18833333,2022-08-03 07:00:00,0.5,,
RedHills,13.18666667,80.18833333,2022-08-03 08:00:00,0.5,1.5,
RedHills,13.18666667,80.18833333,2022-08-03 09:00:00,0.5,1.5,
RedHills,13.18666667,80.18833333,2022-08-03 10:00:00,0.5,1.5,
RedHills,13.18666667,80.18833333,2022-08-04 22:00:00,9.5,,
RedHills,13.18666667,80.18833333,2022-08-04 23:00:00,1.0,,
RedHills,13.18666667,80.18833333,2022-08-06 06:00:00,0.5,,
RedHills,13.18666667,80.18833333,2022-08-13 19:00:00,0.5,,
RedHills,13.18666667,80.18833333,2022-08-18 01:00:00,1.5,,
RedHills,13.18666667,80.18833333,2022-08-21 21:00:00,4.5,,
RedHills,13.18666667,80.18833333,2022-08-21 22:00:00,1.5,,
RedHills,13.18666667,80.18833333,2022-08-21 23:00:00,0.5,6.5,
RedHills,13.18666667,80.18833333,2022-08-22 00:00:00,0.5,2.5,
RedHills,13.18666667,80.18833333,2022-08-22 23:00:00,0.5,,
RedHills,13.18666667,80.18833333,2022-08-23 04:00:00,0.5,,
RedHills,13.18666667,80.18833333,2022-08-24 18:00:00,0.5,,
RedHills,13.18666667,80.18833333,2022-08-24 19:00:00,0.5,,
RedHills,13.18666667,80.18833333,2022-08-24 20:00:00,0.5,1.5,
RedHills,13.18666667,80.18833333,2022-08-25 02:00:00,0.5,,
RedHills,13.18666667,80.18833333,2022-08-25 06:00:00,0.5,,
RedHills,13.18666667,80.18833333,2022-08-25 10:00:00,0.5,,
RedHills,13.18666667,80.18833333,2022-08-25 14:00:00,0.5,,
RedHills,13.18666667,80.18833333,2022-08-25 18:00:00,0.5,,
RedHills,13.18666667,80.18833333,2022-08-25 23:00:00,0.5,,
RedHills,13.18666667,80.18833333,2022-08-26 05:00:00,0.5,,
RedHills,13.18666667,80.18833333,2022-08-26 10:00:00,0.5,,
RedHills,13.18666667,80.18833333,2022-08-26 12:00:00,0.5,,
RedHills,13.18666667,80.18833333,2022-08-26 14:00:00,0.5,,
RedHills,13.18666667,80.18833333,2022-08-26 16:00:00,0.5,,
RedHills,13.18666667,80.18833333,2022-08-26 18:00:00,0.5,,
RedHills,13.18666667,80.18833333,2022-08-26 19:00:00,0.5,,
RedHills,13.18666667,80.18833333,2022-08-26 21:00:00,0.5,,
RedHills,13.18666667,80.18833333,2022-08-26 23:00:00,0.5,,
RedHills,13.18666667,80.18833333,2022-08-27 02:00:00,0.5,,
RedHills,13.18666667,80.18833333,2022-08-27 04:00:00,0.5,,
RedHills,13.18666667,80.18833333,2022-08-27 06:00:00,0.5,,
RedHills,13.18666667,80.18833333,2022-08-27 08:00:00,0.5,,
RedHills,13.18666667,80.18833333,2022-08-27 10:00:00,0.5,,
RedHills,13.18666667,80.18833333,2022-08-27 11:00:00,0.5,,
RedHills,13.18666667,80.18833333,2022-08-27 13:00:00,0.5,,
RedHills,13.18666667,80.18833333,2022-08-27 14:00:00,0.5,,
RedHills,13.18666667,80.18833333,2022-08-27 16:00:00,0.5,,
RedHills,13.18666667,80.18833333,2022-08-27 17:00:00,0.5,,
RedHills,13.18666667,80.18833333,2022-08-27 18:00:00,1.0,2.0,
RedHills,13.18666667,80.18833333,2022-08-27 19:00:00,0.5,2.0,
RedHills,13.18666667,80.18833333,2022-08-27 20:00:00,0.5,2.0,
RedHills,13.18666667,80.18833333,2022-08-27 21:00:00,1.0,2.0,4.0
RedHills,13.18666667,80.18833333,2022-08-27 22:00:00,1.5,3.0,5.0
RedHills,13.18666667,80.18833333,2022-08-27 23:00:00,1.0,3.5,5.5
RedHills,13.18666667,80.18833333,2022-08-28 00:00:00,0.5,3.0,5.0
RedHills,13.18666667,80.18833333,2022-08-28 01:00:00,1.0,2.5,5.5
RedHills,13.18666667,80.18833333,2022-08-28 02:00:00,0.5,2.0,5.5
RedHills,13.18666667,80.18833333,2022-08-28 03:00:00,1.0,2.5,5.5
RedHills,13.18666667,80.18833333,2022-08-28 04:00:00,0.5,2.0,4.5
RedHills,13.18666667,80.18833333,2022-08-28 05:00:00,0.5,2.0,4.0
RedHills,13.18666667,80.18833333,2022-08-28 06:00:00,0.5,1.5,4.0
RedHills,13.18666667,80.18833333,2022-08-28 08:00:00,0.5,,
RedHills,13.18666667,80.18833333,2022-08-28 09:00:00,0.5,,
RedHills,13.18666667,80.18833333,2022-08-28 10:00:00,0.5,1.5,
RedHills,13.18666667,80.18833333,2022-08-28 11:00:00,1.0,2.0,
RedHills,13.18666667,80.18833333,2022-08-28 12:00:00,0.5,2.0,
RedHills,13.18666667,80.18833333,2022-08-28 13:00:00,0.5,2.0,3.5
RedHills,13.18666667,80.18833333,2022-08-28 14:00:00,0.5,1.5,3.5
RedHills,13.18666667,80.18833333,2022-08-28 15:00:00,0.5,1.5,3.5
RedHills,13.18666667,80.18833333,2022-08-28 16:00:00,0.5,1.5,3.5
RedHills,13.18666667,80.18833333,2022-08-28 17:00:00,0.5,1.5,3.0
RedHills,13.18666667,80.18833333,2022-08-28 18:00:00,0.5,1.5,3.0
RedHills,13.18666667,80.18833333,2022-08-28 19:00:00,0.5,1.5,3.0
RedHills,13.18666667,80.18833333,2022-08-28 20:00:00,0.5,1.5,3.0
RedHills,13.18666667,80.18833333,2022-08-28 21:00:00,0.5,1.5,3.0
RedHills,13.18666667,80.18833333,2022-08-28 22:00:00,0.5,1.5,3.0
RedHills,13.18666667,80.18833333,2022-08-28 23:00:00,0.5,1.5,3.0
RedHills,13.18666667,80.18833333,2022-08-29 01:00:00,0.5,,
RedHills,13.18666667,80.18833333,2022-08-29 02:00:00,0.5,,
RedHills,13.18666667,80.18833333,2022-08-29 03:00:00,0.5,1.5,
RedHills,13.18666667,80.18833333,2022-08-29 05:00:00,0.5,,
RedHills,13.18666667,80.18833333,2022-08-29 06:00:00,0.5,,
RedHills,13.18666667,80.18833333,2022-08-29 08:00:00,0.5,,
RedHills,13.18666667,80.18833333,2022-08-29 13:00:00,0.5,,
RedHills,13.18666667,80.18833333,2022-08-29 20:00:00,0.5,,
RedHills,13.18666667,80.18833333,2022-08-30 00:00:00,0.5,,
RedHills,13.18666667,80.18833333,2022-08-30 06:00:00,0.5,,
RedHills,13.18666667,80.18833333,2022-08-30 10:00:00,0.5,,
RedHills,13.18666667,80.18833333,2022-08-30 14:00:00,0.5,,
RedHills,13.18666667,80.18833333,2022-08-30 17:00:00,0.5,,
RedHills,13.18666667,80.18833333,2022-08-30 22:00:00,0.5,,
RedHills,13.18666667,80.18833333,2022-08-31 02:00:00,0.5,,
RedHills,13.18666667,80.18833333,2022-08-31 09:00:00,0.5,,
RedHills,13.18666667,80.18833333,2022-08-31 14:00:00,0.5,,
RedHills,13.18666667,80.18833333,2022-08-31 20:00:00,0.5,,
RedHills,13.18666667,80.18833333,2022-09-01 03:00:00,0.5,,
RedHills,13.18666667,80.18833333,2022-09-01 10:00:00,0.5,,
RedHills,13.18666667,80.18833333,2022-09-01 16:00:00,0.5,,
RedHills,13.18666667,80.18833333,2022-09-02 00:00:00,0.5,,
RedHills,13.18666667,80.18833333,2022-09-02 06:00:00,0.5,,
RedHills,13.18666667,80.18833333,2022-09-02 08:00:00,0.5,,
RedHills,13.18666667,80.18833333,2022-09-02 09:00:00,0.5,,
RedHills,13.18666667,80.18833333,2022-09-02 10:00:00,0.5,1.5,
RedHills,13.18666667,80.18833333,2022-09-02 13:00:00,0.5,,
RedHills,13.18666667,80.18833333,2022-09-02 17:00:00,0.5,,
RedHills,13.18666667,80.18833333,2022-09-02 18:00:00,0.5,,
RedHills,13.18666667,80.18833333,2022-09-02 20:00:00,0.5,,
RedHills,13.18666667,80.18833333,2022-09-02 21:00:00,0.5,,
RedHills,13.18666667,80.18833333,2022-09-03 00:00:00,0.5,,
RedHills,13.18666667,80.18833333,2022-09-03 02:00:00,0.5,,
RedHills,13.18666667,80.18833333,2022-09-03 05:00:00,0.5,,
RedHills,13.18666667,80.18833333,2022-09-03 09:00:00,0.5,,
RedHills,13.18666667,80.18833333,2022-09-03 13:00:00,0.5,,
RedHills,13.18666667,80.18833333,2022-09-03 17:00:00,0.5,,
RedHills,13.18666667,80.18833333,2022-09-03 21:00:00,0.5,,
RedHills,13.18666667,80.18833333,2022-09-04 00:00:00,0.5,,
RedHills,13.18666667,80.18833333,2022-09-04 03:00:00,0.5,,
RedHills,13.18666667,80.18833333,2022-09-04 06:00:00,0.5,,
RedHills,13.18666667,80.18833333,2022-09-04 08:00:00,1.0,,
RedHills,13.18666667,80.18833333,2022-09-04 09:00:00,1.0,,
RedHills,13.18666667,80.18833333,2022-09-04 10:00:00,1.5,3.5,
RedHills,13.18666667,80.18833333,2022-09-04 11:00:00,0.5,3.0,
RedHills,13.18666667,80.18833333,2022-09-04 12:00:00,1.0,3.0,
RedHills,13.18666667,80.18833333,2022-09-04 14:00:00,0.5,,
RedHills,13.18666667,80.18833333,2022-09-04 15:00:00,0.5,,
RedHills,13.18666667,80.18833333,2022-09-04 16:00:00,1.0,2.0,
RedHills,13.18666667,80.18833333,2022-09-04 17:00:00,1.0,2.5,
RedHills,13.18666667,80.18833333,2022-09-04 18:00:00,1.0,3.0,
RedHills,13.18666667,80.18833333,2022-09-04 19:00:00,1.0,3.0,5.0
RedHills,13.18666667,80.18833333,2022-09-04 20:00:00,1.0,3.0,5.5
RedHills,13.18666667,80.18833333,2022-09-04 21:00:00,1.0,3.0,6.0
RedHills,13.18666667,80.18833333,2022-09-04 22:00:00,1.0,3.0,6.0
RedHills,13.18666667,80.18833333,2022-09-04 23:00:00,1.0,3.0,6.0
RedHills,13.18666667,80.18833333,2022-09-05 00:00:00,0.5,2.5,5.5
RedHills,13.18666667,80.18833333,2022-09-05 01:00:00,1.0,2.5,5.5
RedHills,13.18666667,80.18833333,2022-09-05 02:00:00,1.0,2.5,5.5
RedHills,13.18666667,80.18833333,2022-09-05 03:00:00,0.5,2.5,5.0
RedHills,13.18666667,80.18833333,2022-09-05 04:00:00,3.0,4.5,7.0
RedHills,13.18666667,80.18833333,2022-09-05 05:00:00,8.5,12.0,14.5
RedHills,13.18666667,80.18833333,2022-09-05 06:00:00,3.5,15.0,17.5
RedHills,13.18666667,80.18833333,2022-09-07 15:00:00,1.5,,
RedHills,13.18666667,80.18833333,2022-09-07 16:00:00,0.5,,
RedHills,13.18666667,80.18833333,2022-09-08 12:00:00,0.5,,
RedHills,13.18666667,80.18833333,2022-09-09 19:00:00,0.5,,
RedHills,13.18666667,80.18833333,2022-09-16 19:00:00,0.5,,
RedHills,13.18666667,80.18833333,2022-09-16 20:00:00,1.5,,
RedHills,13.18666667,80.18833333,2022-09-16 22:00:00,1.0,,
RedHills,13.18666667,80.18833333,2022-09-16 23:00:00,1.0,,
RedHills,13.18666667,80.18833333,2022-09-17 00:00:00,1.0,3.0,
RedHills,13.18666667,80.18833333,2022-09-17 01:00:00,0.5,2.5,
RedHills,13.18666667,80.18833333,2022-09-17 02:00:00,0.5,2.0,
RedHills,13.18666667,80.18833333,2022-09-17 04:00:00,0.5,,
RedHills,13.18666667,80.18833333,2022-09-17 06:00:00,0.5,,
RedHills,13.18666667,80.18833333,2022-09-17 14:00:00,0.5,,
RedHills,13.18666667,80.18833333,2022-09-17 18:00:00,0.5,,
RedHills,13.18666667,80.18833333,2022-09-17 23:00:00,0.5,,
RedHills,13.18666667,80.18833333,2022-09-18 23:00:00,0.5,,
RedHills,13.18666667,80.18833333,2022-09-19 06:00:00,0.5,,
RedHills,13.18666667,80.18833333,2022-09-20 00:00:00,0.5,,
RedHills,13.18666667,80.18833333,2022-09-20 22:00:00,0.5,,
RedHills,13.18666667,80.18833333,2022-09-21 11:00:00,0.5,,
RedHills,13.18666667,80.18833333,2022-09-22 01:00:00,0.5,,
RedHills,13.18666667,80.18833333,2022-09-22 17:00:00,0.5,,
RedHills,13.18666667,80.18833333,2022-09-23 08:00:00,0.5,,
RedHills,13.18666667,80.18833333,2022-09-25 01:00:00,0.5,,
RedHills,13.18666667,80.18833333,2022-09-25 22:00:00,0.5,,
RedHills,13.18666667,80.18833333,2022-09-28 04:00:00,0.5,,
RedHills,13.18666667,80.18833333,2022-09-28 19:00:00,0.5,,
RedHills,13.18666667,80.18833333,2022-09-29 08:00:00,0.5,,
RedHills,13.18666667,80.18833333,2022-10-02 04:00:00,0.5,,
RedHills,13.18666667,80.18833333,2022-10-02 15:00:00,0.5,,
RedHills,13.18666667,80.18833333,2022-10-03 14:00:00,0.5,,
RedHills,13.18666667,80.18833333,2022-10-04 04:00:00,0.5,,
RedHills,13.18666667,80.18833333,2022-10-04 18:00:00,0.5,,
RedHills,13.18666667,80.18833333,2022-10-05 20:00:00,0.5,,
RedHills,13.18666667,80.18833333,2022-10-06 00:00:00,0.5,,
RedHills,13.18666667,80.18833333,2022-10-06 18:00:00,0.5,,
RedHills,13.18666667,80.18833333,2022-10-06 22:00:00,0.5,,
RedHills,13.18666667,80.18833333,2022-10-07 02:00:00,0.5,,
RedHills,13.18666667,80.18833333,2022-10-07 07:00:00,0.5,,
RedHills,13.18666667,80.18833333,2022-10-07 10:00:00,0.5,,
RedHills,13.18666667,80.18833333,2022-10-08 03:00:00,0.5,,
RedHills,13.18666667,80.18833333,2022-10-08 13:00:00,0.5,,
RedHills,13.18666667,80.18833333,2022-10-08 16:00:00,0.5,,
RedHills,13.18666667,80.18833333,2022-10-08 20:00:00,0.5,,
RedHills,13.18666667,80.18833333,2022-10-09 00:00:00,0.5,,
RedHills,13.18666667,80.18833333,2022-10-09 13:00:00,0.5,,
RedHills,13.18666667,80.18833333,2022-10-09 16:00:00,0.5,,
RedHills,13.18666667,80.18833333,2022-10-09 20:00:00,0.5,,
RedHills,13.18666667,80.18833333,2022-10-10 00:00:00,0.5,,
RedHills,13.18666667,80.18833333,2022-10-10 05:00:00,0.5,,
RedHills,13.18666667,80.18833333,2022-10-10 14:00:00,0.5,,
RedHills,13.18666667,80.18833333,2022-10-10 18:00:00,0.5,,
RedHills,13.18666667,80.18833333,2022-10-10 23:00:00,0.5,,
RedHills,13.18666667,80.18833333,2022-10-11 05:00:00,0.5,,
RedHills,13.18666667,80.18833333,2022-10-11 10:00:00,0.5,,
RedHills,13.18666667,80.18833333,2022-10-11 21:00:00,0.5,,
RedHills,13.18666667,80.18833333,2022-10-12 03:00:00,0.5,,
RedHills,13.18666667,80.18833333,2022-10-12 11:00:00,0.5,,
RedHills,13.18666667,80.18833333,2022-10-13 01:00:00,0.5,,
RedHills,13.18666667,80.18833333,2022-10-13 15:00:00,0.5,,
RedHills,13.18666667,80.18833333,2022-10-13 16:00:00,0.5,,
RedHills,13.18666667,80.18833333,2022-10-13 17:00:00,0.5,1.5,
RedHills,13.18666667,80.18833333,2022-10-13 20:00:00,0.5,,
RedHills,13.18666667,80.18833333,2022-10-14 05:00:00,0.5,,
RedHills,13.18666667,80.18833333,2022-10-14 06:00:00,0.5,,
RedHills,13.18666667,80.18833333,2022-10-14 07:00:00,0.5,1.5,
RedHills,13.18666667,80.18833333,2022-10-14 09:00:00,0.5,,
RedHills,13.18666667,80.18833333,2022-10-14 10:00:00,0.5,,
RedHills,13.18666667,80.18833333,2022-10-14 15:00:00,1.0,,
RedHills,13.18666667,80.18833333,2022-10-14 18:00:00,0.5,,
RedHills,13.18666667,80.18833333,2022-10-14 19:00:00,1.0,,
RedHills,13.18666667,80.18833333,2022-10-15 01:00:00,0.5,,
RedHills,13.18666667,80.18833333,2022-10-15 03:00:00,0.5,,
RedHills,13.18666667,80.18833333,2022-10-15 05:00:00,0.5,,
RedHills,13.18666667,80.18833333,2022-10-15 09:00:00,0.5,,
RedHills,13.18666667,80.18833333,2022-10-15 11:00:00,0.5,,
RedHills,13.18666667,80.18833333,2022-10-15 22:00:00,0.5,,
RedHills,13.18666667,80.18833333,2022-10-16 00:00:00,3.5,,
RedHills,13.18666667,80.18833333,2022-10-16 06:00:00,1.5,,
RedHills,13.18666667,80.18833333,2022-10-16 08:00:00,2.0,,
RedHills,13.18666667,80.18833333,2022-10-16 10:00:00,1.5,,
RedHills,13.18666667,80.18833333,2022-10-16 17:00:00,0.5,,
RedHills,13.18666667,80.18833333,2022-10-16 19:00:00,0.5,,
RedHills,13.18666667,80.18833333,2022-10-17 00:00:00,0.5,,
RedHills,13.18666667,80.18833333,2022-10-17 01:00:00,0.5,,
RedHills,13.18666667,80.18833333,2022-10-17 03:00:00,0.5,,
RedHills,13.18666667,80.18833333,2022-10-17 11:00:00,1.0,,
RedHills,13.18666667,80.18833333,2022-10-17 12:00:00,2.0,,
RedHills,13.18666667,80.18833333,2022-10-21 04:00:00,5.5,,
RedHills,13.18666667,80.18833333,2022-10-21 05:00:00,2.5,,
RedHills,13.18666667,80.18833333,2022-10-22 21:00:00,0.5,,
RedHills,13.18666667,80.18833333,2022-10-27 10:00:00,2.5,,
RedHills,13.18666667,80.18833333,2022-10-27 11:00:00,1.0,,
RedHills,13.18666667,80.18833333,2022-10-27 13:00:00,4.0,,
RedHills,13.18666667,80.18833333,2022-10-27 14:00:00,4.0,,
RedHills,13.18666667,80.18833333,2022-10-27 15:00:00,0.5,8.5,
RedHills,13.18666667,80.18833333,2022-10-27 20:00:00,0.5,,
RedHills,13.18666667,80.18833333,2022-10-27 21:00:00,0.5,,
RedHills,13.18666667,80.18833333,2022-10-27 22:00:00,56.0,57.0,
RedHills,13.18666667,80.18833333,2022-10-30 10:00:00,0.5,,
RedHills,13.18666667,80.18833333,2022-10-31 20:00:00,94.0,,
RedHills,13.18666667,80.18833333,2022-11-03 13:00:00,1.0,,
RedHills,13.18666667,80.18833333,2022-11-03 14:00:00,14.5,,
RedHills,13.18666667,80.18833333,2022-11-03 15:00:00,5.5,21.0,
RedHills,13.18666667,80.18833333,2022-11-03 17:00:00,0.5,,
RedHills,13.18666667,80.18833333,2022-11-03 18:00:00,4.5,,
RedHills,13.18666667,80.18833333,2022-11-03 19:00:00,0.5,5.5,
RedHills,13.18666667,80.18833333,2022-11-04 10:00:00,0.5,,
RedHills,13.18666667,80.18833333,2022-11-04 11:00:00,2.0,,
RedHills,13.18666667,80.18833333,2022-11-04 12:00:00,3.0,5.5,
RedHills,13.18666667,80.18833333,2022-11-04 13:00:00,4.0,9.0,
RedHills,13.18666667,80.18833333,2022-11-04 14:00:00,2.0,9.0,
RedHills,13.18666667,80.18833333,2022-11-05 14:00:00,7.5,,
RedHills,13.18666667,80.18833333,2022-11-09 15:00:00,1.5,,
RedHills,13.18666667,80.18833333,2022-11-09 18:00:00,0.5,,
RedHills,13.18666667,80.18833333,2022-11-09 19:00:00,8.0,,
RedHills,13.18666667,80.18833333,2022-11-09 22:00:00,3.5,,
RedHills,13.18666667,80.18833333,2022-11-10 02:00:00,4.0,,
RedHills,13.18666667,80.18833333,2022-11-10 03:00:00,1.0,,
RedHills,13.18666667,80.18833333,2022-11-10 06:00:00,0.5,,
RedHills,13.18666667,80.18833333,2022-11-10 08:00:00,1.5,,
RedHills,13.18666667,80.18833333,2022-11-10 09:00:00,0.5,,
RedHills,13.18666667,80.18833333,2022-11-10 10:00:00,2.0,4.0,
RedHills,13.18666667,80.18833333,2022-11-10 12:00:00,1.5,,
RedHills,13.18666667,80.18833333,2022-11-10 19:00:00,20.0,,
RedHills,13.18666667,80.18833333,2022-11-11 22:00:00,3.5,,
RedHills,13.18666667,80.18833333,2022-11-14 08:00:00,1.0,,
RedHills,13.18666667,80.18833333,2022-11-14 12:00:00,2.5,,
RedHills,13.18666667,80.18833333,2022-11-14 14:00:00,0.5,,
RedHills,13.18666667,80.18833333,2022-11-15 11:00:00,2.5,,
RedHills,13.18666667,80.18833333,2022-11-15 13:00:00,1.0,,
RedHills,13.18666667,80.18833333,2022-11-15 14:00:00,1.0,,
RedHills,13.18666667,80.18833333,2022-11-15 20:00:00,1.0,,
RedHills,13.18666667,80.18833333,2022-11-16 16:00:00,0.5,,
RedHills,13.18666667,80.18833333,2022-11-16 17:00:00,4.0,,
RedHills,13.18666667,80.18833333,2022-11-16 18:00:00,5.0,9.5,
RedHills,13.18666667,80.18833333,2022-11-16 19:00:00,3.5,12.5,
RedHills,13.18666667,80.18833333,2022-11-21 05:00:00,1.5,,
RedHills,13.18666667,80.18833333,2022-12-04 15:00:00,1.5,,
RedHills,13.18666667,80.18833333,2022-12-04 21:00:00,0.5,,
RedHills,13.18666667,80.18833333,2022-12-05 04:00:00,0.5,,
RedHills,13.18666667,80.18833333,2022-12-06 07:00:00,0.5,,
RedHills,13.18666667,80.18833333,2022-12-06 13:00:00,0.5,,
RedHills,13.18666667,80.18833333,2022-12-08 00:00:00,0.5,,
RedHills,13.18666667,80.18833333,2022-12-14 09:00:00,10.5,,
RedHills,13.18666667,80.18833333,2022-12-14 10:00:00,13.5,,
RedHills,13.18666667,80.18833333,2022-12-14 22:00:00,2.0,,
RedHills,13.18666667,80.18833333,2022-12-15 01:00:00,3.0,,
RedHills,13.18666667,80.18833333,2022-12-15 02:00:00,0.5,,
RedHills,13.18666667,80.18833333,2022-12-15 23:00:00,0.5,,
RedHills,13.18666667,80.18833333,2022-12-16 03:00:00,1.0,,
RedHills,13.18666667,80.18833333,2022-12-18 12:00:00,4.5,,
RedHills,13.18666667,80.18833333,2022-12-21 14:00:00,1.0,,
RedHills,13.18666667,80.18833333,2022-12-24 22:00:00,0.5,,
RedHills,13.18666667,80.18833333,2023-01-31 11:00:00,6.0,,
RedHills,13.18666667,80.18833333,2023-03-17 05:00:00,3.0,,
RedHills,13.18666667,80.18833333,2023-03-17 06:00:00,0.5,,
RedHills,13.18666667,80.18833333,2023-03-17 11:00:00,0.5,,
RedHills,13.18666667,80.18833333,2023-03-17 12:00:00,1.0,,
RedHills,13.18666667,80.18833333,2023-03-19 08:00:00,0.5,,
RedHills,13.18666667,80.18833333,2023-03-20 04:00:00,7.0,,
RedHills,13.18666667,80.18833333,2023-03-20 05:00:00,7.5,,
RedHills,13.18666667,80.18833333,2023-03-20 18:00:00,41.5,,
RedHills,13.18666667,80.18833333,2023-03-20 19:00:00,1.0,,
RedHills,13.18666667,80.18833333,2023-04-22 15:00:00,9.0,,
RedHills,13.18666667,80.18833333,2023-04-24 02:00:00,7.0,,
RedHills,13.18666667,80.18833333,2023-05-01 21:00:00,0.5,,
RedHills,13.18666667,80.18833333,2023-05-01 22:00:00,0.5,,
RedHills,13.18666667,80.18833333,2023-05-01 23:00:00,1.0,2.0,
RedHills,13.18666667,80.18833333,2023-05-02 01:00:00,0.5,,
RedHills,13.18666667,80.18833333,2023-05-02 05:00:00,0.5,,
RedHills,13.18666667,80.18833333,2023-05-02 07:00:00,0.5,,
RedHills,13.18666667,80.18833333,2023-05-02 08:00:00,0.5,,
RedHills,13.18666667,80.18833333,2023-05-02 11:00:00,0.5,,
RedHills,13.18666667,80.18833333,2023-05-02 12:00:00,2.0,,
RedHills,13.18666667,80.18833333,2023-05-02 13:00:00,1.5,4.0,
RedHills,13.18666667,80.18833333,2023-05-02 14:00:00,1.0,4.5,
RedHills,13.18666667,80.18833333,2023-05-02 15:00:00,0.5,3.0,
RedHills,13.18666667,80.18833333,2023-05-02 16:00:00,0.5,2.0,6.0
RedHills,13.18666667,80.18833333,2023-05-02 17:00:00,0.5,1.5,6.0
RedHills,13.18666667,80.18833333,2023-05-02 20:00:00,0.5,,
RedHills,13.18666667,80.18833333,2023-05-04 05:00:00,0.5,,
RedHills,13.18666667,80.18833333,2023-05-10 19:00:00,0.5,,
RedHills,13.18666667,80.18833333,2023-05-11 01:00:00,0.5,,
RedHills,13.18666667,80.18833333,2023-06-06 16:00:00,4.0,,
RedHills,13.18666667,80.18833333,2023-06-11 20:00:00,3.5,,
RedHills,13.18666667,80.18833333,2023-06-11 21:00:00,0.5,,
RedHills,13.18666667,80.18833333,2023-06-11 22:00:00,0.5,4.5,
RedHills,13.18666667,80.18833333,2023-06-11 23:00:00,3.5,4.5,
RedHills,13.18666667,80.18833333,2023-06-18 10:00:00,1.0,,
RedHills,13.18666667,80.18833333,2023-06-18 11:00:00,1.0,,
RedHills,13.18666667,80.18833333,2023-06-18 12:00:00,0.5,2.5,
RedHills,13.18666667,80.18833333,2023-06-18 13:00:00,0.5,2.0,
RedHills,13.18666667,80.18833333,2023-06-19 00:00:00,7.0,,
RedHills,13.18666667,80.18833333,2023-06-19 01:00:00,2.0,,
RedHills,13.18666667,80.18833333,2023-06-19 02:00:00,1.0,10.0,
RedHills,13.18666667,80.18833333,2023-06-19 03:00:00,12.0,15.0,
RedHills,13.18666667,80.18833333,2023-06-19 04:00:00,11.0,24.0,
RedHills,13.18666667,80.18833333,2023-06-19 05:00:00,1.5,24.5,34.5
RedHills,13.18666667,80.18833333,2023-06-19 06:00:00,0.5,13.0,28.0
RedHills,13.18666667,80.18833333,2023-06-19 07:00:00,5.0,7.0,31.0
RedHills,13.18666667,80.18833333,2023-06-19 08:00:00,0.5,6.0,30.5
RedHills,13.18666667,80.18833333,2023-06-19 09:00:00,1.0,6.5,19.5
RedHills,13.18666667,80.18833333,2023-06-19 10:00:00,2.5,4.0,11.0
RedHills,13.18666667,80.18833333,2023-06-19 11:00:00,1.5,5.0,11.0
RedHills,13.18666667,80.18833333,2023-06-19 13:00:00,0.5,,
RedHills,13.18666667,80.18833333,2023-06-19 14:00:00,5.5,,
RedHills,13.18666667,80.18833333,2023-06-19 19:00:00,0.5,,
RedHills,13.18666667,80.18833333,2023-06-20 00:00:00,1.5,,
RedHills,13.18666667,80.18833333,2023-06-20 01:00:00,9.5,,
RedHills,13.18666667,80.18833333,2023-06-20 02:00:00,1.5,12.5,
RedHills,13.18666667,80.18833333,2023-06-20 06:00:00,1.0,,
RedHills,13.18666667,80.18833333,2023-06-20 07:00:00,2.5,,
RedHills,13.18666667,80.18833333,2023-06-21 03:00:00,3.5,,
RedHills,13.18666667,80.18833333,2023-06-21 04:00:00,1.5,,
RedHills,13.18666667,80.18833333,2023-06-21 05:00:00,0.5,5.5,
RedHills,13.18666667,80.18833333,2023-06-22 16:00:00,1.5,,
RedHills,13.18666667,80.18833333,2023-06-24 02:00:00,8.5,,
RedHills,13.18666667,80.18833333,2023-06-24 03:00:00,3.5,,
RedHills,13.18666667,80.18833333,2023-06-29 00:00:00,1.0,,
RedHills,13.18666667,80.18833333,2023-06-29 01:00:00,1.0,,
RedHills,13.18666667,80.18833333,2023-06-29 02:00:00,2.0,4.0,
RedHills,13.18666667,80.18833333,2023-07-01 20:00:00,4.0,,
RedHills,13.18666667,80.18833333,2023-07-03 03:00:00,1.5,,
RedHills,13.18666667,80.18833333,2023-07-03 04:00:00,0.5,,
RedHills,13.18666667,80.18833333,2023-07-09 20:00:00,2.0,,
RedHills,13.18666667,80.18833333,2023-07-09 21:00:00,4.5,,
RedHills,13.18666667,80.18833333,2023-07-09 22:00:00,0.5,7.0,
RedHills,13.18666667,80.18833333,2023-07-13 03:00:00,1.0,,
RedHills,13.18666667,80.18833333,2023-07-13 04:00:00,1.0,,
RedHills,13.18666667,80.18833333,2023-07-13 05:00:00,1.0,3.0,
RedHills,13.18666667,80.18833333,2023-07-13 19:00:00,1.0,,
RedHills,13.18666667,80.18833333,2023-07-13 23:00:00,6.0,,
RedHills,13.18666667,80.18833333,2023-07-22 21:00:00,5.0,,
RedHills,13.18666667,80.18833333,2023-07-22 22:00:00,3.5,,
RedHills,13.18666667,80.18833333,2023-07-22 23:00:00,1.5,10.0,
RedHills,13.18666667,80.18833333,2023-07-23 12:00:00,0.5,,
RedHills,13.18666667,80.18833333,2023-07-23 13:00:00,0.5,,
RedHills,13.18666667,80.18833333,2023-07-23 15:00:00,1.0,,
RedHills,13.18666667,80.18833333,2023-07-24 19:00:00,1.0,,
RedHills,13.18666667,80.18833333,2023-07-24 20:00:00,6.5,,
RedHills,13.18666667,80.18833333,2023-07-24 21:00:00,2.5,10.0,
RedHills,13.18666667,80.18833333,2023-07-25 14:00:00,0.5,,
RedHills,13.18666667,80.18833333,2023-07-25 17:00:00,0.5,,
RedHills,13.18666667,80.18833333,2023-07-25 21:00:00,0.5,,
RedHills,13.18666667,80.18833333,2023-07-26 01:00:00,0.5,,
RedHills,13.18666667,80.18833333,2023-07-26 10:00:00,0.5,,
RedHills,13.18666667,80.18833333,2023-08-04 18:00:00,4.0,,
RedHills,13.18666667,80.18833333,2023-08-07 02:00:00,0.5,,
RedHills,13.18666667,80.18833333,2023-08-12 14:00:00,4.0,,
RedHills,13.18666667,80.18833333,2023-08-12 15:00:00,1.0,,
RedHills,13.18666667,80.18833333,2023-08-13 19:00:00,5.0,,
RedHills,13.18666667,80.18833333,2023-08-13 20:00:00,3.0,,
RedHills,13.18666667,80.18833333,2023-08-13 23:00:00,4.0,,
RedHills,13.18666667,80.18833333,2023-08-14 00:00:00,3.0,,
RedHills,13.18666667,80.18833333,2023-08-14 01:00:00,1.0,8.0,
RedHills,13.18666667,80.18833333,2023-08-14 03:00:00,0.5,,
RedHills,13.18666667,80.18833333,2023-08-14 04:00:00,0.5,,
RedHills,13.18666667,80.18833333,2023-08-14 22:00:00,1.5,,
RedHills,13.18666667,80.18833333,2023-08-14 23:00:00,4.5,,
RedHills,13.18666667,80.18833333,2023-08-16 03:00:00,8.0,,
RedHills,13.18666667,80.18833333,2023-08-16 22:00:00,0.5,,
RedHills,13.18666667,80.18833333,2023-08-16 23:00:00,3.0,,
RedHills,13.18666667,80.18833333,2023-08-17 00:00:00,0.5,4.0,
RedHills,13.18666667,80.18833333,2023-08-17 02:00:00,1.0,,
RedHills,13.18666667,80.18833333,2023-08-17 19:00:00,0.5,,
RedHills,13.18666667,80.18833333,2023-08-17 20:00:00,9.5,,
RedHills,13.18666667,80.18833333,2023-08-17 23:00:00,3.0,,
RedHills,13.18666667,80.18833333,2023-08-18 00:00:00,0.5,,
RedHills,13.18666667,80.18833333,2023-08-19 20:00:00,16.5,,
RedHills,13.18666667,80.18833333,2023-08-23 02:00:00,5.0,,
RedHills,13.18666667,80.18833333,2023-08-23 03:00:00,7.5,,
RedHills,13.18666667,80.18833333,2023-08-23 05:00:00,14.5,,
RedHills,13.18666667,80.18833333,2023-08-23 06:00:00,1.0,,
RedHills,13.18666667,80.18833333,2023-08-23 07:00:00,0.5,16.0,
RedHills,13.18666667,80.18833333,2023-08-24 01:00:00,21.0,,
RedHills,13.18666667,80.18833333,2023-08-24 02:00:00,1.5,,
RedHills,13.18666667,80.18833333,2023-08-24 03:00:00,2.0,24.5,
RedHills,13.18666667,80.18833333,2023-08-24 04:00:00,2.0,5.5,
RedHills,13.18666667,80.18833333,2023-08-24 05:00:00,1.0,5.0,
RedHills,13.18666667,80.18833333,2023-08-24 06:00:00,0.5,3.5,28.0
RedHills,13.18666667,80.18833333,2023-08-26 17:00:00,2.0,,
RedHills,13.18666667,80.18833333,2023-08-26 21:00:00,0.5,,
RedHills,13.18666667,80.18833333,2023-08-27 01:00:00,2.5,,
RedHills,13.18666667,80.18833333,2023-08-27 02:00:00,1.0,,
RedHills,13.18666667,80.18833333,2023-08-27 03:00:00,13.5,17.0,
RedHills,13.18666667,80.18833333,2023-08-29 04:00:00,16.0,,
RedHills,13.18666667,80.18833333,2023-08-29 05:00:00,5.0,,
RedHills,13.18666667,80.18833333,2023-08-29 06:00:00,1.0,22.0,
RedHills,13.18666667,80.18833333,2023-08-29 07:00:00,1.0,7.0,
RedHills,13.18666667,80.18833333,2023-08-30 17:00:00,20.5,,
RedHills,13.18666667,80.18833333,2023-08-30 18:00:00,0.5,,
RedHills,13.18666667,80.18833333,2023-09-03 17:00:00,4.5,,
RedHills,13.18666667,80.18833333,2023-09-03 18:00:00,3.5,,
RedHills,13.18666667,80.18833333,2023-09-04 19:00:00,0.5,,
RedHills,13.18666667,80.18833333,2023-09-07 20:00:00,3.5,,
RedHills,13.18666667,80.18833333,2023-09-07 21:00:00,3.0,,
RedHills,13.18666667,80.18833333,2023-09-07 22:00:00,11.0,17.5,
RedHills,13.18666667,80.18833333,2023-09-07 23:00:00,6.0,20.0,
RedHills,13.18666667,80.18833333,2023-09-08 00:00:00,2.0,19.0,
RedHills,13.18666667,80.18833333,2023-09-09 18:00:00,2.5,,
RedHills,13.18666667,80.18833333,2023-09-13 22:00:00,1.5,,
RedHills,13.18666667,80.18833333,2023-09-13 23:00:00,0.5,,
RedHills,13.18666667,80.18833333,2023-09-14 00:00:00,0.5,2.5,
RedHills,13.18666667,80.18833333,2023-09-14 01:00:00,0.5,1.5,
RedHills,13.18666667,80.18833333,2023-09-14 19:00:00,1.5,,
RedHills,13.18666667,80.18833333,2023-09-15 19:00:00,3.0,,
RedHills,13.18666667,80.18833333,2023-09-16 00:00:00,9.0,,
RedHills,13.18666667,80.18833333,2023-09-16 16:00:00,1.0,,
RedHills,13.18666667,80.18833333,2023-09-16 19:00:00,0.5,,
RedHills,13.18666667,80.18833333,2023-09-16 22:00:00,7.5,,
RedHills,13.18666667,80.18833333,2023-09-16 23:00:00,2.0,,
RedHills,13.18666667,80.18833333,2023-09-17 00:00:00,2.0,11.5,
RedHills,13.18666667,80.18833333,2023-09-17 01:00:00,2.0,6.0,
RedHills,13.18666667,80.18833333,2023-09-18 01:00:00,7.0,,
RedHills,13.18666667,80.18833333,2023-09-18 18:00:00,3.0,,
RedHills,13.18666667,80.18833333,2023-09-19 01:00:00,7.5,,
RedHills,13.18666667,80.18833333,2023-09-19 02:00:00,1.0,,
RedHills,13.18666667,80.18833333,2023-09-19 03:00:00,1.5,10.0,
RedHills,13.18666667,80.18833333,2023-09-21 09:00:00,2.0,,
RedHills,13.18666667,80.18833333,2023-09-26 06:00:00,7.0,,
RedHills,13.18666667,80.18833333,2023-09-26 07:00:00,8.0,,
RedHills,13.18666667,80.18833333,2023-11-03 10:00:00,1.0,,
RedHills,13.18666667,80.18833333,2023-11-16 12:00:00,27.0,,
RedHills,13.18666667,80.18833333,2023-11-20 13:00:00,8.0,,
RedHills,13.18666667,80.18833333,2023-12-04 03:00:00,2.0,,
RedHills,13.18666667,80.18833333,2023-12-04 04:00:00,4.0,,
RedHills,13.18666667,80.18833333,2023-12-04 05:00:00,9.0,15.0,
RedHills,13.18666667,80.18833333,2023-12-04 06:00:00,4.0,17.0,
RedHills,13.18666667,80.18833333,2023-12-04 07:00:00,1.0,14.0,
RedHills,13.18666667,80.18833333,2023-12-04 08:00:00,3.0,8.0,23.0
RedHills,13.18666667,80.18833333,2023-12-04 09:00:00,3.0,7.0,24.0
RedHills,13.18666667,80.18833333,2023-12-04 10:00:00,7.5,13.5,27.5
RedHills,13.18666667,80.18833333,2023-12-04 11:00:00,7.0,17.5,25.5
RedHills,13.18666667,80.18833333,2023-12-04 12:00:00,4.5,19.0,26.0
RedHills,13.18666667,80.18833333,2023-12-04 13:00:00,2.0,13.5,27.0
RedHills,13.18666667,80.18833333,2023-12-04 14:00:00,2.0,8.5,26.0
RedHills,13.18666667,80.18833333,2023-12-04 15:00:00,1.0,5.0,24.0
RedHills,13.18666667,80.18833333,2023-12-04 16:00:00,2.0,5.0,18.5
RedHills,13.18666667,80.18833333,2023-12-04 17:00:00,1.0,4.0,12.5
RedHills,13.18666667,80.18833333,2023-12-04 19:00:00,1.0,,
RedHills,13.18666667,80.18833333,2024-05-19 02:00:00,10.5,,
RedHills,13.18666667,80.18833333,2024-05-20 09:00:00,0.5,,
RedHills,13.18666667,80.18833333,2024-05-21 05:00:00,1.0,,
RedHills,13.18666667,80.18833333,2024-05-22 03:00:00,1.0,,
RedHills,13.18666667,80.18833333,2024-05-22 19:00:00,0.5,,
RedHills,13.18666667,80.18833333,2024-05-22 23:00:00,0.5,,
RedHills,13.18666667,80.18833333,2024-06-06 20:00:00,14.0,,
RedHills,13.18666667,80.18833333,2024-06-08 00:00:00,2.0,,
RedHills,13.18666667,80.18833333,2024-06-08 17:00:00,0.5,,
RedHills,13.18666667,80.18833333,2024-06-11 20:00:00,0.5,,
RedHills,13.18666667,80.18833333,2024-06-11 21:00:00,12.0,,
RedHills,13.18666667,80.18833333,2024-06-11 22:00:00,4.0,16.5,
RedHills,13.18666667,80.18833333,2024-06-18 23:00:00,1.0,,
RedHills,13.18666667,80.18833333,2024-07-14 09:00:00,0.5,,
RedHills,13.18666667,80.18833333,2024-07-14 15:00:00,0.5,,
RedHills,13.18666667,80.18833333,2024-07-15 11:00:00,0.5,,
RedHills,13.18666667,80.18833333,2024-07-15 12:00:00,0.5,,
RedHills,13.18666667,80.18833333,2024-07-15 13:00:00,0.5,1.5,
RedHills,13.18666667,80.18833333,2024-07-15 14:00:00,0.5,1.5,
RedHills,13.18666667,80.18833333,2024-07-15 15:00:00,1.0,2.0,
RedHills,13.18666667,80.18833333,2024-09-21 01:00:00,1.0,,
RedHills,13.18666667,80.18833333,2024-09-21 04:00:00,1.0,,
RedHills,13.18666667,80.18833333,2024-09-21 05:00:00,1.0,,
RedHills,13.18666667,80.18833333,2024-09-21 06:00:00,1.5,3.5,
RedHills,13.18666667,80.18833333,2024-09-21 07:00:00,0.5,3.0,
RedHills,13.18666667,80.18833333,2024-09-25 22:00:00,11.0,,
RedHills,13.18666667,80.18833333,2024-09-27 15:00:00,1.0,,
RedHills,13.18666667,80.18833333,2024-10-02 23:00:00,0.5,,
RedHills,13.18666667,80.18833333,2024-10-03 16:00:00,0.5,,
RedHills,13.18666667,80.18833333,2024-10-08 04:00:00,0.5,,
RedHills,13.18666667,80.18833333,2024-10-09 02:00:00,0.5,,
RedHills,13.18666667,80.18833333,2024-10-17 12:00:00,19.0,,
RedHills,13.18666667,80.18833333,2024-10-30 13:00:00,26.0,,
RedHills,13.18666667,80.18833333,2024-10-30 14:00:00,30.0,,
RedHills,13.18666667,80.18833333,2024-11-01 01:00:00,9.5,,
RedHills,13.18666667,80.18833333,2024-11-01 15:00:00,3.0,,
RedHills,13.18666667,80.18833333,2024-11-07 02:00:00,3.0,,
RedHills,13.18666667,80.18833333,2024-11-07 03:00:00,11.0,,
RedHills,13.18666667,80.18833333,2024-11-07 04:00:00,5.0,19.0,
RedHills,13.18666667,80.18833333,2024-11-07 10:00:00,1.5,,
RedHills,13.18666667,80.18833333,2024-11-07 11:00:00,0.5,,
RedHills,13.18666667,80.18833333,2024-11-07 13:00:00,2.5,,
RedHills,13.18666667,80.18833333,2024-11-11 23:00:00,1.0,,
RedHills,13.18666667,80.18833333,2024-11-12 01:00:00,1.0,,
RedHills,13.18666667,80.18833333,2024-11-12 05:00:00,0.5,,
RedHills,13.18666667,80.18833333,2024-11-12 06:00:00,0.5,,
RedHills,13.18666667,80.18833333,2024-11-12 07:00:00,1.0,2.0,
RedHills,13.18666667,80.18833333,2024-11-12 08:00:00,3.0,4.5,
RedHills,13.18666667,80.18833333,2024-11-12 09:00:00,8.0,12.0,
RedHills,13.18666667,80.18833333,2024-11-12 10:00:00,6.0,17.0,19.0
RedHills,13.18666667,80.18833333,2024-11-12 11:00:00,2.0,16.0,20.5
RedHills,13.18666667,80.18833333,2024-11-12 12:00:00,2.0,10.0,22.0
RedHills,13.18666667,80.18833333,2024-11-12 20:00:00,1.0,,
RedHills,13.18666667,80.18833333,2024-11-13 01:00:00,1.0,,
RedHills,13.18666667,80.18833333,2024-11-13 02:00:00,1.0,,
RedHills,13.18666667,80.18833333,2024-11-13 03:00:00,2.0,4.0,
RedHills,13.18666667,80.18833333,2024-11-13 05:00:00,1.0,,
RedHills,13.18666667,80.18833333,2024-11-13 06:00:00,1.0,,
RedHills,13.18666667,80.18833333,2024-11-14 02:00:00,3.0,,
RedHills,13.18666667,80.18833333,2024-11-14 03:00:00,1.0,,
RedHills,13.18666667,80.18833333,2024-11-14 06:00:00,0.5,,
RedHills,13.18666667,80.18833333,2024-11-14 13:00:00,1.0,,
RedHills,13.18666667,80.18833333,2024-11-14 14:00:00,0.5,,
RedHills,13.18666667,80.18833333,2024-11-16 14:00:00,0.5,,
RedHills,13.18666667,80.18833333,2024-11-16 18:00:00,1.0,,
RedHills,13.18666667,80.18833333,2024-11-26 09:00:00,0.5,,
RedHills,13.18666667,80.18833333,2024-11-26 12:00:00,20.0,,
RedHills,13.18666667,80.18833333,2024-11-27 00:00:00,5.5,,
RedHills,13.18666667,80.18833333,2024-11-28 09:00:00,0.5,,
RedHills,13.18666667,80.18833333,2024-11-29 00:00:00,1.0,,
RedHills,13.18666667,80.18833333,2024-11-29 03:00:00,0.5,,
RedHills,13.18666667,80.18833333,2024-11-29 06:00:00,2.0,,
RedHills,13.18666667,80.18833333,2024-11-29 20:00:00,8.0,,
RedHills,13.18666667,80.18833333,2024-11-30 05:00:00,3.0,,
RedHills,13.18666667,80.18833333,2024-11-30 06:00:00,6.0,,
RedHills,13.18666667,80.18833333,2024-11-30 07:00:00,1.5,10.5,
RedHills,13.18666667,80.18833333,2024-11-30 09:00:00,11.0,,
RedHills,13.18666667,80.18833333,2024-11-30 10:00:00,1.0,,
RedHills,13.18666667,80.18833333,2024-12-02 09:00:00,1.0,,
RedHills,13.18666667,80.18833333,2024-12-02 13:00:00,3.5,,
RedHills,13.18666667,80.18833333,2024-12-04 08:00:00,0.5,,
RedHills,13.18666667,80.18833333,2024-12-04 21:00:00,0.5,,
RedHills,13.18666667,80.18833333,2024-12-04 23:00:00,1.5,,
RedHills,13.18666667,80.18833333,2024-12-05 04:00:00,3.5,,
RedHills,13.18666667,80.18833333,2024-12-11 09:00:00,10.5,,
RedHills,13.18666667,80.18833333,2024-12-11 13:00:00,11.5,,
RedHills,13.18666667,80.18833333,2024-12-11 15:00:00,2.5,,
RedHills,13.18666667,80.18833333,2024-12-11 18:00:00,11.5,,
RedHills,13.18666667,80.18833333,2024-12-11 22:00:00,4.0,,
RedHills,13.18666667,80.18833333,2024-12-11 23:00:00,2.5,,
RedHills,13.18666667,80.18833333,2024-12-12 17:00:00,0.5,,
RedHills,13.18666667,80.18833333,2024-12-12 19:00:00,2.5,,
RedHills,13.18666667,80.18833333,2024-12-12 21:00:00,0.5,,
RedHills,13.18666667,80.18833333,2024-12-13 10:00:00,1.0,,
RedHills,13.18666667,80.18833333,2024-12-13 13:00:00,0.5,,
RedHills,13.18666667,80.18833333,2024-12-13 14:00:00,1.5,,
RedHills,13.18666667,80.18833333,2024-12-13 17:00:00,0.5,,
RedHills,13.18666667,80.18833333,2024-12-13 20:00:00,1.0,,
RedHills,13.18666667,80.18833333,2024-12-14 01:00:00,1.0,,
RedHills,13.18666667,80.18833333,2024-12-14 08:00:00,2.5,,
RedHills,13.18666667,80.18833333,2024-12-14 11:00:00,1.0,,
RedHills,13.18666667,80.18833333,2024-12-14 16:00:00,0.5,,
RedHills,13.18666667,80.18833333,2024-12-14 17:00:00,0.5,,
RedHills,13.18666667,80.18833333,2024-12-15 09:00:00,1.0,,
RedHills,13.18666667,80.18833333,2024-12-16 00:00:00,1.0,,
RedHills,13.18666667,80.18833333,2024-12-18 12:00:00,0.5,,
RedHills,13.18666667,80.18833333,2024-12-18 13:00:00,1.0,,
RedHills,13.18666667,80.18833333,2024-12-18 14:00:00,1.5,3.0,
RedHills,13.18666667,80.18833333,2024-12-18 16:00:00,4.5,,
RedHills,13.18666667,80.18833333,2024-12-18 17:00:00,1.0,,
RedHills,13.18666667,80.18833333,2024-12-18 20:00:00,1.0,,
RedHills,13.18666667,80.18833333,2024-12-18 22:00:00,1.5,,
RedHills,13.18666667,80.18833333,2024-12-18 23:00:00,0.5,,
RedHills,13.18666667,80.18833333,2024-12-19 02:00:00,0.5,,
RedHills,13.18666667,80.18833333,2024-12-19 05:00:00,1.0,,
RedHills,13.18666667,80.18833333,2024-12-20 07:00:00,67.5,,
RedHills,13.18666667,80.18833333,2024-12-20 12:00:00,10.0,,
RedHills,13.18666667,80.18833333,2024-12-20 18:00:00,1.5,,
RedHills,13.18666667,80.18833333,2024-12-20 19:00:00,3.0,,
RedHills,13.18666667,80.18833333,2024-12-20 21:00:00,2.5,,
RedHills,13.18666667,80.18833333,2024-12-20 23:00:00,4.0,,
RedHills,13.18666667,80.18833333,2024-12-21 03:00:00,2.5,,
RedHills,13.18666667,80.18833333,2024-12-21 04:00:00,9.5,,
RedHills,13.18666667,80.18833333,2024-12-22 06:00:00,17.0,,
RedHills,13.18666667,80.18833333,2024-12-22 07:00:00,12.0,,
RedHills,13.18666667,80.18833333,2024-12-22 08:00:00,2.0,31.0,
RedHills,13.18666667,80.18833333,2024-12-22 09:00:00,0.5,14.5,
RedHills,13.18666667,80.18833333,2024-12-22 10:00:00,14.5,17.0,
RedHills,13.18666667,80.18833333,2024-12-22 19:00:00,1.5,,
RedHills,13.18666667,80.18833333,2024-12-23 05:00:00,3.0,,
RedHills,13.18666667,80.18833333,2024-12-23 06:00:00,2.0,,
RedHills,13.18666667,80.18833333,2024-12-24 09:00:00,0.5,,
RedHills,13.18666667,80.18833333,2024-12-24 11:00:00,0.5,,
RedHills,13.18666667,80.18833333,2024-12-25 10:00:00,1.0,,
RedHills,13.18666667,80.18833333,2024-12-25 16:00:00,0.5,,
RedHills,13.18666667,80.18833333,2024-12-25 17:00:00,0.5,,
RedHills,13.18666667,80.18833333,2024-12-25 18:00:00,1.0,2.0,
RedHills,13.18666667,80.18833333,2024-12-26 07:00:00,0.5,,
RedHills,13.18666667,80.18833333,2024-12-26 10:00:00,2.0,,
RedHills,13.18666667,80.18833333,2024-12-26 11:00:00,14.0,,
RedHills,13.18666667,80.18833333,2024-12-27 02:00:00,0.5,,
RedHills,13.18666667,80.18833333,2024-12-27 03:00:00,1.0,,
RedHills,13.18666667,80.18833333,2024-12-27 09:00:00,1.5,,
RedHills,13.18666667,80.18833333,2024-12-27 19:00:00,6.0,,
RedHills,13.18666667,80.18833333,2024-12-27 20:00:00,2.0,,
RedHills,13.18666667,80.18833333,2024-12-27 21:00:00,1.0,9.0,
RedHills,13.18666667,80.18833333,2024-12-27 22:00:00,3.5,6.5,
RedHills,13.18666667,80.18833333,2024-12-29 11:00:00,0.5,,
RedHills,13.18666667,80.18833333,2024-12-29 12:00:00,15.0,,
RedHills,13.18666667,80.18833333,2024-12-29 13:00:00,22.5,38.0,
RedHills,13.18666667,80.18833333,2024-12-29 14:00:00,9.5,47.0,
RedHills,13.18666667,80.18833333,2024-12-29 15:00:00,1.0,33.0,
RedHills,13.18666667,80.18833333,2024-12-29 16:00:00,1.0,11.5,49.5
RedHills,13.18666667,80.18833333,2024-12-29 17:00:00,1.5,3.5,50.5
RedHills,13.18666667,80.18833333,2024-12-29 18:00:00,1.5,4.0,37.0
RedHills,13.18666667,80.18833333,2024-12-30 02:00:00,1.5,,
RedHills,13.18666667,80.18833333,2024-12-30 03:00:00,5.0,,
RedHills,13.18666667,80.18833333,2024-12-30 04:00:00,3.0,9.5,
RedHills,13.18666667,80.18833333,2024-12-30 05:00:00,2.5,10.5,
RedHills,13.18666667,80.18833333,2024-12-30 06:00:00,3.0,8.5,
RedHills,13.18666667,80.18833333,2024-12-30 07:00:00,12.0,17.5,27.0
RedHills,13.18666667,80.18833333,2024-12-30 08:00:00,1.0,16.0,26.5
RedHills,13.18666667,80.18833333,2024-12-30 10:00:00,1.0,,
RedHills,13.18666667,80.18833333,2024-12-31 02:00:00,22.5,,
RedHills,13.18666667,80.18833333,2024-12-31 03:00:00,3.0,,
RedHills,13.18666667,80.18833333,2024-12-31 06:00:00,2.0,,
RedHills,13.18666667,80.18833333,2024-12-31 07:00:00,1.5,,
RedHills,13.18666667,80.18833333,2024-12-31 08:00:00,2.5,6.0,
RedHills,13.18666667,80.18833333,2024-12-31 09:00:00,1.0,5.0,
RedHills,13.18666667,80.18833333,2024-12-31 10:00:00,38.0,41.5,
RedHills,13.18666667,80.18833333,2024-12-31 11:00:00,0.5,39.5,45.5
RedHills,13.18666667,80.18833333,2025-01-11 13:00:00,0.5,,
RedHills,13.18666667,80.18833333,2025-01-13 03:00:00,2.5,,
RedHills,13.18666667,80.18833333,2025-01-13 09:00:00,9.0,,
RedHills,13.18666667,80.18833333,2025-01-13 10:00:00,9.5,,
RedHills,13.18666667,80.18833333,2025-01-13 14:00:00,20.0,,
RedHills,13.18666667,80.18833333,2025-01-14 11:00:00,0.5,,
RedHills,13.18666667,80.18833333,2025-01-18 21:00:00,1.0,,
RedHills,13.18666667,80.18833333,2025-01-18 22:00:00,0.5,,
RedHills,13.18666667,80.18833333,2025-01-18 23:00:00,6.0,7.5,
RedHills,13.18666667,80.18833333,2025-01-19 00:00:00,1.5,8.0,
RedHills,13.18666667,80.18833333,2025-01-19 13:00:00,20.0,,
RedHills,13.18666667,80.18833333,2025-01-19 15:00:00,0.5,,
RedHills,13.18666667,80.18833333,2025-01-20 11:00:00,0.5,,
RedHills,13.18666667,80.18833333,2025-02-07 09:00:00,0.5,,
RedHills,13.18666667,80.18833333,2025-03-11 10:00:00,0.5,,
RedHills,13.18666667,80.18833333,2025-03-11 15:00:00,2.5,,
RedHills,13.18666667,80.18833333,2025-03-11 16:00:00,0.5,,
RedHills,13.18666667,80.18833333,2025-03-11 23:00:00,389.0,,
RedHills,13.18666667,80.18833333,2025-03-12 00:00:00,259.5,,
RedHills,13.18666667,80.18833333,2025-03-19 16:00:00,2.5,,
RedHills,13.18666667,80.18833333,2025-03-19 17:00:00,0.5,,
RedHills,13.18666667,80.18833333,2025-03-20 02:00:00,0.5,,
RedHills,13.18666667,80.18833333,2025-03-22 15:00:00,10.5,,
RedHills,13.18666667,80.18833333,2025-03-26 23:00:00,0.5,,
RedHills,13.18666667,80.18833333,2025-03-27 00:00:00,0.5,,
RedHills,13.18666667,80.18833333,2025-04-17 12:00:00,1.0,,
RedHills,13.18666667,80.18833333,2025-04-19 18:00:00,0.5,,
RedHills,13.18666667,80.18833333,2025-08-20 07:00:00,0.5,,
RedHills,13.18666667,80.18833333,2025-08-22 05:00:00,0.5,,
RedHills,13.18666667,80.18833333,2025-08-22 20:00:00,4.0,,
RedHills,13.18666667,80.18833333,2025-08-23 03:00:00,13.0,,
RedHills,13.18666667,80.18833333,2025-08-23 04:00:00,15.0,,
RedHills,13.18666667,80.18833333,2025-08-23 05:00:00,5.0,33.0,
RedHills,13.18666667,80.18833333,2025-08-23 06:00:00,4.0,24.0,
RedHills,13.18666667,80.18833333,2025-08-23 07:00:00,2.0,11.0,
RedHills,13.18666667,80.18833333,2025-08-23 08:00:00,1.0,7.0,40.0
RedHills,13.18666667,80.18833333,2025-08-27 22:00:00,0.5,,
RedHills,13.18666667,80.18833333,2025-08-28 01:00:00,2.0,,
RedHills,13.18666667,80.18833333,2025-08-28 13:00:00,0.5,,
RedHills,13.18666667,80.18833333,2025-09-01 00:00:00,0.5,,
RedHills,13.18666667,80.18833333,2025-09-04 01:00:00,0.5,,
RedHills,13.18666667,80.18833333,2025-09-07 02:00:00,15.0,,
RedHills,13.18666667,80.18833333,2025-09-07 03:00:00,2.5,,
RedHills,13.18666667,80.18833333,2025-09-07 18:00:00,0.5,,
RedHills,13.18666667,80.18833333,2025-09-13 05:00:00,26.5,,
RedHills,13.18666667,80.18833333,2025-09-13 06:00:00,5.0,,
RedHills,13.18666667,80.18833333,2025-09-14 07:00:00,0.5,,
RedHills,13.18666667,80.18833333,2025-09-14 10:00:00,0.5,,
RedHills,13.18666667,80.18833333,2025-09-15 22:00:00,0.5,,
RedHills,13.18666667,80.18833333,2025-09-16 04:00:00,18.5,,
RedHills,13.18666667,80.18833333,2025-09-16 05:00:00,5.5,,
RedHills,13.18666667,80.18833333,2025-09-16 06:00:00,2.0,26.0,
RedHills,13.18666667,80.18833333,2025-09-17 03:00:00,2.5,,
RedHills,13.18666667,80.18833333,2025-09-17 04:00:00,3.5,,
RedHills,13.18666667,80.18833333,2025-09-17 05:00:00,1.0,7.0,
RedHills,13.18666667,80.18833333,2025-09-17 06:00:00,0.5,5.0,
RedHills,13.18666667,80.18833333,2025-09-17 07:00:00,0.5,2.0,
RedHills,13.18666667,80.18833333,2025-09-18 16:00:00,1.0,,
RedHills,13.18666667,80.18833333,2025-09-18 18:00:00,1.0,,
RedHills,13.18666667,80.18833333,2025-09-18 19:00:00,15.5,,
RedHills,13.18666667,80.18833333,2025-09-18 20:00:00,4.5,21.0,
RedHills,13.18666667,80.18833333,2025-09-21 17:00:00,0.5,,
RedHills,13.18666667,80.18833333,2025-09-22 02:00:00,1.0,,
RedHills,13.18666667,80.18833333,2025-09-22 03:00:00,0.5,,
RedHills,13.18666667,80.18833333,2025-09-22 04:00:00,1.5,3.0,
RedHills,13.18666667,80.18833333,2025-09-22 05:00:00,0.5,2.5,
RedHills,13.18666667,80.18833333,2025-09-26 21:00:00,6.5,,
RedHills,13.18666667,80.18833333,2025-09-26 22:00:00,1.5,,
RedHills,13.18666667,80.18833333,2025-09-29 02:00:00,20.0,,
RedHills,13.18666667,80.18833333,2025-09-29 03:00:00,1.0,,
RedHills,13.18666667,80.18833333,2025-09-29 04:00:00,1.0,22.0,
RedHills,13.18666667,80.18833333,2025-09-29 05:00:00,0.5,2.5,
RedHills,13.18666667,80.18833333,2025-09-29 06:00:00,0.5,2.0,
RedHills,13.18666667,80.18833333,2025-10-03 02:00:00,4.0,,
RedHills,13.18666667,80.18833333,2025-10-04 10:00:00,0.5,,
RedHills,13.18666667,80.18833333,2025-10-13 05:00:00,2.0,,
RedHills,13.18666667,80.18833333,2025-10-14 04:00:00,3.0,,
RedHills,13.18666667,80.18833333,2025-10-14 05:00:00,5.0,,
RedHills,13.18666667,80.18833333,2025-10-14 09:00:00,0.5,,
RedHills,13.18666667,80.18833333,2025-10-14 10:00:00,0.5,,
RedHills,13.18666667,80.18833333,2025-10-14 11:00:00,11.5,12.5,
RedHills,13.18666667,80.18833333,2025-10-14 12:00:00,0.5,12.5,
RedHills,13.18666667,80.18833333,2025-10-15 08:00:00,0.5,,
RedHills,13.18666667,80.18833333,2025-10-15 09:00:00,1.0,,
RedHills,13.18666667,80.18833333,2025-10-15 10:00:00,0.5,2.0,
RedHills,13.18666667,80.18833333,2025-10-15 17:00:00,5.5,,
RedHills,13.18666667,80.18833333,2025-10-15 23:00:00,0.5,,
RedHills,13.18666667,80.18833333,2025-10-16 19:00:00,15.0,,
RedHills,13.18666667,80.18833333,2025-10-16 20:00:00,2.0,,
RedHills,13.18666667,80.18833333,2025-10-16 21:00:00,1.0,18.0,
RedHills,13.18666667,80.18833333,2025-10-17 05:00:00,0.5,,
RedHills,13.18666667,80.18833333,2025-10-17 06:00:00,2.0,,
RedHills,13.18666667,80.18833333,2025-10-17 12:00:00,0.5,,
RedHills,13.18666667,80.18833333,2025-10-17 15:00:00,0.5,,
RedHills,13.18666667,80.18833333,2025-10-17 16:00:00,1.5,,
RedHills,13.18666667,80.18833333,2025-10-17 17:00:00,2.5,4.5,
RedHills,13.18666667,80.18833333,2025-10-17 18:00:00,2.0,6.0,
RedHills,13.18666667,80.18833333,2025-10-18 07:00:00,4.0,,
RedHills,13.18666667,80.18833333,2025-10-18 10:00:00,1.0,,
RedHills,13.18666667,80.18833333,2025-10-19 12:00:00,1.0,,
RedHills,13.18666667,80.18833333,2025-10-20 00:00:00,0.5,,
RedHills,13.18666667,80.18833333,2025-10-20 09:00:00,5.0,,
RedHills,13.18666667,80.18833333,2025-10-20 10:00:00,1.0,,
RedHills,13.18666667,80.18833333,2025-10-20 13:00:00,5.0,,
RedHills,13.18666667,80.18833333,2025-10-20 14:00:00,2.0,,
RedHills,13.18666667,80.18833333,2025-10-20 15:00:00,2.0,9.0,
RedHills,13.18666667,80.18833333,2025-10-21 08:00:00,0.5,,
RedHills,13.18666667,80.18833333,2025-10-21 10:00:00,3.5,,
RedHills,13.18666667,80.18833333,2025-10-21 11:00:00,1.0,,
RedHills,13.18666667,80.18833333,2025-10-21 12:00:00,1.0,5.5,
RedHills,13.18666667,80.18833333,2025-10-21 13:00:00,4.0,6.0,
RedHills,13.18666667,80.18833333,2025-10-27 08:00:00,0.5,,
RedHills,13.18666667,80.18833333,2025-10-27 09:00:00,2.5,,
RedHills,13.18666667,80.18833333,2025-10-27 10:00:00,0.5,3.5,
RedHills,13.18666667,80.18833333,2025-10-27 11:00:00,0.5,3.5,
RedHills,13.18666667,80.18833333,2025-10-27 12:00:00,1.5,2.5,
RedHills,13.18666667,80.18833333,2025-10-27 13:00:00,1.0,3.0,6.5
RedHills,13.18666667,80.18833333,2025-10-27 14:00:00,0.5,3.0,6.5
RedHills,13.18666667,80.18833333,2025-10-27 15:00:00,0.5,2.0,4.5
RedHills,13.18666667,80.18833333,2025-10-27 17:00:00,0.5,,
RedHills,13.18666667,80.18833333,2025-10-27 18:00:00,0.5,,
RedHills,13.18666667,80.18833333,2025-10-27 19:00:00,2.0,3.0,
RedHills,13.18666667,80.18833333,2025-10-27 20:00:00,2.5,5.0,
RedHills,13.18666667,80.18833333,2025-10-27 21:00:00,0.5,5.0,
RedHills,13.18666667,80.18833333,2025-10-27 22:00:00,2.5,5.5,8.5
RedHills,13.18666667,80.18833333,2025-10-27 23:00:00,3.5,6.5,11.5
RedHills,13.18666667,80.18833333,2025-10-28 00:00:00,5.0,11.0,16.0
RedHills,13.18666667,80.18833333,2025-10-28 01:00:00,4.5,13.0,18.5
RedHills,13.18666667,80.18833333,2025-10-28 02:00:00,5.0,14.5,21.0
RedHills,13.18666667,80.18833333,2025-10-28 03:00:00,4.0,13.5,24.5
RedHills,13.18666667,80.18833333,2025-10-28 04:00:00,2.0,11.0,24.0
RedHills,13.18666667,80.18833333,2025-11-02 17:00:00,1.0,,
RedHills,13.18666667,80.18833333,2025-11-04 19:00:00,2.0,,
RedHills,13.18666667,80.18833333,2025-11-05 20:00:00,2.0,,
RedHills,13.18666667,80.18833333,2025-11-05 21:00:00,10.0,,
RedHills,13.18666667,80.18833333,2025-11-06 18:00:00,3.0,,
RedHills,13.18666667,80.18833333,2025-11-06 19:00:00,53.5,,
RedHills,13.18666667,80.18833333,2025-11-06 20:00:00,4.5,61.0,
RedHills,13.18666667,80.18833333,2025-11-17 17:00:00,1.0,,
RedHills,13.18666667,80.18833333,2025-11-18 13:00:00,1.0,,
RedHills,13.18666667,80.18833333,2025-11-18 14:00:00,1.0,,
RedHills,13.18666667,80.18833333,2025-11-18 17:00:00,6.0,,
RedHills,13.18666667,80.18833333,2025-11-21 11:00:00,0.5,,
RedHills,13.18666667,80.18833333,2025-11-21 12:00:00,0.5,,
RedHills,13.18666667,80.18833333,2025-11-21 16:00:00,3.0,,
RedHills,13.18666667,80.18833333,2025-11-21 19:00:00,0.5,,
RedHills,13.18666667,80.18833333,2025-11-21 22:00:00,3.0,,
SGSWRDC Campus (Tharamani site),12.98583333,80.245,2021-08-09 14:00:00,1.5,,
SGSWRDC Campus (Tharamani site),12.98583333,80.245,2021-08-09 15:00:00,3.0,,
SGSWRDC Campus (Tharamani site),12.98583333,80.245,2021-08-09 18:00:00,7.0,,
SGSWRDC Campus (Tharamani site),12.98583333,80.245,2021-08-10 02:00:00,10.5,,
SGSWRDC Campus (Tharamani site),12.98583333,80.245,2021-08-10 03:00:00,12.0,,
SGSWRDC Campus (Tharamani site),12.98583333,80.245,2021-08-10 04:00:00,1.0,23.5,
SGSWRDC Campus (Tharamani site),12.98583333,80.245,2021-08-10 06:00:00,0.5,,
SGSWRDC Campus (Tharamani site),12.98583333,80.245,2021-08-10 07:00:00,4.5,,
SGSWRDC Campus (Tharamani site),12.98583333,80.245,2021-08-10 09:00:00,0.5,,
SGSWRDC Campus (Tharamani site),12.98583333,80.245,2021-08-11 15:00:00,1.0,,
SGSWRDC Campus (Tharamani site),12.98583333,80.245,2021-08-11 16:00:00,1.5,,
SGSWRDC Campus (Tharamani site),12.98583333,80.245,2021-08-16 07:00:00,0.5,,
SGSWRDC Campus (Tharamani site),12.98583333,80.245,2021-08-17 03:00:00,11.0,,
SGSWRDC Campus (Tharamani site),12.98583333,80.245,2021-08-17 04:00:00,19.5,,
SGSWRDC Campus (Tharamani site),12.98583333,80.245,2021-08-17 05:00:00,1.5,32.0,
SGSWRDC Campus (Tharamani site),12.98583333,80.245,2021-08-17 06:00:00,1.0,22.0,
SGSWRDC Campus (Tharamani site),12.98583333,80.245,2021-08-20 03:00:00,2.0,,
SGSWRDC Campus (Tharamani site),12.98583333,80.245,2021-08-28 01:00:00,1.5,,
SGSWRDC Campus (Tharamani site),12.98583333,80.245,2021-08-28 02:00:00,8.5,,
SGSWRDC Campus (Tharamani site),12.98583333,80.245,2021-08-28 03:00:00,0.5,10.5,
SGSWRDC Campus (Tharamani site),12.98583333,80.245,2021-08-28 04:00:00,0.5,9.5,
SGSWRDC Campus (Tharamani site),12.98583333,80.245,2021-08-28 22:00:00,16.5,,
SGSWRDC Campus (Tharamani site),12.98583333,80.245,2021-08-28 23:00:00,3.5,,
SGSWRDC Campus (Tharamani site),12.98583333,80.245,2021-08-29 00:00:00,3.5,23.5,
SGSWRDC Campus (Tharamani site),12.98583333,80.245,2021-08-29 01:00:00,2.5,9.5,
SGSWRDC Campus (Tharamani site),12.98583333,80.245,2021-08-29 02:00:00,1.0,7.0,
SGSWRDC Campus (Tharamani site),12.98583333,80.245,2021-08-29 03:00:00,1.5,5.0,28.5
SGSWRDC Campus (Tharamani site),12.98583333,80.245,2021-08-29 04:00:00,0.5,3.0,12.5
SGSWRDC Campus (Tharamani site),12.98583333,80.245,2021-08-29 08:00:00,0.5,,
SGSWRDC Campus (Tharamani site),12.98583333,80.245,2021-08-29 15:00:00,0.5,,
SGSWRDC Campus (Tharamani site),12.98583333,80.245,2021-08-29 16:00:00,1.5,,
SGSWRDC Campus (Tharamani site),12.98583333,80.245,2021-08-29 17:00:00,0.5,2.5,
SGSWRDC Campus (Tharamani site),12.98583333,80.245,2021-08-29 23:00:00,0.5,,
SGSWRDC Campus (Tharamani site),12.98583333,80.245,2021-08-30 00:00:00,0.5,,
SGSWRDC Campus (Tharamani site),12.98583333,80.245,2021-08-30 01:00:00,0.5,1.5,
SGSWRDC Campus (Tharamani site),12.98583333,80.245,2021-08-30 02:00:00,1.0,2.0,
SGSWRDC Campus (Tharamani site),12.98583333,80.245,2021-08-31 00:00:00,0.5,,
SGSWRDC Campus (Tharamani site),12.98583333,80.245,2021-08-31 11:00:00,0.5,,
SGSWRDC Campus (Tharamani site),12.98583333,80.245,2021-09-03 16:00:00,0.5,,
SGSWRDC Campus (Tharamani site),12.98583333,80.245,2021-09-03 17:00:00,1.0,,
SGSWRDC Campus (Tharamani site),12.98583333,80.245,2021-09-04 19:00:00,0.5,,
SGSWRDC Campus (Tharamani site),12.98583333,80.245,2021-09-05 17:00:00,31.5,,
SGSWRDC Campus (Tharamani site),12.98583333,80.245,2021-09-05 19:00:00,0.5,,
SGSWRDC Campus (Tharamani site),12.98583333,80.245,2021-09-06 20:00:00,6.0,,
SGSWRDC Campus (Tharamani site),12.98583333,80.245,2021-09-08 11:00:00,1.0,,
SGSWRDC Campus (Tharamani site),12.98583333,80.245,2021-09-09 13:00:00,5.0,,
SGSWRDC Campus (Tharamani site),12.98583333,80.245,2021-09-10 02:00:00,0.5,,
SGSWRDC Campus (Tharamani site),12.98583333,80.245,2021-09-17 16:00:00,1.0,,
SGSWRDC Campus (Tharamani site),12.98583333,80.245,2021-09-21 15:00:00,2.5,,
SGSWRDC Campus (Tharamani site),12.98583333,80.245,2021-09-21 17:00:00,5.5,,
SGSWRDC Campus (Tharamani site),12.98583333,80.245,2021-09-30 17:00:00,12.0,,
SGSWRDC Campus (Tharamani site),12.98583333,80.245,2021-10-02 09:00:00,0.5,,
SGSWRDC Campus (Tharamani site),12.98583333,80.245,2021-10-09 17:00:00,1.5,,
SGSWRDC Campus (Tharamani site),12.98583333,80.245,2021-10-09 18:00:00,0.5,,
SGSWRDC Campus (Tharamani site),12.98583333,80.245,2021-10-10 16:00:00,13.5,,
SGSWRDC Campus (Tharamani site),12.98583333,80.245,2021-10-11 12:00:00,0.5,,
SGSWRDC Campus (Tharamani site),12.98583333,80.245,2021-10-12 18:00:00,2.5,,
SGSWRDC Campus (Tharamani site),12.98583333,80.245,2021-10-12 19:00:00,1.5,,
SGSWRDC Campus (Tharamani site),12.98583333,80.245,2021-10-12 20:00:00,0.5,4.5,
SGSWRDC Campus (Tharamani site),12.98583333,80.245,2021-10-13 21:00:00,2.0,,
SGSWRDC Campus (Tharamani site),12.98583333,80.245,2021-10-13 22:00:00,1.0,,
SGSWRDC Campus (Tharamani site),12.98583333,80.245,2021-10-15 14:00:00,0.5,,
SGSWRDC Campus (Tharamani site),12.98583333,80.245,2021-10-15 15:00:00,4.0,,
SGSWRDC Campus (Tharamani site),12.98583333,80.245,2021-11-06 14:00:00,0.5,,
SGSWRDC Campus (Tharamani site),12.98583333,80.245,2021-11-06 15:00:00,2.5,,
SGSWRDC Campus (Tharamani site),12.98583333,80.245,2021-11-06 16:00:00,0.5,3.5,
SGSWRDC Campus (Tharamani site),12.98583333,80.245,2021-11-08 14:00:00,0.5,,
SGSWRDC Campus (Tharamani site),12.98583333,80.245,2021-11-11 14:00:00,2.5,,
SGSWRDC Campus (Tharamani site),12.98583333,80.245,2021-11-17 14:00:00,1.0,,
SGSWRDC Campus (Tharamani site),12.98583333,80.245,2021-11-17 15:00:00,6.5,,
SGSWRDC Campus (Tharamani site),12.98583333,80.245,2021-11-17 16:00:00,0.5,8.0,
SGSWRDC Campus (Tharamani site),12.98583333,80.245,2021-11-17 21:00:00,5.0,,
SGSWRDC Campus (Tharamani site),12.98583333,80.245,2021-11-17 22:00:00,0.5,,
SGSWRDC Campus (Tharamani site),12.98583333,80.245,2021-11-17 23:00:00,2.5,8.0,
SGSWRDC Campus (Tharamani site),12.98583333,80.245,2021-11-18 09:00:00,3.5,,
SGSWRDC Campus (Tharamani site),12.98583333,80.245,2021-11-18 11:00:00,11.5,,
SGSWRDC Campus (Tharamani site),12.98583333,80.245,2021-11-18 12:00:00,8.5,,
SGSWRDC Campus (Tharamani site),12.98583333,80.245,2021-11-18 13:00:00,1.5,21.5,
SGSWRDC Campus (Tharamani site),12.98583333,80.245,2021-11-18 14:00:00,0.5,10.5,
SGSWRDC Campus (Tharamani site),12.98583333,80.245,2021-11-18 16:00:00,3.5,,
SGSWRDC Campus (Tharamani site),12.98583333,80.245,2021-11-18 17:00:00,2.5,,
SGSWRDC Campus (Tharamani site),12.98583333,80.245,2021-11-18 18:00:00,1.5,7.5,
SGSWRDC Campus (Tharamani site),12.98583333,80.245,2021-11-18 22:00:00,0.5,,
SGSWRDC Campus (Tharamani site),12.98583333,80.245,2021-11-19 04:00:00,0.5,,
SGSWRDC Campus (Tharamani site),12.98583333,80.245,2021-11-19 05:00:00,2.0,,
SGSWRDC Campus (Tharamani site),12.98583333,80.245,2021-11-19 10:00:00,0.5,,
SGSWRDC Campus (Tharamani site),12.98583333,80.245,2021-11-19 13:00:00,1.0,,
SGSWRDC Campus (Tharamani site),12.98583333,80.245,2021-11-19 14:00:00,4.0,,
SGSWRDC Campus (Tharamani site),12.98583333,80.245,2021-11-19 15:00:00,0.5,5.5,
SGSWRDC Campus (Tharamani site),12.98583333,80.245,2021-11-19 16:00:00,0.5,5.0,
SGSWRDC Campus (Tharamani site),12.98583333,80.245,2021-11-20 04:00:00,3.0,,
SGSWRDC Campus (Tharamani site),12.98583333,80.245,2021-11-20 05:00:00,1.0,,
SGSWRDC Campus (Tharamani site),12.98583333,80.245,2021-11-20 06:00:00,2.5,6.5,
SGSWRDC Campus (Tharamani site),12.98583333,80.245,2021-11-20 08:00:00,1.0,,
SGSWRDC Campus (Tharamani site),12.98583333,80.245,2021-11-20 09:00:00,1.5,,
SGSWRDC Campus (Tharamani site),12.98583333,80.245,2021-11-20 10:00:00,0.5,3.0,
SGSWRDC Campus (Tharamani site),12.98583333,80.245,2021-11-22 07:00:00,12.5,,
SGSWRDC Campus (Tharamani site),12.98583333,80.245,2021-11-22 08:00:00,2.0,,
SGSWRDC Campus (Tharamani site),12.98583333,80.245,2021-11-22 09:00:00,11.5,26.0,
SGSWRDC Campus (Tharamani site),12.98583333,80.245,2021-11-22 10:00:00,3.5,17.0,
SGSWRDC Campus (Tharamani site),12.98583333,80.245,2021-11-23 02:00:00,1.0,,
SGSWRDC Campus (Tharamani site),12.98583333,80.245,2021-11-25 00:00:00,0.5,,
SGSWRDC Campus (Tharamani site),12.98583333,80.245,2021-11-25 06:00:00,1.5,,
SGSWRDC Campus (Tharamani site),12.98583333,80.245,2021-11-25 07:00:00,19.0,,
SGSWRDC Campus (Tharamani site),12.98583333,80.245,2021-11-25 08:00:00,0.5,21.0,
SGSWRDC Campus (Tharamani site),12.98583333,80.245,2021-11-25 19:00:00,2.0,,
SGSWRDC Campus (Tharamani site),12.98583333,80.245,2021-11-25 20:00:00,0.5,,
SGSWRDC Campus (Tharamani site),12.98583333,80.245,2021-11-25 21:00:00,5.0,7.5,
SGSWRDC Campus (Tharamani site),12.98583333,80.245,2021-11-25 22:00:00,21.5,27.0,
SGSWRDC Campus (Tharamani site),12.98583333,80.245,2021-11-26 00:00:00,5.0,,
SGSWRDC Campus (Tharamani site),12.98583333,80.245,2021-11-26 01:00:00,2.0,,
SGSWRDC Campus (Tharamani site),12.98583333,80.245,2021-11-26 02:00:00,2.0,9.0,
SGSWRDC Campus (Tharamani site),12.98583333,80.245,2021-11-26 03:00:00,5.0,9.0,
SGSWRDC Campus (Tharamani site),12.98583333,80.245,2021-11-26 04:00:00,9.5,16.5,
SGSWRDC Campus (Tharamani site),12.98583333,80.245,2021-11-26 06:00:00,0.5,,
SGSWRDC Campus (Tharamani site),12.98583333,80.245,2021-11-26 08:00:00,5.5,,
SGSWRDC Campus (Tharamani site),12.98583333,80.245,2021-11-26 13:00:00,14.0,,
SGSWRDC Campus (Tharamani site),12.98583333,80.245,2021-11-26 14:00:00,2.5,,
SGSWRDC Campus (Tharamani site),12.98583333,80.245,2021-11-26 22:00:00,1.5,,
SGSWRDC Campus (Tharamani site),12.98583333,80.245,2021-11-26 23:00:00,1.0,,
SGSWRDC Campus (Tharamani site),12.98583333,80.245,2021-11-27 00:00:00,10.0,12.5,
SGSWRDC Campus (Tharamani site),12.98583333,80.245,2021-11-27 01:00:00,3.5,14.5,
SGSWRDC Campus (Tharamani site),12.98583333,80.245,2021-11-27 02:00:00,4.5,18.0,
SGSWRDC Campus (Tharamani site),12.98583333,80.245,2021-11-27 03:00:00,3.0,11.0,23.5
SGSWRDC Campus (Tharamani site),12.98583333,80.245,2021-11-27 04:00:00,7.5,15.0,29.5
SGSWRDC Campus (Tharamani site),12.98583333,80.245,2021-11-27 05:00:00,3.5,14.0,32.0
SGSWRDC Campus (Tharamani site),12.98583333,80.245,2021-11-27 06:00:00,6.5,17.5,28.5
SGSWRDC Campus (Tharamani site),12.98583333,80.245,2021-11-27 07:00:00,7.0,17.0,32.0
SGSWRDC Campus (Tharamani site),12.98583333,80.245,2021-11-27 08:00:00,3.0,16.5,30.5
SGSWRDC Campus (Tharamani site),12.98583333,80.245,2021-11-27 09:00:00,2.0,12.0,29.5
SGSWRDC Campus (Tharamani site),12.98583333,80.245,2021-11-27 10:00:00,0.5,5.5,22.5
SGSWRDC Campus (Tharamani site),12.98583333,80.245,2021-11-27 18:00:00,1.0,,
SGSWRDC Campus (Tharamani site),12.98583333,80.245,2021-11-27 19:00:00,15.0,,
SGSWRDC Campus (Tharamani site),12.98583333,80.245,2021-11-27 20:00:00,3.0,19.0,
SGSWRDC Campus (Tharamani site),12.98583333,80.245,2021-11-27 21:00:00,3.0,21.0,
SGSWRDC Campus (Tharamani site),12.98583333,80.245,2021-11-27 23:00:00,0.5,,
SGSWRDC Campus (Tharamani site),12.98583333,80.245,2021-11-28 01:00:00,0.5,,
SGSWRDC Campus (Tharamani site),12.98583333,80.245,2021-11-28 05:00:00,1.5,,
SGSWRDC Campus (Tharamani site),12.98583333,80.245,2021-11-28 07:00:00,0.5,,
SGSWRDC Campus (Tharamani site),12.98583333,80.245,2021-11-28 12:00:00,5.0,,
SGSWRDC Campus (Tharamani site),12.98583333,80.245,2021-11-28 13:00:00,12.5,,
SGSWRDC Campus (Tharamani site),12.98583333,80.245,2021-11-28 14:00:00,0.5,18.0,
SGSWRDC Campus (Tharamani site),12.98583333,80.245,2021-11-28 17:00:00,4.0,,
SGSWRDC Campus (Tharamani site),12.98583333,80.245,2021-11-28 18:00:00,9.0,,
SGSWRDC Campus (Tharamani site),12.98583333,80.245,2021-11-28 20:00:00,0.5,,
SGSWRDC Campus (Tharamani site),12.98583333,80.245,2021-11-28 21:00:00,0.5,,
SGSWRDC Campus (Tharamani site),12.98583333,80.245,2021-11-29 11:00:00,1.5,,
SGSWRDC Campus (Tharamani site),12.98583333,80.245,2021-11-29 12:00:00,4.5,,
SGSWRDC Campus (Tharamani site),12.98583333,80.245,2021-11-29 14:00:00,10.0,,
SGSWRDC Campus (Tharamani site),12.98583333,80.245,2021-11-29 15:00:00,16.0,,
SGSWRDC Campus (Tharamani site),12.98583333,80.245,2021-12-30 13:00:00,14.0,,
SGSWRDC Campus (Tharamani site),12.98583333,80.245,2021-12-30 15:00:00,18.5,,
SGSWRDC Campus (Tharamani site),12.98583333,80.245,2021-12-30 16:00:00,31.5,,
SGSWRDC Campus (Tharamani site),12.98583333,80.245,2021-12-30 17:00:00,8.0,58.0,
SGSWRDC Campus (Tharamani site),12.98583333,80.245,2021-12-30 18:00:00,34.0,73.5,
SGSWRDC Campus (Tharamani site),12.98583333,80.245,2021-12-30 19:00:00,16.5,58.5,
SGSWRDC Campus (Tharamani site),12.98583333,80.245,2021-12-30 20:00:00,22.0,72.5,130.5
SGSWRDC Campus (Tharamani site),12.98583333,80.245,2021-12-30 21:00:00,4.5,43.0,116.5
SGSWRDC Campus (Tharamani site),12.98583333,80.245,2021-12-30 22:00:00,1.0,27.5,86.0
SGSWRDC Campus (Tharamani site),12.98583333,80.245,2021-12-30 23:00:00,3.0,8.5,81.0
SGSWRDC Campus (Tharamani site),12.98583333,80.245,2021-12-31 03:00:00,1.5,,
SGSWRDC Campus (Tharamani site),12.98583333,80.245,2021-12-31 04:00:00,0.5,,
SGSWRDC Campus (Tharamani site),12.98583333,80.245,2021-12-31 14:00:00,1.0,,
SGSWRDC Campus (Tharamani site),12.98583333,80.245,2021-12-31 16:00:00,14.5,,
SGSWRDC Campus (Tharamani site),12.98583333,80.245,2021-12-31 18:00:00,2.5,,
SGSWRDC Campus (Tharamani site),12.98583333,80.245,2021-12-31 19:00:00,0.5,,
SGSWRDC Campus (Tharamani site),12.98583333,80.245,2022-01-14 04:00:00,1.0,,
SGSWRDC Campus (Tharamani site),12.98583333,80.245,2022-01-17 08:00:00,2.0,,
SGSWRDC Campus (Tharamani site),12.98583333,80.245,2022-01-17 10:00:00,5.0,,
SGSWRDC Campus (Tharamani site),12.98583333,80.245,2022-01-24 04:00:00,4.5,,
SGSWRDC Campus (Tharamani site),12.98583333,80.245,2022-01-24 05:00:00,1.0,,
SGSWRDC Campus (Tharamani site),12.98583333,80.245,2022-04-13 03:00:00,0.5,,
SGSWRDC Campus (Tharamani site),12.98583333,80.245,2022-04-13 04:00:00,0.5,,
SGSWRDC Campus (Tharamani site),12.98583333,80.245,2022-06-14 12:00:00,1.0,,
SGSWRDC Campus (Tharamani site),12.98583333,80.245,2022-06-18 05:00:00,1.5,,
SGSWRDC Campus (Tharamani site),12.98583333,80.245,2022-06-19 23:00:00,11.5,,
SGSWRDC Campus (Tharamani site),12.98583333,80.245,2022-06-20 00:00:00,46.5,,
SGSWRDC Campus (Tharamani site),12.98583333,80.245,2022-06-20 01:00:00,30.0,88.0,
SGSWRDC Campus (Tharamani site),12.98583333,80.245,2022-06-20 03:00:00,18.5,,
SGSWRDC Campus (Tharamani site),12.98583333,80.245,2022-06-20 04:00:00,0.5,,
SGSWRDC Campus (Tharamani site),12.98583333,80.245,2022-06-20 19:00:00,10.0,,
SGSWRDC Campus (Tharamani site),12.98583333,80.245,2022-06-20 20:00:00,11.5,,
SGSWRDC Campus (Tharamani site),12.98583333,80.245,2022-06-20 23:00:00,5.5,,
SGSWRDC Campus (Tharamani site),12.98583333,80.245,2022-06-21 00:00:00,20.5,,
SGSWRDC Campus (Tharamani site),12.98583333,80.245,2022-06-21 01:00:00,1.0,27.0,
SGSWRDC Campus (Tharamani site),12.98583333,80.245,2022-06-21 02:00:00,1.5,23.0,
SGSWRDC Campus (Tharamani site),12.98583333,80.245,2022-06-21 03:00:00,1.0,3.5,
SGSWRDC Campus (Tharamani site),12.98583333,80.245,2022-06-21 18:00:00,1.0,,
SGSWRDC Campus (Tharamani site),12.98583333,80.245,2022-06-22 00:00:00,13.0,,
SGSWRDC Campus (Tharamani site),12.98583333,80.245,2022-06-22 01:00:00,2.5,,
SGSWRDC Campus (Tharamani site),12.98583333,80.245,2022-06-22 04:00:00,0.5,,
SGSWRDC Campus (Tharamani site),12.98583333,80.245,2022-06-25 04:00:00,0.5,,
SGSWRDC Campus (Tharamani site),12.98583333,80.245,2022-06-29 22:00:00,0.5,,
SGSWRDC Campus (Tharamani site),12.98583333,80.245,2022-07-04 00:00:00,8.5,,
SGSWRDC Campus (Tharamani site),12.98583333,80.245,2022-07-04 01:00:00,0.5,,
SGSWRDC Campus (Tharamani site),12.98583333,80.245,2022-07-05 19:00:00,3.0,,
SGSWRDC Campus (Tharamani site),12.98583333,80.245,2022-07-05 20:00:00,0.5,,
SGSWRDC Campus (Tharamani site),12.98583333,80.245,2022-07-06 00:00:00,0.5,,
SGSWRDC Campus (Tharamani site),12.98583333,80.245,2022-07-06 03:00:00,0.5,,
SGSWRDC Campus (Tharamani site),12.98583333,80.245,2022-07-06 07:00:00,0.5,,
SGSWRDC Campus (Tharamani site),12.98583333,80.245,2022-07-06 16:00:00,2.5,,
SGSWRDC Campus (Tharamani site),12.98583333,80.245,2022-07-06 17:00:00,2.0,,
SGSWRDC Campus (Tharamani site),12.98583333,80.245,2022-07-06 19:00:00,0.5,,
SGSWRDC Campus (Tharamani site),12.98583333,80.245,2022-07-11 17:00:00,4.0,,
SGSWRDC Campus (Tharamani site),12.98583333,80.245,2022-07-12 19:00:00,0.5,,
SGSWRDC Campus (Tharamani site),12.98583333,80.245,2022-07-12 20:00:00,3.5,,
SGSWRDC Campus (Tharamani site),12.98583333,80.245,2022-07-13 20:00:00,2.5,,
SGSWRDC Campus (Tharamani site),12.98583333,80.245,2022-08-03 07:00:00,2.0,,
SGSWRDC Campus (Tharamani site),12.98583333,80.245,2022-08-03 08:00:00,0.5,,
SGSWRDC Campus (Tharamani site),12.98583333,80.245,2022-08-03 09:00:00,1.0,3.5,
SGSWRDC Campus (Tharamani site),12.98583333,80.245,2022-08-03 10:00:00,1.0,2.5,
SGSWRDC Campus (Tharamani site),12.98583333,80.245,2022-08-03 15:00:00,0.5,,
SGSWRDC Campus (Tharamani site),12.98583333,80.245,2022-08-04 22:00:00,1.5,,
SGSWRDC Campus (Tharamani site),12.98583333,80.245,2022-08-17 05:00:00,4.0,,
SGSWRDC Campus (Tharamani site),12.98583333,80.245,2022-08-18 01:00:00,2.0,,
SGSWRDC Campus (Tharamani site),12.98583333,80.245,2022-08-20 20:00:00,3.0,,
SGSWRDC Campus (Tharamani site),12.98583333,80.245,2022-08-21 21:00:00,37.0,,
SGSWRDC Campus (Tharamani site),12.98583333,80.245,2022-08-21 22:00:00,1.0,,
SGSWRDC Campus (Tharamani site),12.98583333,80.245,2022-08-22 00:00:00,0.5,,
SGSWRDC Campus (Tharamani site),12.98583333,80.245,2022-08-22 16:00:00,0.5,,
SGSWRDC Campus (Tharamani site),12.98583333,80.245,2022-08-24 04:00:00,0.5,,
SGSWRDC Campus (Tharamani site),12.98583333,80.245,2022-08-24 07:00:00,0.5,,
SGSWRDC Campus (Tharamani site),12.98583333,80.245,2022-08-27 21:00:00,1.5,,
SGSWRDC Campus (Tharamani site),12.98583333,80.245,2022-08-27 23:00:00,0.5,,
SGSWRDC Campus (Tharamani site),12.98583333,80.245,2022-08-29 06:00:00,1.5,,
SGSWRDC Campus (Tharamani site),12.98583333,80.245,2022-08-29 07:00:00,4.0,,
SGSWRDC Campus (Tharamani site),12.98583333,80.245,2022-08-29 08:00:00,1.0,6.5,
SGSWRDC Campus (Tharamani site),12.98583333,80.245,2022-08-31 15:00:00,3.0,,
SGSWRDC Campus (Tharamani site),12.98583333,80.245,2022-09-01 10:00:00,0.5,,
SGSWRDC Campus (Tharamani site),12.98583333,80.245,2022-09-01 11:00:00,4.0,,
SGSWRDC Campus (Tharamani site),12.98583333,80.245,2022-09-01 13:00:00,1.0,,
SGSWRDC Campus (Tharamani site),12.98583333,80.245,2022-09-01 14:00:00,11.5,,
SGSWRDC Campus (Tharamani site),12.98583333,80.245,2022-09-01 15:00:00,2.5,15.0,
SGSWRDC Campus (Tharamani site),12.98583333,80.245,2022-09-07 19:00:00,3.0,,
SGSWRDC Campus (Tharamani site),12.98583333,80.245,2022-09-08 12:00:00,0.5,,
SGSWRDC Campus (Tharamani site),12.98583333,80.245,2022-09-26 17:00:00,1.5,,
SGSWRDC Campus (Tharamani site),12.98583333,80.245,2022-09-28 07:00:00,0.5,,
SGSWRDC Campus (Tharamani site),12.98583333,80.245,2022-09-28 16:00:00,31.5,,
SGSWRDC Campus (Tharamani site),12.98583333,80.245,2022-09-28 17:00:00,1.5,,
SGSWRDC Campus (Tharamani site),12.98583333,80.245,2022-09-29 10:00:00,0.5,,
SGSWRDC Campus (Tharamani site),12.98583333,80.245,2022-10-05 15:00:00,0.5,,
SGSWRDC Campus (Tharamani site),12.98583333,80.245,2022-10-06 00:00:00,0.5,,
SGSWRDC Campus (Tharamani site),12.98583333,80.245,2022-10-06 07:00:00,1.0,,
SGSWRDC Campus (Tharamani site),12.98583333,80.245,2022-10-08 21:00:00,2.0,,
SGSWRDC Campus (Tharamani site),12.98583333,80.245,2022-10-08 22:00:00,2.0,,
SGSWRDC Campus (Tharamani site),12.98583333,80.245,2022-10-10 01:00:00,2.0,,
SGSWRDC Campus (Tharamani site),12.98583333,80.245,2022-10-10 04:00:00,1.0,,
SGSWRDC Campus (Tharamani site),12.98583333,80.245,2022-10-10 06:00:00,1.0,,
SGSWRDC Campus (Tharamani site),12.98583333,80.245,2022-10-10 07:00:00,0.5,,
SGSWRDC Campus (Tharamani site),12.98583333,80.245,2022-10-11 11:00:00,17.5,,
SGSWRDC Campus (Tharamani site),12.98583333,80.245,2022-10-16 08:00:00,1.5,,
SGSWRDC Campus (Tharamani site),12.98583333,80.245,2022-10-20 18:00:00,0.5,,
SGSWRDC Campus (Tharamani site),12.98583333,80.245,2022-10-21 07:00:00,14.5,,
SGSWRDC Campus (Tharamani site),12.98583333,80.245,2022-10-22 01:00:00,0.5,,
SGSWRDC Campus (Tharamani site),12.98583333,80.245,2022-10-22 15:00:00,1.0,,
SGSWRDC Campus (Tharamani site),12.98583333,80.245,2022-10-22 16:00:00,0.5,,
SGSWRDC Campus (Tharamani site),12.98583333,80.245,2022-10-22 21:00:00,0.5,,
SGSWRDC Campus (Tharamani site),12.98583333,80.245,2022-10-27 08:00:00,3.5,,
SGSWRDC Campus (Tharamani site),12.98583333,80.245,2022-10-27 09:00:00,0.5,,
SGSWRDC Campus (Tharamani site),12.98583333,80.245,2022-10-27 11:00:00,3.0,,
SGSWRDC Campus (Tharamani site),12.98583333,80.245,2022-10-27 16:00:00,0.5,,
SGSWRDC Campus (Tharamani site),12.98583333,80.245,2022-10-29 00:00:00,0.5,,
SGSWRDC Campus (Tharamani site),12.98583333,80.245,2022-10-30 03:00:00,0.5,,
SGSWRDC Campus (Tharamani site),12.98583333,80.245,2022-10-31 06:00:00,1.5,,
SGSWRDC Campus (Tharamani site),12.98583333,80.245,2022-10-31 07:00:00,6.0,,
SGSWRDC Campus (Tharamani site),12.98583333,80.245,2022-10-31 19:00:00,4.0,,
SGSWRDC Campus (Tharamani site),12.98583333,80.245,2022-10-31 20:00:00,1.0,,
SGSWRDC Campus (Tharamani site),12.98583333,80.245,2022-10-31 21:00:00,6.0,11.0,
SGSWRDC Campus (Tharamani site),12.98583333,80.245,2022-10-31 22:00:00,1.0,8.0,
SGSWRDC Campus (Tharamani site),12.98583333,80.245,2022-10-31 23:00:00,2.0,9.0,
SGSWRDC Campus (Tharamani site),12.98583333,80.245,2022-11-01 00:00:00,5.0,8.0,19.0
SGSWRDC Campus (Tharamani site),12.98583333,80.245,2022-11-01 01:00:00,4.0,11.0,19.0
SGSWRDC Campus (Tharamani site),12.98583333,80.245,2022-11-01 02:00:00,3.5,12.5,21.5
SGSWRDC Campus (Tharamani site),12.98583333,80.245,2022-11-01 03:00:00,0.5,8.0,16.0
SGSWRDC Campus (Tharamani site),12.98583333,80.245,2022-11-01 05:00:00,1.0,,
SGSWRDC Campus (Tharamani site),12.98583333,80.245,2022-11-01 06:00:00,3.5,,
SGSWRDC Campus (Tharamani site),12.98583333,80.245,2022-11-01 07:00:00,1.5,6.0,
SGSWRDC Campus (Tharamani site),12.98583333,80.245,2022-11-01 08:00:00,2.5,7.5,
SGSWRDC Campus (Tharamani site),12.98583333,80.245,2022-11-01 09:00:00,13.5,17.5,
SGSWRDC Campus (Tharamani site),12.98583333,80.245,2022-11-01 10:00:00,9.5,25.5,31.5
SGSWRDC Campus (Tharamani site),12.98583333,80.245,2022-11-01 11:00:00,5.0,28.0,35.5
SGSWRDC Campus (Tharamani site),12.98583333,80.245,2022-11-01 12:00:00,3.5,18.0,35.5
SGSWRDC Campus (Tharamani site),12.98583333,80.245,2022-11-01 13:00:00,16.5,25.0,50.5
SGSWRDC Campus (Tharamani site),12.98583333,80.245,2022-11-01 14:00:00,9.0,29.0,57.0
SGSWRDC Campus (Tharamani site),12.98583333,80.245,2022-11-01 15:00:00,2.0,27.5,45.5
SGSWRDC Campus (Tharamani site),12.98583333,80.245,2022-11-01 16:00:00,1.5,12.5,37.5
SGSWRDC Campus (Tharamani site),12.98583333,80.245,2022-11-01 17:00:00,0.5,4.0,33.0
SGSWRDC Campus (Tharamani site),12.98583333,80.245,2022-11-01 23:00:00,4.5,,
SGSWRDC Campus (Tharamani site),12.98583333,80.245,2022-11-02 00:00:00,9.0,,
SGSWRDC Campus (Tharamani site),12.98583333,80.245,2022-11-02 01:00:00,13.5,27.0,
SGSWRDC Campus (Tharamani site),12.98583333,80.245,2022-11-02 02:00:00,1.5,24.0,
SGSWRDC Campus (Tharamani site),12.98583333,80.245,2022-11-02 03:00:00,13.0,28.0,
SGSWRDC Campus (Tharamani site),12.98583333,80.245,2022-11-02 04:00:00,3.0,17.5,44.5
SGSWRDC Campus (Tharamani site),12.98583333,80.245,2022-11-02 07:00:00,2.5,,
SGSWRDC Campus (Tharamani site),12.98583333,80.245,2022-11-02 08:00:00,0.5,,
SGSWRDC Campus (Tharamani site),12.98583333,80.245,2022-11-02 11:00:00,2.5,,
SGSWRDC Campus (Tharamani site),12.98583333,80.245,2022-11-02 12:00:00,2.0,,
SGSWRDC Campus (Tharamani site),12.98583333,80.245,2022-11-02 18:00:00,9.5,,
SGSWRDC Campus (Tharamani site),12.98583333,80.245,2022-11-02 20:00:00,0.5,,
SGSWRDC Campus (Tharamani site),12.98583333,80.245,2022-11-02 23:00:00,9.5,,
SGSWRDC Campus (Tharamani site),12.98583333,80.245,2022-11-03 00:00:00,3.0,,
SGSWRDC Campus (Tharamani site),12.98583333,80.245,2022-11-03 01:00:00,0.5,13.0,
SGSWRDC Campus (Tharamani site),12.98583333,80.245,2022-11-03 17:00:00,11.0,,
SGSWRDC Campus (Tharamani site),12.98583333,80.245,2022-11-03 18:00:00,6.0,,
SGSWRDC Campus (Tharamani site),12.98583333,80.245,2022-11-03 19:00:00,1.5,18.5,
SGSWRDC Campus (Tharamani site),12.98583333,80.245,2022-11-04 01:00:00,1.5,,
SGSWRDC Campus (Tharamani site),12.98583333,80.245,2022-11-04 03:00:00,1.5,,
SGSWRDC Campus (Tharamani site),12.98583333,80.245,2022-11-04 05:00:00,0.5,,
SGSWRDC Campus (Tharamani site),12.98583333,80.245,2022-11-10 07:00:00,5.0,,
SGSWRDC Campus (Tharamani site),12.98583333,80.245,2022-11-10 08:00:00,1.0,,
SGSWRDC Campus (Tharamani site),12.98583333,80.245,2022-11-10 09:00:00,0.5,6.5,
SGSWRDC Campus (Tharamani site),12.98583333,80.245,2022-11-10 19:00:00,3.5,,
SGSWRDC Campus (Tharamani site),12.98583333,80.245,2022-11-10 20:00:00,0.5,,
SGSWRDC Campus (Tharamani site),12.98583333,80.245,2022-11-10 21:00:00,0.5,4.5,
SGSWRDC Campus (Tharamani site),12.98583333,80.245,2022-11-10 22:00:00,0.5,1.5,
SGSWRDC Campus (Tharamani site),12.98583333,80.245,2022-11-11 01:00:00,15.5,,
SGSWRDC Campus (Tharamani site),12.98583333,80.245,2022-11-11 02:00:00,6.5,,
SGSWRDC Campus (Tharamani site),12.98583333,80.245,2022-11-11 05:00:00,3.0,,
SGSWRDC Campus (Tharamani site),12.98583333,80.245,2022-11-11 06:00:00,0.5,,
SGSWRDC Campus (Tharamani site),12.98583333,80.245,2022-11-11 07:00:00,2.5,6.0,
SGSWRDC Campus (Tharamani site),12.98583333,80.245,2022-11-11 08:00:00,24.0,27.0,
SGSWRDC Campus (Tharamani site),12.98583333,80.245,2022-11-11 09:00:00,1.0,27.5,
SGSWRDC Campus (Tharamani site),12.98583333,80.245,2022-11-11 10:00:00,3.0,28.0,34.0
SGSWRDC Campus (Tharamani site),12.98583333,80.245,2022-11-11 13:00:00,0.5,,
SGSWRDC Campus (Tharamani site),12.98583333,80.245,2022-11-11 14:00:00,1.0,,
SGSWRDC Campus (Tharamani site),12.98583333,80.245,2022-11-11 15:00:00,0.5,2.0,
SGSWRDC Campus (Tharamani site),12.98583333,80.245,2022-11-11 22:00:00,0.5,,
SGSWRDC Campus (Tharamani site),12.98583333,80.245,2022-11-12 05:00:00,34.5,,
SGSWRDC Campus (Tharamani site),12.98583333,80.245,2022-11-12 06:00:00,11.0,,
SGSWRDC Campus (Tharamani site),12.98583333,80.245,2022-11-12 07:00:00,7.0,52.5,
SGSWRDC Campus (Tharamani site),12.98583333,80.245,2022-11-12 08:00:00,0.5,18.5,
SGSWRDC Campus (Tharamani site),12.98583333,80.245,2022-11-12 11:00:00,0.5,,
SGSWRDC Campus (Tharamani site),12.98583333,80.245,2022-11-12 13:00:00,7.0,,
SGSWRDC Campus (Tharamani site),12.98583333,80.245,2022-11-12 21:00:00,0.5,,
SGSWRDC Campus (Tharamani site),12.98583333,80.245,2022-11-13 00:00:00,0.5,,
SGSWRDC Campus (Tharamani site),12.98583333,80.245,2022-11-13 03:00:00,1.0,,
SGSWRDC Campus (Tharamani site),12.98583333,80.245,2022-11-13 04:00:00,1.0,,
SGSWRDC Campus (Tharamani site),12.98583333,80.245,2022-11-13 05:00:00,6.0,8.0,
SGSWRDC Campus (Tharamani site),12.98583333,80.245,2022-11-13 07:00:00,35.0,,
SGSWRDC Campus (Tharamani site),12.98583333,80.245,2022-11-13 11:00:00,0.5,,
SGSWRDC Campus (Tharamani site),12.98583333,80.245,2022-11-14 14:00:00,1.5,,
SGSWRDC Campus (Tharamani site),12.98583333,80.245,2022-11-14 19:00:00,7.5,,
SGSWRDC Campus (Tharamani site),12.98583333,80.245,2022-11-14 20:00:00,0.5,,
SGSWRDC Campus (Tharamani site),12.98583333,80.245,2022-11-14 21:00:00,12.0,20.0,
SGSWRDC Campus (Tharamani site),12.98583333,80.245,2022-11-15 05:00:00,0.5,,
SGSWRDC Campus (Tharamani site),12.98583333,80.245,2022-11-21 20:00:00,0.5,,
SGSWRDC Campus (Tharamani site),12.98583333,80.245,2022-11-21 21:00:00,1.0,,
SGSWRDC Campus (Tharamani site),12.98583333,80.245,2022-11-21 22:00:00,1.0,2.5,
SGSWRDC Campus (Tharamani site),12.98583333,80.245,2022-11-21 23:00:00,1.0,3.0,
SGSWRDC Campus (Tharamani site),12.98583333,80.245,2022-11-22 00:00:00,1.0,3.0,
SGSWRDC Campus (Tharamani site),12.98583333,80.245,2022-11-22 07:00:00,0.5,,
SGSWRDC Campus (Tharamani site),12.98583333,80.245,2022-11-23 01:00:00,0.5,,
SGSWRDC Campus (Tharamani site),12.98583333,80.245,2022-11-23 02:00:00,0.5,,
SGSWRDC Campus (Tharamani site),12.98583333,80.245,2022-11-24 07:00:00,2.5,,
SGSWRDC Campus (Tharamani site),12.98583333,80.245,2022-11-25 06:00:00,1.0,,
SGSWRDC Campus (Tharamani site),12.98583333,80.245,2022-12-01 02:00:00,5.0,,
SGSWRDC Campus (Tharamani site),12.98583333,80.245,2022-12-01 05:00:00,1.0,,
SGSWRDC Campus (Tharamani site),12.98583333,80.245,2022-12-04 04:00:00,1.0,,
SGSWRDC Campus (Tharamani site),12.98583333,80.245,2022-12-04 05:00:00,2.5,,
SGSWRDC Campus (Tharamani site),12.98583333,80.245,2022-12-08 10:00:00,0.5,,
SGSWRDC Campus (Tharamani site),12.98583333,80.245,2022-12-08 11:00:00,0.5,,
SGSWRDC Campus (Tharamani site),12.98583333,80.245,2022-12-08 13:00:00,0.5,,
SGSWRDC Campus (Tharamani site),12.98583333,80.245,2022-12-08 19:00:00,1.5,,
SGSWRDC Campus (Tharamani site),12.98583333,80.245,2022-12-08 20:00:00,1.0,,
SGSWRDC Campus (Tharamani site),12.98583333,80.245,2022-12-08 21:00:00,2.5,5.0,
SGSWRDC Campus (Tharamani site),12.98583333,80.245,2022-12-08 22:00:00,3.5,7.0,
SGSWRDC Campus (Tharamani site),12.98583333,80.245,2022-12-08 23:00:00,3.5,9.5,
SGSWRDC Campus (Tharamani site),12.98583333,80.245,2022-12-09 00:00:00,1.0,8.0,13.0
SGSWRDC Campus (Tharamani site),12.98583333,80.245,2022-12-09 01:00:00,1.0,5.5,12.5
SGSWRDC Campus (Tharamani site),12.98583333,80.245,2022-12-09 02:00:00,1.0,3.0,12.5
SGSWRDC Campus (Tharamani site),12.98583333,80.245,2022-12-09 03:00:00,1.0,3.0,11.0
SGSWRDC Campus (Tharamani site),12.98583333,80.245,2022-12-09 04:00:00,15.5,17.5,23.0
SGSWRDC Campus (Tharamani site),12.98583333,80.245,2022-12-09 05:00:00,13.5,30.0,33.0
SGSWRDC Campus (Tharamani site),12.98583333,80.245,2022-12-09 06:00:00,6.0,35.0,38.0
SGSWRDC Campus (Tharamani site),12.98583333,80.245,2022-12-09 07:00:00,2.0,21.5,39.0
SGSWRDC Campus (Tharamani site),12.98583333,80.245,2022-12-09 08:00:00,0.5,8.5,38.5
SGSWRDC Campus (Tharamani site),12.98583333,80.245,2022-12-09 09:00:00,7.0,9.5,44.5
SGSWRDC Campus (Tharamani site),12.98583333,80.245,2022-12-09 11:00:00,0.5,,
SGSWRDC Campus (Tharamani site),12.98583333,80.245,2022-12-09 12:00:00,3.0,,
SGSWRDC Campus (Tharamani site),12.98583333,80.245,2022-12-09 13:00:00,5.0,8.5,
SGSWRDC Campus (Tharamani site),12.98583333,80.245,2022-12-09 14:00:00,3.5,11.5,
SGSWRDC Campus (Tharamani site),12.98583333,80.245,2022-12-09 15:00:00,0.5,9.0,
SGSWRDC Campus (Tharamani site),12.98583333,80.245,2022-12-09 16:00:00,7.5,11.5,20.0
SGSWRDC Campus (Tharamani site),12.98583333,80.245,2022-12-09 17:00:00,5.5,13.5,25.0
SGSWRDC Campus (Tharamani site),12.98583333,80.245,2022-12-09 18:00:00,7.5,20.5,29.5
SGSWRDC Campus (Tharamani site),12.98583333,80.245,2022-12-09 19:00:00,14.5,27.5,39.0
SGSWRDC Campus (Tharamani site),12.98583333,80.245,2022-12-09 20:00:00,22.0,44.0,57.5
SGSWRDC Campus (Tharamani site),12.98583333,80.245,2022-12-09 21:00:00,8.0,44.5,65.0
SGSWRDC Campus (Tharamani site),12.98583333,80.245,2022-12-09 22:00:00,8.0,38.0,65.5
SGSWRDC Campus (Tharamani site),12.98583333,80.245,2022-12-09 23:00:00,7.0,23.0,67.0
SGSWRDC Campus (Tharamani site),12.98583333,80.245,2022-12-10 00:00:00,2.0,17.0,61.5
SGSWRDC Campus (Tharamani site),12.98583333,80.245,2022-12-10 01:00:00,1.0,10.0,48.0
SGSWRDC Campus (Tharamani site),12.98583333,80.245,2022-12-10 05:00:00,0.5,,
SGSWRDC Campus (Tharamani site),12.98583333,80.245,2022-12-10 06:00:00,0.5,,
SGSWRDC Campus (Tharamani site),12.98583333,80.245,2022-12-10 10:00:00,0.5,,
SGSWRDC Campus (Tharamani site),12.98583333,80.245,2022-12-10 14:00:00,0.5,,
SGSWRDC Campus (Tharamani site),12.98583333,80.245,2022-12-11 03:00:00,4.5,,
SGSWRDC Campus (Tharamani site),12.98583333,80.245,2022-12-11 04:00:00,2.5,,
SGSWRDC Campus (Tharamani site),12.98583333,80.245,2022-12-11 06:00:00,1.0,,
SGSWRDC Campus (Tharamani site),12.98583333,80.245,2022-12-11 22:00:00,2.0,,
SGSWRDC Campus (Tharamani site),12.98583333,80.245,2022-12-12 00:00:00,6.0,,
SGSWRDC Campus (Tharamani site),12.98583333,80.245,2022-12-12 01:00:00,0.5,,
SGSWRDC Campus (Tharamani site),12.98583333,80.245,2022-12-12 03:00:00,0.5,,
SGSWRDC Campus (Tharamani site),12.98583333,80.245,2022-12-12 06:00:00,0.5,,
SGSWRDC Campus (Tharamani site),12.98583333,80.245,2022-12-12 10:00:00,1.5,,
SGSWRDC Campus (Tharamani site),12.98583333,80.245,2022-12-12 11:00:00,2.5,,
SGSWRDC Campus (Tharamani site),12.98583333,80.245,2022-12-12 12:00:00,10.0,14.0,
SGSWRDC Campus (Tharamani site),12.98583333,80.245,2022-12-12 13:00:00,12.0,24.5,
SGSWRDC Campus (Tharamani site),12.98583333,80.245,2022-12-12 14:00:00,3.0,25.0,
SGSWRDC Campus (Tharamani site),12.98583333,80.245,2022-12-12 15:00:00,4.5,19.5,33.5
SGSWRDC Campus (Tharamani site),12.98583333,80.245,2022-12-12 16:00:00,1.0,8.5,33.0
SGSWRDC Campus (Tharamani site),12.98583333,80.245,2022-12-24 21:00:00,4.5,,
SGSWRDC Campus (Tharamani site),12.98583333,80.245,2022-12-24 22:00:00,4.0,,
SGSWRDC Campus (Tharamani site),12.98583333,80.245,2022-12-24 23:00:00,2.0,10.5,
SGSWRDC Campus (Tharamani site),12.98583333,80.245,2022-12-25 02:00:00,1.0,,
SGSWRDC Campus (Tharamani site),12.98583333,80.245,2022-12-25 04:00:00,1.5,,
SGSWRDC Campus (Tharamani site),12.98583333,80.245,2022-12-25 05:00:00,2.0,,
SGSWRDC Campus (Tharamani site),12.98583333,80.245,2022-12-25 07:00:00,2.0,,
SGSWRDC Campus (Tharamani site),12.98583333,80.245,2022-12-25 08:00:00,4.0,,
SGSWRDC Campus (Tharamani site),12.98583333,80.245,2022-12-25 09:00:00,1.5,7.5,
SGSWRDC Campus (Tharamani site),12.98583333,80.245,2022-12-25 10:00:00,1.0,6.5,
SGSWRDC Campus (Tharamani site),12.98583333,80.245,2022-12-25 11:00:00,1.5,4.0,
SGSWRDC Campus (Tharamani site),12.98583333,80.245,2022-12-25 12:00:00,0.5,3.0,10.5
SGSWRDC Campus (Tharamani site),12.98583333,80.245,2022-12-26 03:00:00,0.5,,
SGSWRDC Campus (Tharamani site),12.98583333,80.245,2023-01-30 08:00:00,1.0,,
SGSWRDC Campus (Tharamani site),12.98583333,80.245,2023-03-17 14:00:00,1.5,,
SGSWRDC Campus (Tharamani site),12.98583333,80.245,2023-03-18 03:00:00,2.0,,
SGSWRDC Campus (Tharamani site),12.98583333,80.245,2023-03-18 04:00:00,11.0,,
SGSWRDC Campus (Tharamani site),12.98583333,80.245,2023-03-18 05:00:00,0.5,13.5,
SGSWRDC Campus (Tharamani site),12.98583333,80.245,2023-03-18 13:00:00,0.5,,
SGSWRDC Campus (Tharamani site),12.98583333,80.245,2023-03-18 15:00:00,0.5,,
SGSWRDC Campus (Tharamani site),12.98583333,80.245,2023-03-19 13:00:00,1.0,,
SGSWRDC Campus (Tharamani site),12.98583333,80.245,2023-03-20 02:00:00,6.5,,
SGSWRDC Campus (Tharamani site),12.98583333,80.245,2023-03-20 04:00:00,0.5,,
SGSWRDC Campus (Tharamani site),12.98583333,80.245,2023-03-20 05:00:00,1.0,,
SGSWRDC Campus (Tharamani site),12.98583333,80.245,2023-04-29 08:00:00,1.0,,
SGSWRDC Campus (Tharamani site),12.98583333,80.245,2023-05-01 04:00:00,7.5,,
SGSWRDC Campus (Tharamani site),12.98583333,80.245,2023-05-01 05:00:00,0.5,,
SGSWRDC Campus (Tharamani site),12.98583333,80.245,2023-05-01 10:00:00,0.5,,
SGSWRDC Campus (Tharamani site),12.98583333,80.245,2023-05-01 11:00:00,8.0,,
SGSWRDC Campus (Tharamani site),12.98583333,80.245,2023-05-01 13:00:00,0.5,,
SGSWRDC Campus (Tharamani site),12.98583333,80.245,2023-05-02 00:00:00,3.5,,
SGSWRDC Campus (Tharamani site),12.98583333,80.245,2023-05-02 01:00:00,3.5,,
SGSWRDC Campus (Tharamani site),12.98583333,80.245,2023-05-02 03:00:00,4.0,,
SGSWRDC Campus (Tharamani site),12.98583333,80.245,2023-05-02 04:00:00,12.0,,
SGSWRDC Campus (Tharamani site),12.98583333,80.245,2023-05-02 05:00:00,7.5,23.5,
SGSWRDC Campus (Tharamani site),12.98583333,80.245,2023-05-02 06:00:00,0.5,20.0,
SGSWRDC Campus (Tharamani site),12.98583333,80.245,2023-05-02 07:00:00,0.5,8.5,
SGSWRDC Campus (Tharamani site),12.98583333,80.245,2023-05-02 23:00:00,0.5,,
SGSWRDC Campus (Tharamani site),12.98583333,80.245,2023-05-03 02:00:00,0.5,,
SGSWRDC Campus (Tharamani site),12.98583333,80.245,2023-06-14 01:00:00,1.5,,
SGSWRDC Campus (Tharamani site),12.98583333,80.245,2023-06-18 10:00:00,1.5,,
SGSWRDC Campus (Tharamani site),12.98583333,80.245,2023-06-18 11:00:00,2.0,,
SGSWRDC Campus (Tharamani site),12.98583333,80.245,2023-06-18 12:00:00,1.0,4.5,
SGSWRDC Campus (Tharamani site),12.98583333,80.245,2023-06-18 23:00:00,0.5,,
SGSWRDC Campus (Tharamani site),12.98583333,80.245,2023-06-19 01:00:00,0.5,,
SGSWRDC Campus (Tharamani site),12.98583333,80.245,2023-06-19 02:00:00,5.5,,
SGSWRDC Campus (Tharamani site),12.98583333,80.245,2023-06-19 03:00:00,32.0,38.0,
SGSWRDC Campus (Tharamani site),12.98583333,80.245,2023-06-19 04:00:00,46.0,83.5,
SGSWRDC Campus (Tharamani site),12.98583333,80.245,2023-06-19 05:00:00,12.5,90.5,
SGSWRDC Campus (Tharamani site),12.98583333,80.245,2023-06-19 06:00:00,11.5,70.0,108.0
SGSWRDC Campus (Tharamani site),12.98583333,80.245,2023-06-19 07:00:00,19.0,43.0,126.5
SGSWRDC Campus (Tharamani site),12.98583333,80.245,2023-06-19 08:00:00,1.0,31.5,122.0
SGSWRDC Campus (Tharamani site),12.98583333,80.245,2023-06-19 09:00:00,5.0,25.0,95.0
SGSWRDC Campus (Tharamani site),12.98583333,80.245,2023-06-19 10:00:00,3.0,9.0,52.0
SGSWRDC Campus (Tharamani site),12.98583333,80.245,2023-06-19 11:00:00,2.0,10.0,41.5
SGSWRDC Campus (Tharamani site),12.98583333,80.245,2023-06-19 12:00:00,0.5,5.5,30.5
SGSWRDC Campus (Tharamani site),12.98583333,80.245,2023-06-19 13:00:00,2.0,4.5,13.5
SGSWRDC Campus (Tharamani site),12.98583333,80.245,2023-06-19 16:00:00,4.0,,
SGSWRDC Campus (Tharamani site),12.98583333,80.245,2023-06-19 17:00:00,0.5,,
SGSWRDC Campus (Tharamani site),12.98583333,80.245,2023-06-19 20:00:00,1.0,,
SGSWRDC Campus (Tharamani site),12.98583333,80.245,2023-06-19 21:00:00,3.0,,
SGSWRDC Campus (Tharamani site),12.98583333,80.245,2023-06-19 22:00:00,6.0,10.0,
SGSWRDC Campus (Tharamani site),12.98583333,80.245,2023-06-19 23:00:00,25.5,34.5,
SGSWRDC Campus (Tharamani site),12.98583333,80.245,2023-06-20 00:00:00,14.0,45.5,
SGSWRDC Campus (Tharamani site),12.98583333,80.245,2023-06-20 01:00:00,10.5,50.0,60.0
SGSWRDC Campus (Tharamani site),12.98583333,80.245,2023-06-20 02:00:00,0.5,25.0,59.5
SGSWRDC Campus (Tharamani site),12.98583333,80.245,2023-06-20 07:00:00,2.0,,
SGSWRDC Campus (Tharamani site),12.98583333,80.245,2023-06-20 08:00:00,0.5,,
SGSWRDC Campus (Tharamani site),12.98583333,80.245,2023-06-20 23:00:00,0.5,,
SGSWRDC Campus (Tharamani site),12.98583333,80.245,2023-06-21 00:00:00,7.0,,
SGSWRDC Campus (Tharamani site),12.98583333,80.245,2023-06-21 01:00:00,0.5,8.0,
SGSWRDC Campus (Tharamani site),12.98583333,80.245,2023-06-21 02:00:00,1.0,8.5,
SGSWRDC Campus (Tharamani site),12.98583333,80.245,2023-06-21 03:00:00,1.5,3.0,
SGSWRDC Campus (Tharamani site),12.98583333,80.245,2023-06-22 16:00:00,0.5,,
SGSWRDC Campus (Tharamani site),12.98583333,80.245,2023-06-22 17:00:00,1.5,,
SGSWRDC Campus (Tharamani site),12.98583333,80.245,2023-06-24 03:00:00,4.0,,
SGSWRDC Campus (Tharamani site),12.98583333,80.245,2023-06-28 22:00:00,0.5,,
SGSWRDC Campus (Tharamani site),12.98583333,80.245,2023-06-29 22:00:00,3.0,,
SGSWRDC Campus (Tharamani site),12.98583333,80.245,2023-06-29 23:00:00,4.5,,
SGSWRDC Campus (Tharamani site),12.98583333,80.245,2023-06-30 09:00:00,0.5,,
SGSWRDC Campus (Tharamani site),12.98583333,80.245,2023-07-03 00:00:00,3.0,,
SGSWRDC Campus (Tharamani site),12.98583333,80.245,2023-07-03 01:00:00,0.5,,
SGSWRDC Campus (Tharamani site),12.98583333,80.245,2023-07-03 02:00:00,0.5,4.0,
SGSWRDC Campus (Tharamani site),12.98583333,80.245,2023-07-03 03:00:00,0.5,1.5,
SGSWRDC Campus (Tharamani site),12.98583333,80.245,2023-07-03 04:00:00,0.5,1.5,
SGSWRDC Campus (Tharamani site),12.98583333,80.245,2023-07-03 06:00:00,0.5,,
SGSWRDC Campus (Tharamani site),12.98583333,80.245,2023-07-09 19:00:00,9.0,,
SGSWRDC Campus (Tharamani site),12.98583333,80.245,2023-07-09 20:00:00,17.5,,
SGSWRDC Campus (Tharamani site),12.98583333,80.245,2023-07-09 23:00:00,2.5,,
SGSWRDC Campus (Tharamani site),12.98583333,80.245,2023-07-10 00:00:00,1.5,,
SGSWRDC Campus (Tharamani site),12.98583333,80.245,2023-07-10 01:00:00,0.5,4.5,
SGSWRDC Campus (Tharamani site),12.98583333,80.245,2023-07-13 00:00:00,2.5,,
SGSWRDC Campus (Tharamani site),12.98583333,80.245,2023-07-13 01:00:00,9.0,,
SGSWRDC Campus (Tharamani site),12.98583333,80.245,2023-07-13 02:00:00,0.5,12.0,
SGSWRDC Campus (Tharamani site),12.98583333,80.245,2023-07-13 03:00:00,1.0,10.5,
SGSWRDC Campus (Tharamani site),12.98583333,80.245,2023-07-13 04:00:00,3.0,4.5,
SGSWRDC Campus (Tharamani site),12.98583333,80.245,2023-07-13 05:00:00,4.5,8.5,20.5
SGSWRDC Campus (Tharamani site),12.98583333,80.245,2023-07-13 06:00:00,1.0,8.5,19.0
SGSWRDC Campus (Tharamani site),12.98583333,80.245,2023-07-14 00:00:00,1.0,,
SGSWRDC Campus (Tharamani site),12.98583333,80.245,2023-07-22 21:00:00,1.5,,
SGSWRDC Campus (Tharamani site),12.98583333,80.245,2023-07-22 22:00:00,1.0,,
SGSWRDC Campus (Tharamani site),12.98583333,80.245,2023-07-23 16:00:00,0.5,,
SGSWRDC Campus (Tharamani site),12.98583333,80.245,2023-07-24 19:00:00,17.5,,
SGSWRDC Campus (Tharamani site),12.98583333,80.245,2023-07-24 20:00:00,1.0,,
SGSWRDC Campus (Tharamani site),12.98583333,80.245,2023-07-24 21:00:00,9.0,27.5,
SGSWRDC Campus (Tharamani site),12.98583333,80.245,2023-07-24 22:00:00,2.5,12.5,
SGSWRDC Campus (Tharamani site),12.98583333,80.245,2023-07-25 15:00:00,0.5,,
SGSWRDC Campus (Tharamani site),12.98583333,80.245,2023-07-25 19:00:00,0.5,,
SGSWRDC Campus (Tharamani site),12.98583333,80.245,2023-08-04 00:00:00,1.0,,
SGSWRDC Campus (Tharamani site),12.98583333,80.245,2023-08-10 16:00:00,5.0,,
SGSWRDC Campus (Tharamani site),12.98583333,80.245,2023-08-10 17:00:00,28.5,,
SGSWRDC Campus (Tharamani site),12.98583333,80.245,2023-08-10 18:00:00,0.5,34.0,
SGSWRDC Campus (Tharamani site),12.98583333,80.245,2023-08-10 19:00:00,0.5,29.5,
SGSWRDC Campus (Tharamani site),12.98583333,80.245,2023-08-12 14:00:00,6.0,,
SGSWRDC Campus (Tharamani site),12.98583333,80.245,2023-08-12 15:00:00,1.0,,
SGSWRDC Campus (Tharamani site),12.98583333,80.245,2023-08-12 18:00:00,0.5,,
SGSWRDC Campus (Tharamani site),12.98583333,80.245,2023-08-12 19:00:00,1.0,,
SGSWRDC Campus (Tharamani site),12.98583333,80.245,2023-08-14 01:00:00,6.0,,
SGSWRDC Campus (Tharamani site),12.98583333,80.245,2023-08-14 02:00:00,5.5,,
SGSWRDC Campus (Tharamani site),12.98583333,80.245,2023-08-14 03:00:00,39.5,51.0,
SGSWRDC Campus (Tharamani site),12.98583333,80.245,2023-08-14 04:00:00,9.5,54.5,
SGSWRDC Campus (Tharamani site),12.98583333,80.245,2023-08-14 05:00:00,16.0,65.0,
SGSWRDC Campus (Tharamani site),12.98583333,80.245,2023-08-14 07:00:00,0.5,,
SGSWRDC Campus (Tharamani site),12.98583333,80.245,2023-08-14 17:00:00,5.5,,
SGSWRDC Campus (Tharamani site),12.98583333,80.245,2023-08-14 19:00:00,1.0,,
SGSWRDC Campus (Tharamani site),12.98583333,80.245,2023-08-14 23:00:00,1.0,,
SGSWRDC Campus (Tharamani site),12.98583333,80.245,2023-08-17 18:00:00,1.0,,
SGSWRDC Campus (Tharamani site),12.98583333,80.245,2023-08-17 19:00:00,15.0,,
SGSWRDC Campus (Tharamani site),12.98583333,80.245,2023-08-17 20:00:00,1.5,17.5,
SGSWRDC Campus (Tharamani site),12.98583333,80.245,2023-08-17 21:00:00,0.5,17.0,
SGSWRDC Campus (Tharamani site),12.98583333,80.245,2023-08-17 22:00:00,15.0,17.0,
SGSWRDC Campus (Tharamani site),12.98583333,80.245,2023-08-17 23:00:00,17.5,33.0,50.5
SGSWRDC Campus (Tharamani site),12.98583333,80.245,2023-08-18 00:00:00,1.0,33.5,50.5
SGSWRDC Campus (Tharamani site),12.98583333,80.245,2023-08-18 01:00:00,2.0,20.5,37.5
SGSWRDC Campus (Tharamani site),12.98583333,80.245,2023-08-23 03:00:00,38.5,,
SGSWRDC Campus (Tharamani site),12.98583333,80.245,2023-08-23 04:00:00,0.5,,
SGSWRDC Campus (Tharamani site),12.98583333,80.245,2023-08-23 05:00:00,1.5,40.5,
SGSWRDC Campus (Tharamani site),12.98583333,80.245,2023-08-24 01:00:00,1.5,,
SGSWRDC Campus (Tharamani site),12.98583333,80.245,2023-08-24 02:00:00,20.5,,
SGSWRDC Campus (Tharamani site),12.98583333,80.245,2023-08-24 03:00:00,2.0,24.0,
SGSWRDC Campus (Tharamani site),12.98583333,80.245,2023-08-24 04:00:00,1.0,23.5,
SGSWRDC Campus (Tharamani site),12.98583333,80.245,2023-08-24 05:00:00,2.0,5.0,
SGSWRDC Campus (Tharamani site),12.98583333,80.245,2023-08-27 04:00:00,7.0,,
SGSWRDC Campus (Tharamani site),12.98583333,80.245,2023-08-27 06:00:00,0.5,,
SGSWRDC Campus (Tharamani site),12.98583333,80.245,2023-08-29 05:00:00,4.0,,
SGSWRDC Campus (Tharamani site),12.98583333,80.245,2023-08-29 06:00:00,1.0,,
SGSWRDC Campus (Tharamani site),12.98583333,80.245,2023-08-29 07:00:00,1.0,6.0,
SGSWRDC Campus (Tharamani site),12.98583333,80.245,2023-08-31 03:00:00,2.0,,
SGSWRDC Campus (Tharamani site),12.98583333,80.245,2023-09-02 19:00:00,17.0,,
SGSWRDC Campus (Tharamani site),12.98583333,80.245,2023-09-02 20:00:00,0.5,,
SGSWRDC Campus (Tharamani site),12.98583333,80.245,2023-09-03 17:00:00,0.5,,
SGSWRDC Campus (Tharamani site),12.98583333,80.245,2023-09-03 18:00:00,4.5,,
SGSWRDC Campus (Tharamani site),12.98583333,80.245,2023-09-03 19:00:00,3.5,8.5,
SGSWRDC Campus (Tharamani site),12.98583333,80.245,2023-09-03 20:00:00,0.5,8.5,
SGSWRDC Campus (Tharamani site),12.98583333,80.245,2023-09-03 21:00:00,8.5,12.5,
SGSWRDC Campus (Tharamani site),12.98583333,80.245,2023-09-04 00:00:00,0.5,,
SGSWRDC Campus (Tharamani site),12.98583333,80.245,2023-09-07 21:00:00,1.5,,
SGSWRDC Campus (Tharamani site),12.98583333,80.245,2023-09-07 22:00:00,22.0,,
SGSWRDC Campus (Tharamani site),12.98583333,80.245,2023-09-07 23:00:00,22.5,46.0,
SGSWRDC Campus (Tharamani site),12.98583333,80.245,2023-09-08 00:00:00,0.5,45.0,
SGSWRDC Campus (Tharamani site),12.98583333,80.245,2023-09-13 22:00:00,4.0,,
SGSWRDC Campus (Tharamani site),12.98583333,80.245,2023-09-13 23:00:00,2.0,,
SGSWRDC Campus (Tharamani site),12.98583333,80.245,2023-09-14 21:00:00,16.0,,
SGSWRDC Campus (Tharamani site),12.98583333,80.245,2023-09-14 22:00:00,0.5,,
SGSWRDC Campus (Tharamani site),12.98583333,80.245,2023-09-14 23:00:00,0.5,17.0,
SGSWRDC Campus (Tharamani site),12.98583333,80.245,2023-09-16 16:00:00,0.5,,
SGSWRDC Campus (Tharamani site),12.98583333,80.245,2023-09-16 17:00:00,6.5,,
SGSWRDC Campus (Tharamani site),12.98583333,80.245,2023-09-16 18:00:00,3.5,10.5,
SGSWRDC Campus (Tharamani site),12.98583333,80.245,2023-09-16 22:00:00,10.5,,
SGSWRDC Campus (Tharamani site),12.98583333,80.245,2023-09-16 23:00:00,2.0,,
SGSWRDC Campus (Tharamani site),12.98583333,80.245,2023-09-17 00:00:00,4.0,16.5,
SGSWRDC Campus (Tharamani site),12.98583333,80.245,2023-09-17 01:00:00,3.0,9.0,
SGSWRDC Campus (Tharamani site),12.98583333,80.245,2023-09-17 02:00:00,1.0,8.0,
SGSWRDC Campus (Tharamani site),12.98583333,80.245,2023-09-17 03:00:00,1.0,5.0,21.5
SGSWRDC Campus (Tharamani site),12.98583333,80.245,2023-09-17 04:00:00,0.5,2.5,11.5
SGSWRDC Campus (Tharamani site),12.98583333,80.245,2023-09-17 06:00:00,0.5,,
SGSWRDC Campus (Tharamani site),12.98583333,80.245,2023-09-18 18:00:00,17.0,,
SGSWRDC Campus (Tharamani site),12.98583333,80.245,2023-09-18 19:00:00,0.5,,
SGSWRDC Campus (Tharamani site),12.98583333,80.245,2023-09-21 07:00:00,10.5,,
SGSWRDC Campus (Tharamani site),12.98583333,80.245,2023-09-21 08:00:00,8.0,,
SGSWRDC Campus (Tharamani site),12.98583333,80.245,2023-09-21 09:00:00,1.5,20.0,
SGSWRDC Campus (Tharamani site),12.98583333,80.245,2023-09-23 20:00:00,0.5,,
SGSWRDC Campus (Tharamani site),12.98583333,80.245,2023-09-23 21:00:00,10.0,,
SGSWRDC Campus (Tharamani site),12.98583333,80.245,2023-09-23 22:00:00,4.5,15.0,
SGSWRDC Campus (Tharamani site),12.98583333,80.245,2023-09-24 22:00:00,3.5,,
SGSWRDC Campus (Tharamani site),12.98583333,80.245,2023-09-24 23:00:00,0.5,,
SGSWRDC Campus (Tharamani site),12.98583333,80.245,2023-09-25 03:00:00,0.5,,
SGSWRDC Campus (Tharamani site),12.98583333,80.245,2023-09-25 04:00:00,6.5,,
SGSWRDC Campus (Tharamani site),12.98583333,80.245,2023-09-25 05:00:00,0.5,7.5,
SGSWRDC Campus (Tharamani site),12.98583333,80.245,2023-09-25 06:00:00,0.5,7.5,
SGSWRDC Campus (Tharamani site),12.98583333,80.245,2023-09-26 23:00:00,0.5,,
SGSWRDC Campus (Tharamani site),12.98583333,80.245,2023-09-27 18:00:00,31.0,,
SGSWRDC Campus (Tharamani site),12.98583333,80.245,2023-09-27 19:00:00,1.5,,
SGSWRDC Campus (Tharamani site),12.98583333,80.245,2023-09-27 20:00:00,0.5,33.0,
SGSWRDC Campus (Tharamani site),12.98583333,80.245,2023-09-28 03:00:00,0.5,,
SGSWRDC Campus (Tharamani site),12.98583333,80.245,2023-09-29 01:00:00,2.0,,
SGSWRDC Campus (Tharamani site),12.98583333,80.245,2023-09-29 02:00:00,1.0,,
SGSWRDC Campus (Tharamani site),12.98583333,80.245,2023-09-29 19:00:00,8.0,,
SGSWRDC Campus (Tharamani site),12.98583333,80.245,2023-09-29 20:00:00,1.0,,
SGSWRDC Campus (Tharamani site),12.98583333,80.245,2023-09-29 22:00:00,0.5,,
SGSWRDC Campus (Tharamani site),12.98583333,80.245,2023-09-29 23:00:00,0.5,,
SGSWRDC Campus (Tharamani site),12.98583333,80.245,2023-09-30 00:00:00,0.5,1.5,
SGSWRDC Campus (Tharamani site),12.98583333,80.245,2023-10-03 23:00:00,1.0,,
SGSWRDC Campus (Tharamani site),12.98583333,80.245,2023-10-05 04:00:00,1.0,,
SGSWRDC Campus (Tharamani site),12.98583333,80.245,2023-10-06 00:00:00,0.5,,
SGSWRDC Campus (Tharamani site),12.98583333,80.245,2023-10-06 15:00:00,1.0,,
SGSWRDC Campus (Tharamani site),12.98583333,80.245,2023-10-07 18:00:00,11.5,,
SGSWRDC Campus (Tharamani site),12.98583333,80.245,2023-10-14 07:00:00,3.0,,
SGSWRDC Campus (Tharamani site),12.98583333,80.245,2023-10-14 08:00:00,4.5,,
SGSWRDC Campus (Tharamani site),12.98583333,80.245,2023-10-14 11:00:00,0.5,,
SGSWRDC Campus (Tharamani site),12.98583333,80.245,2023-10-15 04:00:00,1.5,,
SGSWRDC Campus (Tharamani site),12.98583333,80.245,2023-10-15 05:00:00,6.0,,
SGSWRDC Campus (Tharamani site),12.98583333,80.245,2023-10-15 06:00:00,3.0,10.5,
SGSWRDC Campus (Tharamani site),12.98583333,80.245,2023-10-15 07:00:00,1.5,10.5,
SGSWRDC Campus (Tharamani site),12.98583333,80.245,2023-10-15 09:00:00,0.5,,
SGSWRDC Campus (Tharamani site),12.98583333,80.245,2023-10-28 04:00:00,1.0,,
SGSWRDC Campus (Tharamani site),12.98583333,80.245,2023-10-28 21:00:00,12.0,,
SGSWRDC Campus (Tharamani site),12.98583333,80.245,2023-10-29 07:00:00,0.5,,
SGSWRDC Campus (Tharamani site),12.98583333,80.245,2023-10-30 01:00:00,4.5,,
SGSWRDC Campus (Tharamani site),12.98583333,80.245,2023-10-30 10:00:00,4.5,,
SGSWRDC Campus (Tharamani site),12.98583333,80.245,2023-11-01 14:00:00,2.5,,
SGSWRDC Campus (Tharamani site),12.98583333,80.245,2023-11-01 17:00:00,0.5,,
SGSWRDC Campus (Tharamani site),12.98583333,80.245,2023-11-02 01:00:00,1.0,,
SGSWRDC Campus (Tharamani site),12.98583333,80.245,2023-11-03 03:00:00,1.0,,
SGSWRDC Campus (Tharamani site),12.98583333,80.245,2023-11-03 04:00:00,7.0,,
SGSWRDC Campus (Tharamani site),12.98583333,80.245,2023-11-03 09:00:00,0.5,,
SGSWRDC Campus (Tharamani site),12.98583333,80.245,2023-11-03 10:00:00,15.5,,
SGSWRDC Campus (Tharamani site),12.98583333,80.245,2023-11-03 11:00:00,6.0,22.0,
SGSWRDC Campus (Tharamani site),12.98583333,80.245,2023-11-03 12:00:00,7.5,29.0,
SGSWRDC Campus (Tharamani site),12.98583333,80.245,2023-11-03 15:00:00,0.5,,
SGSWRDC Campus (Tharamani site),12.98583333,80.245,2023-11-03 16:00:00,2.0,,
SGSWRDC Campus (Tharamani site),12.98583333,80.245,2023-11-04 01:00:00,4.5,,
SGSWRDC Campus (Tharamani site),12.98583333,80.245,2023-11-04 04:00:00,6.5,,
SGSWRDC Campus (Tharamani site),12.98583333,80.245,2023-11-04 07:00:00,5.0,,
SGSWRDC Campus (Tharamani site),12.98583333,80.245,2023-11-04 18:00:00,4.0,,
SGSWRDC Campus (Tharamani site),12.98583333,80.245,2023-11-06 11:00:00,11.0,,
SGSWRDC Campus (Tharamani site),12.98583333,80.245,2023-11-06 12:00:00,0.5,,
SGSWRDC Campus (Tharamani site),12.98583333,80.245,2023-11-07 02:00:00,7.0,,
SGSWRDC Campus (Tharamani site),12.98583333,80.245,2023-11-07 03:00:00,6.0,,
SGSWRDC Campus (Tharamani site),12.98583333,80.245,2023-11-07 06:00:00,3.5,,
SGSWRDC Campus (Tharamani site),12.98583333,80.245,2023-11-09 17:00:00,3.0,,
SGSWRDC Campus (Tharamani site),12.98583333,80.245,2023-11-09 19:00:00,0.5,,
SGSWRDC Campus (Tharamani site),12.98583333,80.245,2023-11-09 20:00:00,5.0,,
SGSWRDC Campus (Tharamani site),12.98583333,80.245,2023-11-09 21:00:00,2.0,7.5,
SGSWRDC Campus (Tharamani site),12.98583333,80.245,2023-11-10 01:00:00,0.5,,
SGSWRDC Campus (Tharamani site),12.98583333,80.245,2023-11-13 19:00:00,3.5,,
SGSWRDC Campus (Tharamani site),12.98583333,80.245,2023-11-13 21:00:00,0.5,,
SGSWRDC Campus (Tharamani site),12.98583333,80.245,2023-11-13 22:00:00,4.5,,
SGSWRDC Campus (Tharamani site),12.98583333,80.245,2023-11-13 23:00:00,1.0,6.0,
SGSWRDC Campus (Tharamani site),12.98583333,80.245,2023-11-14 00:00:00,10.0,15.5,
SGSWRDC Campus (Tharamani site),12.98583333,80.245,2023-11-14 01:00:00,2.5,13.5,
SGSWRDC Campus (Tharamani site),12.98583333,80.245,2023-11-14 02:00:00,2.5,15.0,21.0
SGSWRDC Campus (Tharamani site),12.98583333,80.245,2023-11-14 03:00:00,2.0,7.0,22.5
SGSWRDC Campus (Tharamani site),12.98583333,80.245,2023-11-14 04:00:00,0.5,5.0,18.5
SGSWRDC Campus (Tharamani site),12.98583333,80.245,2023-11-14 10:00:00,2.0,,
SGSWRDC Campus (Tharamani site),12.98583333,80.245,2023-11-14 11:00:00,6.0,,
SGSWRDC Campus (Tharamani site),12.98583333,80.245,2023-11-14 12:00:00,2.5,10.5,
SGSWRDC Campus (Tharamani site),12.98583333,80.245,2023-11-14 13:00:00,1.0,9.5,
SGSWRDC Campus (Tharamani site),12.98583333,80.245,2023-11-14 14:00:00,8.5,12.0,
SGSWRDC Campus (Tharamani site),12.98583333,80.245,2023-11-14 15:00:00,0.5,10.0,20.5
SGSWRDC Campus (Tharamani site),12.98583333,80.245,2023-11-14 16:00:00,0.5,9.5,19.0
SGSWRDC Campus (Tharamani site),12.98583333,80.245,2023-11-14 17:00:00,2.5,3.5,15.5
SGSWRDC Campus (Tharamani site),12.98583333,80.245,2023-11-14 18:00:00,6.5,9.5,19.5
SGSWRDC Campus (Tharamani site),12.98583333,80.245,2023-11-14 19:00:00,6.0,15.0,24.5
SGSWRDC Campus (Tharamani site),12.98583333,80.245,2023-11-14 20:00:00,7.5,20.0,23.5
SGSWRDC Campus (Tharamani site),12.98583333,80.245,2023-11-14 21:00:00,2.5,16.0,25.5
SGSWRDC Campus (Tharamani site),12.98583333,80.245,2023-11-14 22:00:00,3.5,13.5,28.5
SGSWRDC Campus (Tharamani site),12.98583333,80.245,2023-11-14 23:00:00,7.0,13.0,33.0
SGSWRDC Campus (Tharamani site),12.98583333,80.245,2023-11-15 00:00:00,2.5,13.0,29.0
SGSWRDC Campus (Tharamani site),12.98583333,80.245,2023-11-15 01:00:00,1.0,10.5,24.0
SGSWRDC Campus (Tharamani site),12.98583333,80.245,2023-11-15 02:00:00,2.5,6.0,19.0
SGSWRDC Campus (Tharamani site),12.98583333,80.245,2023-11-15 03:00:00,1.0,4.5,17.5
SGSWRDC Campus (Tharamani site),12.98583333,80.245,2023-11-15 04:00:00,0.5,4.0,14.5
SGSWRDC Campus (Tharamani site),12.98583333,80.245,2023-11-15 08:00:00,0.5,,
SGSWRDC Campus (Tharamani site),12.98583333,80.245,2023-11-15 09:00:00,0.5,,
SGSWRDC Campus (Tharamani site),12.98583333,80.245,2023-11-15 12:00:00,5.0,,
SGSWRDC Campus (Tharamani site),12.98583333,80.245,2023-11-15 14:00:00,1.5,,
SGSWRDC Campus (Tharamani site),12.98583333,80.245,2023-11-15 15:00:00,0.5,,
SGSWRDC Campus (Tharamani site),12.98583333,80.245,2023-11-15 16:00:00,1.0,3.0,
SGSWRDC Campus (Tharamani site),12.98583333,80.245,2023-11-15 17:00:00,0.5,2.0,
SGSWRDC Campus (Tharamani site),12.98583333,80.245,2023-11-15 20:00:00,0.5,,
SGSWRDC Campus (Tharamani site),12.98583333,80.245,2023-11-15 21:00:00,0.5,,
SGSWRDC Campus (Tharamani site),12.98583333,80.245,2023-11-15 22:00:00,0.5,1.5,
SGSWRDC Campus (Tharamani site),12.98583333,80.245,2023-11-15 23:00:00,0.5,1.5,
SGSWRDC Campus (Tharamani site),12.98583333,80.245,2023-11-17 12:00:00,3.5,,
SGSWRDC Campus (Tharamani site),12.98583333,80.245,2023-11-20 12:00:00,0.5,,
SGSWRDC Campus (Tharamani site),12.98583333,80.245,2023-11-20 13:00:00,1.5,,
SGSWRDC Campus (Tharamani site),12.98583333,80.245,2023-11-20 14:00:00,0.5,2.5,
SGSWRDC Campus (Tharamani site),12.98583333,80.245,2023-11-20 15:00:00,0.5,2.5,
SGSWRDC Campus (Tharamani site),12.98583333,80.245,2023-11-20 17:00:00,1.0,,
SGSWRDC Campus (Tharamani site),12.98583333,80.245,2023-11-20 18:00:00,0.5,,
SGSWRDC Campus (Tharamani site),12.98583333,80.245,2023-11-20 19:00:00,1.0,2.5,
SGSWRDC Campus (Tharamani site),12.98583333,80.245,2023-11-20 20:00:00,3.0,4.5,
SGSWRDC Campus (Tharamani site),12.98583333,80.245,2023-11-21 01:00:00,2.5,,
SGSWRDC Campus (Tharamani site),12.98583333,80.245,2023-11-21 02:00:00,1.0,,
SGSWRDC Campus (Tharamani site),12.98583333,80.245,2023-11-21 03:00:00,2.0,5.5,
SGSWRDC Campus (Tharamani site),12.98583333,80.245,2023-11-21 04:00:00,11.0,14.0,
SGSWRDC Campus (Tharamani site),12.98583333,80.245,2023-11-21 05:00:00,1.0,14.0,
SGSWRDC Campus (Tharamani site),12.98583333,80.245,2023-11-21 06:00:00,0.5,12.5,18.0
SGSWRDC Campus (Tharamani site),12.98583333,80.245,2023-11-21 10:00:00,0.5,,
SGSWRDC Campus (Tharamani site),12.98583333,80.245,2023-11-21 12:00:00,0.5,,
SGSWRDC Campus (Tharamani site),12.98583333,80.245,2023-11-21 13:00:00,3.5,,
SGSWRDC Campus (Tharamani site),12.98583333,80.245,2023-11-21 14:00:00,2.0,6.0,
SGSWRDC Campus (Tharamani site),12.98583333,80.245,2023-11-21 20:00:00,1.0,,
SGSWRDC Campus (Tharamani site),12.98583333,80.245,2023-11-21 21:00:00,4.5,,
SGSWRDC Campus (Tharamani site),12.98583333,80.245,2023-11-21 22:00:00,2.0,7.5,
SGSWRDC Campus (Tharamani site),12.98583333,80.245,2023-11-21 23:00:00,5.0,11.5,
SGSWRDC Campus (Tharamani site),12.98583333,80.245,2023-11-22 00:00:00,4.0,11.0,
SGSWRDC Campus (Tharamani site),12.98583333,80.245,2023-11-22 01:00:00,1.0,10.0,17.5
SGSWRDC Campus (Tharamani site),12.98583333,80.245,2023-11-22 03:00:00,1.0,,
SGSWRDC Campus (Tharamani site),12.98583333,80.245,2023-11-22 04:00:00,2.0,,
SGSWRDC Campus (Tharamani site),12.98583333,80.245,2023-11-22 06:00:00,0.5,,
SGSWRDC Campus (Tharamani site),12.98583333,80.245,2023-11-22 08:00:00,0.5,,
SGSWRDC Campus (Tharamani site),12.98583333,80.245,2023-11-22 09:00:00,1.5,,
SGSWRDC Campus (Tharamani site),12.98583333,80.245,2023-11-22 10:00:00,0.5,2.5,
SGSWRDC Campus (Tharamani site),12.98583333,80.245,2023-11-22 14:00:00,0.5,,
SGSWRDC Campus (Tharamani site),12.98583333,80.245,2023-11-22 22:00:00,0.5,,
SGSWRDC Campus (Tharamani site),12.98583333,80.245,2023-11-23 07:00:00,0.5,,
SGSWRDC Campus (Tharamani site),12.98583333,80.245,2023-11-23 08:00:00,0.5,,
SGSWRDC Campus (Tharamani site),12.98583333,80.245,2023-11-23 09:00:00,2.5,3.5,
SGSWRDC Campus (Tharamani site),12.98583333,80.245,2023-11-23 10:00:00,2.0,5.0,
SGSWRDC Campus (Tharamani site),12.98583333,80.245,2023-11-24 14:00:00,0.5,,
SGSWRDC Campus (Tharamani site),12.98583333,80.245,2023-11-24 15:00:00,0.5,,
SGSWRDC Campus (Tharamani site),12.98583333,80.245,2023-11-24 16:00:00,0.5,1.5,
SGSWRDC Campus (Tharamani site),12.98583333,80.245,2023-11-25 04:00:00,4.5,,
SGSWRDC Campus (Tharamani site),12.98583333,80.245,2023-11-25 05:00:00,31.0,,
SGSWRDC Campus (Tharamani site),12.98583333,80.245,2023-11-25 06:00:00,30.5,66.0,
SGSWRDC Campus (Tharamani site),12.98583333,80.245,2023-11-25 07:00:00,4.5,66.0,
SGSWRDC Campus (Tharamani site),12.98583333,80.245,2023-11-26 18:00:00,0.5,,
SGSWRDC Campus (Tharamani site),12.98583333,80.245,2023-11-26 19:00:00,3.5,,
SGSWRDC Campus (Tharamani site),12.98583333,80.245,2023-11-26 20:00:00,13.5,17.5,
SGSWRDC Campus (Tharamani site),12.98583333,80.245,2023-11-26 21:00:00,0.5,17.5,
SGSWRDC Campus (Tharamani site),12.98583333,80.245,2023-11-27 00:00:00,0.5,,
SGSWRDC Campus (Tharamani site),12.98583333,80.245,2023-11-27 01:00:00,0.5,,
SGSWRDC Campus (Tharamani site),12.98583333,80.245,2023-11-27 03:00:00,17.0,,
SGSWRDC Campus (Tharamani site),12.98583333,80.245,2023-11-27 19:00:00,0.5,,
SGSWRDC Campus (Tharamani site),12.98583333,80.245,2023-11-27 23:00:00,2.0,,
SGSWRDC Campus (Tharamani site),12.98583333,80.245,2023-11-29 01:00:00,2.0,,
SGSWRDC Campus (Tharamani site),12.98583333,80.245,2023-11-29 03:00:00,5.0,,
SGSWRDC Campus (Tharamani site),12.98583333,80.245,2023-11-29 04:00:00,6.5,,
SGSWRDC Campus (Tharamani site),12.98583333,80.245,2023-11-29 05:00:00,0.5,12.0,
SGSWRDC Campus (Tharamani site),12.98583333,80.245,2023-11-29 08:00:00,0.5,,
SGSWRDC Campus (Tharamani site),12.98583333,80.245,2023-11-29 11:00:00,5.5,,
SGSWRDC Campus (Tharamani site),12.98583333,80.245,2023-11-29 12:00:00,5.5,,
SGSWRDC Campus (Tharamani site),12.98583333,80.245,2023-11-29 13:00:00,1.5,12.5,
SGSWRDC Campus (Tharamani site),12.98583333,80.245,2023-11-29 14:00:00,2.0,9.0,
SGSWRDC Campus (Tharamani site),12.98583333,80.245,2023-11-29 15:00:00,1.5,5.0,
SGSWRDC Campus (Tharamani site),12.98583333,80.245,2023-11-29 18:00:00,1.0,,
SGSWRDC Campus (Tharamani site),12.98583333,80.245,2023-11-29 20:00:00,30.5,,
SGSWRDC Campus (Tharamani site),12.98583333,80.245,2023-11-29 21:00:00,5.5,,
SGSWRDC Campus (Tharamani site),12.98583333,80.245,2023-11-29 22:00:00,0.5,36.5,
SGSWRDC Campus (Tharamani site),12.98583333,80.245,2023-11-30 03:00:00,1.0,,
SGSWRDC Campus (Tharamani site),12.98583333,80.245,2023-11-30 04:00:00,23.0,,
SGSWRDC Campus (Tharamani site),12.98583333,80.245,2023-11-30 05:00:00,2.0,26.0,
SGSWRDC Campus (Tharamani site),12.98583333,80.245,2023-11-30 06:00:00,1.0,26.0,
SGSWRDC Campus (Tharamani site),12.98583333,80.245,2023-11-30 09:00:00,7.5,,
SGSWRDC Campus (Tharamani site),12.98583333,80.245,2023-11-30 10:00:00,5.5,,
SGSWRDC Campus (Tharamani site),12.98583333,80.245,2023-11-30 11:00:00,0.5,13.5,
SGSWRDC Campus (Tharamani site),12.98583333,80.245,2023-11-30 14:00:00,0.5,,
SGSWRDC Campus (Tharamani site),12.98583333,80.245,2023-11-30 15:00:00,0.5,,
SGSWRDC Campus (Tharamani site),12.98583333,80.245,2023-11-30 20:00:00,2.0,,
SGSWRDC Campus (Tharamani site),12.98583333,80.245,2023-11-30 21:00:00,2.0,,
SGSWRDC Campus (Tharamani site),12.98583333,80.245,2023-11-30 22:00:00,1.0,5.0,
SGSWRDC Campus (Tharamani site),12.98583333,80.245,2023-12-01 01:00:00,2.5,,
SGSWRDC Campus (Tharamani site),12.98583333,80.245,2023-12-01 02:00:00,0.5,,
SGSWRDC Campus (Tharamani site),12.98583333,80.245,2023-12-02 07:00:00,1.0,,
SGSWRDC Campus (Tharamani site),12.98583333,80.245,2023-12-02 09:00:00,0.5,,
SGSWRDC Campus (Tharamani site),12.98583333,80.245,2023-12-02 10:00:00,1.0,,
SGSWRDC Campus (Tharamani site),12.98583333,80.245,2023-12-02 12:00:00,0.5,,
SGSWRDC Campus (Tharamani site),12.98583333,80.245,2023-12-02 17:00:00,4.5,,
SGSWRDC Campus (Tharamani site),12.98583333,80.245,2023-12-02 19:00:00,13.0,,
SGSWRDC Campus (Tharamani site),12.98583333,80.245,2023-12-02 20:00:00,8.5,,
SGSWRDC Campus (Tharamani site),12.98583333,80.245,2023-12-02 21:00:00,0.5,22.0,
SGSWRDC Campus (Tharamani site),12.98583333,80.245,2023-12-02 22:00:00,0.5,9.5,
SGSWRDC Campus (Tharamani site),12.98583333,80.245,2023-12-03 00:00:00,4.5,,
SGSWRDC Campus (Tharamani site),12.98583333,80.245,2023-12-03 01:00:00,1.0,,
SGSWRDC Campus (Tharamani site),12.98583333,80.245,2023-12-03 03:00:00,3.0,,
SGSWRDC Campus (Tharamani site),12.98583333,80.245,2023-12-03 04:00:00,4.5,,
SGSWRDC Campus (Tharamani site),12.98583333,80.245,2023-12-03 05:00:00,1.0,8.5,
SGSWRDC Campus (Tharamani site),12.98583333,80.245,2023-12-03 06:00:00,4.5,10.0,
SGSWRDC Campus (Tharamani site),12.98583333,80.245,2023-12-03 08:00:00,0.5,,
SGSWRDC Campus (Tharamani site),12.98583333,80.245,2023-12-03 09:00:00,0.5,,
SGSWRDC Campus (Tharamani site),12.98583333,80.245,2023-12-03 10:00:00,4.0,5.0,
SGSWRDC Campus (Tharamani site),12.98583333,80.245,2023-12-03 12:00:00,2.5,,
SGSWRDC Campus (Tharamani site),12.98583333,80.245,2023-12-03 13:00:00,0.5,,
SGSWRDC Campus (Tharamani site),12.98583333,80.245,2023-12-03 14:00:00,0.5,3.5,
SGSWRDC Campus (Tharamani site),12.98583333,80.245,2023-12-03 15:00:00,7.0,8.0,
SGSWRDC Campus (Tharamani site),12.98583333,80.245,2023-12-03 16:00:00,2.5,10.0,
SGSWRDC Campus (Tharamani site),12.98583333,80.245,2023-12-03 17:00:00,4.5,14.0,17.5
SGSWRDC Campus (Tharamani site),12.98583333,80.245,2023-12-03 18:00:00,10.0,17.0,25.0
SGSWRDC Campus (Tharamani site),12.98583333,80.245,2023-12-03 19:00:00,0.5,15.0,25.0
SGSWRDC Campus (Tharamani site),12.98583333,80.245,2023-12-03 20:00:00,5.0,15.5,29.5
SGSWRDC Campus (Tharamani site),12.98583333,80.245,2023-12-03 21:00:00,5.0,10.5,27.5
SGSWRDC Campus (Tharamani site),12.98583333,80.245,2023-12-03 22:00:00,7.0,17.0,32.0
SGSWRDC Campus (Tharamani site),12.98583333,80.245,2023-12-03 23:00:00,8.0,20.0,35.5
SGSWRDC Campus (Tharamani site),12.98583333,80.245,2023-12-04 00:00:00,15.0,30.0,40.5
SGSWRDC Campus (Tharamani site),12.98583333,80.245,2023-12-04 01:00:00,7.5,30.5,47.5
SGSWRDC Campus (Tharamani site),12.98583333,80.245,2023-12-04 02:00:00,7.0,29.5,49.5
SGSWRDC Campus (Tharamani site),12.98583333,80.245,2023-12-04 03:00:00,8.0,22.5,52.5
SGSWRDC Campus (Tharamani site),12.98583333,80.245,2023-12-04 04:00:00,21.5,36.5,67.0
SGSWRDC Campus (Tharamani site),12.98583333,80.245,2023-12-04 07:00:00,13.0,,
SGSWRDC Campus (Tharamani site),12.98583333,80.245,2023-12-04 08:00:00,27.0,,
SGSWRDC Campus (Tharamani site),12.98583333,80.245,2023-12-04 09:00:00,22.0,62.0,
SGSWRDC Campus (Tharamani site),12.98583333,80.245,2023-12-04 10:00:00,33.5,82.5,
SGSWRDC Campus (Tharamani site),12.98583333,80.245,2023-12-04 11:00:00,22.5,78.0,
SGSWRDC Campus (Tharamani site),12.98583333,80.245,2023-12-04 12:00:00,14.0,70.0,132.0
SGSWRDC Campus (Tharamani site),12.98583333,80.245,2023-12-04 13:00:00,1.0,37.5,120.0
SGSWRDC Campus (Tharamani site),12.98583333,80.245,2023-12-04 14:00:00,20.5,35.5,113.5
SGSWRDC Campus (Tharamani site),12.98583333,80.245,2023-12-04 15:00:00,22.0,43.5,113.5
SGSWRDC Campus (Tharamani site),12.98583333,80.245,2023-12-04 16:00:00,7.0,49.5,87.0
SGSWRDC Campus (Tharamani site),12.98583333,80.245,2023-12-04 17:00:00,26.5,55.5,91.0
SGSWRDC Campus (Tharamani site),12.98583333,80.245,2023-12-04 18:00:00,8.0,41.5,85.0
SGSWRDC Campus (Tharamani site),12.98583333,80.245,2023-12-04 19:00:00,7.5,42.0,91.5
SGSWRDC Campus (Tharamani site),12.98583333,80.245,2023-12-04 20:00:00,31.0,46.5,102.0
SGSWRDC Campus (Tharamani site),12.98583333,80.245,2023-12-11 16:00:00,27.0,,
SGSWRDC Campus (Tharamani site),12.98583333,80.245,2023-12-12 14:00:00,0.5,,
SGSWRDC Campus (Tharamani site),12.98583333,80.245,2023-12-12 15:00:00,1.0,,
SGSWRDC Campus (Tharamani site),12.98583333,80.245,2023-12-12 16:00:00,4.5,6.0,
SGSWRDC Campus (Tharamani site),12.98583333,80.245,2023-12-12 17:00:00,43.0,48.5,
SGSWRDC Campus (Tharamani site),12.98583333,80.245,2023-12-12 18:00:00,6.5,54.0,
SGSWRDC Campus (Tharamani site),12.98583333,80.245,2023-12-12 19:00:00,1.5,51.0,57.0
SGSWRDC Campus (Tharamani site),12.98583333,80.245,2023-12-12 20:00:00,1.0,9.0,57.5
SGSWRDC Campus (Tharamani site),12.98583333,80.245,2023-12-12 22:00:00,2.5,,
SGSWRDC Campus (Tharamani site),12.98583333,80.245,2023-12-12 23:00:00,0.5,,
SGSWRDC Campus (Tharamani site),12.98583333,80.245,2023-12-13 00:00:00,0.5,3.5,
SGSWRDC Campus (Tharamani site),12.98583333,80.245,2023-12-13 01:00:00,52.0,53.0,
SGSWRDC Campus (Tharamani site),12.98583333,80.245,2023-12-13 02:00:00,0.5,53.0,
SGSWRDC Campus (Tharamani site),12.98583333,80.245,2023-12-13 03:00:00,0.5,53.0,56.5
SGSWRDC Campus (Tharamani site),12.98583333,80.245,2023-12-13 05:00:00,0.5,,
SGSWRDC Campus (Tharamani site),12.98583333,80.245,2023-12-13 09:00:00,1.0,,
SGSWRDC Campus (Tharamani site),12.98583333,80.245,2023-12-13 10:00:00,0.5,,
SGSWRDC Campus (Tharamani site),12.98583333,80.245,2023-12-13 11:00:00,5.0,6.5,
SGSWRDC Campus (Tharamani site),12.98583333,80.245,2023-12-13 12:00:00,3.0,8.5,
SGSWRDC Campus (Tharamani site),12.98583333,80.245,2023-12-13 13:00:00,4.0,12.0,
SGSWRDC Campus (Tharamani site),12.98583333,80.245,2023-12-13 14:00:00,4.5,11.5,18.0
SGSWRDC Campus (Tharamani site),12.98583333,80.245,2023-12-13 15:00:00,0.5,9.0,17.5
SGSWRDC Campus (Tharamani site),12.98583333,80.245,2023-12-13 16:00:00,2.0,7.0,19.0
SGSWRDC Campus (Tharamani site),12.98583333,80.245,2023-12-13 17:00:00,1.0,3.5,15.0
SGSWRDC Campus (Tharamani site),12.98583333,80.245,2023-12-13 18:00:00,0.5,3.5,12.5
SGSWRDC Campus (Tharamani site),12.98583333,80.245,2023-12-13 19:00:00,1.0,2.5,9.5
SGSWRDC Campus (Tharamani site),12.98583333,80.245,2023-12-13 20:00:00,0.5,2.0,5.5
SGSWRDC Campus (Tharamani site),12.98583333,80.245,2023-12-13 21:00:00,1.5,3.0,6.5
SGSWRDC Campus (Tharamani site),12.98583333,80.245,2023-12-14 00:00:00,1.0,,
SGSWRDC Campus (Tharamani site),12.98583333,80.245,2023-12-14 01:00:00,0.5,,
SGSWRDC Campus (Tharamani site),12.98583333,80.245,2023-12-14 02:00:00,1.5,3.0,
SGSWRDC Campus (Tharamani site),12.98583333,80.245,2023-12-14 03:00:00,0.5,2.5,
SGSWRDC Campus (Tharamani site),12.98583333,80.245,2023-12-14 08:00:00,5.0,,
SGSWRDC Campus (Tharamani site),12.98583333,80.245,2023-12-14 09:00:00,50.0,,
SGSWRDC Campus (Tharamani site),12.98583333,80.245,2023-12-14 10:00:00,1.5,56.5,
SGSWRDC Campus (Tharamani site),12.98583333,80.245,2023-12-14 11:00:00,0.5,52.0,
SGSWRDC Campus (Tharamani site),12.98583333,80.245,2023-12-14 14:00:00,1.0,,
SGSWRDC Campus (Tharamani site),12.98583333,80.245,2023-12-14 15:00:00,1.5,,
SGSWRDC Campus (Tharamani site),12.98583333,80.245,2023-12-14 16:00:00,2.5,5.0,
SGSWRDC Campus (Tharamani site),12.98583333,80.245,2023-12-14 17:00:00,0.5,4.5,
SGSWRDC Campus (Tharamani site),12.98583333,80.245,2023-12-14 18:00:00,1.0,4.0,
SGSWRDC Campus (Tharamani site),12.98583333,80.245,2023-12-14 19:00:00,3.0,4.5,9.5
SGSWRDC Campus (Tharamani site),12.98583333,80.245,2023-12-14 20:00:00,0.5,4.5,9.0
SGSWRDC Campus (Tharamani site),12.98583333,80.245,2023-12-14 21:00:00,0.5,4.0,8.0
SGSWRDC Campus (Tharamani site),12.98583333,80.245,2023-12-14 22:00:00,1.0,2.0,6.5
SGSWRDC Campus (Tharamani site),12.98583333,80.245,2023-12-14 23:00:00,1.5,3.0,7.5
SGSWRDC Campus (Tharamani site),12.98583333,80.245,2023-12-15 00:00:00,10.5,13.0,17.0
SGSWRDC Campus (Tharamani site),12.98583333,80.245,2023-12-15 01:00:00,12.0,24.0,26.0
SGSWRDC Campus (Tharamani site),12.98583333,80.245,2023-12-15 02:00:00,3.5,26.0,29.0
SGSWRDC Campus (Tharamani site),12.98583333,80.245,2023-12-15 03:00:00,3.5,19.0,32.0
SGSWRDC Campus (Tharamani site),12.98583333,80.245,2023-12-15 04:00:00,9.5,16.5,40.5
SGSWRDC Campus (Tharamani site),12.98583333,80.245,2023-12-15 05:00:00,2.0,15.0,41.0
SGSWRDC Campus (Tharamani site),12.98583333,80.245,2023-12-15 06:00:00,3.0,14.5,33.5
SGSWRDC Campus (Tharamani site),12.98583333,80.245,2023-12-15 07:00:00,1.0,6.0,22.5
SGSWRDC Campus (Tharamani site),12.98583333,80.245,2023-12-15 08:00:00,1.5,5.5,20.5
SGSWRDC Campus (Tharamani site),12.98583333,80.245,2023-12-15 09:00:00,6.0,8.5,23.0
SGSWRDC Campus (Tharamani site),12.98583333,80.245,2023-12-15 10:00:00,8.5,16.0,22.0
SGSWRDC Campus (Tharamani site),12.98583333,80.245,2023-12-15 11:00:00,0.5,15.0,20.5
SGSWRDC Campus (Tharamani site),12.98583333,80.245,2023-12-15 12:00:00,1.0,10.0,18.5
SGSWRDC Campus (Tharamani site),12.98583333,80.245,2023-12-15 13:00:00,3.5,5.0,21.0
SGSWRDC Campus (Tharamani site),12.98583333,80.245,2023-12-15 14:00:00,4.5,9.0,24.0
SGSWRDC Campus (Tharamani site),12.98583333,80.245,2023-12-15 15:00:00,2.5,10.5,20.5
SGSWRDC Campus (Tharamani site),12.98583333,80.245,2023-12-15 16:00:00,2.5,9.5,14.5
SGSWRDC Campus (Tharamani site),12.98583333,80.245,2023-12-15 17:00:00,11.0,16.0,25.0
SGSWRDC Campus (Tharamani site),12.98583333,80.245,2023-12-15 20:00:00,43.0,,
SGSWRDC Campus (Tharamani site),12.98583333,80.245,2023-12-15 21:00:00,11.5,,
SGSWRDC Campus (Tharamani site),12.98583333,80.245,2023-12-15 22:00:00,85.0,139.5,
SGSWRDC Campus (Tharamani site),12.98583333,80.245,2023-12-15 23:00:00,75.5,172.0,
SGSWRDC Campus (Tharamani site),12.98583333,80.245,2023-12-16 00:00:00,4.0,164.5,
SGSWRDC Campus (Tharamani site),12.98583333,80.245,2023-12-16 01:00:00,13.5,93.0,232.5
SGSWRDC Campus (Tharamani site),12.98583333,80.245,2023-12-16 02:00:00,5.0,22.5,194.5
SGSWRDC Campus (Tharamani site),12.98583333,80.245,2023-12-16 03:00:00,0.5,19.0,183.5
SGSWRDC Campus (Tharamani site),12.98583333,80.245,2023-12-16 04:00:00,7.0,12.5,105.5
SGSWRDC Campus (Tharamani site),12.98583333,80.245,2023-12-16 05:00:00,2.0,9.5,32.0
SGSWRDC Campus (Tharamani site),12.98583333,80.245,2023-12-16 06:00:00,2.5,11.5,30.5
SGSWRDC Campus (Tharamani site),12.98583333,80.245,2023-12-16 07:00:00,1.0,5.5,18.0
SGSWRDC Campus (Tharamani site),12.98583333,80.245,2023-12-16 08:00:00,0.5,4.0,13.5
SGSWRDC Campus (Tharamani site),12.98583333,80.245,2023-12-16 09:00:00,1.0,2.5,14.0
SGSWRDC Campus (Tharamani site),12.98583333,80.245,2023-12-16 11:00:00,1.0,,
SGSWRDC Campus (Tharamani site),12.98583333,80.245,2023-12-16 12:00:00,4.0,,
SGSWRDC Campus (Tharamani site),12.98583333,80.245,2023-12-16 13:00:00,0.5,5.5,
SGSWRDC Campus (Tharamani site),12.98583333,80.245,2023-12-16 14:00:00,0.5,5.0,
SGSWRDC Campus (Tharamani site),12.98583333,80.245,2023-12-17 02:00:00,1.0,,
SGSWRDC Campus (Tharamani site),12.98583333,80.245,2023-12-17 10:00:00,0.5,,
SGSWRDC Campus (Tharamani site),12.98583333,80.245,2023-12-17 15:00:00,0.5,,
SGSWRDC Campus (Tharamani site),12.98583333,80.245,2023-12-18 10:00:00,0.5,,
SGSWRDC Campus (Tharamani site),12.98583333,80.245,2023-12-23 11:00:00,0.5,,
SGSWRDC Campus (Tharamani site),12.98583333,80.245,2023-12-23 15:00:00,0.5,,
SGSWRDC Campus (Tharamani site),12.98583333,80.245,2023-12-24 19:00:00,0.5,,
SGSWRDC Campus (Tharamani site),12.98583333,80.245,2023-12-25 01:00:00,1.0,,
SGSWRDC Campus (Tharamani site),12.98583333,80.245,2023-12-25 08:00:00,0.5,,
SGSWRDC Campus (Tharamani site),12.98583333,80.245,2023-12-25 10:00:00,0.5,,
SGSWRDC Campus (Tharamani site),12.98583333,80.245,2023-12-25 12:00:00,0.5,,
SGSWRDC Campus (Tharamani site),12.98583333,80.245,2023-12-25 20:00:00,0.5,,
SGSWRDC Campus (Tharamani site),12.98583333,80.245,2023-12-29 00:00:00,0.5,,
SGSWRDC Campus (Tharamani site),12.98583333,80.245,2023-12-30 08:00:00,0.5,,
SGSWRDC Campus (Tharamani site),12.98583333,80.245,2023-12-31 04:00:00,0.5,,
SGSWRDC Campus (Tharamani site),12.98583333,80.245,2024-01-03 11:00:00,1.0,,
SGSWRDC Campus (Tharamani site),12.98583333,80.245,2024-01-04 00:00:00,0.5,,
SGSWRDC Campus (Tharamani site),12.98583333,80.245,2024-01-04 01:00:00,0.5,,
SGSWRDC Campus (Tharamani site),12.98583333,80.245,2024-01-04 06:00:00,0.5,,
SGSWRDC Campus (Tharamani site),12.98583333,80.245,2024-01-04 16:00:00,0.5,,
SGSWRDC Campus (Tharamani site),12.98583333,80.245,2024-01-04 17:00:00,2.0,,
SGSWRDC Campus (Tharamani site),12.98583333,80.245,2024-01-04 18:00:00,1.0,3.5,
SGSWRDC Campus (Tharamani site),12.98583333,80.245,2024-01-05 07:00:00,0.5,,
SGSWRDC Campus (Tharamani site),12.98583333,80.245,2024-01-05 12:00:00,17.5,,
SGSWRDC Campus (Tharamani site),12.98583333,80.245,2024-01-05 16:00:00,0.5,,
SGSWRDC Campus (Tharamani site),12.98583333,80.245,2024-01-06 11:00:00,0.5,,
SGSWRDC Campus (Tharamani site),12.98583333,80.245,2024-01-06 12:00:00,0.5,,
SGSWRDC Campus (Tharamani site),12.98583333,80.245,2024-01-07 06:00:00,3.0,,
SGSWRDC Campus (Tharamani site),12.98583333,80.245,2024-01-07 09:00:00,0.5,,
SGSWRDC Campus (Tharamani site),12.98583333,80.245,2024-01-07 10:00:00,4.5,,
SGSWRDC Campus (Tharamani site),12.98583333,80.245,2024-01-07 11:00:00,0.5,5.5,
SGSWRDC Campus (Tharamani site),12.98583333,80.245,2024-01-07 14:00:00,1.0,,
SGSWRDC Campus (Tharamani site),12.98583333,80.245,2024-01-07 15:00:00,1.0,,
SGSWRDC Campus (Tharamani site),12.98583333,80.245,2024-01-07 16:00:00,0.5,2.5,
SGSWRDC Campus (Tharamani site),12.98583333,80.245,2024-01-07 18:00:00,2.0,,
SGSWRDC Campus (Tharamani site),12.98583333,80.245,2024-01-07 19:00:00,10.5,,
SGSWRDC Campus (Tharamani site),12.98583333,80.245,2024-01-07 20:00:00,8.0,20.5,
SGSWRDC Campus (Tharamani site),12.98583333,80.245,2024-01-07 21:00:00,2.0,20.5,
SGSWRDC Campus (Tharamani site),12.98583333,80.245,2024-01-07 22:00:00,0.5,10.5,
SGSWRDC Campus (Tharamani site),12.98583333,80.245,2024-01-08 00:00:00,0.5,,
SGSWRDC Campus (Tharamani site),12.98583333,80.245,2024-01-08 01:00:00,14.5,,
SGSWRDC Campus (Tharamani site),12.98583333,80.245,2024-01-08 02:00:00,0.5,15.5,
SGSWRDC Campus (Tharamani site),12.98583333,80.245,2024-01-08 03:00:00,2.0,17.0,
SGSWRDC Campus (Tharamani site),12.98583333,80.245,2024-01-08 04:00:00,3.0,5.5,
SGSWRDC Campus (Tharamani site),12.98583333,80.245,2024-01-08 06:00:00,0.5,,
SGSWRDC Campus (Tharamani site),12.98583333,80.245,2024-01-08 07:00:00,1.0,,
SGSWRDC Campus (Tharamani site),12.98583333,80.245,2024-01-08 08:00:00,23.0,24.5,
SGSWRDC Campus (Tharamani site),12.98583333,80.245,2024-01-08 09:00:00,3.5,27.5,
SGSWRDC Campus (Tharamani site),12.98583333,80.245,2024-01-08 10:00:00,1.5,28.0,
SGSWRDC Campus (Tharamani site),12.98583333,80.245,2024-01-08 11:00:00,0.5,5.5,30.0
SGSWRDC Campus (Tharamani site),12.98583333,80.245,2024-01-09 00:00:00,12.5,,
SGSWRDC Campus (Tharamani site),12.98583333,80.245,2024-01-09 01:00:00,26.0,,
SGSWRDC Campus (Tharamani site),12.98583333,80.245,2024-01-09 02:00:00,0.5,39.0,
SGSWRDC Campus (Tharamani site),12.98583333,80.245,2024-01-09 03:00:00,5.5,32.0,
SGSWRDC Campus (Tharamani site),12.98583333,80.245,2024-01-10 12:00:00,2.0,,
SGSWRDC Campus (Tharamani site),12.98583333,80.245,2024-04-15 15:00:00,9.0,,
SGSWRDC Campus (Tharamani site),12.98583333,80.245,2024-05-08 05:00:00,5.5,,
SGSWRDC Campus (Tharamani site),12.98583333,80.245,2024-05-16 07:00:00,0.5,,
SGSWRDC Campus (Tharamani site),12.98583333,80.245,2024-05-16 08:00:00,1.0,,
SGSWRDC Campus (Tharamani site),12.98583333,80.245,2024-05-16 11:00:00,0.5,,
SGSWRDC Campus (Tharamani site),12.98583333,80.245,2024-05-16 12:00:00,1.5,,
SGSWRDC Campus (Tharamani site),12.98583333,80.245,2024-05-16 13:00:00,2.0,4.0,
SGSWRDC Campus (Tharamani site),12.98583333,80.245,2024-05-16 14:00:00,1.0,4.5,
SGSWRDC Campus (Tharamani site),12.98583333,80.245,2024-05-16 15:00:00,0.5,3.5,
SGSWRDC Campus (Tharamani site),12.98583333,80.245,2024-05-16 19:00:00,0.5,,
SGSWRDC Campus (Tharamani site),12.98583333,80.245,2024-05-17 11:00:00,14.0,,
SGSWRDC Campus (Tharamani site),12.98583333,80.245,2024-05-17 12:00:00,1.5,,
SGSWRDC Campus (Tharamani site),12.98583333,80.245,2024-05-20 07:00:00,5.5,,
SGSWRDC Campus (Tharamani site),12.98583333,80.245,2024-05-20 08:00:00,0.5,,
SGSWRDC Campus (Tharamani site),12.98583333,80.245,2024-05-21 07:00:00,0.5,,
SGSWRDC Campus (Tharamani site),12.98583333,80.245,2024-05-21 16:00:00,3.5,,
SGSWRDC Campus (Tharamani site),12.98583333,80.245,2024-06-02 00:00:00,1.5,,
SGSWRDC Campus (Tharamani site),12.98583333,80.245,2024-06-02 01:00:00,0.5,,
SGSWRDC Campus (Tharamani site),12.98583333,80.245,2024-06-04 19:00:00,3.5,,
SGSWRDC Campus (Tharamani site),12.98583333,80.245,2024-06-04 20:00:00,0.5,,
SGSWRDC Campus (Tharamani site),12.98583333,80.245,2024-06-05 16:00:00,9.0,,
SGSWRDC Campus (Tharamani site),12.98583333,80.245,2024-06-05 17:00:00,4.0,,
SGSWRDC Campus (Tharamani site),12.98583333,80.245,2024-06-05 19:00:00,0.5,,
SGSWRDC Campus (Tharamani site),12.98583333,80.245,2024-06-05 22:00:00,0.5,,
SGSWRDC Campus (Tharamani site),12.98583333,80.245,2024-06-06 21:00:00,14.5,,
SGSWRDC Campus (Tharamani site),12.98583333,80.245,2024-06-06 22:00:00,1.5,,
SGSWRDC Campus (Tharamani site),12.98583333,80.245,2024-06-06 23:00:00,3.0,19.0,
SGSWRDC Campus (Tharamani site),12.98583333,80.245,2024-06-07 00:00:00,1.0,5.5,
SGSWRDC Campus (Tharamani site),12.98583333,80.245,2024-06-07 02:00:00,1.0,,
SGSWRDC Campus (Tharamani site),12.98583333,80.245,2024-06-07 03:00:00,3.0,,
SGSWRDC Campus (Tharamani site),12.98583333,80.245,2024-06-07 07:00:00,0.5,,
SGSWRDC Campus (Tharamani site),12.98583333,80.245,2024-06-10 18:00:00,13.0,,
SGSWRDC Campus (Tharamani site),12.98583333,80.245,2024-06-10 20:00:00,0.5,,
SGSWRDC Campus (Tharamani site),12.98583333,80.245,2024-06-11 21:00:00,1.5,,
SGSWRDC Campus (Tharamani site),12.98583333,80.245,2024-06-11 22:00:00,6.0,,
SGSWRDC Campus (Tharamani site),12.98583333,80.245,2024-06-12 00:00:00,0.5,,
SGSWRDC Campus (Tharamani site),12.98583333,80.245,2024-06-12 02:00:00,0.5,,
SGSWRDC Campus (Tharamani site),12.98583333,80.245,2024-06-12 03:00:00,0.5,,
SGSWRDC Campus (Tharamani site),12.98583333,80.245,2024-06-12 23:00:00,2.5,,
SGSWRDC Campus (Tharamani site),12.98583333,80.245,2024-06-13 00:00:00,2.5,,
SGSWRDC Campus (Tharamani site),12.98583333,80.245,2024-06-13 02:00:00,0.5,,
SGSWRDC Campus (Tharamani site),12.98583333,80.245,2024-06-16 23:00:00,1.5,,
SGSWRDC Campus (Tharamani site),12.98583333,80.245,2024-06-17 10:00:00,0.5,,
SGSWRDC Campus (Tharamani site),12.98583333,80.245,2024-06-18 02:00:00,5.5,,
SGSWRDC Campus (Tharamani site),12.98583333,80.245,2024-06-18 03:00:00,31.5,,
SGSWRDC Campus (Tharamani site),12.98583333,80.245,2024-06-18 04:00:00,3.5,40.5,
SGSWRDC Campus (Tharamani site),12.98583333,80.245,2024-06-18 23:00:00,30.5,,
SGSWRDC Campus (Tharamani site),12.98583333,80.245,2024-06-19 00:00:00,1.0,,
SGSWRDC Campus (Tharamani site),12.98583333,80.245,2024-06-19 01:00:00,0.5,32.0,
SGSWRDC Campus (Tharamani site),12.98583333,80.245,2024-06-19 02:00:00,0.5,2.0,
SGSWRDC Campus (Tharamani site),12.98583333,80.245,2024-06-19 16:00:00,2.0,,
SGSWRDC Campus (Tharamani site),12.98583333,80.245,2024-06-20 22:00:00,3.0,,
SGSWRDC Campus (Tharamani site),12.98583333,80.245,2024-06-21 19:00:00,0.5,,
SGSWRDC Campus (Tharamani site),12.98583333,80.245,2024-07-03 22:00:00,27.5,,
SGSWRDC Campus (Tharamani site),12.98583333,80.245,2024-07-03 23:00:00,2.5,,
SGSWRDC Campus (Tharamani site),12.98583333,80.245,2024-07-04 00:00:00,1.5,31.5,
SGSWRDC Campus (Tharamani site),12.98583333,80.245,2024-07-05 23:00:00,5.5,,
SGSWRDC Campus (Tharamani site),12.98583333,80.245,2024-07-06 00:00:00,7.5,,
SGSWRDC Campus (Tharamani site),12.98583333,80.245,2024-07-06 01:00:00,3.5,16.5,
SGSWRDC Campus (Tharamani site),12.98583333,80.245,2024-07-06 02:00:00,0.5,11.5,
SGSWRDC Campus (Tharamani site),12.98583333,80.245,2024-07-06 03:00:00,0.5,4.5,
SGSWRDC Campus (Tharamani site),12.98583333,80.245,2024-07-07 18:00:00,2.0,,
SGSWRDC Campus (Tharamani site),12.98583333,80.245,2024-07-07 21:00:00,1.0,,
SGSWRDC Campus (Tharamani site),12.98583333,80.245,2024-07-08 02:00:00,0.5,,
SGSWRDC Campus (Tharamani site),12.98583333,80.245,2024-07-09 05:00:00,0.5,,
SGSWRDC Campus (Tharamani site),12.98583333,80.245,2024-07-09 07:00:00,0.5,,
SGSWRDC Campus (Tharamani site),12.98583333,80.245,2024-07-11 01:00:00,3.5,,
SGSWRDC Campus (Tharamani site),12.98583333,80.245,2024-07-11 04:00:00,0.5,,
SGSWRDC Campus (Tharamani site),12.98583333,80.245,2024-07-11 05:00:00,1.0,,
SGSWRDC Campus (Tharamani site),12.98583333,80.245,2024-07-11 06:00:00,1.0,2.5,
SGSWRDC Campus (Tharamani site),12.98583333,80.245,2024-07-11 07:00:00,0.5,2.5,
SGSWRDC Campus (Tharamani site),12.98583333,80.245,2024-07-12 21:00:00,1.5,,
SGSWRDC Campus (Tharamani site),12.98583333,80.245,2024-07-12 22:00:00,8.0,,
SGSWRDC Campus (Tharamani site),12.98583333,80.245,2024-07-12 23:00:00,4.5,14.0,
SGSWRDC Campus (Tharamani site),12.98583333,80.245,2024-07-13 00:00:00,16.0,28.5,
SGSWRDC Campus (Tharamani site),12.98583333,80.245,2024-07-13 01:00:00,4.0,24.5,
SGSWRDC Campus (Tharamani site),12.98583333,80.245,2024-07-13 02:00:00,3.5,23.5,37.5
SGSWRDC Campus (Tharamani site),12.98583333,80.245,2024-07-13 03:00:00,0.5,8.0,36.5
SGSWRDC Campus (Tharamani site),12.98583333,80.245,2024-07-13 06:00:00,1.0,,
SGSWRDC Campus (Tharamani site),12.98583333,80.245,2024-07-14 14:00:00,0.5,,
SGSWRDC Campus (Tharamani site),12.98583333,80.245,2024-07-15 03:00:00,0.5,,
SGSWRDC Campus (Tharamani site),12.98583333,80.245,2024-07-15 13:00:00,0.5,,
SGSWRDC Campus (Tharamani site),12.98583333,80.245,2024-07-15 14:00:00,0.5,,
SGSWRDC Campus (Tharamani site),12.98583333,80.245,2024-07-15 15:00:00,1.0,2.0,
SGSWRDC Campus (Tharamani site),12.98583333,80.245,2024-07-15 16:00:00,0.5,2.0,
SGSWRDC Campus (Tharamani site),12.98583333,80.245,2024-07-18 18:00:00,10.0,,
SGSWRDC Campus (Tharamani site),12.98583333,80.245,2024-07-18 19:00:00,1.0,,
SGSWRDC Campus (Tharamani site),12.98583333,80.245,2024-07-23 20:00:00,2.0,,
SGSWRDC Campus (Tharamani site),12.98583333,80.245,2024-07-23 21:00:00,4.5,,
SGSWRDC Campus (Tharamani site),12.98583333,80.245,2024-07-30 21:00:00,7.5,,
SGSWRDC Campus (Tharamani site),12.98583333,80.245,2024-07-30 23:00:00,0.5,,
SGSWRDC Campus (Tharamani site),12.98583333,80.245,2024-08-02 22:00:00,1.0,,
SGSWRDC Campus (Tharamani site),12.98583333,80.245,2024-08-02 23:00:00,0.5,,
SGSWRDC Campus (Tharamani site),12.98583333,80.245,2024-08-03 23:00:00,13.5,,
SGSWRDC Campus (Tharamani site),12.98583333,80.245,2024-08-04 00:00:00,3.0,,
SGSWRDC Campus (Tharamani site),12.98583333,80.245,2024-08-04 01:00:00,1.0,17.5,
SGSWRDC Campus (Tharamani site),12.98583333,80.245,2024-08-04 18:00:00,22.5,,
SGSWRDC Campus (Tharamani site),12.98583333,80.245,2024-08-04 19:00:00,1.5,,
SGSWRDC Campus (Tharamani site),12.98583333,80.245,2024-08-04 21:00:00,0.5,,
SGSWRDC Campus (Tharamani site),12.98583333,80.245,2024-08-05 02:00:00,3.5,,
SGSWRDC Campus (Tharamani site),12.98583333,80.245,2024-08-05 03:00:00,10.0,,
SGSWRDC Campus (Tharamani site),12.98583333,80.245,2024-08-05 04:00:00,18.5,32.0,
SGSWRDC Campus (Tharamani site),12.98583333,80.245,2024-08-05 05:00:00,8.0,36.5,
SGSWRDC Campus (Tharamani site),12.98583333,80.245,2024-08-05 06:00:00,4.5,31.0,
SGSWRDC Campus (Tharamani site),12.98583333,80.245,2024-08-05 07:00:00,2.0,14.5,46.5
SGSWRDC Campus (Tharamani site),12.98583333,80.245,2024-08-05 08:00:00,1.5,8.0,44.5
SGSWRDC Campus (Tharamani site),12.98583333,80.245,2024-08-06 20:00:00,27.5,,
SGSWRDC Campus (Tharamani site),12.98583333,80.245,2024-08-06 21:00:00,3.5,,
SGSWRDC Campus (Tharamani site),12.98583333,80.245,2024-08-06 22:00:00,1.5,32.5,
SGSWRDC Campus (Tharamani site),12.98583333,80.245,2024-08-07 03:00:00,2.0,,
SGSWRDC Campus (Tharamani site),12.98583333,80.245,2024-08-07 04:00:00,1.5,,
SGSWRDC Campus (Tharamani site),12.98583333,80.245,2024-08-12 09:00:00,0.5,,
SGSWRDC Campus (Tharamani site),12.98583333,80.245,2024-08-15 03:00:00,1.0,,
SGSWRDC Campus (Tharamani site),12.98583333,80.245,2024-08-15 07:00:00,0.5,,
SGSWRDC Campus (Tharamani site),12.98583333,80.245,2024-08-28 05:00:00,0.5,,
SGSWRDC Campus (Tharamani site),12.98583333,80.245,2024-08-28 06:00:00,0.5,,
SGSWRDC Campus (Tharamani site),12.98583333,80.245,2024-08-28 08:00:00,0.5,,
SGSWRDC Campus (Tharamani site),12.98583333,80.245,2024-08-30 21:00:00,16.0,,
SGSWRDC Campus (Tharamani site),12.98583333,80.245,2024-08-30 22:00:00,3.0,,
SGSWRDC Campus (Tharamani site),12.98583333,80.245,2024-08-30 23:00:00,0.5,19.5,
SGSWRDC Campus (Tharamani site),12.98583333,80.245,2024-08-31 03:00:00,0.5,,
SGSWRDC Campus (Tharamani site),12.98583333,80.245,2024-09-01 14:00:00,1.5,,
SGSWRDC Campus (Tharamani site),12.98583333,80.245,2024-09-03 08:00:00,0.5,,
SGSWRDC Campus (Tharamani site),12.98583333,80.245,2024-09-03 22:00:00,1.5,,
SGSWRDC Campus (Tharamani site),12.98583333,80.245,2024-09-03 23:00:00,0.5,,
SGSWRDC Campus (Tharamani site),12.98583333,80.245,2024-09-06 00:00:00,0.5,,
SGSWRDC Campus (Tharamani site),12.98583333,80.245,2024-09-06 02:00:00,1.0,,
SGSWRDC Campus (Tharamani site),12.98583333,80.245,2024-09-06 04:00:00,2.0,,
SGSWRDC Campus (Tharamani site),12.98583333,80.245,2024-09-06 06:00:00,1.0,,
SGSWRDC Campus (Tharamani site),12.98583333,80.245,2024-09-06 07:00:00,1.0,,
SGSWRDC Campus (Tharamani site),12.98583333,80.245,2024-09-07 03:00:00,1.5,,
SGSWRDC Campus (Tharamani site),12.98583333,80.245,2024-09-07 04:00:00,0.5,,
SGSWRDC Campus (Tharamani site),12.98583333,80.245,2024-09-21 00:00:00,8.5,,
SGSWRDC Campus (Tharamani site),12.98583333,80.245,2024-09-21 01:00:00,5.5,,
SGSWRDC Campus (Tharamani site),12.98583333,80.245,2024-09-21 03:00:00,3.0,,
SGSWRDC Campus (Tharamani site),12.98583333,80.245,2024-09-21 04:00:00,6.5,,
SGSWRDC Campus (Tharamani site),12.98583333,80.245,2024-09-21 05:00:00,3.0,12.5,
SGSWRDC Campus (Tharamani site),12.98583333,80.245,2024-09-21 06:00:00,2.0,11.5,
SGSWRDC Campus (Tharamani site),12.98583333,80.245,2024-09-21 07:00:00,1.0,6.0,
SGSWRDC Campus (Tharamani site),12.98583333,80.245,2024-09-24 01:00:00,17.5,,
SGSWRDC Campus (Tharamani site),12.98583333,80.245,2024-09-24 02:00:00,9.5,,
SGSWRDC Campus (Tharamani site),12.98583333,80.245,2024-09-24 03:00:00,1.0,28.0,
SGSWRDC Campus (Tharamani site),12.98583333,80.245,2024-09-24 04:00:00,1.0,11.5,
SGSWRDC Campus (Tharamani site),12.98583333,80.245,2024-09-24 17:00:00,3.0,,
SGSWRDC Campus (Tharamani site),12.98583333,80.245,2024-09-24 18:00:00,0.5,,
SGSWRDC Campus (Tharamani site),12.98583333,80.245,2024-09-24 19:00:00,0.5,4.0,
SGSWRDC Campus (Tharamani site),12.98583333,80.245,2024-09-25 18:00:00,7.0,,
SGSWRDC Campus (Tharamani site),12.98583333,80.245,2024-09-25 19:00:00,0.5,,
SGSWRDC Campus (Tharamani site),12.98583333,80.245,2024-10-03 16:00:00,7.5,,
SGSWRDC Campus (Tharamani site),12.98583333,80.245,2024-10-03 17:00:00,0.5,,
SGSWRDC Campus (Tharamani site),12.98583333,80.245,2024-10-08 03:00:00,1.0,,
SGSWRDC Campus (Tharamani site),12.98583333,80.245,2024-10-08 06:00:00,25.5,,
SGSWRDC Campus (Tharamani site),12.98583333,80.245,2024-10-09 10:00:00,5.0,,
SGSWRDC Campus (Tharamani site),12.98583333,80.245,2024-10-10 03:00:00,0.5,,
SGSWRDC Campus (Tharamani site),12.98583333,80.245,2024-10-10 04:00:00,12.0,,
SGSWRDC Campus (Tharamani site),12.98583333,80.245,2024-10-10 05:00:00,4.0,16.5,
SGSWRDC Campus (Tharamani site),12.98583333,80.245,2024-10-10 06:00:00,4.5,20.5,
SGSWRDC Campus (Tharamani site),12.98583333,80.245,2024-10-10 07:00:00,0.5,9.0,
SGSWRDC Campus (Tharamani site),12.98583333,80.245,2024-10-10 10:00:00,0.5,,
SGSWRDC Campus (Tharamani site),12.98583333,80.245,2024-10-10 11:00:00,0.5,,
SGSWRDC Campus (Tharamani site),12.98583333,80.245,2024-10-11 08:00:00,0.5,,
SGSWRDC Campus (Tharamani site),12.98583333,80.245,2024-10-11 09:00:00,0.5,,
SGSWRDC Campus (Tharamani site),12.98583333,80.245,2024-10-12 02:00:00,5.5,,
SGSWRDC Campus (Tharamani site),12.98583333,80.245,2024-10-12 06:00:00,11.0,,
SGSWRDC Campus (Tharamani site),12.98583333,80.245,2024-10-12 08:00:00,1.0,,
SGSWRDC Campus (Tharamani site),12.98583333,80.245,2024-10-14 02:00:00,0.5,,
SGSWRDC Campus (Tharamani site),12.98583333,80.245,2024-10-14 03:00:00,17.5,,
SGSWRDC Campus (Tharamani site),12.98583333,80.245,2024-10-14 04:00:00,6.0,24.0,
SGSWRDC Campus (Tharamani site),12.98583333,80.245,2024-10-14 05:00:00,5.0,28.5,
SGSWRDC Campus (Tharamani site),12.98583333,80.245,2024-10-14 06:00:00,0.5,11.5,
SGSWRDC Campus (Tharamani site),12.98583333,80.245,2024-10-14 12:00:00,0.5,,
SGSWRDC Campus (Tharamani site),12.98583333,80.245,2024-10-14 19:00:00,1.0,,
SGSWRDC Campus (Tharamani site),12.98583333,80.245,2024-10-14 21:00:00,5.0,,
SGSWRDC Campus (Tharamani site),12.98583333,80.245,2024-10-14 22:00:00,0.5,,
SGSWRDC Campus (Tharamani site),12.98583333,80.245,2024-10-14 23:00:00,18.0,23.5,
SGSWRDC Campus (Tharamani site),12.98583333,80.245,2024-10-15 00:00:00,20.0,38.5,
SGSWRDC Campus (Tharamani site),12.98583333,80.245,2024-10-15 01:00:00,1.5,39.5,
SGSWRDC Campus (Tharamani site),12.98583333,80.245,2024-10-15 08:00:00,10.0,,
SGSWRDC Campus (Tharamani site),12.98583333,80.245,2024-10-15 10:00:00,24.5,,
SGSWRDC Campus (Tharamani site),12.98583333,80.245,2024-10-15 11:00:00,88.0,,
SGSWRDC Campus (Tharamani site),12.98583333,80.245,2024-10-15 12:00:00,10.5,123.0,
SGSWRDC Campus (Tharamani site),12.98583333,80.245,2024-10-15 13:00:00,3.0,101.5,
SGSWRDC Campus (Tharamani site),12.98583333,80.245,2024-10-15 14:00:00,19.0,32.5,
SGSWRDC Campus (Tharamani site),12.98583333,80.245,2024-10-15 15:00:00,3.0,25.0,148.0
SGSWRDC Campus (Tharamani site),12.98583333,80.245,2024-10-15 16:00:00,3.0,25.0,126.5
SGSWRDC Campus (Tharamani site),12.98583333,80.245,2024-10-15 17:00:00,1.0,7.0,39.5
SGSWRDC Campus (Tharamani site),12.98583333,80.245,2024-10-15 18:00:00,1.0,5.0,30.0
SGSWRDC Campus (Tharamani site),12.98583333,80.245,2024-10-15 19:00:00,5.0,7.0,32.0
SGSWRDC Campus (Tharamani site),12.98583333,80.245,2024-10-15 20:00:00,9.5,15.5,22.5
SGSWRDC Campus (Tharamani site),12.98583333,80.245,2024-10-15 22:00:00,0.5,,
SGSWRDC Campus (Tharamani site),12.98583333,80.245,2024-10-15 23:00:00,2.5,,
SGSWRDC Campus (Tharamani site),12.98583333,80.245,2024-10-16 00:00:00,1.5,4.5,
SGSWRDC Campus (Tharamani site),12.98583333,80.245,2024-10-16 01:00:00,0.5,4.5,
SGSWRDC Campus (Tharamani site),12.98583333,80.245,2024-10-16 02:00:00,1.0,3.0,
SGSWRDC Campus (Tharamani site),12.98583333,80.245,2024-10-16 03:00:00,0.5,2.0,6.5
SGSWRDC Campus (Tharamani site),12.98583333,80.245,2024-10-16 04:00:00,1.0,2.5,7.0
SGSWRDC Campus (Tharamani site),12.98583333,80.245,2024-10-16 05:00:00,0.5,2.0,5.0
SGSWRDC Campus (Tharamani site),12.98583333,80.245,2024-10-16 06:00:00,0.5,2.0,4.0
SGSWRDC Campus (Tharamani site),12.98583333,80.245,2024-10-16 07:00:00,3.0,4.0,6.5
SGSWRDC Campus (Tharamani site),12.98583333,80.245,2024-10-16 08:00:00,1.0,4.5,6.5
SGSWRDC Campus (Tharamani site),12.98583333,80.245,2024-10-18 03:00:00,3.0,,
SGSWRDC Campus (Tharamani site),12.98583333,80.245,2024-10-18 07:00:00,13.0,,
SGSWRDC Campus (Tharamani site),12.98583333,80.245,2024-10-19 04:00:00,18.5,,
SGSWRDC Campus (Tharamani site),12.98583333,80.245,2024-10-20 04:00:00,11.5,,
SGSWRDC Campus (Tharamani site),12.98583333,80.245,2024-10-20 05:00:00,17.5,,
SGSWRDC Campus (Tharamani site),12.98583333,80.245,2024-10-20 11:00:00,1.0,,
SGSWRDC Campus (Tharamani site),12.98583333,80.245,2024-10-21 06:00:00,1.0,,
SGSWRDC Campus (Tharamani site),12.98583333,80.245,2024-10-21 10:00:00,0.5,,
SGSWRDC Campus (Tharamani site),12.98583333,80.245,2024-10-29 18:00:00,6.5,,
SGSWRDC Campus (Tharamani site),12.98583333,80.245,2024-10-30 13:00:00,1.5,,
SGSWRDC Campus (Tharamani site),12.98583333,80.245,2024-10-30 14:00:00,0.5,,
SGSWRDC Campus (Tharamani site),12.98583333,80.245,2024-10-30 15:00:00,0.5,2.5,
SGSWRDC Campus (Tharamani site),12.98583333,80.245,2024-11-02 04:00:00,1.5,,
SGSWRDC Campus (Tharamani site),12.98583333,80.245,2024-11-02 08:00:00,1.0,,
SGSWRDC Campus (Tharamani site),12.98583333,80.245,2024-11-02 09:00:00,0.5,,
SGSWRDC Campus (Tharamani site),12.98583333,80.245,2024-11-03 05:00:00,6.0,,
SGSWRDC Campus (Tharamani site),12.98583333,80.245,2024-11-04 06:00:00,6.5,,
SGSWRDC Campus (Tharamani site),12.98583333,80.245,2024-11-06 15:00:00,1.0,,
SGSWRDC Campus (Tharamani site),12.98583333,80.245,2024-11-06 21:00:00,1.5,,
SGSWRDC Campus (Tharamani site),12.98583333,80.245,2024-11-06 22:00:00,2.5,,
SGSWRDC Campus (Tharamani site),12.98583333,80.245,2024-11-07 03:00:00,2.5,,
SGSWRDC Campus (Tharamani site),12.98583333,80.245,2024-11-07 08:00:00,1.5,,
SGSWRDC Campus (Tharamani site),12.98583333,80.245,2024-11-07 09:00:00,1.5,,
SGSWRDC Campus (Tharamani site),12.98583333,80.245,2024-11-07 10:00:00,1.0,4.0,
SGSWRDC Campus (Tharamani site),12.98583333,80.245,2024-11-07 11:00:00,1.0,3.5,
SGSWRDC Campus (Tharamani site),12.98583333,80.245,2024-11-07 12:00:00,3.5,5.5,
SGSWRDC Campus (Tharamani site),12.98583333,80.245,2024-11-07 13:00:00,0.5,5.0,9.0
SGSWRDC Campus (Tharamani site),12.98583333,80.245,2024-11-07 14:00:00,0.5,4.5,8.0
SGSWRDC Campus (Tharamani site),12.98583333,80.245,2024-11-11 23:00:00,4.5,,
SGSWRDC Campus (Tharamani site),12.98583333,80.245,2024-11-12 00:00:00,0.5,,
SGSWRDC Campus (Tharamani site),12.98583333,80.245,2024-11-12 02:00:00,3.5,,
SGSWRDC Campus (Tharamani site),12.98583333,80.245,2024-11-12 03:00:00,0.5,,
SGSWRDC Campus (Tharamani site),12.98583333,80.245,2024-11-12 05:00:00,18.5,,
SGSWRDC Campus (Tharamani site),12.98583333,80.245,2024-11-12 06:00:00,8.5,,
SGSWRDC Campus (Tharamani site),12.98583333,80.245,2024-11-12 08:00:00,2.0,,
SGSWRDC Campus (Tharamani site),12.98583333,80.245,2024-11-12 09:00:00,1.5,,
SGSWRDC Campus (Tharamani site),12.98583333,80.245,2024-11-13 00:00:00,0.5,,
SGSWRDC Campus (Tharamani site),12.98583333,80.245,2024-11-13 01:00:00,2.0,,
SGSWRDC Campus (Tharamani site),12.98583333,80.245,2024-11-13 02:00:00,0.5,3.0,
SGSWRDC Campus (Tharamani site),12.98583333,80.245,2024-11-13 03:00:00,1.0,3.5,
SGSWRDC Campus (Tharamani site),12.98583333,80.245,2024-11-13 04:00:00,0.5,2.0,
SGSWRDC Campus (Tharamani site),12.98583333,80.245,2024-11-13 05:00:00,1.0,2.5,5.5
SGSWRDC Campus (Tharamani site),12.98583333,80.245,2024-11-13 06:00:00,0.5,2.0,5.5
SGSWRDC Campus (Tharamani site),12.98583333,80.245,2024-11-13 11:00:00,0.5,,
SGSWRDC Campus (Tharamani site),12.98583333,80.245,2024-11-14 01:00:00,0.5,,
SGSWRDC Campus (Tharamani site),12.98583333,80.245,2024-11-14 02:00:00,2.5,,
SGSWRDC Campus (Tharamani site),12.98583333,80.245,2024-11-14 03:00:00,2.0,5.0,
SGSWRDC Campus (Tharamani site),12.98583333,80.245,2024-11-14 18:00:00,2.0,,
SGSWRDC Campus (Tharamani site),12.98583333,80.245,2024-11-14 23:00:00,1.5,,
SGSWRDC Campus (Tharamani site),12.98583333,80.245,2024-11-15 00:00:00,7.0,,
SGSWRDC Campus (Tharamani site),12.98583333,80.245,2024-11-15 03:00:00,1.0,,
SGSWRDC Campus (Tharamani site),12.98583333,80.245,2024-11-15 04:00:00,2.0,,
SGSWRDC Campus (Tharamani site),12.98583333,80.245,2024-11-15 06:00:00,1.0,,
SGSWRDC Campus (Tharamani site),12.98583333,80.245,2024-11-15 07:00:00,2.5,,
SGSWRDC Campus (Tharamani site),12.98583333,80.245,2024-11-16 01:00:00,17.0,,
SGSWRDC Campus (Tharamani site),12.98583333,80.245,2024-11-16 13:00:00,0.5,,
SGSWRDC Campus (Tharamani site),12.98583333,80.245,2024-11-25 23:00:00,5.0,,
SGSWRDC Campus (Tharamani site),12.98583333,80.245,2024-11-26 05:00:00,1.0,,
SGSWRDC Campus (Tharamani site),12.98583333,80.245,2024-11-26 10:00:00,1.0,,
SGSWRDC Campus (Tharamani site),12.98583333,80.245,2024-11-26 11:00:00,40.5,,
SGSWRDC Campus (Tharamani site),12.98583333,80.245,2024-11-26 12:00:00,15.0,56.5,
SGSWRDC Campus (Tharamani site),12.98583333,80.245,2024-11-26 13:00:00,3.0,58.5,
SGSWRDC Campus (Tharamani site),12.98583333,80.245,2024-11-26 22:00:00,4.5,,
SGSWRDC Campus (Tharamani site),12.98583333,80.245,2024-11-29 00:00:00,3.0,,
SGSWRDC Campus (Tharamani site),12.98583333,80.245,2024-11-29 01:00:00,7.0,,
SGSWRDC Campus (Tharamani site),12.98583333,80.245,2024-11-29 02:00:00,12.0,22.0,
SGSWRDC Campus (Tharamani site),12.98583333,80.245,2024-11-29 03:00:00,11.0,30.0,
SGSWRDC Campus (Tharamani site),12.98583333,80.245,2024-11-29 04:00:00,7.0,30.0,
SGSWRDC Campus (Tharamani site),12.98583333,80.245,2024-11-29 06:00:00,1.5,,
SGSWRDC Campus (Tharamani site),12.98583333,80.245,2024-11-29 09:00:00,1.0,,
SGSWRDC Campus (Tharamani site),12.98583333,80.245,2024-11-29 13:00:00,1.0,,
SGSWRDC Campus (Tharamani site),12.98583333,80.245,2024-11-29 14:00:00,1.0,,
SGSWRDC Campus (Tharamani site),12.98583333,80.245,2024-11-29 15:00:00,0.5,2.5,
SGSWRDC Campus (Tharamani site),12.98583333,80.245,2024-11-29 22:00:00,0.5,,
SGSWRDC Campus (Tharamani site),12.98583333,80.245,2024-11-30 01:00:00,3.5,,
SGSWRDC Campus (Tharamani site),12.98583333,80.245,2024-11-30 02:00:00,1.0,,
SGSWRDC Campus (Tharamani site),12.98583333,80.245,2024-11-30 03:00:00,1.5,6.0,
SGSWRDC Campus (Tharamani site),12.98583333,80.245,2024-11-30 04:00:00,1.5,4.0,
SGSWRDC Campus (Tharamani site),12.98583333,80.245,2024-11-30 05:00:00,4.0,7.0,
SGSWRDC Campus (Tharamani site),12.98583333,80.245,2024-11-30 06:00:00,12.0,17.5,23.5
SGSWRDC Campus (Tharamani site),12.98583333,80.245,2024-11-30 07:00:00,13.0,29.0,33.0
SGSWRDC Campus (Tharamani site),12.98583333,80.245,2024-11-30 08:00:00,11.0,36.0,43.0
SGSWRDC Campus (Tharamani site),12.98583333,80.245,2024-11-30 09:00:00,26.0,50.0,67.5
SGSWRDC Campus (Tharamani site),12.98583333,80.245,2024-11-30 10:00:00,26.5,63.5,92.5
SGSWRDC Campus (Tharamani site),12.98583333,80.245,2024-11-30 11:00:00,6.0,58.5,94.5
SGSWRDC Campus (Tharamani site),12.98583333,80.245,2024-11-30 12:00:00,4.5,37.0,87.0
SGSWRDC Campus (Tharamani site),12.98583333,80.245,2024-11-30 13:00:00,14.0,24.5,88.0
SGSWRDC Campus (Tharamani site),12.98583333,80.245,2024-11-30 14:00:00,7.0,25.5,84.0
SGSWRDC Campus (Tharamani site),12.98583333,80.245,2024-11-30 15:00:00,1.5,22.5,59.5
SGSWRDC Campus (Tharamani site),12.98583333,80.245,2024-11-30 17:00:00,1.5,,
SGSWRDC Campus (Tharamani site),12.98583333,80.245,2024-12-01 00:00:00,0.5,,
SGSWRDC Campus (Tharamani site),12.98583333,80.245,2024-12-01 13:00:00,0.5,,
SGSWRDC Campus (Tharamani site),12.98583333,80.245,2024-12-01 23:00:00,0.5,,
SGSWRDC Campus (Tharamani site),12.98583333,80.245,2024-12-02 02:00:00,0.5,,
SGSWRDC Campus (Tharamani site),12.98583333,80.245,2024-12-04 20:00:00,1.0,,
SGSWRDC Campus (Tharamani site),12.98583333,80.245,2024-12-11 10:00:00,7.5,,
SGSWRDC Campus (Tharamani site),12.98583333,80.245,2024-12-11 14:00:00,0.5,,
SGSWRDC Campus (Tharamani site),12.98583333,80.245,2024-12-11 15:00:00,2.0,,
SGSWRDC Campus (Tharamani site),12.98583333,80.245,2024-12-11 16:00:00,1.0,3.5,
SGSWRDC Campus (Tharamani site),12.98583333,80.245,2024-12-11 18:00:00,0.5,,
SGSWRDC Campus (Tharamani site),12.98583333,80.245,2024-12-11 20:00:00,0.5,,
SGSWRDC Campus (Tharamani site),12.98583333,80.245,2024-12-11 22:00:00,2.0,,
SGSWRDC Campus (Tharamani site),12.98583333,80.245,2024-12-11 23:00:00,1.0,,
SGSWRDC Campus (Tharamani site),12.98583333,80.245,2024-12-12 00:00:00,0.5,3.5,
SGSWRDC Campus (Tharamani site),12.98583333,80.245,2024-12-12 02:00:00,6.5,,
SGSWRDC Campus (Tharamani site),12.98583333,80.245,2024-12-12 03:00:00,3.5,,
SGSWRDC Campus (Tharamani site),12.98583333,80.245,2024-12-12 04:00:00,0.5,10.5,
SGSWRDC Campus (Tharamani site),12.98583333,80.245,2024-12-12 06:00:00,11.0,,
SGSWRDC Campus (Tharamani site),12.98583333,80.245,2024-12-12 07:00:00,1.0,,
SGSWRDC Campus (Tharamani site),12.98583333,80.245,2024-12-12 08:00:00,1.5,13.5,
SGSWRDC Campus (Tharamani site),12.98583333,80.245,2024-12-12 09:00:00,2.0,4.5,
SGSWRDC Campus (Tharamani site),12.98583333,80.245,2024-12-12 10:00:00,2.0,5.5,
SGSWRDC Campus (Tharamani site),12.98583333,80.245,2024-12-12 11:00:00,4.5,8.5,22.0
SGSWRDC Campus (Tharamani site),12.98583333,80.245,2024-12-12 12:00:00,56.0,62.5,67.0
SGSWRDC Campus (Tharamani site),12.98583333,80.245,2024-12-12 13:00:00,3.0,63.5,69.0
SGSWRDC Campus (Tharamani site),12.98583333,80.245,2024-12-12 19:00:00,1.5,,
SGSWRDC Campus (Tharamani site),12.98583333,80.245,2024-12-18 11:00:00,0.5,,
SGSWRDC Campus (Tharamani site),12.98583333,80.245,2024-12-18 12:00:00,0.5,,
SGSWRDC Campus (Tharamani site),12.98583333,80.245,2024-12-18 13:00:00,2.0,3.0,
SGSWRDC Campus (Tharamani site),12.98583333,80.245,2024-12-18 15:00:00,4.5,,
SGSWRDC Campus (Tharamani site),12.98583333,80.245,2024-12-18 16:00:00,13.0,,
SGSWRDC Campus (Tharamani site),12.98583333,80.245,2024-12-18 17:00:00,5.0,22.5,
SGSWRDC Campus (Tharamani site),12.98583333,80.245,2024-12-18 18:00:00,0.5,18.5,
SGSWRDC Campus (Tharamani site),12.98583333,80.245,2024-12-18 22:00:00,0.5,,
SGSWRDC Campus (Tharamani site),12.98583333,80.245,2024-12-19 02:00:00,0.5,,
SGSWRDC Campus (Tharamani site),12.98583333,80.245,2024-12-19 03:00:00,0.5,,
SGSWRDC Campus (Tharamani site),12.98583333,80.245,2024-12-19 08:00:00,1.0,,
SGSWRDC Campus (Tharamani site),12.98583333,80.245,2024-12-19 09:00:00,1.5,,
SGSWRDC Campus (Tharamani site),12.98583333,80.245,2024-12-20 06:00:00,0.5,,
SGSWRDC Campus (Tharamani site),12.98583333,80.245,2024-12-24 09:00:00,0.5,,
SGSWRDC Campus (Tharamani site),12.98583333,80.245,2024-12-25 17:00:00,0.5,,
SGSWRDC Campus (Tharamani site),12.98583333,80.245,2024-12-25 18:00:00,0.5,,
SGSWRDC Campus (Tharamani site),12.98583333,80.245,2024-12-26 02:00:00,1.0,,
SGSWRDC Campus (Tharamani site),12.98583333,80.245,2024-12-26 03:00:00,2.5,,
SGSWRDC Campus (Tharamani site),12.98583333,80.245,2024-12-26 04:00:00,4.0,7.5,
SGSWRDC Campus (Tharamani site),12.98583333,80.245,2024-12-26 05:00:00,5.0,11.5,
SGSWRDC Campus (Tharamani site),12.98583333,80.245,2024-12-26 06:00:00,0.5,9.5,
SGSWRDC Campus (Tharamani site),12.98583333,80.245,2024-12-26 23:00:00,0.5,,
SGSWRDC Campus (Tharamani site),12.98583333,80.245,2024-12-27 00:00:00,0.5,,
SGSWRDC Campus (Tharamani site),12.98583333,80.245,2024-12-27 02:00:00,5.5,,
SGSWRDC Campus (Tharamani site),12.98583333,80.245,2024-12-27 03:00:00,19.0,,
SGSWRDC Campus (Tharamani site),12.98583333,80.245,2024-12-27 04:00:00,6.0,30.5,
SGSWRDC Campus (Tharamani site),12.98583333,80.245,2024-12-30 00:00:00,1.5,,
SGSWRDC Campus (Tharamani site),12.98583333,80.245,2025-01-05 10:00:00,0.5,,
SGSWRDC Campus (Tharamani site),12.98583333,80.245,2025-01-12 23:00:00,1.5,,
SGSWRDC Campus (Tharamani site),12.98583333,80.245,2025-01-13 01:00:00,4.0,,
SGSWRDC Campus (Tharamani site),12.98583333,80.245,2025-01-13 02:00:00,1.5,,
SGSWRDC Campus (Tharamani site),12.98583333,80.245,2025-01-13 10:00:00,1.5,,
SGSWRDC Campus (Tharamani site),12.98583333,80.245,2025-01-18 22:00:00,1.0,,
SGSWRDC Campus (Tharamani site),12.98583333,80.245,2025-01-19 00:00:00,0.5,,
SGSWRDC Campus (Tharamani site),12.98583333,80.245,2025-01-19 02:00:00,1.5,,
SGSWRDC Campus (Tharamani site),12.98583333,80.245,2025-01-19 03:00:00,0.5,,
SGSWRDC Campus (Tharamani site),12.98583333,80.245,2025-01-19 06:00:00,4.0,,
SGSWRDC Campus (Tharamani site),12.98583333,80.245,2025-01-19 10:00:00,0.5,,
SGSWRDC Campus (Tharamani site),12.98583333,80.245,2025-03-11 09:00:00,1.0,,
SGSWRDC Campus (Tharamani site),12.98583333,80.245,2025-03-11 13:00:00,13.5,,
SGSWRDC Campus (Tharamani site),12.98583333,80.245,2025-03-11 14:00:00,1.5,,
SGSWRDC Campus (Tharamani site),12.98583333,80.245,2025-03-11 15:00:00,1.0,16.0,
SGSWRDC Campus (Tharamani site),12.98583333,80.245,2025-03-11 21:00:00,9.5,,
SGSWRDC Campus (Tharamani site),12.98583333,80.245,2025-04-16 12:00:00,51.0,,
SGSWRDC Campus (Tharamani site),12.98583333,80.245,2025-04-16 13:00:00,5.0,,
SGSWRDC Campus (Tharamani site),12.98583333,80.245,2025-04-16 14:00:00,0.5,56.5,
SGSWRDC Campus (Tharamani site),12.98583333,80.245,2025-05-04 17:00:00,5.5,,
SGSWRDC Campus (Tharamani site),12.98583333,80.245,2025-05-04 20:00:00,0.5,,
SGSWRDC Campus (Tharamani site),12.98583333,80.245,2025-05-04 21:00:00,1.0,,
SGSWRDC Campus (Tharamani site),12.98583333,80.245,2025-05-07 00:00:00,0.5,,
SGSWRDC Campus (Tharamani site),12.98583333,80.245,2025-05-07 01:00:00,1.0,,
SGSWRDC Campus (Tharamani site),12.98583333,80.245,2025-05-19 02:00:00,3.5,,
SGSWRDC Campus (Tharamani site),12.98583333,80.245,2025-05-19 03:00:00,0.5,,
SGSWRDC Campus (Tharamani site),12.98583333,80.245,2025-05-19 08:00:00,2.0,,
SGSWRDC Campus (Tharamani site),12.98583333,80.245,2025-05-19 09:00:00,5.0,,
SGSWRDC Campus (Tharamani site),12.98583333,80.245,2025-05-19 10:00:00,1.0,8.0,
SGSWRDC Campus (Tharamani site),12.98583333,80.245,2025-05-20 08:00:00,0.5,,
SGSWRDC Campus (Tharamani site),12.98583333,80.245,2025-05-20 19:00:00,0.5,,
SGSWRDC Campus (Tharamani site),12.98583333,80.245,2025-05-21 01:00:00,0.5,,
SGSWRDC Campus (Tharamani site),12.98583333,80.245,2025-06-03 20:00:00,6.5,,
SGSWRDC Campus (Tharamani site),12.98583333,80.245,2025-08-10 18:00:00,0.5,,
SGSWRDC Campus (Tharamani site),12.98583333,80.245,2025-08-10 19:00:00,1.5,,
SGSWRDC Campus (Tharamani site),12.98583333,80.245,2025-08-11 03:00:00,0.5,,
SGSWRDC Campus (Tharamani site),12.98583333,80.245,2025-08-11 14:00:00,1.5,,
SGSWRDC Campus (Tharamani site),12.98583333,80.245,2025-08-11 19:00:00,7.0,,
SGSWRDC Campus (Tharamani site),12.98583333,80.245,2025-08-11 20:00:00,0.5,,
SGSWRDC Campus (Tharamani site),12.98583333,80.245,2025-08-12 08:00:00,0.5,,
SGSWRDC Campus (Tharamani site),12.98583333,80.245,2025-08-16 16:00:00,2.0,,
SGSWRDC Campus (Tharamani site),12.98583333,80.245,2025-08-16 17:00:00,2.5,,
SGSWRDC Campus (Tharamani site),12.98583333,80.245,2025-08-16 21:00:00,3.0,,
SGSWRDC Campus (Tharamani site),12.98583333,80.245,2025-08-17 19:00:00,1.0,,
SGSWRDC Campus (Tharamani site),12.98583333,80.245,2025-08-17 20:00:00,0.5,,
SGSWRDC Campus (Tharamani site),12.98583333,80.245,2025-08-17 21:00:00,2.0,3.5,
SGSWRDC Campus (Tharamani site),12.98583333,80.245,2025-08-17 22:00:00,1.0,3.5,
SGSWRDC Campus (Tharamani site),12.98583333,80.245,2025-08-17 23:00:00,0.5,3.5,
SGSWRDC Campus (Tharamani site),12.98583333,80.245,2025-08-22 06:00:00,55.0,,
SGSWRDC Campus (Tharamani site),12.98583333,80.245,2025-08-22 07:00:00,7.5,,
SGSWRDC Campus (Tharamani site),12.98583333,80.245,2025-08-22 20:00:00,0.5,,
SGSWRDC Campus (Tharamani site),12.98583333,80.245,2025-08-22 21:00:00,0.5,,
SGSWRDC Campus (Tharamani site),12.98583333,80.245,2025-08-23 03:00:00,27.5,,
SGSWRDC Campus (Tharamani site),12.98583333,80.245,2025-08-23 04:00:00,44.5,,
SGSWRDC Campus (Tharamani site),12.98583333,80.245,2025-08-23 05:00:00,6.5,78.5,
SGSWRDC Campus (Tharamani site),12.98583333,80.245,2025-08-23 06:00:00,4.5,55.5,
SGSWRDC Campus (Tharamani site),12.98583333,80.245,2025-08-23 07:00:00,4.0,15.0,
SGSWRDC Campus (Tharamani site),12.98583333,80.245,2025-08-23 08:00:00,1.0,9.5,88.0
SGSWRDC Campus (Tharamani site),12.98583333,80.245,2025-09-01 00:00:00,1.5,,
SGSWRDC Campus (Tharamani site),12.98583333,80.245,2025-09-01 01:00:00,0.5,,
SGSWRDC Campus (Tharamani site),12.98583333,80.245,2025-09-01 02:00:00,0.5,2.5,
SGSWRDC Campus (Tharamani site),12.98583333,80.245,2025-09-02 22:00:00,0.5,,
SGSWRDC Campus (Tharamani site),12.98583333,80.245,2025-09-04 00:00:00,1.0,,
SGSWRDC Campus (Tharamani site),12.98583333,80.245,2025-09-05 00:00:00,0.5,,
SGSWRDC Campus (Tharamani site),12.98583333,80.245,2025-09-05 02:00:00,1.0,,
SGSWRDC Campus (Tharamani site),12.98583333,80.245,2025-09-05 03:00:00,5.5,,
SGSWRDC Campus (Tharamani site),12.98583333,80.245,2025-09-05 04:00:00,0.5,7.0,
SGSWRDC Campus (Tharamani site),12.98583333,80.245,2025-09-07 03:00:00,2.5,,
SGSWRDC Campus (Tharamani site),12.98583333,80.245,2025-09-10 17:00:00,9.5,,
SGSWRDC Campus (Tharamani site),12.98583333,80.245,2025-09-13 11:00:00,0.5,,
SGSWRDC Campus (Tharamani site),12.98583333,80.245,2025-09-16 03:00:00,2.5,,
SGSWRDC Campus (Tharamani site),12.98583333,80.245,2025-09-16 04:00:00,38.5,,
SGSWRDC Campus (Tharamani site),12.98583333,80.245,2025-09-16 05:00:00,4.0,45.0,
SGSWRDC Campus (Tharamani site),12.98583333,80.245,2025-09-16 09:00:00,0.5,,
SGSWRDC Campus (Tharamani site),12.98583333,80.245,2025-09-17 05:00:00,0.5,,
SGSWRDC Campus (Tharamani site),12.98583333,80.245,2025-09-18 19:00:00,1.5,,
SGSWRDC Campus (Tharamani site),12.98583333,80.245,2025-09-18 20:00:00,19.0,,
SGSWRDC Campus (Tharamani site),12.98583333,80.245,2025-09-18 21:00:00,3.0,23.5,
SGSWRDC Campus (Tharamani site),12.98583333,80.245,2025-09-18 22:00:00,0.5,22.5,
SGSWRDC Campus (Tharamani site),12.98583333,80.245,2025-09-20 02:00:00,6.5,,
SGSWRDC Campus (Tharamani site),12.98583333,80.245,2025-09-20 03:00:00,5.5,,
SGSWRDC Campus (Tharamani site),12.98583333,80.245,2025-09-20 04:00:00,2.0,14.0,
SGSWRDC Campus (Tharamani site),12.98583333,80.245,2025-09-20 05:00:00,0.5,8.0,
SGSWRDC Campus (Tharamani site),12.98583333,80.245,2025-09-20 06:00:00,0.5,3.0,
SGSWRDC Campus (Tharamani site),12.98583333,80.245,2025-09-20 07:00:00,1.0,2.0,16.0
SGSWRDC Campus (Tharamani site),12.98583333,80.245,2025-09-20 08:00:00,1.0,2.5,10.5
SGSWRDC Campus (Tharamani site),12.98583333,80.245,2025-09-20 09:00:00,0.5,2.5,5.5
SGSWRDC Campus (Tharamani site),12.98583333,80.245,2025-09-21 23:00:00,2.0,,
SGSWRDC Campus (Tharamani site),12.98583333,80.245,2025-09-22 02:00:00,0.5,,
SGSWRDC Campus (Tharamani site),12.98583333,80.245,2025-09-24 01:00:00,2.5,,
SGSWRDC Campus (Tharamani site),12.98583333,80.245,2025-09-24 10:00:00,0.5,,
SGSWRDC Campus (Tharamani site),12.98583333,80.245,2025-09-26 19:00:00,1.5,,
SGSWRDC Campus (Tharamani site),12.98583333,80.245,2025-09-26 21:00:00,0.5,,
SGSWRDC Campus (Tharamani site),12.98583333,80.245,2025-09-27 06:00:00,0.5,,
SGSWRDC Campus (Tharamani site),12.98583333,80.245,2025-09-30 03:00:00,1.5,,
SGSWRDC Campus (Tharamani site),12.98583333,80.245,2025-09-30 04:00:00,1.0,,
SGSWRDC Campus (Tharamani site),12.98583333,80.245,2025-09-30 05:00:00,0.5,3.0,
SGSWRDC Campus (Tharamani site),12.98583333,80.245,2025-09-30 06:00:00,0.5,2.0,
SGSWRDC Campus (Tharamani site),12.98583333,80.245,2025-09-30 07:00:00,0.5,1.5,
SGSWRDC Campus (Tharamani site),12.98583333,80.245,2025-10-03 00:00:00,0.5,,
SGSWRDC Campus (Tharamani site),12.98583333,80.245,2025-10-03 02:00:00,25.5,,
SGSWRDC Campus (Tharamani site),12.98583333,80.245,2025-10-03 03:00:00,2.5,,
SGSWRDC Campus (Tharamani site),12.98583333,80.245,2025-10-03 04:00:00,2.5,30.5,
SGSWRDC Campus (Tharamani site),12.98583333,80.245,2025-10-03 07:00:00,0.5,,
SGSWRDC Campus (Tharamani site),12.98583333,80.245,2025-10-04 03:00:00,0.5,,
SGSWRDC Campus (Tharamani site),12.98583333,80.245,2025-10-14 06:00:00,2.5,,
SGSWRDC Campus (Tharamani site),12.98583333,80.245,2025-10-14 08:00:00,1.0,,
SGSWRDC Campus (Tharamani site),12.98583333,80.245,2025-10-14 10:00:00,2.5,,
SGSWRDC Campus (Tharamani site),12.98583333,80.245,2025-10-14 23:00:00,5.5,,
SGSWRDC Campus (Tharamani site),12.98583333,80.245,2025-10-15 00:00:00,1.0,,
SGSWRDC Campus (Tharamani site),12.98583333,80.245,2025-10-15 04:00:00,19.0,,
SGSWRDC Campus (Tharamani site),12.98583333,80.245,2025-10-15 05:00:00,11.0,,
SGSWRDC Campus (Tharamani site),12.98583333,80.245,2025-10-15 07:00:00,2.5,,
SGSWRDC Campus (Tharamani site),12.98583333,80.245,2025-10-15 08:00:00,1.0,,
SGSWRDC Campus (Tharamani site),12.98583333,80.245,2025-10-15 09:00:00,0.5,4.0,
SGSWRDC Campus (Tharamani site),12.98583333,80.245,2025-10-16 19:00:00,0.5,,
SGSWRDC Campus (Tharamani site),12.98583333,80.245,2025-10-16 20:00:00,1.5,,
SGSWRDC Campus (Tharamani site),12.98583333,80.245,2025-10-16 21:00:00,2.5,4.5,
SGSWRDC Campus (Tharamani site),12.98583333,80.245,2025-10-17 01:00:00,4.5,,
SGSWRDC Campus (Tharamani site),12.98583333,80.245,2025-10-17 02:00:00,9.5,,
SGSWRDC Campus (Tharamani site),12.98583333,80.245,2025-10-17 04:00:00,3.0,,
SGSWRDC Campus (Tharamani site),12.98583333,80.245,2025-10-17 06:00:00,1.0,,
SGSWRDC Campus (Tharamani site),12.98583333,80.245,2025-10-17 07:00:00,2.5,,
SGSWRDC Campus (Tharamani site),12.98583333,80.245,2025-10-17 08:00:00,1.5,5.0,
SGSWRDC Campus (Tharamani site),12.98583333,80.245,2025-10-17 09:00:00,12.0,16.0,
SGSWRDC Campus (Tharamani site),12.98583333,80.245,2025-10-17 15:00:00,1.5,,
SGSWRDC Campus (Tharamani site),12.98583333,80.245,2025-10-17 19:00:00,1.0,,
SGSWRDC Campus (Tharamani site),12.98583333,80.245,2025-10-17 22:00:00,5.5,,
SGSWRDC Campus (Tharamani site),12.98583333,80.245,2025-10-17 23:00:00,11.0,,
SGSWRDC Campus (Tharamani site),12.98583333,80.245,2025-10-18 00:00:00,1.0,17.5,
SGSWRDC Campus (Tharamani site),12.98583333,80.245,2025-10-18 01:00:00,0.5,12.5,
SGSWRDC Campus (Tharamani site),12.98583333,80.245,2025-10-18 07:00:00,2.0,,
SGSWRDC Campus (Tharamani site),12.98583333,80.245,2025-10-18 09:00:00,0.5,,
SGSWRDC Campus (Tharamani site),12.98583333,80.245,2025-10-18 11:00:00,0.5,,
SGSWRDC Campus (Tharamani site),12.98583333,80.245,2025-10-18 12:00:00,1.0,,
SGSWRDC Campus (Tharamani site),12.98583333,80.245,2025-10-18 13:00:00,1.0,2.5,
SGSWRDC Campus (Tharamani site),12.98583333,80.245,2025-10-18 14:00:00,0.5,2.5,
SGSWRDC Campus (Tharamani site),12.98583333,80.245,2025-10-19 03:00:00,0.5,,
SGSWRDC Campus (Tharamani site),12.98583333,80.245,2025-10-19 07:00:00,1.0,,
SGSWRDC Campus (Tharamani site),12.98583333,80.245,2025-10-19 10:00:00,1.0,,
SGSWRDC Campus (Tharamani site),12.98583333,80.245,2025-10-19 11:00:00,1.5,,
SGSWRDC Campus (Tharamani site),12.98583333,80.245,2025-10-20 00:00:00,8.5,,
SGSWRDC Campus (Tharamani site),12.98583333,80.245,2025-10-20 01:00:00,1.5,,
SGSWRDC Campus (Tharamani site),12.98583333,80.245,2025-10-20 03:00:00,10.0,,
SGSWRDC Campus (Tharamani site),12.98583333,80.245,2025-10-20 06:00:00,0.5,,
SGSWRDC Campus (Tharamani site),12.98583333,80.245,2025-10-20 09:00:00,13.5,,
SGSWRDC Campus (Tharamani site),12.98583333,80.245,2025-10-20 14:00:00,0.5,,
SGSWRDC Campus (Tharamani site),12.98583333,80.245,2025-10-21 00:00:00,1.0,,
SGSWRDC Campus (Tharamani site),12.98583333,80.245,2025-10-21 04:00:00,0.5,,
SGSWRDC Campus (Tharamani site),12.98583333,80.245,2025-10-21 06:00:00,5.5,,
SGSWRDC Campus (Tharamani site),12.98583333,80.245,2025-10-21 08:00:00,16.0,,
SGSWRDC Campus (Tharamani site),12.98583333,80.245,2025-10-21 09:00:00,2.0,,
SGSWRDC Campus (Tharamani site),12.98583333,80.245,2025-10-21 10:00:00,0.5,18.5,
SGSWRDC Campus (Tharamani site),12.98583333,80.245,2025-10-21 12:00:00,0.5,,
SGSWRDC Campus (Tharamani site),12.98583333,80.245,2025-10-21 13:00:00,14.0,,
SGSWRDC Campus (Tharamani site),12.98583333,80.245,2025-10-21 15:00:00,7.5,,
SGSWRDC Campus (Tharamani site),12.98583333,80.245,2025-10-21 17:00:00,0.5,,
SGSWRDC Campus (Tharamani site),12.98583333,80.245,2025-10-21 18:00:00,1.0,,
SGSWRDC Campus (Tharamani site),12.98583333,80.245,2025-10-21 20:00:00,0.5,,
SGSWRDC Campus (Tharamani site),12.98583333,80.245,2025-10-21 23:00:00,3.5,,
SGSWRDC Campus (Tharamani site),12.98583333,80.245,2025-10-22 03:00:00,8.5,,
SGSWRDC Campus (Tharamani site),12.98583333,80.245,2025-10-22 04:00:00,0.5,,
SGSWRDC Campus (Tharamani site),12.98583333,80.245,2025-10-22 07:00:00,7.0,,
SGSWRDC Campus (Tharamani site),12.98583333,80.245,2025-10-22 12:00:00,0.5,,
SGSWRDC Campus (Tharamani site),12.98583333,80.245,2025-10-22 23:00:00,1.0,,
SGSWRDC Campus (Tharamani site),12.98583333,80.245,2025-10-23 01:00:00,2.0,,
SGSWRDC Campus (Tharamani site),12.98583333,80.245,2025-10-23 02:00:00,1.5,,
SGSWRDC Campus (Tharamani site),12.98583333,80.245,2025-10-23 03:00:00,2.0,5.5,
SGSWRDC Campus (Tharamani site),12.98583333,80.245,2025-10-23 04:00:00,0.5,4.0,
SGSWRDC Campus (Tharamani site),12.98583333,80.245,2025-10-23 06:00:00,0.5,,
SGSWRDC Campus (Tharamani site),12.98583333,80.245,2025-10-24 01:00:00,1.0,,
SGSWRDC Campus (Tharamani site),12.98583333,80.245,2025-10-24 02:00:00,29.0,,
SGSWRDC Campus (Tharamani site),12.98583333,80.245,2025-10-24 03:00:00,2.0,32.0,
SGSWRDC Campus (Tharamani site),12.98583333,80.245,2025-10-24 04:00:00,1.0,32.0,
SGSWRDC Campus (Tharamani site),12.98583333,80.245,2025-10-24 05:00:00,0.5,3.5,
SGSWRDC Campus (Tharamani site),12.98583333,80.245,2025-10-24 12:00:00,0.5,,
SGSWRDC Campus (Tharamani site),12.98583333,80.245,2025-10-24 14:00:00,0.5,,
SGSWRDC Campus (Tharamani site),12.98583333,80.245,2025-10-25 07:00:00,1.5,,
SGSWRDC Campus (Tharamani site),12.98583333,80.245,2025-10-25 08:00:00,1.5,,
SGSWRDC Campus (Tharamani site),12.98583333,80.245,2025-10-25 09:00:00,0.5,3.5,
SGSWRDC Campus (Tharamani site),12.98583333,80.245,2025-10-25 14:00:00,15.0,,
SGSWRDC Campus (Tharamani site),12.98583333,80.245,2025-10-25 15:00:00,0.5,,
SGSWRDC Campus (Tharamani site),12.98583333,80.245,2025-10-25 17:00:00,2.0,,
SGSWRDC Campus (Tharamani site),12.98583333,80.245,2025-10-25 18:00:00,1.0,,
SGSWRDC Campus (Tharamani site),12.98583333,80.245,2025-10-27 05:00:00,0.5,,
SGSWRDC Campus (Tharamani site),12.98583333,80.245,2025-10-27 07:00:00,0.5,,
SGSWRDC Campus (Tharamani site),12.98583333,80.245,2025-10-27 08:00:00,0.5,,
SGSWRDC Campus (Tharamani site),12.98583333,80.245,2025-10-27 09:00:00,2.0,3.0,
SGSWRDC Campus (Tharamani site),12.98583333,80.245,2025-10-27 10:00:00,1.0,3.5,
SGSWRDC Campus (Tharamani site),12.98583333,80.245,2025-10-27 12:00:00,2.0,,
SGSWRDC Campus (Tharamani site),12.98583333,80.245,2025-10-27 13:00:00,2.0,,
SGSWRDC Campus (Tharamani site),12.98583333,80.245,2025-10-27 17:00:00,0.5,,
SGSWRDC Campus (Tharamani site),12.98583333,80.245,2025-10-27 19:00:00,1.5,,
SGSWRDC Campus (Tharamani site),12.98583333,80.245,2025-10-27 20:00:00,2.0,,
SGSWRDC Campus (Tharamani site),12.98583333,80.245,2025-10-27 21:00:00,3.5,7.0,
SGSWRDC Campus (Tharamani site),12.98583333,80.245,2025-10-27 22:00:00,2.5,8.0,
SGSWRDC Campus (Tharamani site),12.98583333,80.245,2025-10-27 23:00:00,4.0,10.0,
SGSWRDC Campus (Tharamani site),12.98583333,80.245,2025-10-28 00:00:00,5.5,12.0,19.0
SGSWRDC Campus (Tharamani site),12.98583333,80.245,2025-10-28 01:00:00,4.5,14.0,22.0
SGSWRDC Campus (Tharamani site),12.98583333,80.245,2025-10-28 02:00:00,3.5,13.5,23.5
SGSWRDC Campus (Tharamani site),12.98583333,80.245,2025-10-28 03:00:00,1.5,9.5,21.5
SGSWRDC Campus (Tharamani site),12.98583333,80.245,2025-10-28 04:00:00,2.5,7.5,21.5
SGSWRDC Campus (Tharamani site),12.98583333,80.245,2025-10-28 05:00:00,1.0,5.0,18.5
SGSWRDC Campus (Tharamani site),12.98583333,80.245,2025-10-28 06:00:00,2.0,5.5,15.0
SGSWRDC Campus (Tharamani site),12.98583333,80.245,2025-10-28 07:00:00,1.5,4.5,12.0
SGSWRDC Campus (Tharamani site),12.98583333,80.245,2025-10-28 08:00:00,2.5,6.0,11.0
SGSWRDC Campus (Tharamani site),12.98583333,80.245,2025-10-28 09:00:00,3.5,7.5,13.0
SGSWRDC Campus (Tharamani site),12.98583333,80.245,2025-10-28 10:00:00,0.5,6.5,11.0
SGSWRDC Campus (Tharamani site),12.98583333,80.245,2025-10-28 11:00:00,1.0,5.0,11.0
SGSWRDC Campus (Tharamani site),12.98583333,80.245,2025-10-28 12:00:00,1.5,3.0,10.5
SGSWRDC Campus (Tharamani site),12.98583333,80.245,2025-10-28 13:00:00,1.0,3.5,10.0
SGSWRDC Campus (Tharamani site),12.98583333,80.245,2025-10-28 15:00:00,0.5,,
SGSWRDC Campus (Tharamani site),12.98583333,80.245,2025-10-28 17:00:00,0.5,,
SGSWRDC Campus (Tharamani site),12.98583333,80.245,2025-11-04 18:00:00,13.5,,
SGSWRDC Campus (Tharamani site),12.98583333,80.245,2025-11-05 13:00:00,0.5,,
SGSWRDC Campus (Tharamani site),12.98583333,80.245,2025-11-05 14:00:00,0.5,,
SGSWRDC Campus (Tharamani site),12.98583333,80.245,2025-11-05 21:00:00,0.5,,
SGSWRDC Campus (Tharamani site),12.98583333,80.245,2025-11-06 03:00:00,0.5,,
SGSWRDC Campus (Tharamani site),12.98583333,80.245,2025-11-07 12:00:00,0.5,,
SGSWRDC Campus (Tharamani site),12.98583333,80.245,2025-11-13 08:00:00,7.0,,
SGSWRDC Campus (Tharamani site),12.98583333,80.245,2025-11-13 10:00:00,18.5,,
SGSWRDC Campus (Tharamani site),12.98583333,80.245,2025-11-13 11:00:00,0.5,,
SGSWRDC Campus (Tharamani site),12.98583333,80.245,2025-11-17 08:00:00,0.5,,
SGSWRDC Campus (Tharamani site),12.98583333,80.245,2025-11-17 12:00:00,1.5,,
SGSWRDC Campus (Tharamani site),12.98583333,80.245,2025-11-17 14:00:00,0.5,,
SGSWRDC Campus (Tharamani site),12.98583333,80.245,2025-11-17 15:00:00,2.0,,
SGSWRDC Campus (Tharamani site),12.98583333,80.245,2025-11-17 16:00:00,1.0,3.5,
SGSWRDC Campus (Tharamani site),12.98583333,80.245,2025-11-17 19:00:00,0.5,,
SGSWRDC Campus (Tharamani site),12.98583333,80.245,2025-11-17 21:00:00,0.5,,
SGSWRDC Campus (Tharamani site),12.98583333,80.245,2025-11-17 22:00:00,0.5,,
SGSWRDC Campus (Tharamani site),12.98583333,80.245,2025-11-18 00:00:00,1.0,,
SGSWRDC Campus (Tharamani site),12.98583333,80.245,2025-11-18 07:00:00,0.5,,
SGSWRDC Campus (Tharamani site),12.98583333,80.245,2025-11-18 14:00:00,1.0,,
SGSWRDC Campus (Tharamani site),12.98583333,80.245,2025-11-18 16:00:00,0.5,,
SGSWRDC Campus (Tharamani site),12.98583333,80.245,2025-11-18 17:00:00,4.0,,
SGSWRDC Campus (Tharamani site),12.98583333,80.245,2025-11-18 19:00:00,0.5,,
SGSWRDC Campus (Tharamani site),12.98583333,80.245,2025-11-18 20:00:00,2.5,,
SGSWRDC Campus (Tharamani site),12.98583333,80.245,2025-11-19 01:00:00,0.5,,
SGSWRDC Campus (Tharamani site),12.98583333,80.245,2025-11-21 03:00:00,0.5,,
SGSWRDC Campus (Tharamani site),12.98583333,80.245,2025-11-21 04:00:00,0.5,,
SGSWRDC Campus (Tharamani site),12.98583333,80.245,2025-11-21 06:00:00,4.5,,
SGSWRDC Campus (Tharamani site),12.98583333,80.245,2025-11-21 16:00:00,1.0,,
SGSWRDC Campus (Tharamani site),12.98583333,80.245,2025-11-21 17:00:00,1.0,,
SGSWRDC Campus (Tharamani site),12.98583333,80.245,2025-11-21 18:00:00,0.5,2.5,
SGSWRDC Campus (Tharamani site),12.98583333,80.245,2025-11-21 20:00:00,0.5,,
SGSWRDC Campus (Tharamani site),12.98583333,80.245,2025-11-21 22:00:00,1.0,,
SGSWRDC Campus (Tharamani site),12.98583333,80.245,2025-11-22 03:00:00,0.5,,
SGSWRDC Campus (Tharamani site),12.98583333,80.245,2025-11-30 00:00:00,3.0,,
SGSWRDC Campus (Tharamani site),12.98583333,80.245,2025-11-30 01:00:00,1.0,,
SGSWRDC Campus (Tharamani site),12.98583333,80.245,2025-11-30 04:00:00,1.5,,
SGSWRDC Campus (Tharamani site),12.98583333,80.245,2025-11-30 06:00:00,0.5,,
SGSWRDC Campus (Tharamani site),12.98583333,80.245,2025-11-30 08:00:00,0.5,,
SGSWRDC Campus (Tharamani site),12.98583333,80.245,2025-11-30 09:00:00,1.5,,
SGSWRDC Campus (Tharamani site),12.98583333,80.245,2025-11-30 10:00:00,0.5,2.5,
SGSWRDC Campus (Tharamani site),12.98583333,80.245,2025-12-01 00:00:00,0.5,,
SGSWRDC Campus (Tharamani site),12.98583333,80.245,2025-12-01 01:00:00,0.5,,
SGSWRDC Campus (Tharamani site),12.98583333,80.245,2025-12-01 02:00:00,1.5,2.5,
SGSWRDC Campus (Tharamani site),12.98583333,80.245,2025-12-01 03:00:00,1.0,3.0,
SGSWRDC Campus (Tharamani site),12.98583333,80.245,2025-12-01 05:00:00,0.5,,
SGSWRDC Campus (Tharamani site),12.98583333,80.245,2025-12-01 06:00:00,0.5,,
SGSWRDC Campus (Tharamani site),12.98583333,80.245,2025-12-01 07:00:00,0.5,1.5,
SGSWRDC Campus (Tharamani site),12.98583333,80.245,2025-12-01 08:00:00,1.0,2.0,
SGSWRDC Campus (Tharamani site),12.98583333,80.245,2025-12-01 09:00:00,9.5,11.0,
SGSWRDC Campus (Tharamani site),12.98583333,80.245,2025-12-01 10:00:00,7.0,17.5,19.0
SGSWRDC Campus (Tharamani site),12.98583333,80.245,2025-12-01 12:00:00,18.0,,
SGSWRDC Campus (Tharamani site),12.98583333,80.245,2025-12-01 13:00:00,4.5,,
SGSWRDC Campus (Tharamani site),12.98583333,80.245,2025-12-01 14:00:00,5.0,27.5,
SGSWRDC Campus (Tharamani site),12.98583333,80.245,2025-12-01 15:00:00,13.5,23.0,
SGSWRDC Campus (Tharamani site),12.98583333,80.245,2025-12-01 16:00:00,8.0,26.5,
SGSWRDC Campus (Tharamani site),12.98583333,80.245,2025-12-01 17:00:00,0.5,22.0,49.5
SGSWRDC Campus (Tharamani site),12.98583333,80.245,2025-12-01 19:00:00,0.5,,
SGSWRDC Campus (Tharamani site),12.98583333,80.245,2025-12-01 20:00:00,21.5,,
SGSWRDC Campus (Tharamani site),12.98583333,80.245,2025-12-01 21:00:00,1.0,23.0,
SGSWRDC Campus (Tharamani site),12.98583333,80.245,2025-12-01 22:00:00,0.5,23.0,
SGSWRDC Campus (Tharamani site),12.98583333,80.245,2025-12-01 23:00:00,1.5,3.0,
SGSWRDC Campus (Tharamani site),12.98583333,80.245,2025-12-02 00:00:00,3.0,5.0,28.0
SGSWRDC Campus (Tharamani site),12.98583333,80.245,2025-12-02 01:00:00,2.0,6.5,29.5
SGSWRDC Campus (Tharamani site),12.98583333,80.245,2025-12-02 02:00:00,11.0,16.0,19.0
SGSWRDC Campus (Tharamani site),12.98583333,80.245,2025-12-02 03:00:00,14.5,27.5,32.5
SGSWRDC Campus (Tharamani site),12.98583333,80.245,2025-12-02 04:00:00,5.0,30.5,37.0
SGSWRDC Campus (Tharamani site),12.98583333,80.245,2025-12-02 05:00:00,0.5,20.0,36.0
SGSWRDC Campus (Tharamani site),12.98583333,80.245,2025-12-02 07:00:00,0.5,,
SGSWRDC Campus (Tharamani site),12.98583333,80.245,2025-12-02 08:00:00,1.0,,
SGSWRDC Campus (Tharamani site),12.98583333,80.245,2025-12-02 09:00:00,0.5,2.0,
SGSWRDC Campus (Tharamani site),12.98583333,80.245,2025-12-02 10:00:00,7.5,9.0,
SGSWRDC Campus (Tharamani site),12.98583333,80.245,2025-12-02 11:00:00,3.5,11.5,
SGSWRDC Campus (Tharamani site),12.98583333,80.245,2025-12-02 12:00:00,4.0,15.0,17.0
SGSWRDC Campus (Tharamani site),12.98583333,80.245,2025-12-02 14:00:00,0.5,,
SGSWRDC Campus (Tharamani site),12.98583333,80.245,2025-12-02 15:00:00,1.0,,
SGSWRDC Campus (Tharamani site),12.98583333,80.245,2025-12-02 19:00:00,2.5,,
SGSWRDC Campus (Tharamani site),12.98583333,80.245,2025-12-02 20:00:00,1.5,,
SGSWRDC Campus (Tharamani site),12.98583333,80.245,2025-12-02 21:00:00,1.5,5.5,
SGSWRDC Campus (Tharamani site),12.98583333,80.245,2025-12-02 23:00:00,0.5,,
SGSWRDC Campus (Tharamani site),12.98583333,80.245,2025-12-03 00:00:00,0.5,,
SGSWRDC Campus (Tharamani site),12.98583333,80.245,2025-12-03 02:00:00,1.5,,
SGSWRDC Campus (Tharamani site),12.98583333,80.245,2025-12-03 03:00:00,1.0,,
SGSWRDC Campus (Tharamani site),12.98583333,80.245,2025-12-03 04:00:00,13.0,15.5,
SGSWRDC Campus (Tharamani site),12.98583333,80.245,2025-12-03 05:00:00,0.5,14.5,
SGSWRDC Campus (Tharamani site),12.98583333,80.245,2025-12-03 06:00:00,0.5,14.0,
SGSWRDC Campus (Tharamani site),12.98583333,80.245,2025-12-03 07:00:00,0.5,1.5,17.0
SGSWRDC Campus (Tharamani site),12.98583333,80.245,2025-12-03 08:00:00,1.5,2.5,17.0
SGSWRDC Campus (Tharamani site),12.98583333,80.245,2025-12-03 09:00:00,1.0,3.0,17.0
SGSWRDC Campus (Tharamani site),12.98583333,80.245,2025-12-03 10:00:00,4.0,6.5,8.0
SGSWRDC Campus (Tharamani site),12.98583333,80.245,2025-12-03 13:00:00,1.0,,
SGSWRDC Campus (Tharamani site),12.98583333,80.245,2025-12-03 16:00:00,0.5,,
SGSWRDC Campus (Tharamani site),12.98583333,80.245,2025-12-03 17:00:00,0.5,,
SGSWRDC Campus (Tharamani site),12.98583333,80.245,2025-12-03 18:00:00,4.0,5.0,
SGSWRDC Campus (Tharamani site),12.98583333,80.245,2025-12-03 19:00:00,1.0,5.5,
SGSWRDC Campus (Tharamani site),12.98583333,80.245,2025-12-03 20:00:00,2.5,7.5,
SGSWRDC Campus (Tharamani site),12.98583333,80.245,2025-12-03 21:00:00,1.5,5.0,10.0
SGSWRDC Campus (Tharamani site),12.98583333,80.245,2025-12-03 22:00:00,0.5,4.5,10.0
SGSWRDC Campus (Tharamani site),12.98583333,80.245,2025-12-04 07:00:00,0.5,,
SGSWRDC Campus (Tharamani site),12.98583333,80.245,2025-12-04 08:00:00,0.5,,
SGSWRDC Campus (Tharamani site),12.98583333,80.245,2025-12-04 12:00:00,4.5,,
SGSWRDC Campus (Tharamani site),12.98583333,80.245,2025-12-04 13:00:00,6.5,,
SGSWRDC Campus (Tharamani site),12.98583333,80.245,2025-12-04 14:00:00,0.5,11.5,
SGSWRDC Campus (Tharamani site),12.98583333,80.245,2025-12-04 23:00:00,0.5,,
SGSWRDC Campus (Tharamani site),12.98583333,80.245,2025-12-05 01:00:00,1.0,,
SGSWRDC Campus (Tharamani site),12.98583333,80.245,2025-12-05 02:00:00,0.5,,
SGSWRDC Campus (Tharamani site),12.98583333,80.245,2025-12-05 05:00:00,0.5,,
SGSWRDC Campus (Tharamani site),12.98583333,80.245,2025-12-16 11:00:00,3.5,,
SGSWRDC Campus (Tharamani site),12.98583333,80.245,2025-12-16 12:00:00,0.5,,
SGSWRDC Campus (Tharamani site),12.98583333,80.245,2025-12-16 13:00:00,1.0,5.0,
SGSWRDC Campus (Tharamani site),12.98583333,80.245,2025-12-16 14:00:00,7.0,8.5,
SGSWRDC Campus (Tharamani site),12.98583333,80.245,2025-12-16 18:00:00,0.5,,
