grid_id,center_lat,center_lon,elevation_m,slope_degree,landcover_class,imperviousness_percent,historical_risk,risk_score,elevation_factor,slope_factor,impervious_factor,historical_factor,susceptibility_score,susceptibility_class
1,12.8232052,80.1280553,37.224857330322266,1.319108412379724,30,7.875,No historical polygon,-1,0.03423921100797955,0.913124787498443,0.07875,-0.25,7.771602087676133,LOW
2,12.8232052,80.1380553,27.75069999694824,0.2704066079914557,40,2.020833333333333,No historical polygon,-1,0.280036517364899,0.9821912806327244,0.02020833333333333,-0.25,13.488990476946675,LOW
3,12.8232052,80.14805530000001,28.974123001098636,0.2229319903822954,10,0.0902777777777777,No historical polygon,-1,0.2482960608394461,0.9853179133298697,0.0009027777777777771,-0.25,12.259739665378644,LOW
4,12.8232052,80.1580553,20.83243560791016,0.5716658561929365,10,1.2916666666666667,No historical polygon,-1,0.4595237996269683,0.9623506360276706,0.012916666666666667,-0.25,17.496271197755934,LOW
5,12.8232052,80.1680553,23.41554069519043,0.4619131090357666,10,11.8125,No historical polygon,-1,0.39250778436049694,0.9695788464934864,0.118125,-0.25,18.559502306414718,LOW
6,12.8232052,80.17805530000001,18.030696868896484,0.990708104445326,10,2.1597222222222223,No historical polygon,-1,0.5322120410117186,0.9347529162175288,0.021597222222222223,-0.25,19.116525324111453,LOW
7,12.8232052,80.1880553,13.918904304504396,1.1024126175471516,10,0.8541666666666666,No historical polygon,-1,0.6388882868310453,0.9273961643220594,0.008541666666666666,-0.25,21.346691302273687,LOW
8,12.8232052,80.19805530000001,9.686049461364746,3.437614036390186,10,12.819444444444445,No historical polygon,-1,0.7487053694520536,0.773602042783604,0.12819444444444444,-0.25,24.77652598916651,LOW
9,12.8232052,80.2080553,5.544576168060303,0.7110865758524055,10,22.944444444444446,No historical polygon,-1,0.8561516513770366,0.9531685214009542,0.22944444444444445,-0.25,32.68743021655134,MODERATE
10,12.8232052,80.2180553,5.510826587677002,1.8991632327550447,50,56.75694444444444,No historical polygon,-1,0.8570272496658332,0.8749229344060586,0.5675694444444445,-0.25,39.988761368847825,MODERATE
11,12.8232052,80.22805530000001,4.991334438323975,4.675725785486487,10,35.875,No historical polygon,-1,0.8705049412949066,0.6920611926958005,0.35875,-0.25,32.362291422809676,MODERATE
12,12.8232052,80.2380553,0.0,1.6604346136726678,10,31.71527777777778,No historical polygon,-1,1.0,0.8906453718633179,0.3171527777777778,-0.25,37.53850002239422,MODERATE
13,12.8232052,80.2480553,0.0,0.6950979833823141,80,12.63888888888889,Low,1,1.0,0.9542215147375172,0.12638888888888888,0.25,51.223044943284975,HIGH
14,12.8232052,80.25805530000001,0.0,0.0,80,0.0,No historical polygon,-1,1.0,1.0,0.0,-0.25,31.25,MODERATE
15,12.8232052,80.2680553,0.0,0.0,80,0.0,No historical polygon,-1,1.0,1.0,0.0,-0.25,31.25,MODERATE
16,12.8232052,80.2780553,0.0,0.0,80,0.0,No historical polygon,-1,1.0,1.0,0.0,-0.25,31.25,MODERATE
17,12.8232052,80.28805530000001,0.0,0.0,80,0.0,No historical polygon,-1,1.0,1.0,0.0,-0.25,31.25,MODERATE
18,12.8232052,80.2980553,0.0,0.0,80,0.0,No historical polygon,-1,1.0,1.0,0.0,-0.25,31.25,MODERATE
19,12.8232052,80.3080553,0.0,0.0,80,0.0,No historical polygon,-1,1.0,1.0,0.0,-0.25,31.25,MODERATE
20,12.8232052,80.3180553,0.0,0.0,80,0.0,No historical polygon,-1,1.0,1.0,0.0,-0.25,31.25,MODERATE
21,12.8232052,80.3280553,0.0,0.0,80,0.0,No historical polygon,-1,1.0,1.0,0.0,-0.25,31.25,MODERATE
22,12.8332052,80.1280553,30.107196807861328,1.1681250935417242,40,11.46527777777778,No historical polygon,-1,0.21889962168334598,0.9230684037964988,0.1146527777777778,-0.25,13.434836043475576,LOW
23,12.8332052,80.1380553,34.29759216308594,0.639384292859874,40,28.0625,No historical polygon,-1,0.11018410697931202,0.9578907648597654,0.280625,-0.25,15.388589147379284,LOW
24,12.8332052,80.14805530000001,22.457841873168945,0.743545621620102,30,0.8402777777777778,No historical polygon,-1,0.41735429919774236,0.9510307998367507,0.008402777777777778,-0.25,16.159388921939264,LOW
25,12.8332052,80.1580553,21.389484405517575,2.7754326941379324,10,19.51388888888889,No historical polygon,-1,0.44507173923327603,0.8172126696910237,0.1951388888888889,-0.25,19.51345574841948,LOW
26,12.8332052,80.1680553,17.718313217163086,1.4899703568410896,40,22.58333333333333,No historical polygon,-1,0.5403165148392248,0.9018719840183015,0.22583333333333327,-0.25,23.93182596458848,LOW
27,12.8332052,80.17805530000001,12.27980899810791,1.7274802469757229,10,7.465277777777778,No historical polygon,-1,0.6814129354090572,0.886229810878458,0.07465277777777778,-0.25,23.44508999284774,LOW
28,12.8332052,80.1880553,17.376882553100586,1.6909275189483592,10,0.951388888888889,No historical polygon,-1,0.5491745836448365,0.8886371384226437,0.00951388888888889,-0.25,18.546768889682788,LOW
29,12.8332052,80.19805530000001,6.5,0.0,10,11.5,No historical polygon,-1,0.8313641588268839,1.0,0.115,-0.25,29.909103970672103,MODERATE
30,12.8332052,80.2080553,5.986976146697998,1.634845655194041,30,5.451388888888889,No historical polygon,-1,0.8446740371412618,0.8923306360801639,0.05451388888888889,-0.25,27.114657691956236,MODERATE
31,12.8332052,80.2180553,4.379895687103272,0.5520393042346472,50,36.04861111111112,No historical polygon,-1,0.8863680933161286,0.963643221880393,0.36048611111111123,-0.25,36.8760034388869,MODERATE
32,12.8332052,80.22805530000001,8.203958511352539,1.125246457615365,50,40.75,No historical polygon,-1,0.7871567008444184,0.9258923495563163,0.4075,-0.25,35.0048027644552,MODERATE
33,12.8332052,80.2380553,0.0,3.327693541493689,50,29.916666666666668,No historical polygon,-1,1.0,0.7808413009543422,0.2991666666666667,-0.25,35.441786180981794,MODERATE
34,12.8332052,80.2480553,0.0,3.3922283453745155,80,11.534722222222223,No historical polygon,-1,1.0,0.776591100782562,0.11534722222222223,-0.25,30.782547067293986,MODERATE
35,12.8332052,80.25805530000001,0.0,0.0,80,0.0,No historical polygon,-1,1.0,1.0,0.0,-0.25,31.25,MODERATE
36,12.8332052,80.2680553,0.0,0.0,80,0.0,No historical polygon,-1,1.0,1.0,0.0,-0.25,31.25,MODERATE
37,12.8332052,80.2780553,0.0,0.0,80,0.0,No historical polygon,-1,1.0,1.0,0.0,-0.25,31.25,MODERATE
38,12.8332052,80.28805530000001,0.0,0.0,80,0.0,No historical polygon,-1,1.0,1.0,0.0,-0.25,31.25,MODERATE
39,12.8332052,80.2980553,0.0,0.0,80,0.0,No historical polygon,-1,1.0,1.0,0.0,-0.25,31.25,MODERATE
40,12.8332052,80.3080553,0.0,0.0,80,0.0,No historical polygon,-1,1.0,1.0,0.0,-0.25,31.25,MODERATE
41,12.8332052,80.3180553,0.0,0.0,80,0.0,No historical polygon,-1,1.0,1.0,0.0,-0.25,31.25,MODERATE
42,12.8332052,80.3280553,0.0,0.0,80,0.0,No historical polygon,-1,1.0,1.0,0.0,-0.25,31.25,MODERATE
43,12.8432052,80.1280553,27.562450408935547,1.248291162859199,10,7.645833333333334,No historical polygon,-1,0.28492046007643934,0.9177887435032208,0.07645833333333334,-0.25,14.051300987792628,LOW
44,12.8432052,80.1380553,35.354827880859375,2.0719999650545247,50,30.569444444444443,No historical polygon,-1,0.08275520935085245,0.8635400732964824,0.30569444444444444,-0.25,13.91434244432966,LOW
45,12.8432052,80.14805530000001,24.65592384338379,2.540504434951455,10,26.59722222222222,Very Low,0,0.36032731427241305,0.8326848190973235,0.2659722222222222,0.0,28.147760698825735,MODERATE
46,12.8432052,80.1580553,18.01505851745605,1.5591790597396535,40,27.381944444444446,Very Low,0,0.5326177620193675,0.8973139653483856,0.27381944444444445,0.0,33.62063964182108,MODERATE
47,12.8432052,80.1680553,11.1097412109375,0.2490524792156419,40,8.3125,Very Low,0,0.711769145488911,0.983597643034612,0.083125,0.0,34.626318282741956,MODERATE
48,12.8432052,80.17805530000001,8.827850341796875,0.3782509505591597,40,12.208333333333334,No historical polygon,-1,0.7709704664401082,0.9750887558593755,0.12208333333333334,-0.25,28.202676332226673,MODERATE
49,12.8432052,80.1880553,11.0,0.0,30,10.444444444444445,No historical polygon,-1,0.7146162687839573,1.0,0.10444444444444445,-0.25,26.72651783071004,MODERATE
50,12.8432052,80.19805530000001,12.81439971923828,0.626037558277619,10,18.0,No historical polygon,-1,0.6675435268027246,0.9587697679744097,0.18,-0.25,26.82013468968426,MODERATE
51,12.8432052,80.2080553,9.881278038024902,2.082836184754856,50,28.84027777777778,No historical polygon,-1,0.7436403640295741,0.8628264102795954,0.2884027777777778,-0.25,29.99347469937773,MODERATE
52,12.8432052,80.2180553,4.198807239532471,1.1984309316634232,50,30.45138888888889,No historical polygon,-1,0.8910662475750265,0.9210724904188328,0.3045138888888889,-0.25,34.95559076788039,MODERATE
53,12.8432052,80.22805530000001,8.003767013549805,2.5306046406993605,50,56.076388888888886,No historical polygon,-1,0.7923504641717523,0.8333368100340055,0.5607638888888888,-0.25,37.57791097702611,MODERATE
54,12.8432052,80.2380553,2.10770583152771,0.6143120020897457,10,18.46527777777778,No historical polygon,-1,0.9453177314084373,0.9595420018377984,0.18465277777777778,-0.25,33.89239275722235,MODERATE
55,12.8432052,80.2480553,6.986039161682129,8.832195924199794,80,6.604166666666666,No historical polygon,-1,0.8187543706925235,0.4183200633327736,0.06604166666666667,-0.25,19.644701883971365,LOW
56,12.8432052,80.25805530000001,0.0,0.0,80,0.0,No historical polygon,-1,1.0,1.0,0.0,-0.25,31.25,MODERATE
57,12.8432052,80.2680553,0.0,0.0,80,0.0,No historical polygon,-1,1.0,1.0,0.0,-0.25,31.25,MODERATE
58,12.8432052,80.2780553,0.0,0.0,80,0.0,No historical polygon,-1,1.0,1.0,0.0,-0.25,31.25,MODERATE
59,12.8432052,80.28805530000001,0.0,0.0,80,0.0,No historical polygon,-1,1.0,1.0,0.0,-0.25,31.25,MODERATE
60,12.8432052,80.2980553,0.0,0.0,80,0.0,No historical polygon,-1,1.0,1.0,0.0,-0.25,31.25,MODERATE
61,12.8432052,80.3080553,0.0,0.0,80,0.0,No historical polygon,-1,1.0,1.0,0.0,-0.25,31.25,MODERATE
62,12.8432052,80.3180553,0.0,0.0,80,0.0,No historical polygon,-1,1.0,1.0,0.0,-0.25,31.25,MODERATE
63,12.8432052,80.3280553,0.0,0.0,80,0.0,No historical polygon,-1,1.0,1.0,0.0,-0.25,31.25,MODERATE
64,12.8532052,80.1280553,32.62839126586914,4.092760679150282,10,4.756944444444445,No historical polygon,-1,0.1534898142699389,0.7304547144250605,0.04756944444444445,-0.25,7.233302184235491,LOW
65,12.8532052,80.1380553,22.50185203552246,1.6809478891493506,10,29.604166666666664,No historical polygon,-1,0.4162125006210269,0.889294387251731,0.29604166666666665,-0.25,22.395769990968304,LOW
66,12.8532052,80.14805530000001,23.75286674499512,1.5804064445533106,40,18.97222222222222,Very Low,0,0.38375620556689405,0.8959159501820568,0.1897222222222222,0.0,27.775699947458758,MODERATE
67,12.8532052,80.1580553,13.412038803100586,3.805708413279231,30,3.583333333333333,No historical polygon,-1,0.6520383930142553,0.7493597008253916,0.03583333333333333,-0.25,19.68718867107059,LOW
68,12.8532052,80.1680553,11.36648654937744,0.2685951965583848,40,19.97222222222222,No historical polygon,-1,0.7051081507019732,0.9823105784491123,0.19972222222222222,-0.25,28.605417999841563,MODERATE
69,12.8532052,80.17805530000001,10.3163480758667,1.2724049632134815,40,8.98611111111111,No historical polygon,-1,0.7323529175987018,0.9162006317829573,0.08986111111111111,-0.25,25.548360194489682,MODERATE
70,12.8532052,80.1880553,11.198719024658203,3.048199515737211,40,23.125,No historical polygon,-1,0.7094607072639054,0.7992485089234778,0.23125,-0.25,26.7564953154498,MODERATE
71,12.8532052,80.19805530000001,14.74964714050293,4.173910003626158,50,28.923611111111114,No historical polygon,-1,0.6173355149930218,0.7251102978918649,0.28923611111111114,-0.25,24.79094512098129,LOW
72,12.8532052,80.2080553,5.447452545166016,1.5099863986316882,80,18.23611111111111,No historical polygon,-1,0.8586714242761995,0.9005537467394858,0.1823611111111111,-0.25,30.78411958577505,MODERATE
73,12.8532052,80.2180553,3.460055112838745,0.3394937289450397,40,23.20138888888889,High,3,0.9102324146986303,0.9776412692328762,0.23201388888888888,0.75,69.47077662818111,HIGH
74,12.8532052,80.22805530000001,11.542530059814451,4.208568277666834,10,28.89583333333333,Moderate,2,0.7005408821688018,0.7228277372668522,0.28895833333333326,0.5,53.07989644655615,HIGH
75,12.8532052,80.2380553,2.243150234222412,0.2037325585880867,50,30.07638888888889,No historical polygon,-1,0.941803765134497,0.9865823694590078,0.3007638888888889,-0.25,37.112926892469766,MODERATE
76,12.8532052,80.2480553,6.895506381988525,1.119323047505183,80,29.28472222222222,No historical polygon,-1,0.8211031509167346,0.9262824596543389,0.2928472222222222,-0.25,32.992996223289005,MODERATE
77,12.8532052,80.25805530000001,0.0,0.0,80,0.0,No historical polygon,-1,1.0,1.0,0.0,-0.25,31.25,MODERATE
78,12.8532052,80.2680553,0.0,0.0,80,0.0,No historical polygon,-1,1.0,1.0,0.0,-0.25,31.25,MODERATE
79,12.8532052,80.2780553,0.0,0.0,80,0.0,No historical polygon,-1,1.0,1.0,0.0,-0.25,31.25,MODERATE
80,12.8532052,80.28805530000001,0.0,0.0,80,0.0,No historical polygon,-1,1.0,1.0,0.0,-0.25,31.25,MODERATE
81,12.8532052,80.2980553,0.0,0.0,80,0.0,No historical polygon,-1,1.0,1.0,0.0,-0.25,31.25,MODERATE
82,12.8532052,80.3080553,0.0,0.0,80,0.0,No historical polygon,-1,1.0,1.0,0.0,-0.25,31.25,MODERATE
83,12.8532052,80.3180553,0.0,0.0,80,0.0,No historical polygon,-1,1.0,1.0,0.0,-0.25,31.25,MODERATE
84,12.8532052,80.3280553,0.0,0.0,80,0.0,No historical polygon,-1,1.0,1.0,0.0,-0.25,31.25,MODERATE
85,12.8632052,80.1280553,27.578615188598636,1.5880770982274035,10,16.458333333333332,No historical polygon,-1,0.284501081427845,0.89541076830185,0.16458333333333333,-0.25,15.908271893557208,LOW
86,12.8632052,80.1380553,18.685253143310547,0.6465689377082522,40,22.23611111111111,No historical polygon,-1,0.5152302490223406,0.9574175910538119,0.22236111111111112,-0.25,24.051047869143474,LOW
87,12.8632052,80.14805530000001,20.798254013061523,1.088103097695861,50,32.6875,No historical polygon,-1,0.46041060608849727,0.9283385755493773,0.326875,-0.25,24.857218785453092,LOW
88,12.8632052,80.1580553,12.664728164672852,0.805734412945121,40,7.798611111111112,No historical polygon,-1,0.6714266019571598,0.9469351057976009,0.07798611111111112,-0.25,24.189344413670785,LOW
89,12.8632052,80.1680553,9.489616394042969,0.1552277808638866,40,12.777777777777777,No historical polygon,-1,0.7538016241508263,0.9897768475114437,0.12777777777777777,-0.25,28.136137760886758,MODERATE
90,12.8632052,80.17805530000001,7.235771656036377,3.017788144179191,30,10.520833333333334,No historical polygon,-1,0.8122753169611868,0.8012513726318522,0.10520833333333333,-0.25,26.205861846840783,MODERATE
91,12.8632052,80.1880553,6.866796016693115,0.2362521289498965,40,13.430555555555555,No historical polygon,-1,0.8218480119324236,0.9844406618031943,0.13430555555555557,-0.25,29.920449114247393,MODERATE
92,12.8632052,80.19805530000001,4.138628005981445,0.2663682851355862,40,13.680555555555555,No historical polygon,-1,0.8926275361398004,0.9824572406955676,0.13680555555555554,-0.25,31.722685902817418,MODERATE
93,12.8632052,80.2080553,3.673862457275391,1.0230840310118443,30,18.52777777777778,No historical polygon,-1,0.9046854021789281,0.9326206688040451,0.1852777777777778,-0.25,32.488389530978324,MODERATE
94,12.8632052,80.2180553,3.3705923557281494,0.1829170176087562,40,19.25,Very High,4,0.9125534342830937,0.9879532609861507,0.1925,1.0,77.44563477186959,CRITICAL
95,12.8632052,80.22805530000001,7.5374579429626465,2.7572862961496525,50,34.03472222222222,Very High,4,0.8044483753048475,0.8184077740255686,0.3403472222222222,1.0,75.89600654856027,CRITICAL
96,12.8632052,80.2380553,1.740659475326538,0.5474416689955406,30,15.368055555555554,High,3,0.9548403731049776,0.9639460177193502,0.15368055555555554,0.75,68.42221348230358,HIGH
97,12.8632052,80.2480553,3.683874130249024,0.3198430412457673,50,33.65972222222222,No historical polygon,-1,0.9044256595799345,0.9789354446423076,0.3365972222222222,-0.25,36.95960371468853,MODERATE
98,12.8632052,80.25805530000001,0.0,0.0,80,0.0,No historical polygon,-1,1.0,1.0,0.0,-0.25,31.25,MODERATE
99,12.8632052,80.2680553,0.0,0.0,80,0.0,No historical polygon,-1,1.0,1.0,0.0,-0.25,31.25,MODERATE
100,12.8632052,80.2780553,0.0,0.0,80,0.0,No historical polygon,-1,1.0,1.0,0.0,-0.25,31.25,MODERATE
101,12.8632052,80.28805530000001,0.0,0.0,80,0.0,No historical polygon,-1,1.0,1.0,0.0,-0.25,31.25,MODERATE
102,12.8632052,80.2980553,0.0,0.0,80,0.0,No historical polygon,-1,1.0,1.0,0.0,-0.25,31.25,MODERATE
103,12.8632052,80.3080553,0.0,0.0,80,0.0,No historical polygon,-1,1.0,1.0,0.0,-0.25,31.25,MODERATE
104,12.8632052,80.3180553,0.0,0.0,80,0.0,No historical polygon,-1,1.0,1.0,0.0,-0.25,31.25,MODERATE
105,12.8632052,80.3280553,0.0,0.0,80,0.0,No historical polygon,-1,1.0,1.0,0.0,-0.25,31.25,MODERATE
106,12.8732052,80.1280553,19.440732955932617,0.605429510863206,40,13.708333333333334,Very Low,0,0.49563009922375123,0.9601269941747487,0.13708333333333333,0.0,30.21974072654835,MODERATE
107,12.8732052,80.1380553,17.368770599365234,0.3191972121326149,40,13.79861111111111,No historical polygon,-1,0.5493850399743316,0.9789779783271195,0.13798611111111111,-0.25,23.11894845204286,LOW
108,12.8732052,80.14805530000001,19.60748863220215,4.330228156551445,40,8.583333333333334,No historical polygon,-1,0.4913037940332736,0.7148153345470887,0.08583333333333334,-0.25,16.400658202371506,LOW
109,12.8732052,80.1580553,10.425168991088867,0.3830617121097893,40,1.4097222222222223,Very Low,0,0.7295296704332066,0.9747719237263355,0.014097222222222223,0.0,33.21225117228075,MODERATE
110,12.8732052,80.1680553,9.46114444732666,1.8023415655800048,10,7.145833333333333,No historical polygon,-1,0.7545402996407249,0.8812995163697899,0.07145833333333333,-0.25,25.119458569898313,MODERATE
111,12.8732052,80.17805530000001,17.005033493041992,3.0653546144565182,10,0.2291666666666666,No historical polygon,-1,0.5588218265729001,0.7981186906062431,0.002291666666666666,-0.25,17.249617690082815,LOW
112,12.8732052,80.1880553,5.140722274780273,0.3187504970420671,40,8.340277777777779,No historical polygon,-1,0.8666292269161621,0.9790073985537323,0.08340277777777778,-0.25,29.685911095654482,MODERATE
113,12.8732052,80.19805530000001,3.810749053955078,0.4818249114470465,40,11.965277777777777,No historical polygon,-1,0.9011340196594814,0.9682674743200285,0.11965277777777777,-0.25,31.29368205073191,MODERATE
114,12.8732052,80.2080553,2.767998218536377,0.6289916615688499,50,39.875,No historical polygon,-1,0.9281871218540664,0.9585752135702617,0.39875,-0.25,38.80205624990558,MODERATE
115,12.8732052,80.2180553,4.758565902709961,2.213534454528321,50,48.24305555555555,Very High,4,0.8765438824951995,0.8542187478209263,0.4824305555555555,1.0,81.78764216858276,CRITICAL
116,12.8732052,80.22805530000001,9.92257595062256,4.60373710524018,50,40.88888888888889,Very High,4,0.7425689319942511,0.6968022980025448,0.4088888888888889,1.0,74.23847999211667,HIGH
117,12.8732052,80.2380553,1.2809858322143557,1.3721093410121663,30,15.57638888888889,Moderate,2,0.9667661348697981,0.9096341972675637,0.1557638888888889,0.5,59.20776355298063,HIGH
118,12.8732052,80.2480553,9.221195220947266,3.475077565319507,50,49.56944444444444,No historical polygon,-1,0.7607655365067754,0.7711347307672085,0.49569444444444444,-0.25,34.22852048528863,MODERATE
119,12.8732052,80.25805530000001,0.0,0.0,80,0.0,No historical polygon,-1,1.0,1.0,0.0,-0.25,31.25,MODERATE
120,12.8732052,80.2680553,0.0,0.0,80,0.0,No historical polygon,-1,1.0,1.0,0.0,-0.25,31.25,MODERATE
121,12.8732052,80.2780553,0.0,0.0,80,0.0,No historical polygon,-1,1.0,1.0,0.0,-0.25,31.25,MODERATE
122,12.8732052,80.28805530000001,0.0,0.0,80,0.0,No historical polygon,-1,1.0,1.0,0.0,-0.25,31.25,MODERATE
123,12.8732052,80.2980553,0.0,0.0,80,0.0,No historical polygon,-1,1.0,1.0,0.0,-0.25,31.25,MODERATE
124,12.8732052,80.3080553,0.0,0.0,80,0.0,No historical polygon,-1,1.0,1.0,0.0,-0.25,31.25,MODERATE
125,12.8732052,80.3180553,0.0,0.0,80,0.0,No historical polygon,-1,1.0,1.0,0.0,-0.25,31.25,MODERATE
126,12.8732052,80.3280553,0.0,0.0,80,0.0,No historical polygon,-1,1.0,1.0,0.0,-0.25,31.25,MODERATE
127,12.8832052,80.1280553,20.941606521606445,3.8964617782658375,30,7.659722222222222,No historical polygon,-1,0.4566914721096128,0.7433827714127291,0.07659722222222222,-0.25,15.732958929486813,LOW
128,12.8832052,80.1380553,15.630044937133787,0.3740250059957135,40,36.99305555555556,No historical polygon,-1,0.5944944960696675,0.975367072507593,0.3699305555555556,-0.25,29.99113237824448,MODERATE
129,12.8832052,80.14805530000001,18.19095802307129,2.588129188159504,40,28.256944444444443,No historical polygon,-1,0.5280542295437736,0.8295482986139014,0.28256944444444443,-0.25,23.958816328913972,LOW
130,12.8832052,80.1580553,13.097792625427246,0.3199361555422415,40,22.006944444444446,No historical polygon,-1,0.6601911881692368,0.9789293122242159,0.22006944444444446,-0.25,27.940455498705262,MODERATE
131,12.8832052,80.1680553,13.210179328918455,4.687553670911713,40,18.93055555555556,Very Low,0,0.6572754302800193,0.6912822195271684,0.18930555555555562,0.0,31.533757938796896,MODERATE
132,12.8832052,80.17805530000001,7.322124004364014,0.0895172475431446,10,3.729166666666667,Very Low,0,0.810034993746186,0.9941044800943726,0.03729166666666667,0.0,36.09473371173691,MODERATE
133,12.8832052,80.1880553,9.434646606445312,1.997605323500533,50,53.79166666666667,No historical polygon,-1,0.7552277589770784,0.8684396329030507,0.5379166666666667,-0.25,36.605205134639384,MODERATE
134,12.8832052,80.19805530000001,10.628910064697266,0.9844437305046284,10,31.34722222222222,No historical polygon,-1,0.7242438169979041,0.9351654818657953,0.3134722222222222,-0.25,31.220383208490087,MODERATE
135,12.8832052,80.2080553,2.584936141967773,1.194080814972032,50,47.083333333333336,No historical polygon,-1,0.9329364798954577,0.9213589849240793,0.4708333333333334,-0.25,40.164630104580965,MODERATE
136,12.8832052,80.2180553,2.1741533279418945,0.7654190569337305,30,8.784722222222221,Very High,4,0.943593819185106,0.9495902364052868,0.08784722222222222,1.0,75.0298795812625,CRITICAL
137,12.8832052,80.22805530000001,9.661457061767578,1.399491267986485,50,56.84027777777778,Low,1,0.7493433940662895,0.9078308498684635,0.5684027777777778,0.25,55.311117044128636,HIGH
138,12.8832052,80.2380553,3.077338695526123,0.4502895699167774,30,15.444444444444445,Moderate,2,0.9201616000777496,0.970344361610747,0.15444444444444444,0.5,58.92031653721605,HIGH
139,12.8832052,80.2480553,6.130579948425293,4.082729386281033,50,59.75,Low,1,0.8409483836181941,0.7311153657343105,0.5975,0.25,55.67794007646951,HIGH
140,12.8832052,80.25805530000001,0.0,0.0,80,0.0,No historical polygon,-1,1.0,1.0,0.0,-0.25,31.25,MODERATE
141,12.8832052,80.2680553,0.0,0.0,80,0.0,No historical polygon,-1,1.0,1.0,0.0,-0.25,31.25,MODERATE
142,12.8832052,80.2780553,0.0,0.0,80,0.0,No historical polygon,-1,1.0,1.0,0.0,-0.25,31.25,MODERATE
143,12.8832052,80.28805530000001,0.0,0.0,80,0.0,No historical polygon,-1,1.0,1.0,0.0,-0.25,31.25,MODERATE
144,12.8832052,80.2980553,0.0,0.0,80,0.0,No historical polygon,-1,1.0,1.0,0.0,-0.25,31.25,MODERATE
145,12.8832052,80.3080553,0.0,0.0,80,0.0,No historical polygon,-1,1.0,1.0,0.0,-0.25,31.25,MODERATE
146,12.8832052,80.3180553,0.0,0.0,80,0.0,No historical polygon,-1,1.0,1.0,0.0,-0.25,31.25,MODERATE
147,12.8832052,80.3280553,0.0,0.0,80,0.0,No historical polygon,-1,1.0,1.0,0.0,-0.25,31.25,MODERATE
148,12.8932052,80.1280553,20.65669059753418,0.275469782196984,10,14.63888888888889,No historical polygon,-1,0.46408332388185003,0.9818578248447773,0.1463888888888889,-0.25,21.239672691940132,LOW
149,12.8932052,80.1380553,23.19562721252441,5.1198867399748105,50,58.58333333333333,No historical polygon,-1,0.39821321438121904,0.6628091790296486,0.5858333333333333,-0.25,25.79330137830854,MODERATE
150,12.8932052,80.14805530000001,14.114521980285645,1.083748891340994,90,21.041666666666668,No historical polygon,-1,0.6338131866304759,0.9286253393959305,0.21041666666666667,-0.25,26.285126423367522,MODERATE
151,12.8932052,80.1580553,12.649292945861816,0.5014139004154065,40,8.79861111111111,No historical polygon,-1,0.6718270528968352,0.9669773623297283,0.08798611111111111,-0.25,24.749989535144582,LOW
152,12.8932052,80.1680553,11.304553985595703,0.7218280159026461,40,26.28472222222222,Very Low,0,0.7067149276234101,0.9524611004807481,0.26284722222222223,0.0,38.52597025335203,MODERATE
153,12.8932052,80.17805530000001,14.89234733581543,3.5138214605985123,50,51.590277777777786,No historical polygon,-1,0.6136333046127,0.768583095053333,0.5159027777777778,-0.25,31.01714848556194,MODERATE
154,12.8932052,80.1880553,7.125299453735352,1.18674043859502,50,47.04861111111111,No historical polygon,-1,0.8151414050783068,0.9218424150588654,0.47048611111111105,-0.25,37.21832413061843,MODERATE
155,12.8932052,80.19805530000001,3.8327016830444336,1.2145707941160109,50,32.59722222222222,No historical polygon,-1,0.9005644811867975,0.9200095345865787,0.3259722222222222,-0.25,35.713560604024174,MODERATE
156,12.8932052,80.2080553,2.3136143684387207,0.3146955541669938,30,19.819444444444446,Very High,4,0.9399756453581736,0.97927445319507,0.19819444444444445,1.0,78.1433690429915,CRITICAL
157,12.8932052,80.2180553,4.422934532165527,0.5659561557201639,30,23.3125,Very High,4,0.8852514945714837,0.962726671414328,0.233125,1.0,77.400312435502,CRITICAL
158,12.8932052,80.22805530000001,12.016263008117676,3.640205618867817,50,58.16666666666666,Low,1,0.6882503661336427,0.7602595558328769,0.5816666666666666,0.25,51.90181915750088,HIGH
159,12.8932052,80.2380553,3.053508758544922,0.6384538958772114,30,18.194444444444443,No historical polygon,-1,0.9207798433805077,0.9579520399110205,0.18194444444444444,-0.25,33.187387794289116,MODERATE
160,12.8932052,80.2480553,9.993993759155272,2.175115881395522,50,53.5,No historical polygon,-1,0.7407160701147659,0.8567489581308563,0.535,-0.25,35.99413612483199,MODERATE
161,12.8932052,80.25805530000001,0.0,0.0,80,2.013888888888889,No historical polygon,-1,1.0,1.0,0.020138888888888887,-0.25,31.75347222222222,MODERATE
162,12.8932052,80.2680553,0.0,0.0,80,0.0,No historical polygon,-1,1.0,1.0,0.0,-0.25,31.25,MODERATE
163,12.8932052,80.2780553,0.0,0.0,80,0.0,No historical polygon,-1,1.0,1.0,0.0,-0.25,31.25,MODERATE
164,12.8932052,80.28805530000001,0.0,0.0,80,0.0,No historical polygon,-1,1.0,1.0,0.0,-0.25,31.25,MODERATE
165,12.8932052,80.2980553,0.0,0.0,80,0.0,No historical polygon,-1,1.0,1.0,0.0,-0.25,31.25,MODERATE
166,12.8932052,80.3080553,0.0,0.0,80,0.0,No historical polygon,-1,1.0,1.0,0.0,-0.25,31.25,MODERATE
167,12.8932052,80.3180553,0.0,0.0,80,0.0,No historical polygon,-1,1.0,1.0,0.0,-0.25,31.25,MODERATE
168,12.8932052,80.3280553,0.0,0.0,80,0.0,No historical polygon,-1,1.0,1.0,0.0,-0.25,31.25,MODERATE
169,12.9032052,80.1280553,26.05867576599121,0.8453563815249517,10,29.270833333333336,No historical polygon,-1,0.3239343526683963,0.944325641019878,0.29270833333333335,-0.25,20.830951765341414,LOW
170,12.9032052,80.1380553,19.157995223999023,0.9333934989231206,10,24.11805555555556,No historical polygon,-1,0.5029654400323667,0.9385276010633344,0.24118055555555562,-0.25,23.93156390564807,LOW
171,12.9032052,80.14805530000001,22.01093101501465,2.143965223255548,50,75.4375,No historical polygon,-1,0.42894894358147295,0.8588005105431341,0.754375,-0.25,33.715106247683835,MODERATE
172,12.9032052,80.1580553,21.07245635986328,2.857297666090881,50,70.81944444444444,No historical polygon,-1,0.4532967071031808,0.8118211213026574,0.7081944444444445,-0.25,32.464595608230496,MODERATE
173,12.9032052,80.1680553,16.7932071685791,1.6624732776815758,50,48.38194444444445,Very Low,0,0.5643174435588092,0.8905111074106535,0.4838194444444445,0.0,39.56108881124115,MODERATE
174,12.9032052,80.17805530000001,8.464759826660156,0.1556023572603269,40,24.64583333333333,Low,1,0.780390477892733,0.9897521782699065,0.24645833333333328,0.25,49.26750295470025,MODERATE
175,12.9032052,80.1880553,7.982033252716064,0.4670298807059413,50,43.90972222222223,Low,1,0.7929143243317605,0.9692418608280198,0.4390972222222223,0.25,54.08891657626987,HIGH
176,12.9032052,80.19805530000001,4.79389238357544,4.067850089446448,50,68.375,Very High,4,0.8756273731388248,0.7320953019262466,0.68375,1.0,84.96586385736431,CRITICAL
177,12.9032052,80.2080553,2.044621706008911,0.6732024734532551,30,29.020833333333336,High,3,0.9469543844194424,0.9556635319819416,0.29020833333333335,0.75,71.5140209235485,HIGH
178,12.9032052,80.2180553,6.152681350708008,1.2659595467183964,50,37.11111111111112,Very High,4,0.8403749853774171,0.9166251207198911,0.3711111111111112,1.0,79.03652922301157,CRITICAL
179,12.9032052,80.22805530000001,5.7073283195495605,0.5965888616859341,50,75.08333333333333,Low,1,0.8519292135356327,0.9607092308345404,0.7508333333333332,0.25,63.22970213424225,HIGH
180,12.9032052,80.2380553,1.6491562128067017,1.4323992121083955,50,33.88194444444444,Very High,4,0.9572143315119187,0.9056635642900002,0.33881944444444445,1.0,80.98579786325908,CRITICAL
181,12.9032052,80.2480553,6.564042091369629,1.5963468592843353,10,34.55555555555556,Very High,4,0.8297026523732527,0.8948661297850946,0.34555555555555556,1.0,77.80444714499663,CRITICAL
182,12.9032052,80.25805530000001,0.0,0.0,80,5.201388888888888,High,3,1.0,1.0,0.05201388888888889,0.75,67.55034722222221,HIGH
183,12.9032052,80.2680553,0.0,0.0,80,0.0,No historical polygon,-1,1.0,1.0,0.0,-0.25,31.25,MODERATE
184,12.9032052,80.2780553,0.0,0.0,80,0.0,No historical polygon,-1,1.0,1.0,0.0,-0.25,31.25,MODERATE
185,12.9032052,80.28805530000001,0.0,0.0,80,0.0,No historical polygon,-1,1.0,1.0,0.0,-0.25,31.25,MODERATE
186,12.9032052,80.2980553,0.0,0.0,80,0.0,No historical polygon,-1,1.0,1.0,0.0,-0.25,31.25,MODERATE
187,12.9032052,80.3080553,0.0,0.0,80,0.0,No historical polygon,-1,1.0,1.0,0.0,-0.25,31.25,MODERATE
188,12.9032052,80.3180553,0.0,0.0,80,0.0,No historical polygon,-1,1.0,1.0,0.0,-0.25,31.25,MODERATE
189,12.9032052,80.3280553,0.0,0.0,80,0.0,No historical polygon,-1,1.0,1.0,0.0,-0.25,31.25,MODERATE
190,12.9132052,80.1280553,29.82768821716309,0.0910194398120377,10,33.19444444444444,No historical polygon,-1,0.22615118573065518,0.9940055471550073,0.33194444444444443,-0.25,20.1124739617026,LOW
191,12.9132052,80.1380553,22.22391700744629,0.582415465751917,50,47.66666666666667,No historical polygon,-1,0.42342324019811906,0.9616426770714689,0.47666666666666674,-0.25,28.176887827691676,MODERATE
192,12.9132052,80.14805530000001,29.33917999267578,0.7229467919799818,50,67.00694444444444,No historical polygon,-1,0.23882503117010168,0.9523874189633321,0.6700694444444444,-0.25,28.258173174813628,MODERATE
193,12.9132052,80.1580553,22.08060646057129,2.2878693211216725,50,79.20138888888889,No historical polygon,-1,0.4271412855244644,0.8493231249358276,0.7920138888888889,-0.25,34.468726234371246,MODERATE
194,12.9132052,80.1680553,14.169594764709473,0.8667035208362645,50,29.506944444444443,Very Low,0,0.6323843796570825,0.9429197389374063,0.29506944444444444,0.0,37.33014168659927,MODERATE
195,12.9132052,80.17805530000001,16.284692764282227,3.0592737690059395,50,67.15972222222221,Very Low,0,0.577510328838386,0.7985191692445038,0.6715972222222222,0.0,43.205476315182764,MODERATE
196,12.9132052,80.1880553,15.834906578063965,2.840764511653158,50,72.70833333333333,Very High,4,0.5891795706631497,0.8129099789671362,0.7270833333333333,1.0,80.10022228441912,CRITICAL
197,12.9132052,80.19805530000001,11.587725639343262,2.255902542268416,50,75.55555555555556,High,3,0.6993683291578561,0.8514284262740679,0.7555555555555555,0.75,75.3945235119463,CRITICAL
198,12.9132052,80.2080553,2.9654486179351807,0.540742990899954,30,10.125,Low,1,0.9230644735167456,0.9643871862219328,0.10125,0.25,48.82366963124763,MODERATE
199,12.9132052,80.2180553,1.3061124086380005,0.8376480560822828,30,20.27777777777778,High,3,0.9661142515850286,0.9448333039265643,0.20277777777777778,0.75,69.64480029296863,HIGH
200,12.9132052,80.22805530000001,1.5045890808105469,1.2238106801160271,50,65.09027777777779,High,3,0.9609649776519428,0.9194010045732697,0.6509027777777778,0.75,80.33770895434205,CRITICAL
201,12.9132052,80.2380553,1.349591612815857,0.469769120783432,30,23.104166666666668,Very High,4,0.9649862281742485,0.9690614571086654,0.23104166666666667,1.0,79.43661922765286,CRITICAL
202,12.9132052,80.2480553,4.797048091888428,2.193348178527023,50,34.90277777777778,Very High,4,0.8755455015194621,0.8555481965612797,0.34902777777777777,1.0,78.44755493085019,CRITICAL
203,12.9132052,80.25805530000001,0.0,0.0,80,14.27777777777778,No historical polygon,-1,1.0,1.0,0.1427777777777778,-0.25,34.81944444444445,MODERATE
204,12.9132052,80.2680553,0.0,0.0,80,0.0,No historical polygon,-1,1.0,1.0,0.0,-0.25,31.25,MODERATE
205,12.9132052,80.2780553,0.0,0.0,80,0.0,No historical polygon,-1,1.0,1.0,0.0,-0.25,31.25,MODERATE
206,12.9132052,80.28805530000001,0.0,0.0,80,0.0,No historical polygon,-1,1.0,1.0,0.0,-0.25,31.25,MODERATE
207,12.9132052,80.2980553,0.0,0.0,80,0.0,No historical polygon,-1,1.0,1.0,0.0,-0.25,31.25,MODERATE
208,12.9132052,80.3080553,0.0,0.0,80,0.0,No historical polygon,-1,1.0,1.0,0.0,-0.25,31.25,MODERATE
209,12.9132052,80.3180553,0.0,0.0,80,0.0,No historical polygon,-1,1.0,1.0,0.0,-0.25,31.25,MODERATE
210,12.9132052,80.3280553,0.0,0.0,80,0.0,No historical polygon,-1,1.0,1.0,0.0,-0.25,31.25,MODERATE
211,12.9232052,80.1280553,34.30613708496094,0.7166645639624436,50,62.326388888888886,No historical polygon,-1,0.10996241773498139,0.9528011604639434,0.6232638888888888,-0.25,23.872675072555907,LOW
212,12.9232052,80.1380553,29.02347946166992,5.572875353684198,50,85.4375,No historical polygon,-1,0.24701555803240527,0.6329757842097388,0.854375,-0.25,28.279400713956214,MODERATE
213,12.9232052,80.14805530000001,23.057735443115234,3.698523987751418,50,85.61805555555554,No historical polygon,-1,0.4017906750773984,0.7564187640966108,0.8561805555555554,-0.25,34.04556222727301,MODERATE
214,12.9232052,80.1580553,22.79442977905273,3.975561543142687,50,86.52777777777779,No historical polygon,-1,0.408621870791987,0.7381733369052935,0.8652777777777778,-0.25,34.17009126782352,MODERATE
215,12.9232052,80.1680553,20.81866455078125,4.525493528900714,10,32.27777777777778,No historical polygon,-1,0.4598810755966263,0.701955344755624,0.3227777777777778,-0.25,21.345801505694464,LOW
216,12.9232052,80.17805530000001,18.69690704345703,0.371862856361074,10,9.270833333333334,Very Low,0,0.5149279005217022,0.9755094696049101,0.09270833333333334,0.0,29.823547890449543,MODERATE
217,12.9232052,80.1880553,19.06528854370117,2.946690209889081,50,75.32638888888889,High,3,0.5053706198807353,0.8059338142658435,0.7532638888888888,0.75,69.80486993322825,HIGH
218,12.9232052,80.19805530000001,17.77668571472168,0.9338523287521354,50,80.52083333333333,No historical polygon,-1,0.5388021001888912,0.9384973829716874,0.8052083333333333,-0.25,38.92772158263092,MODERATE
219,12.9232052,80.2080553,4.740968704223633,0.7859445476108096,50,67.82638888888889,Very Low,0,0.877000423782743,0.9482384473123395,0.6782638888888889,0.0,53.10518452647589,HIGH
220,12.9232052,80.2180553,0.8565258979797363,0.4521228445460927,40,5.25,High,3,0.9777783130319428,0.9702236239052628,0.0525,0.75,66.5603121843775,HIGH
221,12.9232052,80.22805530000001,6.615337371826172,0.2396442981128177,50,38.30555555555556,Very High,4,0.8283718488704834,0.9842172568016764,0.3830555555555556,1.0,80.04894396267612,CRITICAL
222,12.9232052,80.2380553,2.526089906692505,4.672877330646946,50,44.36805555555556,Very High,4,0.9344631851855371,0.6922487891944383,0.4436805555555556,1.0,79.83732535644388,CRITICAL
223,12.9232052,80.2480553,5.58011531829834,2.9675176981183764,50,69.00694444444444,Very High,4,0.8552296245316567,0.8045621359042983,0.6900694444444444,1.0,85.700908762967,CRITICAL
224,12.9232052,80.25805530000001,0.0,0.0,80,17.881944444444446,Very Low,0,1.0,1.0,0.17881944444444448,0.0,44.470486111111114,MODERATE
225,12.9232052,80.2680553,0.0,0.0,80,0.0,No historical polygon,-1,1.0,1.0,0.0,-0.25,31.25,MODERATE
226,12.9232052,80.2780553,0.0,0.0,80,0.0,No historical polygon,-1,1.0,1.0,0.0,-0.25,31.25,MODERATE
227,12.9232052,80.28805530000001,0.0,0.0,80,0.0,No historical polygon,-1,1.0,1.0,0.0,-0.25,31.25,MODERATE
228,12.9232052,80.2980553,0.0,0.0,80,0.0,No historical polygon,-1,1.0,1.0,0.0,-0.25,31.25,MODERATE
229,12.9232052,80.3080553,0.0,0.0,80,0.0,No historical polygon,-1,1.0,1.0,0.0,-0.25,31.25,MODERATE
230,12.9232052,80.3180553,0.0,0.0,80,0.0,No historical polygon,-1,1.0,1.0,0.0,-0.25,31.25,MODERATE
231,12.9232052,80.3280553,0.0,0.0,80,0.0,No historical polygon,-1,1.0,1.0,0.0,-0.25,31.25,MODERATE
232,12.9332052,80.1280553,29.993867874145508,0.2858898732024906,50,73.30555555555556,No historical polygon,-1,0.22183982477048747,0.9811715676638715,0.7330555555555556,-0.25,29.839958023109148,MODERATE
233,12.9332052,80.1380553,24.50079727172852,2.38542409443023,50,74.48611111111111,No historical polygon,-1,0.36435191425693425,0.8428982613065883,0.7448611111111112,-0.25,31.62379955379996,MODERATE
234,12.9332052,80.14805530000001,22.005800247192383,0.953517101367144,50,83.25694444444444,No historical polygon,-1,0.429082056096484,0.9372022799432398,0.8325694444444445,-0.25,36.84932171267181,MODERATE
235,12.9332052,80.1580553,14.451107025146484,2.559349564673739,50,62.56944444444444,No historical polygon,-1,0.62508083245103,0.8314436969621919,0.6256944444444444,-0.25,34.99103737681973,MODERATE
236,12.9332052,80.1680553,17.62150001525879,0.380031009992323,10,17.98611111111111,No historical polygon,-1,0.5428282341838087,0.9749715228555752,0.1798611111111111,-0.25,23.94180647520662,LOW
237,12.9332052,80.17805530000001,15.85757541656494,1.0293374399861217,50,67.06944444444444,No historical polygon,-1,0.5885914508709914,0.9322088252979308,0.6706944444444445,-0.25,36.71527976235486,MODERATE
238,12.9332052,80.1880553,12.908185005187988,3.366053267010808,50,52.708333333333336,No historical polygon,-1,0.6651103636356799,0.778314966291834,0.5270833333333333,-0.25,32.729566918602835,MODERATE
239,12.9332052,80.19805530000001,6.82593297958374,2.5235650989637355,50,52.40972222222222,High,3,0.8229081615687048,0.8338004274883833,0.5240972222222222,0.75,72.43214100709892,HIGH
240,12.9332052,80.2080553,11.340928077697754,2.542098786315288,50,89.23611111111111,Low,1,0.7057712390667121,0.8325798166485217,0.8923611111111112,0.25,61.192006004173415,HIGH
241,12.9332052,80.2180553,1.7548880577087402,0.904049848475274,50,39.013888888888886,Moderate,2,0.9544712271113278,0.9404601456853713,0.39013888888888887,0.5,65.22215508528598,HIGH
242,12.9332052,80.22805530000001,1.9120512008666992,0.3716777860456718,50,31.979166666666664,Very High,4,0.9503937903655042,0.9755216581580476,0.31979166666666664,1.0,81.38746129817498,CRITICAL
243,12.9332052,80.2380553,4.263672351837158,4.60613565860922,50,89.63888888888889,Very High,4,0.8893833886863666,0.6966443315824415,0.8963888888888889,1.0,90.09397191311801,CRITICAL
244,12.9332052,80.2480553,2.7795674800872803,1.7531422885620098,50,67.22222222222223,Very High,4,0.9278869692150835,0.8845397334783673,0.6722222222222223,1.0,88.27082578810816,CRITICAL
245,12.9332052,80.25805530000001,9.353238105773926,0.7749392071575424,80,29.86805555555556,Very Low,0,0.7573398191292878,0.9489632484595059,0.2986805555555556,0.0,40.634958094013676,MODERATE
246,12.9332052,80.2680553,0.0,0.0,80,0.0,No historical polygon,-1,1.0,1.0,0.0,-0.25,31.25,MODERATE
247,12.9332052,80.2780553,0.0,0.0,80,0.0,No historical polygon,-1,1.0,1.0,0.0,-0.25,31.25,MODERATE
248,12.9332052,80.28805530000001,0.0,0.0,80,0.0,No historical polygon,-1,1.0,1.0,0.0,-0.25,31.25,MODERATE
249,12.9332052,80.2980553,0.0,0.0,80,0.0,No historical polygon,-1,1.0,1.0,0.0,-0.25,31.25,MODERATE
250,12.9332052,80.3080553,0.0,0.0,80,0.0,No historical polygon,-1,1.0,1.0,0.0,-0.25,31.25,MODERATE
251,12.9332052,80.3180553,0.0,0.0,80,0.0,No historical polygon,-1,1.0,1.0,0.0,-0.25,31.25,MODERATE
252,12.9332052,80.3280553,0.0,0.0,80,0.0,No historical polygon,-1,1.0,1.0,0.0,-0.25,31.25,MODERATE
253,12.9432052,80.1280553,38.54459381103516,3.580747261810049,10,33.86111111111111,No historical polygon,-1,0.0,0.7641754260948732,0.3386111111111111,-0.25,11.177909169200875,LOW
254,12.9432052,80.1380553,28.492584228515625,1.7611191613207884,50,81.54166666666667,No historical polygon,-1,0.2607890909889855,0.8840143843034904,0.8154166666666667,-0.25,31.415359705943658,MODERATE
255,12.9432052,80.14805530000001,31.77483940124512,1.997226922109472,50,88.69444444444444,No historical polygon,-1,0.1756343429892856,0.8684645540550582,0.8869444444444444,-0.25,30.841437996669118,MODERATE
256,12.9432052,80.1580553,15.767258644104004,1.5475290862280364,50,74.35416666666667,No historical polygon,-1,0.5909346270088363,0.8980812214093438,0.7435416666666668,-0.25,38.08312566302773,MODERATE
257,12.9432052,80.1680553,11.439876556396484,1.8920648275115577,10,18.63888888888889,No historical polygon,-1,0.7032041221531489,0.8753904285545021,0.18638888888888888,-0.25,26.620681704368476,MODERATE
258,12.9432052,80.17805530000001,8.571121215820312,0.5374602686617682,50,47.30555555555556,No historical polygon,-1,0.7776310406112923,0.9646033831541557,0.47305555555555556,-0.25,36.98621565148353,MODERATE
259,12.9432052,80.1880553,5.0,0.0,50,61.01388888888889,No historical polygon,-1,0.8702801221745261,1.0,0.6101388888888889,-0.25,43.260475276585375,MODERATE
260,12.9432052,80.19805530000001,8.43668270111084,3.763486527642074,50,67.52777777777777,Very High,4,0.7811189101519225,0.7521403936422368,0.6752777777777778,1.0,82.69202310287605,CRITICAL
261,12.9432052,80.2080553,5.341205596923828,2.186773194987282,50,68.53472222222223,Very High,4,0.8614278925052608,0.855981218659273,0.6853472222222223,1.0,86.50909614807617,CRITICAL
262,12.9432052,80.2180553,1.6829745769500732,0.6514529283155072,40,21.34027777777778,Very High,4,0.9563369486989316,0.9570959361254686,0.21340277777777777,1.0,78.59993220379977,CRITICAL
263,12.9432052,80.22805530000001,0.5,0.0,40,19.01388888888889,Very High,4,0.9870280122174526,1.0,0.19013888888888889,1.0,79.42917252765854,CRITICAL
264,12.9432052,80.2380553,4.699863433837891,5.024456440670639,50,87.88194444444444,Very High,4,0.8780668579132272,0.6690941268423767,0.8788194444444444,1.0,88.95856946157744,CRITICAL
265,12.9432052,80.2480553,2.554459571838379,1.1933668312525694,50,74.96527777777777,Very High,4,0.9337271632862026,0.9214060072057726,0.7496527777777777,1.0,90.9055886346861,CRITICAL
266,12.9432052,80.25805530000001,7.959677696228027,1.1825441874178495,50,56.56944444444445,Moderate,2,0.7934943163430301,0.9221187761291955,0.5656944444444445,0.5,65.31150066162479,HIGH
267,12.9432052,80.2680553,0.0,0.0,80,0.0,No historical polygon,-1,1.0,1.0,0.0,-0.25,31.25,MODERATE
268,12.9432052,80.2780553,0.0,0.0,80,0.0,No historical polygon,-1,1.0,1.0,0.0,-0.25,31.25,MODERATE
269,12.9432052,80.28805530000001,0.0,0.0,80,0.0,No historical polygon,-1,1.0,1.0,0.0,-0.25,31.25,MODERATE
270,12.9432052,80.2980553,0.0,0.0,80,0.0,No historical polygon,-1,1.0,1.0,0.0,-0.25,31.25,MODERATE
271,12.9432052,80.3080553,0.0,0.0,80,0.0,No historical polygon,-1,1.0,1.0,0.0,-0.25,31.25,MODERATE
272,12.9432052,80.3180553,0.0,0.0,80,0.0,No historical polygon,-1,1.0,1.0,0.0,-0.25,31.25,MODERATE
273,12.9432052,80.3280553,0.0,0.0,80,0.0,No historical polygon,-1,1.0,1.0,0.0,-0.25,31.25,MODERATE
274,12.9532052,80.1280553,21.16196632385254,1.6053413674005512,50,58.44444444444444,No historical polygon,-1,0.45097446278461095,0.8942737601234277,0.5844444444444444,-0.25,30.549579082577804,MODERATE
275,12.9532052,80.1380553,31.07744789123535,3.0451262257558285,50,89.86805555555556,No historical polygon,-1,0.1937274512842836,0.7994509128485121,0.8986805555555556,-0.25,30.551963863723664,MODERATE
276,12.9532052,80.14805530000001,27.79249763488769,1.9494880788392124,50,86.09027777777779,No historical polygon,-1,0.27895212046751905,0.8716085884003478,0.8609027777777779,-0.25,32.820501282137634,MODERATE
277,12.9532052,80.1580553,14.28995132446289,2.256634119442767,50,61.03472222222223,No historical polygon,-1,0.6292618520117409,0.8513802453043412,0.6103472222222223,-0.25,35.0109305354142,MODERATE
278,12.9532052,80.1680553,12.264082908630373,0.7325299626046932,50,51.15277777777778,No historical polygon,-1,0.681820932690197,0.9517562805545046,0.5115277777777778,-0.25,35.36006197001693,MODERATE
279,12.9532052,80.17805530000001,9.468263626098633,3.049781782456967,50,63.90277777777777,No historical polygon,-1,0.7543555998406213,0.7991443023577225,0.6390277777777778,-0.25,38.07174897582581,MODERATE
280,12.9532052,80.1880553,9.79197120666504,1.2271295241295614,50,86.72916666666667,Low,1,0.7459573382801705,0.9191824286956318,0.8672916666666667,0.25,62.868961554105404,HIGH
281,12.9532052,80.19805530000001,6.097225666046143,4.721869079764947,50,86.40972222222221,Very High,4,0.8418137263052301,0.6890222396739398,0.8640972222222222,1.0,87.9831073082954,CRITICAL
282,12.9532052,80.2080553,2.3554224967956543,0.7663805989142393,50,70.06944444444444,Very High,4,0.9388909762976589,0.9495269101744009,0.7006944444444444,1.0,90.2325391711686,CRITICAL
283,12.9532052,80.2180553,2.579650402069092,1.5055338678923778,10,4.291666666666667,Very High,4,0.9330736130022326,0.9008469861355182,0.04291666666666667,1.0,72.91246178375526,HIGH
284,12.9532052,80.22805530000001,8.686019897460938,1.7030531755030751,30,10.555555555555555,High,3,0.7746501120223463,0.8878385543335533,0.10555555555555556,0.75,61.572720004450844,HIGH
285,12.9532052,80.2380553,6.353379249572754,2.324639396262832,50,83.40972222222223,Moderate,2,0.8351680839933042,0.8469014831195772,0.8340972222222223,0.5,71.93515490218184,HIGH
286,12.9532052,80.2480553,4.218383312225342,1.3425404509196304,50,80.8611111111111,Very High,4,0.8905583664234221,0.911581575956166,0.808611111111111,1.0,91.15296057770581,CRITICAL
287,12.9532052,80.25805530000001,7.538475036621094,1.7904962141036378,50,74.29166666666667,Moderate,2,0.8044219878518253,0.8820796398357668,0.7429166666666667,0.5,69.4146609604988,HIGH
288,12.9532052,80.2680553,0.0,0.0,80,0.0,No historical polygon,-1,1.0,1.0,0.0,-0.25,31.25,MODERATE
289,12.9532052,80.2780553,0.0,0.0,80,0.0,No historical polygon,-1,1.0,1.0,0.0,-0.25,31.25,MODERATE
290,12.9532052,80.28805530000001,0.0,0.0,80,0.0,No historical polygon,-1,1.0,1.0,0.0,-0.25,31.25,MODERATE
291,12.9532052,80.2980553,0.0,0.0,80,0.0,No historical polygon,-1,1.0,1.0,0.0,-0.25,31.25,MODERATE
292,12.9532052,80.3080553,0.0,0.0,80,0.0,No historical polygon,-1,1.0,1.0,0.0,-0.25,31.25,MODERATE
293,12.9532052,80.3180553,0.0,0.0,80,0.0,No historical polygon,-1,1.0,1.0,0.0,-0.25,31.25,MODERATE
294,12.9532052,80.3280553,0.0,0.0,80,0.0,No historical polygon,-1,1.0,1.0,0.0,-0.25,31.25,MODERATE
295,12.9632052,80.1280553,18.787145614624023,3.7524667270483065,50,72.22916666666667,No historical polygon,-1,0.5125867532363166,0.7528661471203617,0.7222916666666667,-0.25,33.414952704380006,MODERATE
296,12.9632052,80.1380553,32.298683166503906,2.8556742385754466,50,93.25,No historical polygon,-1,0.1620437531434844,0.8119280386788643,0.9325,-0.25,30.792514408770078,MODERATE
297,12.9632052,80.14805530000001,24.97209930419922,1.3751564080673258,50,79.5763888888889,No historical polygon,-1,0.35212446584273493,0.9094335203592526,0.795763888888889,-0.25,33.588711673679384,MODERATE
298,12.9632052,80.1580553,31.14875030517578,4.749208819647035,50,56.56944444444445,No historical polygon,-1,0.19187758319928072,0.6872216706761962,0.5656944444444445,-0.25,20.497625751236072,LOW
299,12.9632052,80.1680553,23.403255462646484,1.643643055757117,50,72.52777777777779,No historical polygon,-1,0.39282651213342856,0.8917512477325453,0.7252777777777779,-0.25,32.57887596376834,MODERATE
300,12.9632052,80.17805530000001,16.18231773376465,2.0510224006981925,50,59.88194444444444,No historical polygon,-1,0.5801663441286099,0.8649216355275455,0.5988194444444445,-0.25,33.69846924723954,MODERATE
301,12.9632052,80.1880553,14.182562828063965,1.543825171795545,50,81.54166666666667,Very Low,0,0.632047936538287,0.8983251576547581,0.8154166666666667,0.0,49.66149244494521,MODERATE
302,12.9632052,80.19805530000001,10.440738677978516,2.805682353089532,50,92.74305555555556,High,3,0.7291257308569854,0.8152204562195177,0.9274305555555555,0.75,79.89221400360628,CRITICAL
303,12.9632052,80.2080553,5.547266483306885,1.2909562815520863,50,91.70833333333334,High,3,0.8560818539040169,0.91497885978323,0.9170833333333335,0.75,84.30381257768221,CRITICAL
304,12.9632052,80.2180553,4.438403129577637,1.883480974916245,50,39.47222222222222,Very High,4,0.8848501776581976,0.8759557528381632,0.3947222222222222,1.0,80.12864628958295,CRITICAL
305,12.9632052,80.22805530000001,1.0,0.0,80,15.319444444444445,Very High,4,0.9740560244349052,1.0,0.15319444444444444,1.0,78.18126172198374,CRITICAL
306,12.9632052,80.2380553,7.547713279724121,1.0677650404811223,50,76.36111111111111,Very High,4,0.804182311098496,0.9296780204546007,0.7636111111111111,1.0,88.14000586205918,CRITICAL
307,12.9632052,80.2480553,5.7425923347473145,2.7428442839560683,50,93.18055555555556,High,3,0.851014324787015,0.8193589110712374,0.9318055555555556,0.75,83.11088067463281,CRITICAL
308,12.9632052,80.25805530000001,11.083722114562988,1.0379808777485833,50,90.74305555555556,Moderate,2,0.7124441842894771,0.9316395767924169,0.9074305555555555,0.5,71.97146214801207,HIGH
309,12.9632052,80.2680553,0.0,0.0,80,7.062499999999999,No historical polygon,-1,1.0,1.0,0.070625,-0.25,33.01562500000001,MODERATE
310,12.9632052,80.2780553,0.0,0.0,80,0.0,No historical polygon,-1,1.0,1.0,0.0,-0.25,31.25,MODERATE
311,12.9632052,80.28805530000001,0.0,0.0,80,0.0,No historical polygon,-1,1.0,1.0,0.0,-0.25,31.25,MODERATE
312,12.9632052,80.2980553,0.0,0.0,80,0.0,No historical polygon,-1,1.0,1.0,0.0,-0.25,31.25,MODERATE
313,12.9632052,80.3080553,0.0,0.0,80,0.0,No historical polygon,-1,1.0,1.0,0.0,-0.25,31.25,MODERATE
314,12.9632052,80.3180553,0.0,0.0,80,0.0,No historical polygon,-1,1.0,1.0,0.0,-0.25,31.25,MODERATE
315,12.9632052,80.3280553,0.0,0.0,80,0.0,No historical polygon,-1,1.0,1.0,0.0,-0.25,31.25,MODERATE
316,12.9732052,80.1280553,23.992511749267575,0.751024819834089,50,78.05555555555556,No historical polygon,-1,0.3775388614317525,0.9505382270291759,0.7805555555555556,-0.25,34.46043383012034,MODERATE
317,12.9732052,80.1380553,21.491378784179688,5.101081743880805,50,92.9375,No historical polygon,-1,0.44242819396304567,0.6640476580025865,0.929375,-0.25,35.50579471911494,MODERATE
318,12.9732052,80.14805530000001,19.192598342895508,3.9805688206554,50,72.28472222222221,No historical polygon,-1,0.5020676975612403,0.7378435624198239,0.7228472222222222,-0.25,32.94052643088392,MODERATE
319,12.9732052,80.1580553,25.554052352905277,7.261594796648424,10,30.875000000000004,No historical polygon,-1,0.33702629016707253,0.5217583443949464,0.30875,-0.25,15.220782420101012,LOW
320,12.9732052,80.1680553,32.68390655517578,15.183944584378214,10,25.472222222222225,No historical polygon,-1,0.1520495269606782,0.0,0.25472222222222224,-0.25,1.4192937295725114,LOW
321,12.9732052,80.17805530000001,20.464275360107425,2.375263842856413,50,40.54166666666666,High,3,0.4690753401000016,0.8435674057122041,0.4054166666666666,0.75,60.765811254849766,HIGH
322,12.9732052,80.1880553,12.896212577819824,2.4935999612431243,50,95.6597222222222,No historical polygon,-1,0.6654209759987744,0.8357739026650144,0.956597222222222,-0.25,44.33706349550012,MODERATE
323,12.9732052,80.19805530000001,12.67002010345459,2.3329991139329787,50,91.05555555555556,High,3,0.6712893080267144,0.8463509201467152,0.9105555555555556,0.75,78.49138539175746,CRITICAL
324,12.9732052,80.2080553,2.5713043212890625,3.9827253206759776,50,90.86805555555556,Very High,4,0.933290143518054,0.7377015374006601,0.9086805555555556,1.0,92.11479053785014,CRITICAL
325,12.9732052,80.2180553,7.456250667572021,0.874377887258993,50,92.52083333333331,Very High,4,0.8065552148732898,0.9424143125391419,0.9252083333333332,1.0,92.4303033932527,CRITICAL
326,12.9732052,80.22805530000001,9.019770622253418,2.586120447019792,50,86.8888888888889,Very High,4,0.7659912913734975,0.8296805923751536,0.868888888888889,1.0,88.31721339218697,CRITICAL
327,12.9732052,80.2380553,3.0495495796203613,0.5219292331229778,50,64.68055555555556,High,3,0.9208825602217843,0.9656262422308919,0.6468055555555555,0.75,79.92659652789686,CRITICAL
328,12.9732052,80.2480553,8.188432693481445,1.3935441385264415,50,89.11111111111111,Moderate,2,0.7875595022838942,0.908222522100076,0.8911111111111112,0.5,73.09010316637628,HIGH
329,12.9732052,80.25805530000001,7.904565811157227,2.1023353032820595,50,90.41666666666669,High,3,0.7949241377426532,0.8615422170701929,0.9041666666666669,0.75,81.6504033662859,CRITICAL
330,12.9732052,80.2680553,0.0,0.0,80,25.041666666666668,High,3,1.0,1.0,0.2504166666666667,0.75,72.51041666666667,HIGH
331,12.9732052,80.2780553,0.0,0.0,80,0.0,No historical polygon,-1,1.0,1.0,0.0,-0.25,31.25,MODERATE
332,12.9732052,80.28805530000001,0.0,0.0,80,0.0,No historical polygon,-1,1.0,1.0,0.0,-0.25,31.25,MODERATE
333,12.9732052,80.2980553,0.0,0.0,80,0.0,No historical polygon,-1,1.0,1.0,0.0,-0.25,31.25,MODERATE
334,12.9732052,80.3080553,0.0,0.0,80,0.0,No historical polygon,-1,1.0,1.0,0.0,-0.25,31.25,MODERATE
335,12.9732052,80.3180553,0.0,0.0,80,0.0,No historical polygon,-1,1.0,1.0,0.0,-0.25,31.25,MODERATE
336,12.9732052,80.3280553,0.0,0.0,80,0.0,No historical polygon,-1,1.0,1.0,0.0,-0.25,31.25,MODERATE
337,12.9832052,80.1280553,20.76492500305176,3.0096920155575013,50,84.31944444444444,No historical polygon,-1,0.4612752931097993,0.8017845758832669,0.8431944444444445,-0.25,35.8885120771051,MODERATE
338,12.9832052,80.1380553,20.907588958740234,2.7370560143810465,50,87.88194444444444,No historical polygon,-1,0.45757402292939786,0.8197401209434716,0.8788194444444444,-0.25,36.95593849849813,MODERATE
339,12.9832052,80.14805530000001,12.801496505737305,0.8341323287257362,50,55.375,No historical polygon,-1,0.6678782874585051,0.9450648463519867,0.55375,-0.25,35.96667988174242,MODERATE
340,12.9832052,80.1580553,12.49949073791504,0.419162631442781,50,53.19444444444444,No historical polygon,-1,0.6757135177194036,0.9723943518686159,0.5319444444444444,-0.25,36.02736433212543,MODERATE
341,12.9832052,80.1680553,17.295520782470703,3.614621552683568,50,55.86805555555555,High,3,0.551285431433991,0.7619444978479163,0.5586805555555555,0.75,65.4283171424574,HIGH
342,12.9832052,80.17805530000001,14.071256637573242,1.4408311135666263,50,53.5625,Moderate,2,0.634935661624622,0.9051082473622167,0.535625,0.5,60.3406402510488,HIGH
343,12.9832052,80.1880553,16.241880416870117,1.7696175162238128,50,94.7847222222222,Moderate,2,0.5786210513335301,0.8834546908156884,0.947847222222222,0.5,68.91352720112913,HIGH
344,12.9832052,80.19805530000001,11.83177375793457,3.567457242000457,50,93.54166666666669,Moderate,2,0.6930367507324158,0.7650506940290875,0.9354166666666669,0.5,69.68709584541337,HIGH
345,12.9832052,80.2080553,10.20930290222168,2.6218771356701485,50,93.66666666666669,High,3,0.7351300949681094,0.8273256912194193,0.9366666666666669,0.75,80.4548044091607,CRITICAL
346,12.9832052,80.2180553,7.716087341308594,1.891613385551104,50,88.75694444444444,High,3,0.7998140185589526,0.8754201600882248,0.8875694444444444,0.75,81.5658889764083,CRITICAL
347,12.9832052,80.22805530000001,11.96295166015625,1.5266361389581955,50,79.2986111111111,Moderate,2,0.6896334744424961,0.8994572108403995,0.792986111111111,0.5,68.05734780144617,HIGH
348,12.9832052,80.2380553,9.34310531616211,0.3048596382206755,50,59.076388888888886,High,3,0.757602703975383,0.9799222371679145,0.5907638888888889,0.75,74.6579983791255,HIGH
349,12.9832052,80.2480553,5.611738204956055,0.6068776626054914,50,59.24305555555556,Very High,4,0.8544092011329112,0.9600316202925379,0.5924305555555556,1.0,85.57146822159973,CRITICAL
350,12.9832052,80.25805530000001,13.25296115875244,2.1120482985569544,50,82.36805555555556,Very High,4,0.6561654995321764,0.8609025285346533,0.8236805555555555,1.0,84.90968930521309,CRITICAL
351,12.9832052,80.2680553,6.806270122528076,2.3913672268598862,80,33.15972222222222,Moderate,2,0.8234182942516969,0.8425068523155563,0.3315972222222222,0.5,59.012990696581326,HIGH
352,12.9832052,80.2780553,0.0,0.0,80,0.0,No historical polygon,-1,1.0,1.0,0.0,-0.25,31.25,MODERATE
353,12.9832052,80.28805530000001,0.0,0.0,80,0.0,No historical polygon,-1,1.0,1.0,0.0,-0.25,31.25,MODERATE
354,12.9832052,80.2980553,0.0,0.0,80,0.0,No historical polygon,-1,1.0,1.0,0.0,-0.25,31.25,MODERATE
355,12.9832052,80.3080553,0.0,0.0,80,0.0,No historical polygon,-1,1.0,1.0,0.0,-0.25,31.25,MODERATE
356,12.9832052,80.3180553,0.0,0.0,80,0.0,No historical polygon,-1,1.0,1.0,0.0,-0.25,31.25,MODERATE
357,12.9832052,80.3280553,0.0,0.0,80,0.0,No historical polygon,-1,1.0,1.0,0.0,-0.25,31.25,MODERATE
358,12.9932052,80.1280553,19.539072036743164,4.878590187847512,10,19.17361111111111,No historical polygon,-1,0.4930787925141086,0.678700738089707,0.1917361111111111,-0.25,18.550883661976094,LOW
359,12.9932052,80.1380553,15.525039672851562,2.3776517621419395,50,40.40277777777778,No historical polygon,-1,0.5972187500804119,0.8434101396426227,0.40402777777777776,-0.25,28.932315291094078,MODERATE
360,12.9932052,80.14805530000001,13.140580177307127,0.7802883229730583,10,41.47222222222222,No historical polygon,-1,0.6590811089687749,0.9486109608318878,0.4147222222222222,-0.25,32.32424769225324,MODERATE
361,12.9932052,80.1580553,12.142062187194824,0.4754918791143691,10,7.381944444444444,Very High,4,0.6849866353055561,0.9686845617440166,0.07381944444444444,1.0,68.50042041991027,HIGH
362,12.9932052,80.1680553,13.0,0.0,50,66.76388888888889,Very High,4,0.6627283176537677,1.0,0.6676388888888889,1.0,83.25918016356641,CRITICAL
363,12.9932052,80.17805530000001,13.287721633911133,0.7321001293861229,50,59.70833333333333,Very High,4,0.6552636746140281,0.9517845889572507,0.5970833333333333,1.0,80.58544403304279,CRITICAL
364,12.9932052,80.1880553,15.009614944458008,3.659712829020645,50,65.1875,Low,1,0.6105909166394999,0.758974829716786,0.651875,0.25,51.69627036173928,HIGH
365,12.9932052,80.19805530000001,15.70060920715332,0.2932919274292194,50,86.61805555555556,Low,1,0.592663778372512,0.9806840754851694,0.8661805555555556,0.25,59.93136948047923,HIGH
366,12.9932052,80.2080553,12.136878967285156,3.955842058678674,50,89.45833333333333,High,3,0.685121108636241,0.7394720432035438,0.8945833333333333,0.75,76.83469169729251,CRITICAL
367,12.9932052,80.2180553,6.343438148498535,6.9504155369208815,50,52.388888888888886,Very High,4,0.8354259956766639,0.5422523114269188,0.5238888888888888,1.0,77.1166567855426,CRITICAL
368,12.9932052,80.22805530000001,16.92104148864746,0.992535398010986,10,10.340277777777777,No historical polygon,-1,0.5610009130825752,0.9346325724191498,0.10340277777777777,-0.25,21.879580857796068,LOW
369,12.9932052,80.2380553,15.425922393798828,3.346938524203172,10,16.01388888888889,Very High,4,0.5997902463462348,0.7795738448856944,0.1601388888888889,1.0,65.69183605416352,HIGH
370,12.9932052,80.2480553,9.759387969970703,10.051924492077603,50,58.23611111111112,Very High,4,0.7468026769768001,0.3379899118955305,0.5823611111111112,1.0,73.29894338063075,HIGH
371,12.9932052,80.25805530000001,11.00983428955078,4.476285481328861,50,80.67361111111111,Moderate,2,0.7143611282161519,0.705196139484451,0.8067361111111111,0.5,66.10537307544834,HIGH
372,12.9932052,80.2680553,10.602898597717283,2.9662340842873163,50,57.1875,Moderate,2,0.724918657861645,0.804646673477781,0.571875,0.5,61.98954154870784,HIGH
373,12.9932052,80.2780553,0.0,0.0,80,0.0,No historical polygon,-1,1.0,1.0,0.0,-0.25,31.25,MODERATE
374,12.9932052,80.28805530000001,0.0,0.0,80,0.0,No historical polygon,-1,1.0,1.0,0.0,-0.25,31.25,MODERATE
375,12.9932052,80.2980553,0.0,0.0,80,0.0,No historical polygon,-1,1.0,1.0,0.0,-0.25,31.25,MODERATE
376,12.9932052,80.3080553,0.0,0.0,80,0.0,No historical polygon,-1,1.0,1.0,0.0,-0.25,31.25,MODERATE
377,12.9932052,80.3180553,0.0,0.0,80,0.0,No historical polygon,-1,1.0,1.0,0.0,-0.25,31.25,MODERATE
378,12.9932052,80.3280553,0.0,0.0,80,0.0,No historical polygon,-1,1.0,1.0,0.0,-0.25,31.25,MODERATE
379,13.0032052,80.1280553,15.609759330749512,1.1561234989141014,50,39.92361111111112,No historical polygon,-1,0.5950207853460243,0.9238588172862826,0.39923611111111124,-0.25,29.96430467072262,MODERATE
380,13.0032052,80.1380553,13.858455657958984,0.3787834752466479,10,28.875,No historical polygon,-1,0.6404565650399625,0.975053684295163,0.28875,-0.25,29.105969390426512,MODERATE
381,13.0032052,80.14805530000001,12.571544647216797,2.274855359797741,10,15.680555555555555,No historical polygon,-1,0.6738441528571093,0.8501802119234423,0.15680555555555556,-0.25,24.76894588916826,LOW
382,13.0032052,80.1580553,12.432726860046388,0.3383394529279432,10,22.17361111111111,Low,1,0.6774456381354589,0.9777172887422126,0.2217361111111111,0.25,45.89530306229743,MODERATE
383,13.0032052,80.1680553,10.044637680053713,1.7581558626092089,10,23.0,Very High,4,0.7394021654684562,0.8842095443091867,0.23,1.0,72.4981973013492,HIGH
384,13.0032052,80.17805530000001,9.841899871826172,4.503191936760891,10,19.22222222222222,Low,1,0.7446619902112324,0.703424106184243,0.1922222222222222,0.25,42.723466903600006,MODERATE
385,13.0032052,80.1880553,30.53291130065918,5.120216416400319,10,29.61111111111111,Very Low,0,0.20785489528449175,0.6627874668570524,0.2961111111111111,0.0,22.540962162745856,LOW
386,13.0032052,80.19805530000001,18.558631896972656,3.834195727742951,50,56.24305555555556,Low,1,0.5185153075433527,0.7474835536684117,0.5624305555555555,0.25,46.985899882498884,MODERATE
387,13.0032052,80.2080553,13.379386901855469,2.711954989174393,50,88.61111111111111,Low,1,0.6528855131423125,0.821393250343883,0.8861111111111112,0.25,59.54581436149383,HIGH
388,13.0032052,80.2180553,12.44784164428711,0.4829953007709681,10,15.145833333333334,Very Low,0,0.677053500542446,0.9681903936037879,0.15145833333333333,0.0,35.2356517509513,MODERATE
389,13.0032052,80.22805530000001,19.914478302001957,2.664296391021236,10,2.298611111111111,No historical polygon,-1,0.48333926154125095,0.8245319998228682,0.02298611111111111,-0.25,16.276114313652077,LOW
390,13.0032052,80.2380553,17.76168441772461,2.565491683652614,10,10.319444444444445,No historical polygon,-1,0.5391912934716279,0.8310391829082356,0.10319444444444445,-0.25,19.775231191525343,LOW
391,13.0032052,80.2480553,3.56416654586792,5.446475796068308,50,58.05555555555556,High,3,0.9075313502240744,0.6413003376163637,0.5805555555555556,0.75,73.0716777087362,HIGH
392,13.0032052,80.25805530000001,10.798543930053713,2.543148172200949,50,80.28472222222223,Moderate,2,0.7198428401400838,0.8325107051024521,0.8028472222222223,0.5,68.05491213559442,HIGH
393,13.0032052,80.2680553,10.996196746826172,4.573759744025505,10,34.03472222222222,Moderate,2,0.7147149402913671,0.6987765782067492,0.3403472222222222,0.5,54.358202735940964,HIGH
394,13.0032052,80.2780553,0.0,0.0,80,2.340277777777778,Low,1,1.0,1.0,0.023402777777777783,0.25,49.33506944444444,MODERATE
395,13.0032052,80.28805530000001,0.0,0.0,80,0.0,No historical polygon,-1,1.0,1.0,0.0,-0.25,31.25,MODERATE
396,13.0032052,80.2980553,0.0,0.0,80,0.0,No historical polygon,-1,1.0,1.0,0.0,-0.25,31.25,MODERATE
397,13.0032052,80.3080553,0.0,0.0,80,0.0,No historical polygon,-1,1.0,1.0,0.0,-0.25,31.25,MODERATE
398,13.0032052,80.3180553,0.0,0.0,80,0.0,No historical polygon,-1,1.0,1.0,0.0,-0.25,31.25,MODERATE
399,13.0032052,80.3280553,0.0,0.0,80,0.0,No historical polygon,-1,1.0,1.0,0.0,-0.25,31.25,MODERATE
400,13.0132052,80.1280553,21.009933471679688,3.154719687578849,50,42.9375,No historical polygon,-1,0.45491879938647517,0.7922331927617453,0.429375,-0.25,25.240842876088053,MODERATE
401,13.0132052,80.1380553,18.396833419799805,0.8859733112783595,50,69.88194444444444,No historical polygon,-1,0.5227130032815948,0.9416506490553265,0.6988194444444444,-0.25,35.913070928980886,MODERATE
402,13.0132052,80.14805530000001,16.75150489807129,3.1133125476464723,50,78.5138888888889,No historical polygon,-1,0.5653993662458728,0.794960227209367,0.785138888888889,-0.25,36.937859786509556,MODERATE
403,13.0132052,80.1580553,14.284520149230955,1.4900694060871962,50,57.69444444444445,Low,1,0.629402758289248,0.9018654607301299,0.5769444444444445,0.25,52.436661979294264,HIGH
404,13.0132052,80.1680553,18.62765312194824,4.530699546819035,50,52.30555555555556,Very High,4,0.5167246225691133,0.7016124814180117,0.5230555555555556,1.0,71.51869167438689,HIGH
405,13.0132052,80.17805530000001,12.859712600708008,3.27208895237893,10,34.35416666666667,Very High,4,0.6663679305130898,0.7845033657627167,0.3435416666666667,1.0,72.01529041593466,HIGH
406,13.0132052,80.1880553,10.81204605102539,0.3302874869168603,10,39.90277777777778,Very High,4,0.7194925414435177,0.9782475834865288,0.39902777777777776,1.0,77.63672173283031,CRITICAL
407,13.0132052,80.19805530000001,14.439549446105955,1.954677005962872,50,60.99305555555555,Very High,4,0.6253806819992491,0.8712668506460493,0.6099305555555555,1.0,78.95178369856085,CRITICAL
408,13.0132052,80.2080553,13.57069206237793,1.044349273352854,50,67.94444444444444,Very High,4,0.6479222967322412,0.9312201603773423,0.6794444444444444,1.0,82.15247093507728,CRITICAL
409,13.0132052,80.2180553,16.43955421447754,4.3443070999080415,50,47.11111111111111,Very High,4,0.5734926071585438,0.7138881088661493,0.4711111111111111,1.0,71.8234145897336,HIGH
410,13.0132052,80.22805530000001,17.052806854248047,2.5257187128671683,50,49.72222222222222,Very High,4,0.5575823956571078,0.8336585925461215,0.49722222222222223,1.0,73.87499433517507,HIGH
411,13.0132052,80.2380553,10.69318389892578,5.853500539394953,10,26.569444444444446,Very High,4,0.7225762982132046,0.6144940791329518,0.26569444444444446,1.0,68.9241797534355,HIGH
412,13.0132052,80.2480553,8.542377471923828,5.908267791520916,50,53.45833333333333,Very High,4,0.778376767600592,0.6108871605340582,0.5345833333333333,1.0,76.98730993135901,CRITICAL
413,13.0132052,80.25805530000001,0.5,0.0,80,26.375,Very High,4,0.9870280122174526,1.0,0.26375,1.0,81.26945030543631,CRITICAL
414,13.0132052,80.2680553,0.0,0.0,10,14.694444444444445,Very High,4,1.0,1.0,0.14694444444444443,1.0,78.67361111111111,CRITICAL
415,13.0132052,80.2780553,0.0,0.0,80,4.611111111111111,Very High,4,1.0,1.0,0.04611111111111111,1.0,76.15277777777779,CRITICAL
416,13.0132052,80.28805530000001,0.0,0.0,80,0.0,No historical polygon,-1,1.0,1.0,0.0,-0.25,31.25,MODERATE
417,13.0132052,80.2980553,0.0,0.0,80,0.0,No historical polygon,-1,1.0,1.0,0.0,-0.25,31.25,MODERATE
418,13.0132052,80.3080553,0.0,0.0,80,0.0,No historical polygon,-1,1.0,1.0,0.0,-0.25,31.25,MODERATE
419,13.0132052,80.3180553,0.0,0.0,80,0.0,No historical polygon,-1,1.0,1.0,0.0,-0.25,31.25,MODERATE
420,13.0132052,80.3280553,0.0,0.0,80,0.0,No historical polygon,-1,1.0,1.0,0.0,-0.25,31.25,MODERATE
421,13.0232052,80.1280553,17.67382049560547,0.9061604992021052,50,51.59722222222223,No historical polygon,-1,0.5414708329201403,0.9403211402566369,0.5159722222222223,-0.25,31.79089348240862,MODERATE
422,13.0232052,80.1380553,16.28629493713379,0.488762300518137,50,53.56944444444445,No historical polygon,-1,0.577468762105074,0.9678105845419778,0.5356944444444445,-0.25,33.59623893186763,MODERATE
423,13.0232052,80.14805530000001,16.78177261352539,1.3315350443095726,50,72.17361111111111,Moderate,2,0.5646141013757204,0.9123063814603549,0.7217361111111111,0.5,63.343351034076115,HIGH
424,13.0232052,80.1580553,16.915996551513672,2.942207355858007,50,83.40277777777779,Low,1,0.5611317988083016,0.8062290507247336,0.8340277777777778,0.25,55.722425175522986,HIGH
425,13.0232052,80.1680553,16.77701759338379,2.951276384425814,50,75.625,Very High,4,0.5647374655020856,0.805631773217732,0.75625,1.0,80.10916323581812,CRITICAL
426,13.0232052,80.17805530000001,17.1154727935791,7.501647378205656,50,69.03472222222223,Very High,4,0.5559565920583391,0.5059487120412953,0.6903472222222223,1.0,73.74682603763347,HIGH
427,13.0232052,80.1880553,11.260865211486816,1.4739191063166128,50,45.72222222222222,Very High,4,0.7078483881113601,0.9029291039541179,0.4572222222222222,1.0,77.67070181765132,CRITICAL
428,13.0232052,80.19805530000001,11.87024211883545,2.139842772909292,10,39.97916666666666,Very High,4,0.6920387285171741,0.8590720111616557,0.39979166666666655,1.0,75.18184004702084,CRITICAL
429,13.0232052,80.2080553,18.11650848388672,0.8541350565825983,50,75.21527777777777,Very High,4,0.5299857465692106,0.9437474859160535,0.7521527777777777,1.0,81.20967539741551,CRITICAL
430,13.0232052,80.2180553,15.653087615966797,0.5003480188518051,50,93.26388888888889,Very High,4,0.5938966773730696,0.9670475602652963,0.9326388888888889,1.0,87.6691025605284,CRITICAL
431,13.0232052,80.22805530000001,8.531289100646973,3.4873262379255623,50,72.9375,High,3,0.7786644440340554,0.7703280449591835,0.729375,0.75,75.50590677523913,CRITICAL
432,13.0232052,80.2380553,1.0,4.190674167175446,10,33.83333333333333,Very High,4,0.9740560244349052,0.7240062261892761,0.33833333333333326,1.0,78.6698273370451,CRITICAL
433,13.0232052,80.2480553,12.92741584777832,5.757031578134985,50,45.958333333333336,Very High,4,0.6646114391254201,0.6208474322240332,0.45958333333333334,1.0,72.41758079482933,HIGH
434,13.0232052,80.25805530000001,12.229093551635742,3.171670056447031,50,72.76388888888889,Moderate,2,0.682728695713104,0.7911168577557799,0.7276388888888888,0.5,64.62594248138652,HIGH
435,13.0232052,80.2680553,8.820184707641602,3.972531753772292,50,57.638888888888886,Very High,4,0.7711693434653236,0.7383728759218882,0.5763888888888888,1.0,79.76454894768364,CRITICAL
436,13.0232052,80.2780553,5.536034107208252,1.578109947484284,80,34.84722222222222,Very High,4,0.8563732663950578,0.8960671952723076,0.34847222222222224,1.0,78.56214514451662,CRITICAL
437,13.0232052,80.28805530000001,0.0,0.0,80,0.0,No historical polygon,-1,1.0,1.0,0.0,-0.25,31.25,MODERATE
438,13.0232052,80.2980553,0.0,0.0,80,0.0,No historical polygon,-1,1.0,1.0,0.0,-0.25,31.25,MODERATE
439,13.0232052,80.3080553,0.0,0.0,80,0.0,No historical polygon,-1,1.0,1.0,0.0,-0.25,31.25,MODERATE
440,13.0232052,80.3180553,0.0,0.0,80,0.0,No historical polygon,-1,1.0,1.0,0.0,-0.25,31.25,MODERATE
441,13.0232052,80.3280553,0.0,0.0,80,0.0,No historical polygon,-1,1.0,1.0,0.0,-0.25,31.25,MODERATE
442,13.0332052,80.1280553,18.911272048950195,1.2129042917645545,50,67.88194444444444,No historical polygon,-1,0.5093664200571761,0.9201192888300953,0.6788194444444444,-0.25,34.75643594499195,MODERATE
443,13.0332052,80.1380553,20.116838455200195,1.8429920955348609,50,60.99305555555555,No historical polygon,-1,0.478089234671327,0.8786223115282574,0.6099305555555555,-0.25,31.629829428595922,MODERATE
444,13.0332052,80.14805530000001,14.5,0.0,50,27.569444444444446,Low,1,0.6238123543061256,1.0,0.27569444444444446,0.25,46.23766996876425,MODERATE
445,13.0332052,80.1580553,20.31048393249512,0.836966415998965,50,89.13888888888889,Very Low,0,0.4730653011400964,0.9448781960874603,0.8913888888888889,0.0,48.28452769203654,MODERATE
446,13.0332052,80.1680553,14.744094848632812,1.205599672775338,50,83.89583333333334,Very High,4,0.6174795635176304,0.9206003640176808,0.8389583333333335,1.0,85.21995288153931,CRITICAL
447,13.0332052,80.17805530000001,26.105093002319336,4.280830272662475,50,88.14583333333333,High,3,0.32273010502330024,0.7180686317133463,0.8814583333333332,0.75,67.12574043461603,HIGH
448,13.0332052,80.1880553,14.572980880737305,1.4444706842131034,50,91.86805555555554,Very High,4,0.621918940119558,0.9048685487367211,0.9186805555555554,1.0,87.08801562292865,CRITICAL
449,13.0332052,80.19805530000001,15.706781387329102,0.8619190319230912,50,82.35416666666666,Very High,4,0.5925036474808483,0.9432348407797889,0.8235416666666666,1.0,84.54965546538472,CRITICAL
450,13.0332052,80.2080553,10.318713188171388,0.9551438058176128,50,73.42361111111111,Very High,4,0.7322915571828601,0.9370951467512402,0.7342361111111111,1.0,85.71961890861787,CRITICAL
451,13.0332052,80.2180553,14.39749526977539,5.17333818765899,50,88.13194444444444,Very High,4,0.6264717345223795,0.6592889180469279,0.8813194444444444,1.0,82.58411324487452,CRITICAL
452,13.0332052,80.22805530000001,11.19601058959961,2.313584918058768,50,92.39583333333331,High,3,0.7095309748368852,0.8476295204317943,0.9239583333333331,0.75,79.80167551073237,CRITICAL
453,13.0332052,80.2380553,10.179630279541016,1.489717705076095,50,79.70833333333334,Very High,4,0.735899920765889,0.9018886234207697,0.7970833333333335,1.0,86.8529107037921,CRITICAL
454,13.0332052,80.2480553,10.618868827819824,2.5815463234591185,50,79.32638888888889,Moderate,2,0.7245043266020958,0.8299818397575617,0.7932638888888889,0.5,67.89393298363804,HIGH
455,13.0332052,80.25805530000001,13.33542823791504,3.0024164684468464,50,78.45138888888889,High,3,0.6540259756454572,0.8022637364248655,0.7845138888888888,0.75,74.24745265973162,HIGH
456,13.0332052,80.2680553,6.5,9.185009897160445,50,81.53472222222223,Very High,4,0.8313641588268839,0.3950840740942698,0.8153472222222223,1.0,82.0940456376417,CRITICAL
457,13.0332052,80.2780553,12.539393424987791,1.0767210660912387,50,62.92361111111112,Low,1,0.6746782833810065,0.9290881852138075,0.6292361111111112,0.25,55.28418264051006,HIGH
458,13.0332052,80.28805530000001,0.0,0.0,80,0.0,No historical polygon,-1,1.0,1.0,0.0,-0.25,31.25,MODERATE
459,13.0332052,80.2980553,0.0,0.0,80,0.0,No historical polygon,-1,1.0,1.0,0.0,-0.25,31.25,MODERATE
460,13.0332052,80.3080553,0.0,0.0,80,0.0,No historical polygon,-1,1.0,1.0,0.0,-0.25,31.25,MODERATE
461,13.0332052,80.3180553,0.0,0.0,80,0.0,No historical polygon,-1,1.0,1.0,0.0,-0.25,31.25,MODERATE
462,13.0332052,80.3280553,0.0,0.0,80,0.0,No historical polygon,-1,1.0,1.0,0.0,-0.25,31.25,MODERATE
463,13.0432052,80.1280553,19.411056518554688,0.7353755042950993,50,80.34027777777779,No historical polygon,-1,0.4964000239899433,0.9515688759130694,0.8034027777777779,-0.25,38.018603182889066,MODERATE
464,13.0432052,80.1380553,16.85402488708496,4.676687310624428,50,67.81944444444444,Very Low,0,0.5627395901559684,0.6919978675741499,0.6781944444444444,0.0,41.40331887862258,MODERATE
465,13.0432052,80.14805530000001,17.77345848083496,3.615415283771173,50,61.17361111111112,Very Low,0,0.5388858274659911,0.7618922234811867,0.6117361111111113,0.0,40.19393181664535,MODERATE
466,13.0432052,80.1580553,17.794832229614258,1.2997501484797531,50,79.96527777777777,Low,1,0.5383313074499265,0.9143997041574439,0.7996527777777778,0.25,55.915597693054266,HIGH
467,13.0432052,80.1680553,17.94867515563965,1.7466239990471242,50,88.39583333333333,Very High,4,0.5343400103362611,0.8849690217623611,0.8839583333333333,1.0,83.73199391817528,CRITICAL
468,13.0432052,80.17805530000001,16.43461799621582,1.5334350999310566,50,77.95833333333333,Very High,4,0.5736206722845097,0.899009437803882,0.7795833333333333,1.0,82.3152417075043,CRITICAL
469,13.0432052,80.1880553,9.695112228393556,7.551199162269443,50,87.625,Very High,4,0.7484702452457059,0.5026852791574077,0.87625,1.0,83.15828531850376,CRITICAL
470,13.0432052,80.19805530000001,17.844575881958008,1.771414076540066,50,84.05555555555554,Very High,4,0.5370407593490016,0.8833363710795836,0.8405555555555554,1.0,82.68995343880768,CRITICAL
471,13.0432052,80.2080553,15.003310203552246,2.6528869530355164,50,81.40972222222223,Very High,4,0.6107544866835033,0.8252834144452226,0.8140972222222222,1.0,83.00054393932147,CRITICAL
472,13.0432052,80.2180553,13.483320236206056,2.9970550935193816,50,92.0347222222222,Very High,4,0.650189069255522,0.8026168314258167,0.920347222222222,1.0,86.30265975833085,CRITICAL
473,13.0432052,80.22805530000001,14.782025337219238,3.340123305653413,50,93.55555555555556,Moderate,2,0.616495495848572,0.7800226886306045,0.9355555555555556,0.5,68.00161661456225,HIGH
474,13.0432052,80.2380553,8.107331275939941,4.127646054323581,50,79.77083333333333,Moderate,2,0.7896635954788854,0.7281571971376759,0.7977083333333332,0.5,68.10665617737061,HIGH
475,13.0432052,80.2480553,9.994341850280762,7.532006270301337,50,76.89583333333333,High,3,0.7407070392471118,0.5039493045798826,0.7689583333333333,0.75,71.55087388320936,HIGH
476,13.0432052,80.25805530000001,12.575697898864746,1.4051481313403915,50,80.21527777777779,Moderate,2,0.6737364009978392,0.9074582942836832,0.8021527777777778,0.5,68.00910388364568,HIGH
477,13.0432052,80.2680553,11.990764617919922,4.636439306377974,50,88.09027777777779,Very High,4,0.6889118957458824,0.6946485624593158,0.8809027777777778,1.0,84.66509527498124,CRITICAL
478,13.0432052,80.2780553,8.100056648254395,1.683026754408978,50,50.74305555555556,Very High,4,0.7898523282418044,0.8891574751833238,0.5074305555555556,1.0,80.76943422268386,CRITICAL
479,13.0432052,80.28805530000001,0.0,0.0,80,0.0,No historical polygon,-1,1.0,1.0,0.0,-0.25,31.25,MODERATE
480,13.0432052,80.2980553,0.0,0.0,80,0.0,No historical polygon,-1,1.0,1.0,0.0,-0.25,31.25,MODERATE
481,13.0432052,80.3080553,0.0,0.0,80,0.0,No historical polygon,-1,1.0,1.0,0.0,-0.25,31.25,MODERATE
482,13.0432052,80.3180553,0.0,0.0,80,0.0,No historical polygon,-1,1.0,1.0,0.0,-0.25,31.25,MODERATE
483,13.0432052,80.3280553,0.0,0.0,80,0.0,No historical polygon,-1,1.0,1.0,0.0,-0.25,31.25,MODERATE
484,13.0532052,80.1280553,26.02518653869629,4.188144188947228,50,63.125,No historical polygon,-1,0.3248031963630297,0.724172848124318,0.63125,-0.25,26.013922630940513,MODERATE
485,13.0532052,80.1380553,22.067441940307617,6.5209024404387845,50,70.75,Very Low,0,0.4274828255165113,0.5705396312399795,0.7075,0.0,36.932665106512474,MODERATE
486,13.0532052,80.14805530000001,23.268407821655277,1.6003912461449663,50,51.44444444444445,Very Low,0,0.3963249960363151,0.8945997703527246,0.5144444444444445,0.0,36.18823256730986,MODERATE
487,13.0532052,80.1580553,17.13580322265625,4.7052989609631855,50,75.81944444444444,Moderate,2,0.5554291399031337,0.6901135317759151,0.7581944444444444,0.5,60.692292585328175,HIGH
488,13.0532052,80.1680553,12.923921585083008,0.3214408531683461,50,82.08333333333333,Moderate,2,0.6647020941914054,0.978830214284432,0.8208333333333333,0.5,69.32083890238493,HIGH
489,13.0532052,80.17805530000001,15.796443939208984,1.9554906663233145,50,88.43055555555556,Very High,4,0.5901774444257725,0.8712132637565608,0.8843055555555556,1.0,84.9302739558816,CRITICAL
490,13.0532052,80.1880553,15.363348960876465,2.128384009104616,50,93.0,Very High,4,0.6014136499609966,0.859826674335049,0.93,1.0,86.18274136405066,CRITICAL
491,13.0532052,80.19805530000001,14.921049118041992,2.359631565023129,50,90.08333333333334,Very High,4,0.6128886662759394,0.8445969325091713,0.9008333333333334,1.0,85.51200397786938,CRITICAL
492,13.0532052,80.2080553,15.571927070617676,2.1225001040465044,50,91.34027777777776,Very High,4,0.596002304578457,0.860214182668303,0.9134027777777776,1.0,85.6383397989304,CRITICAL
493,13.0532052,80.2180553,15.281890869140623,0.2139841121992745,50,94.67361111111111,Low,1,0.6035269967025705,0.9859072119889433,0.9467361111111111,0.25,62.29518587517619,HIGH
494,13.0532052,80.22805530000001,16.291688919067383,6.314299899421031,50,85.95833333333334,Moderate,2,0.5773288207695904,0.5841462760660092,0.8595833333333335,0.5,62.18499799356323,HIGH
495,13.0532052,80.2380553,15.77439308166504,1.7750286468128245,50,80.81944444444444,Moderate,2,0.5907495313350819,0.8830983189546782,0.8081944444444444,0.5,65.72007417880833,HIGH
496,13.0532052,80.2480553,17.984811782836914,7.130006591908909,50,78.79861111111111,Moderate,2,0.5334024825632503,0.5304246171153367,0.7879861111111112,0.5,58.491084098589084,HIGH
497,13.0532052,80.25805530000001,15.62273406982422,2.8835740334324877,50,79.00694444444444,High,3,0.5946841690325066,0.81009058499863,0.7900694444444444,0.75,73.02019911190321,HIGH
498,13.0532052,80.2680553,12.63896656036377,5.752992234935008,50,81.56944444444446,Very High,4,0.6720949603898723,0.6211134594857588,0.8156944444444446,1.0,81.5114370131443,CRITICAL
499,13.0532052,80.2780553,9.125741958618164,10.268096245929028,50,75.68055555555556,Very High,4,0.7632419736122501,0.3237530479073789,0.7568055555555556,1.0,77.85748394780583,CRITICAL
500,13.0532052,80.28805530000001,0.0,0.0,80,0.0,No historical polygon,-1,1.0,1.0,0.0,-0.25,31.25,MODERATE
501,13.0532052,80.2980553,0.0,0.0,80,0.0,No historical polygon,-1,1.0,1.0,0.0,-0.25,31.25,MODERATE
502,13.0532052,80.3080553,0.0,0.0,80,0.0,No historical polygon,-1,1.0,1.0,0.0,-0.25,31.25,MODERATE
503,13.0532052,80.3180553,0.0,0.0,80,0.0,No historical polygon,-1,1.0,1.0,0.0,-0.25,31.25,MODERATE
504,13.0532052,80.3280553,0.0,0.0,80,0.0,No historical polygon,-1,1.0,1.0,0.0,-0.25,31.25,MODERATE
505,13.0632052,80.1280553,21.60194969177246,3.333027467097288,50,55.22916666666666,Very Low,0,0.43955954503824846,0.7804900137394847,0.5522916666666666,0.0,36.50363049871515,MODERATE
506,13.0632052,80.1380553,18.002405166625977,1.7821854879941574,50,56.02777777777778,Very Low,0,0.5329460402441195,0.8826269762715195,0.5602777777777778,0.0,40.57000009462023,MODERATE
507,13.0632052,80.14805530000001,10.836455345153809,0.3671517285705654,50,57.08333333333333,Very Low,0,0.7188592673130888,0.9758197399542472,0.5708333333333333,0.0,46.87961111547426,MODERATE
508,13.0632052,80.1580553,12.170814514160156,5.317052840575318,50,59.75694444444445,Very High,4,0.684240685637328,0.6498240091019765,0.5975694444444445,1.0,76.79261338857395,CRITICAL
509,13.0632052,80.1680553,16.140422821044922,3.1309060722654065,50,71.18055555555556,Very High,4,0.5812532647205123,0.7938015345836684,0.7118055555555556,1.0,79.23349352565671,CRITICAL
510,13.0632052,80.17805530000001,12.08938980102539,0.78231782599461,50,88.1875,Low,1,0.6863531664052911,0.9484772997130477,0.881875,0.25,62.182863655827994,HIGH
511,13.0632052,80.1880553,13.599178314208984,3.3533124293733345,50,85.11111111111111,Very High,4,0.6471832501107952,0.7791540656159044,0.8511111111111112,1.0,84.14467001478623,CRITICAL
512,13.0632052,80.19805530000001,9.740060806274414,6.478591200186181,50,78.5138888888889,Very High,4,0.7473041004394791,0.5733262088659368,0.785138888888889,1.0,81.91096786619825,CRITICAL
513,13.0632052,80.2080553,16.953285217285156,2.221520260213155,50,75.42361111111111,Very High,4,0.5601643825746713,0.8536928103321231,0.7542361111111111,1.0,80.6654044971264,CRITICAL
514,13.0632052,80.2180553,12.587494850158691,0.7814777664295902,50,97.2847222222222,High,3,0.6734303411817264,0.9485326252287826,0.972847222222222,0.75,81.63492846353044,CRITICAL
515,13.0632052,80.22805530000001,14.047176361083984,3.237626297464377,50,90.84027777777776,Very High,4,0.63556039972946,0.7867730431000544,0.9084027777777776,1.0,85.40067508418176,CRITICAL
516,13.0632052,80.2380553,14.212165832519531,3.37148286110204,50,55.00000000000001,Very High,4,0.6312799169140383,0.7779573784423093,0.55,1.0,76.2013585994856,CRITICAL
517,13.0632052,80.2480553,11.087611198425291,5.562779801430975,50,69.72916666666666,Very High,4,0.712343285992783,0.6336406675802702,0.6972916666666665,1.0,79.7454838301903,CRITICAL
518,13.0632052,80.25805530000001,15.255736351013184,2.8775680545937554,50,68.72916666666666,Very High,4,0.6042055488817857,0.8104861329937743,0.6872916666666665,1.0,79.44472238361791,CRITICAL
519,13.0632052,80.2680553,13.55204963684082,2.052875634643471,50,86.23611111111111,Very High,4,0.64840595536485,0.8647995833206911,0.8623611111111111,1.0,85.7411704117094,CRITICAL
520,13.0632052,80.2780553,8.955572128295898,8.07384507639671,50,77.70138888888889,Very High,4,0.7676568555320473,0.4682643214660194,0.7770138888888889,1.0,80.6407334325137,CRITICAL
521,13.0632052,80.28805530000001,0.4839319288730621,1.032836009938339,80,11.979166666666668,Low,1,0.9874448818621481,0.9319784128426708,0.11979166666666669,0.25,50.41058990586043,HIGH
522,13.0632052,80.2980553,0.0,0.0,80,0.0,No historical polygon,-1,1.0,1.0,0.0,-0.25,31.25,MODERATE
523,13.0632052,80.3080553,0.0,0.0,80,0.0,No historical polygon,-1,1.0,1.0,0.0,-0.25,31.25,MODERATE
524,13.0632052,80.3180553,0.0,0.0,80,0.0,No historical polygon,-1,1.0,1.0,0.0,-0.25,31.25,MODERATE
525,13.0632052,80.3280553,0.0,0.0,80,0.0,No historical polygon,-1,1.0,1.0,0.0,-0.25,31.25,MODERATE
526,13.0732052,80.1280553,18.693225860595703,0.7700648560440206,50,56.40277777777778,Very Low,0,0.5150234050399072,0.9492842685400544,0.5640277777777778,0.0,41.21554359854294,MODERATE
527,13.0732052,80.1380553,15.753725051879885,1.497905061900893,10,12.63888888888889,Very Low,0,0.5912857421948067,0.90134941196756,0.12638888888888888,0.0,31.46210695660579,MODERATE
528,13.0732052,80.14805530000001,15.729034423828123,2.778304479126363,50,37.98611111111111,Very Low,0,0.5919263152456684,0.817023536691198,0.3798611111111111,0.0,36.550038709287456,MODERATE
529,13.0732052,80.1580553,15.213045120239258,2.6232922852811646,50,55.895833333333336,High,3,0.6053131291298282,0.8272324908258621,0.5589583333333333,0.75,67.76527392396696,HIGH
530,13.0732052,80.1680553,14.834425926208496,6.708881700082941,50,64.59027777777779,Very High,4,0.6151360162482382,0.558159497830012,0.6459027777777778,1.0,74.89836231810058,HIGH
531,13.0732052,80.17805530000001,12.701897621154783,5.150277286854047,50,68.1388888888889,Very High,4,0.6704622784864247,0.6608076868146083,0.681388888888889,1.0,78.70839448660196,CRITICAL
532,13.0732052,80.1880553,7.154714584350586,2.336193079843229,50,72.90972222222221,Very High,4,0.8143782596483811,0.8461405686209638,0.7290972222222222,1.0,86.27899557607954,CRITICAL
533,13.0732052,80.19805530000001,17.33424949645996,4.181879535633703,50,77.56944444444444,Very High,4,0.5502806546245862,0.7245854321718106,0.7756944444444445,1.0,79.01815895930292,CRITICAL
534,13.0732052,80.2080553,16.919998168945312,1.7901952780706227,50,86.42361111111111,Very High,4,0.5610279809434343,0.8820994591937302,0.8642361111111111,1.0,83.86309418926959,CRITICAL
535,13.0732052,80.2180553,17.0938663482666,0.7334870596532945,50,89.34722222222223,Very High,4,0.5565171491475753,0.9516932470625629,0.8934722222222223,1.0,85.52513299018338,CRITICAL
536,13.0732052,80.22805530000001,17.75907325744629,1.7956863870308135,50,79.89583333333333,Very High,4,0.5392590373500852,0.8817378200340457,0.7989583333333333,1.0,81.68150156759614,CRITICAL
537,13.0732052,80.2380553,13.547945976257324,1.1377189103093992,50,65.90972222222223,Very High,4,0.6485124206347557,0.9250709258067285,0.6590972222222223,1.0,81.56630495852536,CRITICAL
538,13.0732052,80.2480553,12.23104763031006,3.0979741556026084,50,68.47222222222223,Very High,4,0.6826779991437253,0.7959703989706394,0.6847222222222222,1.0,81.12456151870828,CRITICAL
539,13.0732052,80.25805530000001,11.597423553466797,3.1522842117170544,50,74.02083333333334,Very High,4,0.6991167267108027,0.7923935908617423,0.7402083333333335,1.0,82.86903036402954,CRITICAL
540,13.0732052,80.2680553,11.76608180999756,3.003262198991825,50,83.75694444444444,Very High,4,0.694741061024517,0.8022080374238398,0.8375694444444445,1.0,85.34088319808163,CRITICAL
541,13.0732052,80.2780553,3.2368853092193604,0.973331927958804,50,30.694444444444446,Very High,4,0.9160223266305987,0.9358972945040775,0.30694444444444446,1.0,79.61262869443723,CRITICAL
542,13.0732052,80.28805530000001,8.127077102661133,3.630781252482709,50,41.5625,Very High,4,0.7891513102329182,0.76088023554708,0.415625,1.0,76.53261128902915,CRITICAL
543,13.0732052,80.2980553,0.0,0.0,80,0.8680555555555556,No historical polygon,-1,1.0,1.0,0.008680555555555556,-0.25,31.467013888888896,MODERATE
544,13.0732052,80.3080553,0.0,0.0,80,0.0,No historical polygon,-1,1.0,1.0,0.0,-0.25,31.25,MODERATE
545,13.0732052,80.3180553,0.0,0.0,80,0.0,No historical polygon,-1,1.0,1.0,0.0,-0.25,31.25,MODERATE
546,13.0732052,80.3280553,0.0,0.0,80,0.0,No historical polygon,-1,1.0,1.0,0.0,-0.25,31.25,MODERATE
547,13.0832052,80.1280553,19.99647331237793,3.097239187397341,10,26.27083333333333,No historical polygon,-1,0.48121198499559703,0.7960188032704036,0.26270833333333327,-0.25,21.78829000727931,LOW
548,13.0832052,80.1380553,16.407493591308594,0.9067144448389136,10,20.07638888888889,Very Low,0,0.5743243871826406,0.9402846579292858,0.20076388888888888,0.0,33.481476770727525,MODERATE
549,13.0832052,80.14805530000001,18.16332054138184,3.5726342863553056,10,40.326388888888886,Low,1,0.5287712556934053,0.7647097388625246,0.40326388888888887,0.25,43.52152469749523,MODERATE
550,13.0832052,80.1580553,16.643579483032227,1.967441445591127,50,71.42361111111111,Very High,4,0.568199380576499,0.8704261969175453,0.7142361111111112,1.0,80.11728024595342,CRITICAL
551,13.0832052,80.1680553,18.83350944519043,0.1543946259045008,50,75.02083333333334,Very High,4,0.5113838911489976,0.9898317182964862,0.7502083333333335,1.0,81.38728138650558,CRITICAL
552,13.0832052,80.17805530000001,16.92527961730957,1.1023800382830593,50,88.03472222222221,Very High,4,0.5608909591761237,0.927398309961087,0.8803472222222222,1.0,84.94192918437496,CRITICAL
553,13.0832052,80.1880553,15.875152587890623,1.5218980739364625,50,85.70833333333333,Very High,4,0.5881354291676144,0.8997692552499009,0.8570833333333333,1.0,84.6270078912722,CRITICAL
554,13.0832052,80.19805530000001,14.81882381439209,0.9866484110085666,50,80.01388888888889,Very High,4,0.615540797055967,0.9350202837262943,0.8001388888888888,1.0,84.41729640451581,CRITICAL
555,13.0832052,80.2080553,14.92875862121582,0.1816093112087181,50,80.52083333333333,Very High,4,0.6126886511139786,0.9880393852730756,0.8052083333333333,1.0,85.26801539027893,CRITICAL
556,13.0832052,80.2180553,12.786269187927246,2.008108611698379,50,75.875,Very High,4,0.6682733446196911,0.8677478964350019,0.75875,1.0,83.6918020620173,CRITICAL
557,13.0832052,80.22805530000001,15.534531593322754,2.799143177600526,50,77.04166666666666,Very High,4,0.5969724919276416,0.8156511200336977,0.7704166666666665,1.0,81.41949576536317,CRITICAL
558,13.0832052,80.2380553,14.974444389343262,0.6411481538541844,50,71.04861111111111,Very High,4,0.6115033806620077,0.9577745986695828,0.7104861111111112,1.0,82.41635627437172,CRITICAL
559,13.0832052,80.2480553,13.343024253845217,3.469615911770574,50,86.47222222222221,Very High,4,0.6538289047937726,0.7714944300218114,0.8647222222222222,1.0,84.53619462572703,CRITICAL
560,13.0832052,80.25805530000001,8.426565170288086,1.16925203003587,50,78.72916666666666,Very High,4,0.7813813991243671,0.9229941848418731,0.7872916666666666,1.0,88.06173941740394,CRITICAL
561,13.0832052,80.2680553,12.660036087036133,5.644551731093103,50,68.20138888888889,Very High,4,0.6715483331047163,0.6282552468677725,0.6820138888888888,1.0,78.26288425285671,CRITICAL
562,13.0832052,80.2780553,8.850675582885742,4.979393320781031,50,76.09027777777779,Low,1,0.7703782889430313,0.6720619406169324,0.7609027777777778,0.25,57.11295577727421,HIGH
563,13.0832052,80.28805530000001,9.51131534576416,4.454392749736693,50,59.73611111111112,High,3,0.7532386670775836,0.7066379737502775,0.5973611111111112,0.75,70.61456406097153,HIGH
564,13.0832052,80.2980553,0.0,0.0,80,31.42361111111111,Low,1,1.0,1.0,0.3142361111111111,0.25,56.605902777777786,HIGH
565,13.0832052,80.3080553,0.0,0.0,80,0.0,No historical polygon,-1,1.0,1.0,0.0,-0.25,31.25,MODERATE
566,13.0832052,80.3180553,0.0,0.0,80,0.0,No historical polygon,-1,1.0,1.0,0.0,-0.25,31.25,MODERATE
567,13.0832052,80.3280553,0.0,0.0,80,0.0,No historical polygon,-1,1.0,1.0,0.0,-0.25,31.25,MODERATE
568,13.0932052,80.1280553,15.50162410736084,2.474676555493968,10,30.68055555555556,No historical polygon,-1,0.5978262429393462,0.83702017998406,0.3068055555555556,-0.25,26.42109766213344,MODERATE
569,13.0932052,80.1380553,18.42173957824707,1.5511242214750574,50,53.97916666666666,Very Low,0,0.5220668385154185,0.8978444492565582,0.5397916666666666,0.0,40.014129368400496,MODERATE
570,13.0932052,80.14805530000001,17.102664947509766,2.641020742260686,50,61.65277777777778,Low,1,0.5562888785038036,0.8260649116845524,0.6165277777777778,0.25,50.46139008230782,HIGH
571,13.0932052,80.1580553,15.647557258605955,2.0997905135019903,50,64.125,Very High,4,0.5940401568293056,0.8617098144798072,0.64125,1.0,78.80790113792975,CRITICAL
572,13.0932052,80.1680553,21.455718994140625,4.689629338755603,50,67.09027777777777,High,3,0.44335335068447557,0.6911455180374892,0.6709027777777777,0.75,64.47358598211866,HIGH
573,13.0932052,80.17805530000001,19.82564163208008,0.8044560241497611,50,87.1875,High,3,0.48564403793498845,0.9470192992552532,0.871875,0.75,74.39326543720351,HIGH
574,13.0932052,80.1880553,17.591474533081055,1.2022365803401145,50,85.97222222222223,Very High,4,0.5436072145597579,0.9208218540538524,0.8597222222222223,1.0,83.8955637303573,CRITICAL
575,13.0932052,80.19805530000001,17.973072052001953,7.456242529450023,50,77.53472222222221,Very High,4,0.5337070578531733,0.5089390317505984,0.7753472222222222,1.0,75.36044247814387,CRITICAL
576,13.0932052,80.2080553,9.195686340332031,1.1733585891085871,50,74.94444444444444,Very High,4,0.7614273382821499,0.9227237308073568,0.7494444444444445,1.0,86.6126505302752,CRITICAL
577,13.0932052,80.2180553,16.82888412475586,3.9029722487939473,50,64.18055555555556,Very High,4,0.5633918414795225,0.7429539980796911,0.6418055555555555,1.0,76.27424489707231,CRITICAL
578,13.0932052,80.22805530000001,15.884650230407717,2.0872924059294045,50,82.25694444444444,Very High,4,0.5878890225622249,0.8625329278350445,0.8225694444444445,1.0,83.1994555926924,CRITICAL
579,13.0932052,80.2380553,12.854302406311035,1.0989315375528532,50,63.81250000000001,Very High,4,0.6665082924643274,0.927625424905497,0.638125,1.0,81.53021368519065,CRITICAL
580,13.0932052,80.2480553,12.589550971984863,2.54751530571126,50,77.01388888888889,Very High,4,0.6733769972073094,0.832223089885863,0.7701388888888888,1.0,83.57124350069289,CRITICAL
581,13.0932052,80.25805530000001,8.80128002166748,0.8979263323649631,50,93.5972222222222,High,3,0.771659806176302,0.9408634345722796,0.935972222222222,0.75,83.0537522285473,CRITICAL
582,13.0932052,80.2680553,8.329595565795898,1.555034868372985,50,77.54166666666666,Very High,4,0.7838971761738693,0.8975868978096205,0.7754166666666665,1.0,87.4466495381577,CRITICAL
583,13.0932052,80.2780553,14.780004501342772,2.065345064653497,50,91.11805555555556,High,3,0.6165479243651721,0.8639783586421674,0.9111805555555555,0.75,77.4028873776507,CRITICAL
584,13.0932052,80.28805530000001,9.2400484085083,2.97673889481078,50,96.63888888888889,High,3,0.7602764098693677,0.8039548367508298,0.9663888888888889,0.75,81.47595502021886,CRITICAL
585,13.0932052,80.2980553,0.0,0.0,80,36.80555555555556,Very Low,0,1.0,1.0,0.3680555555555556,0.0,49.20138888888889,MODERATE
586,13.0932052,80.3080553,0.0,0.0,80,5.722222222222222,Very Low,0,1.0,1.0,0.05722222222222222,0.0,41.43055555555556,MODERATE
587,13.0932052,80.3180553,0.0,0.0,80,0.0,No historical polygon,-1,1.0,1.0,0.0,-0.25,31.25,MODERATE
588,13.0932052,80.3280553,0.0,0.0,80,0.0,No historical polygon,-1,1.0,1.0,0.0,-0.25,31.25,MODERATE
589,13.1032052,80.1280553,16.65550422668457,0.3994391650210803,50,45.79861111111111,Very Low,0,0.5678900053185626,0.973693320414773,0.4579861111111111,0.0,40.25230271696344,MODERATE
590,13.1032052,80.1380553,21.0717887878418,0.9626899768718596,50,59.18055555555556,Low,1,0.453314026575394,0.9365981631767605,0.5918055555555556,0.25,48.926962000925144,MODERATE
591,13.1032052,80.14805530000001,15.0,0.4527756538106082,50,30.71527777777778,Low,1,0.6108403665235782,0.9701806305143895,0.3071527777777778,0.25,46.25253806524974,MODERATE
592,13.1032052,80.1580553,17.866867065429688,1.283431049088784,50,69.47916666666667,Very High,4,0.5364624374296953,0.9154744643622301,0.6947916666666667,1.0,79.51346956784249,CRITICAL
593,13.1032052,80.1680553,16.813663482666016,1.2968620067559091,50,66.59722222222221,Low,1,0.5637867254459864,0.9145899143961467,0.6659722222222222,0.25,53.21282240764741,HIGH
594,13.1032052,80.17805530000001,17.065933227539062,1.133733029814613,50,79.75694444444444,Low,1,0.5572418453491874,0.9253334320660629,0.7975694444444444,0.25,56.50028372583174,HIGH
595,13.1032052,80.1880553,19.509008407592773,1.2908826671548612,50,73.5486111111111,Low,1,0.4938587625741844,0.9149837079566947,0.735486111111111,0.25,53.208377461482804,HIGH
596,13.1032052,80.19805530000001,14.930747985839844,3.505357827417245,50,74.17361111111111,High,3,0.6126370390867829,0.7691405018019044,0.7417361111111112,0.75,71.64643628197591,HIGH
597,13.1032052,80.2080553,15.509828567504885,2.8352301095894403,50,79.88194444444444,Very High,4,0.5976133866258442,0.8132744693690185,0.7988194444444444,1.0,82.10993781729249,CRITICAL
598,13.1032052,80.2180553,6.5,0.0,50,50.11111111111111,Low,1,0.8313641588268839,1.0,0.5011111111111111,0.25,57.06188174844987,HIGH
599,13.1032052,80.22805530000001,17.500852584838867,3.73154689218656,10,40.36805555555556,Moderate,2,0.5459583081706145,0.7542439073423839,0.4036805555555556,0.5,52.55463020329001,HIGH
600,13.1032052,80.2380553,13.842733383178713,14.082244089302945,50,55.06944444444445,High,3,0.6408644633526897,0.07255693597622437,0.5506944444444445,0.75,57.12732673457172,HIGH
601,13.1032052,80.2480553,9.448288917541504,0.9098709797386014,50,75.40972222222221,Very High,4,0.7548738231913473,0.9400767715739223,0.7540972222222222,1.0,86.82542770894807,CRITICAL
602,13.1032052,80.25805530000001,4.471015453338623,1.0409152239593211,50,72.06944444444444,Very High,4,0.8840040843274216,0.9314463235706055,0.7206944444444444,1.0,89.08915807285574,CRITICAL
603,13.1032052,80.2680553,2.1600680351257324,7.205355684361136,50,60.90277777777777,Low,1,0.9439592476777557,0.5254621982897472,0.6090277777777777,0.25,55.45660861073455,HIGH
604,13.1032052,80.2780553,11.749556541442873,2.2017377478384077,50,78.70833333333334,Moderate,2,0.6951697921881065,0.8549956675880104,0.7870833333333335,0.5,67.38126315185615,HIGH
605,13.1032052,80.28805530000001,9.424137115478516,4.30257566403334,50,84.77083333333333,High,3,0.7555004169539226,0.7166365011329148,0.8477083333333333,0.75,77.07976627417511,CRITICAL
606,13.1032052,80.2980553,4.777799129486084,3.0730592498285554,50,49.44444444444444,Low,1,0.8760448961296818,0.7976112707240628,0.4944444444444444,0.25,54.9764025752141,HIGH
607,13.1032052,80.3080553,3.408310890197754,3.6690352661406656,80,0.8541666666666666,No historical polygon,-1,0.911574865546463,0.7583608629660371,0.008541666666666666,-0.25,25.6283262498188,MODERATE
608,13.1032052,80.3180553,0.0,0.0,80,0.0,No historical polygon,-1,1.0,1.0,0.0,-0.25,31.25,MODERATE
609,13.1032052,80.3280553,0.0,0.0,80,0.0,No historical polygon,-1,1.0,1.0,0.0,-0.25,31.25,MODERATE
610,13.1132052,80.1280553,18.834636688232425,1.4802537058058085,50,54.333333333333336,Very Low,0,0.5113546459830602,0.9025119133187073,0.5433333333333333,0.0,39.90487818269045,MODERATE
611,13.1132052,80.1380553,21.36201858520508,1.3471005471971331,50,49.36805555555556,Low,1,0.44578431180433864,0.9112812523971486,0.49368055555555557,0.25,45.90584046995458,MODERATE
612,13.1132052,80.14805530000001,26.41645050048828,4.674337515958642,50,61.98611111111111,Very Low,0,0.3146522536987961,0.6921526227929093,0.6198611111111111,0.0,33.74512346214132,MODERATE
613,13.1132052,80.1580553,20.304128646850582,0.3404687538530719,50,84.07638888888889,Low,1,0.4732301825155675,0.9775770550293394,0.8407638888888889,0.25,56.2635076105515,HIGH
614,13.1132052,80.1680553,16.253637313842773,0.4780983163364131,50,81.68055555555556,Low,1,0.5783160306857502,0.9685129042931112,0.8168055555555556,0.25,58.155733220429305,HIGH
615,13.1132052,80.17805530000001,13.81782054901123,1.8470705814628403,50,46.68055555555555,Low,1,0.641510801313588,0.878353706364078,0.4668055555555555,0.25,49.63321451718975,MODERATE
616,13.1132052,80.1880553,13.199352264404297,3.011434483786832,50,73.45833333333334,Very High,4,0.6575563273772164,0.8016698186000294,0.7345833333333335,1.0,81.82853879676418,CRITICAL
617,13.1132052,80.19805530000001,13.43547248840332,3.235840859097642,50,58.65277777777778,Very High,4,0.651430430055361,0.786890630355251,0.5865277777777778,1.0,77.75231465115723,CRITICAL
618,13.1132052,80.2080553,15.304468154907228,1.6047118454099354,50,90.61111111111111,Moderate,2,0.6029412521523156,0.8943152198368189,0.9061111111111111,0.5,68.64103737913796,HIGH
619,13.1132052,80.2180553,13.006097793579102,1.3954505176730787,50,93.0972222222222,Moderate,2,0.6625701166461506,0.9080969698013276,0.930972222222222,0.5,70.96001301872923,HIGH
620,13.1132052,80.22805530000001,12.321829795837402,2.1869169845790037,50,86.4375,Moderate,2,0.6803227488595376,0.8559717488149303,0.864375,0.5,68.95701995371239,HIGH
621,13.1132052,80.2380553,12.300996780395508,1.616284223647824,50,92.41666666666669,Low,1,0.6808632401031094,0.8935530741260268,0.9241666666666668,0.25,62.27904378113481,HIGH
622,13.1132052,80.2480553,8.28653335571289,2.7071690702197264,50,93.73611111111111,Very High,4,0.7850143811000418,0.8217084463674242,0.9373611111111111,1.0,90.38501400079019,CRITICAL
623,13.1132052,80.25805530000001,7.278117179870605,1.8415367080565743,50,83.47916666666667,Very High,4,0.8111767057255405,0.8787181619490885,0.8347916666666667,1.0,89.32998173904151,CRITICAL
624,13.1132052,80.2680553,1.4487671852111816,0.2006695993968518,50,62.61805555555555,Very High,4,0.9624132195473699,0.98678409300813,0.6261805555555555,1.0,89.51660577269507,CRITICAL
625,13.1132052,80.2780553,8.184294700622559,4.298151107218717,50,86.07638888888889,High,3,0.7876668582695137,0.7169278981931475,0.8607638888888889,0.75,78.21468715185726,CRITICAL
626,13.1132052,80.28805530000001,13.828628540039062,1.398479356263047,50,93.70833333333334,Very Low,0,0.6412303990584542,0.9078974934022183,0.9370833333333334,0.0,53.07630571082797,HIGH
627,13.1132052,80.2980553,5.867125034332275,2.9767080151872465,50,64.79861111111111,Very Low,0,0.8477834514719276,0.8039568704531634,0.6479861111111112,0.0,49.45359212137342,MODERATE
628,13.1132052,80.3080553,0.0,0.0,80,0.4722222222222222,No historical polygon,-1,1.0,1.0,0.004722222222222222,-0.25,31.368055555555564,MODERATE
629,13.1132052,80.3180553,0.0,0.0,80,0.0,No historical polygon,-1,1.0,1.0,0.0,-0.25,31.25,MODERATE
630,13.1132052,80.3280553,0.0,0.0,80,0.0,No historical polygon,-1,1.0,1.0,0.0,-0.25,31.25,MODERATE
631,13.1232052,80.1280553,24.552831649780277,0.9594988862777548,50,86.625,No historical polygon,-1,0.36300193562421457,0.9368083253369535,0.86625,-0.25,36.03342327065966,MODERATE
632,13.1232052,80.1380553,22.198583602905277,1.0564670077960434,50,77.72916666666667,Very Low,0,0.42408048942651166,0.9304220980309047,0.7772916666666667,0.0,43.99063537279303,MODERATE
633,13.1232052,80.14805530000001,30.030405044555664,2.013110702663452,50,86.72916666666667,No historical polygon,-1,0.2208919053141486,0.8674184635305761,0.8672916666666667,-0.25,31.465866252479024,MODERATE
634,13.1232052,80.1580553,21.40507698059082,0.6727224160556055,50,90.00694444444444,Very Low,0,0.44466720584657893,0.9556951481008613,0.9000694444444445,0.0,47.95384347878851,MODERATE
635,13.1232052,80.1680553,17.160730361938477,1.8500311231287088,50,66.48611111111111,Low,1,0.5547824308106879,0.8781587279347629,0.6648611111111111,0.25,52.41346946706642,HIGH
636,13.1232052,80.17805530000001,11.524618148803713,0.6509417864251986,40,3.951388888888889,Low,1,0.7010055883503885,0.9571295994392056,0.03951388888888889,0.25,41.61993092257001,MODERATE
637,13.1232052,80.1880553,10.47470474243164,0.6412274160495496,50,30.729166666666668,Low,1,0.7282445161107711,0.9577693785375595,0.3072916666666667,0.25,49.00494524749933,MODERATE
638,13.1232052,80.19805530000001,11.27936553955078,1.5947806179045756,50,75.14583333333333,Low,1,0.7073684160521224,0.8949692809373565,0.7514583333333333,0.25,58.64520794869674,HIGH
639,13.1232052,80.2080553,14.551203727722168,2.158693347375111,50,91.49305555555556,Low,1,0.6224839260452599,0.8578305304409467,0.9149305555555556,0.25,60.0528199966346,HIGH
640,13.1232052,80.2180553,12.756105422973633,2.569497632959445,50,92.47916666666669,Moderate,2,0.669055912600599,0.8307753549362241,0.9247916666666669,0.5,69.80781980572502,HIGH
641,13.1232052,80.22805530000001,10.284994125366213,1.490104322403681,50,96.08333333333331,Moderate,2,0.7331663637243555,0.9018631611750774,0.9608333333333331,0.5,73.37793984406838,HIGH
642,13.1232052,80.2380553,7.824568271636963,1.668021359247598,50,64.73611111111111,High,3,0.7969995919532347,0.8901457160898942,0.6473611111111112,0.75,75.71120331795706,CRITICAL
643,13.1232052,80.2480553,8.492101669311523,1.9070965433052356,50,89.47222222222221,Very High,4,0.7796811217950812,0.8744004541963802,0.8947222222222222,1.0,89.97609041337829,CRITICAL
644,13.1232052,80.25805530000001,8.032514572143555,0.3820024052990159,50,88.06944444444444,Very High,4,0.7916046382140398,0.9748416886549999,0.8806944444444444,1.0,91.43010239628711,CRITICAL
645,13.1232052,80.2680553,3.5971810817718506,3.5660698714224246,50,60.10416666666667,Very High,4,0.9066748219112899,0.7651420649222255,0.6010416666666667,1.0,84.17004318828229,CRITICAL
646,13.1232052,80.2780553,7.122249603271484,3.0375805063286365,50,86.13194444444444,Very High,4,0.8152205303242186,0.7999478666792681,0.8613194444444444,1.0,88.9127173694056,CRITICAL
647,13.1232052,80.28805530000001,11.170048713684082,5.279472118724678,50,96.61805555555556,Very Low,0,0.7102045291112618,0.6522990393315589,0.9661805555555556,0.0,51.694112706643814,HIGH
648,13.1232052,80.2980553,0.0,3.479834814928352,50,52.270833333333336,Very Low,0,1.0,0.7708214228792345,0.5227083333333333,0.0,49.63002967652185,MODERATE
649,13.1232052,80.3080553,0.0,0.0,80,0.0,No historical polygon,-1,1.0,1.0,0.0,-0.25,31.25,MODERATE
650,13.1232052,80.3180553,0.0,0.0,80,0.0,No historical polygon,-1,1.0,1.0,0.0,-0.25,31.25,MODERATE
651,13.1232052,80.3280553,0.0,0.0,80,0.0,No historical polygon,-1,1.0,1.0,0.0,-0.25,31.25,MODERATE
652,13.1332052,80.1280553,33.5149040222168,4.929187105519909,50,48.77777777777778,No historical polygon,-1,0.13049014898111044,0.6753684737106302,0.4877777777777778,-0.25,16.83722527463166,LOW
653,13.1332052,80.1380553,25.103864669799805,1.4369057823834723,50,84.52083333333333,No historical polygon,-1,0.34870594841726754,0.9053667659020692,0.8452083333333333,-0.25,34.67835853229606,MODERATE
654,13.1332052,80.14805530000001,17.99679183959961,0.5327093571328075,50,80.00694444444446,Low,1,0.5330916722633305,0.9649162736222787,0.8000694444444446,0.25,56.55277202202856,HIGH
655,13.1332052,80.1580553,24.664255142211918,1.9548152238418144,50,89.29166666666667,Low,1,0.36011116725919057,0.8712577477493564,0.8929166666666667,0.25,53.14456206438678,HIGH
656,13.1332052,80.1680553,20.9229736328125,1.0460283953884808,50,73.14583333333333,Very Low,0,0.45717488332119005,0.9311095750135526,0.7314583333333333,0.0,43.68247404156638,MODERATE
657,13.1332052,80.17805530000001,14.956831932067873,1.1132188549170765,50,58.48611111111112,Very Low,0,0.6119603178232016,0.9266844759126429,0.5848611111111112,0.0,43.82080286204746,MODERATE
658,13.1332052,80.1880553,15.648265838623049,1.001010108069314,50,39.07638888888889,Very Low,0,0.5940217734466562,0.9340744361580989,0.3907638888888889,0.0,38.63075810076011,MODERATE
659,13.1332052,80.19805530000001,10.211158752441406,3.442122606888004,50,82.53472222222223,High,3,0.7350819468353564,0.7733051126629253,0.8253472222222222,0.75,76.86030591638334,CRITICAL
660,13.1332052,80.2080553,16.023365020751953,1.2324275445520574,50,88.72222222222223,Very Low,0,0.5842902094310168,0.9188335061615002,0.8872222222222222,0.0,50.570313383753486,HIGH
661,13.1332052,80.2180553,9.53356647491455,0.8162004634148812,50,83.63194444444444,Low,1,0.7526613843266101,0.946245821770542,0.8363194444444444,0.25,62.6682080458345,HIGH
662,13.1332052,80.22805530000001,9.245468139648438,1.0016577781784843,50,87.47916666666666,High,3,0.7601358004970986,0.9340317812270583,0.8747916666666665,0.75,81.1336633975,CRITICAL
663,13.1332052,80.2380553,10.37460708618164,3.937032462954,50,65.08333333333334,Low,1,0.7308414472586443,0.7407108251037375,0.6508333333333334,0.25,54.40253189135551,HIGH
664,13.1332052,80.2480553,9.106202125549316,1.813190124759286,50,92.79166666666666,Low,1,0.7637489145639343,0.8805850406866763,0.9279166666666666,0.25,64.25041514106516,HIGH
665,13.1332052,80.25805530000001,7.5532450675964355,0.9776216025800916,50,79.9375,High,3,0.8040387945291054,0.935614780655489,0.799375,0.75,80.36956657305996,CRITICAL
666,13.1332052,80.2680553,14.393406867980955,5.321544782682097,50,22.118055555555557,Very High,4,0.6265778039186346,0.6495281741111534,0.22118055555555557,1.0,65.93688159852205,HIGH
667,13.1332052,80.2780553,8.710579872131348,1.009749240650916,50,56.23611111111111,Very High,4,0.7740129286396178,0.9334988852837501,0.5623611111111111,1.0,82.41183427302448,CRITICAL
668,13.1332052,80.28805530000001,12.067548751831056,1.5544798002525353,50,85.89583333333334,Low,1,0.6869198100519049,0.8976234540626656,0.8589583333333334,0.25,60.861305395570945,HIGH
669,13.1332052,80.2980553,4.059008121490479,3.2757785817261103,50,46.89583333333333,No historical polygon,-1,0.8946931924775297,0.7842603703192945,0.4689583333333333,-0.25,37.10519370006099,MODERATE
670,13.1332052,80.3080553,0.0,0.0,80,0.0138888888888888,No historical polygon,-1,1.0,1.0,0.000138888888888888,-0.25,31.25347222222222,MODERATE
671,13.1332052,80.3180553,0.0,0.0,80,0.0,No historical polygon,-1,1.0,1.0,0.0,-0.25,31.25,MODERATE
672,13.1332052,80.3280553,0.0,0.0,80,0.0,No historical polygon,-1,1.0,1.0,0.0,-0.25,31.25,MODERATE
673,13.1432052,80.1280553,25.716291427612305,1.295706665990672,10,25.48611111111111,No historical polygon,-1,0.33281716357716984,0.9146660040287725,0.2548611111111111,-0.25,19.66194692763861,LOW
674,13.1432052,80.1380553,21.67403221130371,1.0130741825075924,50,62.61111111111111,No historical polygon,-1,0.4376894379128592,0.9332799078080225,0.6261111111111111,-0.25,31.84421234271959,MODERATE
675,13.1432052,80.14805530000001,13.0,0.0,80,8.6875,Low,1,0.6627283176537677,1.0,0.086875,0.25,42.4900829413442,MODERATE
676,13.1432052,80.1580553,13.0,0.0,80,15.722222222222223,Low,1,0.6627283176537677,1.0,0.15722222222222224,0.25,44.24876349689975,MODERATE
677,13.1432052,80.1680553,13.0,0.0,80,16.29861111111111,Very Low,0,0.6627283176537677,1.0,0.1629861111111111,0.0,35.64286071912197,MODERATE
678,13.1432052,80.17805530000001,18.87752723693848,1.797519045545781,50,29.46527777777777,Very Low,0,0.5102418946354568,0.8816171229052605,0.2946527777777777,0.0,33.34662365390977,MODERATE
679,13.1432052,80.1880553,13.61036491394043,2.4044745745722733,50,58.4375,Very Low,0,0.6468930252407061,0.8416436149901335,0.584375,0.0,43.40635485586966,MODERATE
680,13.1432052,80.19805530000001,8.853094100952148,0.7029279236771583,50,60.88194444444445,Low,1,0.7703155429694126,0.953705842393527,0.6088194444444445,0.25,57.533962321249334,HIGH
681,13.1432052,80.2080553,10.468807220458984,2.3904546621799208,50,42.35416666666666,Very Low,0,0.7283975212767242,0.8425669529484909,0.4235416666666666,0.0,41.436983992812124,MODERATE
682,13.1432052,80.2180553,8.144608497619629,0.5357310984248508,50,53.78472222222223,Very High,4,0.788696476150493,0.9647172646443909,0.5378472222222223,1.0,82.63435142898375,CRITICAL
683,13.1432052,80.22805530000001,9.824389457702637,1.4880247971113183,50,65.91666666666667,Very High,4,0.745116279967388,0.9020001167126064,0.6591666666666667,1.0,83.63707541654047,CRITICAL
684,13.1432052,80.2380553,9.130027770996094,2.5601093412345675,50,67.09027777777777,Low,1,0.7631307826006405,0.8313936588079688,0.6709027777777777,0.25,57.071743891579985,HIGH
685,13.1432052,80.2480553,9.221653938293455,0.501922462771565,50,84.30555555555556,Very Low,0,0.7607536355551545,0.9669438689016318,0.8430555555555556,0.0,54.599387811292225,HIGH
686,13.1432052,80.25805530000001,5.260602951049805,1.9614553216799897,50,50.17361111111112,High,3,0.8635190455802984,0.8708204372862369,0.5017361111111112,0.75,73.44368547657879,HIGH
687,13.1432052,80.2680553,2.66365909576416,0.708528140661336,10,3.020833333333333,Very High,4,0.9308940935057521,0.9533370174842251,0.03020833333333333,1.0,73.32761593324051,HIGH
688,13.1432052,80.2780553,4.998166084289551,2.1894136528849573,50,42.28472222222222,Very High,4,0.8703277012389063,0.855807320639361,0.4228472222222222,1.0,80.16648289611862,CRITICAL
689,13.1432052,80.28805530000001,4.622085571289063,1.336696274068616,50,60.22916666666666,Low,1,0.8800847248786994,0.9119664678278754,0.6022916666666666,0.25,59.48890680605228,HIGH
690,13.1432052,80.2980553,8.405973434448242,1.7405367818783957,50,65.4375,Very Low,0,0.7819156306158389,0.8853699200358567,0.654375,0.0,49.18781456593382,MODERATE
691,13.1432052,80.3080553,0.0,0.0,80,0.0,Low,1,1.0,1.0,0.0,0.25,48.75000000000001,MODERATE
692,13.1432052,80.3180553,0.0,0.0,80,0.0,No historical polygon,-1,1.0,1.0,0.0,-0.25,31.25,MODERATE
693,13.1432052,80.3280553,0.0,0.0,80,0.0,No historical polygon,-1,1.0,1.0,0.0,-0.25,31.25,MODERATE
694,13.1532052,80.1280553,16.285009384155273,0.6408542105027817,40,6.319444444444445,No historical polygon,-1,0.5775021144601362,0.9577939574962546,0.06319444444444444,-0.25,21.63432333505834,LOW
695,13.1532052,80.1380553,15.861774444580078,1.401795067097114,40,10.145833333333334,No historical polygon,-1,0.5884825113907695,0.9076791238727695,0.10145833333333334,-0.25,22.11370797619411,LOW
696,13.1532052,80.14805530000001,14.582839965820312,0.7270702745933848,80,3.270833333333333,No historical polygon,-1,0.6216631562570701,0.9521158503606881,0.03270833333333333,-0.25,21.891024995170408,LOW
697,13.1532052,80.1580553,13.0,0.0,80,2.3194444444444446,No historical polygon,-1,0.6627283176537677,1.0,0.023194444444444448,-0.25,23.39806905245531,LOW
698,13.1532052,80.1680553,13.0,0.0,80,0.0,No historical polygon,-1,0.6627283176537677,1.0,0.0,-0.25,22.818207941344195,LOW
699,13.1532052,80.17805530000001,13.0,0.0,80,0.0,Very Low,0,0.6627283176537677,1.0,0.0,0.0,31.568207941344195,MODERATE
700,13.1532052,80.1880553,13.0,0.0,80,9.180555555555555,Very Low,0,0.6627283176537677,1.0,0.09180555555555556,0.0,33.863346830233084,MODERATE
701,13.1532052,80.19805530000001,17.888656616210938,3.44936803081956,50,54.09027777777777,Very Low,0,0.5358971298566523,0.7728279360049566,0.5409027777777777,0.0,38.512416730935094,MODERATE
702,13.1532052,80.2080553,12.11354923248291,1.3365139585478754,50,70.90972222222223,Very Low,0,0.6857263747058906,0.9119784749528835,0.7090972222222223,0.0,48.55026704749608,MODERATE
703,13.1532052,80.2180553,6.391319274902344,0.1690922207599756,40,16.25,Moderate,2,0.8341837689032143,0.9888637488222959,0.1625,0.5,57.2500504549148,HIGH
704,13.1532052,80.22805530000001,9.658504486083984,3.732435869506399,50,66.80555555555556,Very Low,0,0.7494199956176788,0.754185360150322,0.6680555555555556,0.0,46.74966918158569,MODERATE
705,13.1532052,80.2380553,11.50201416015625,2.1398240209912576,50,48.35416666666666,Very Low,0,0.701592025679532,0.8590732461449586,0.4835416666666666,0.0,42.514441000829336,MODERATE
706,13.1532052,80.2480553,10.20765495300293,1.5026929557768127,10,37.03472222222222,Low,1,0.7351728493223733,0.9010340858776028,0.3703472222222222,0.25,49.90351307677893,MODERATE
707,13.1532052,80.25805530000001,7.994263648986816,1.0236660099566772,10,31.09027777777777,Very Low,0,0.7925970192297606,0.9325823402299649,0.3109027777777777,0.0,41.57623002863793,MODERATE
708,13.1532052,80.2680553,2.696300745010376,0.8162402937132908,50,31.45138888888889,Very High,4,0.930047239355304,0.9462431985853618,0.31451388888888887,1.0,80.30767618488525,CRITICAL
709,13.1532052,80.2780553,6.325730800628662,0.6864352118374548,50,68.70833333333334,Low,1,0.8358853946771225,0.9547920365473618,0.6870833333333334,0.25,61.14609874847182,HIGH
710,13.1532052,80.28805530000001,2.9272420406341557,1.4288870053269875,10,36.84722222222222,Low,1,0.9240557040246693,0.9058948748537269,0.3684722222222222,0.25,54.65162127897819,HIGH
711,13.1532052,80.2980553,10.63913345336914,3.517932060141629,50,93.66666666666669,Very Low,0,0.7239785816520086,0.7683123749173186,0.9366666666666669,0.0,53.040816831726666,HIGH
712,13.1532052,80.3080553,0.0,0.0,80,15.166666666666668,Low,1,1.0,1.0,0.15166666666666667,0.25,52.541666666666664,HIGH
713,13.1532052,80.3180553,0.0,0.0,80,0.0,No historical polygon,-1,1.0,1.0,0.0,-0.25,31.25,MODERATE
714,13.1532052,80.3280553,0.0,0.0,80,0.0,No historical polygon,-1,1.0,1.0,0.0,-0.25,31.25,MODERATE
715,13.1632052,80.1280553,21.520320892333984,0.314792226242317,40,14.895833333333334,No historical polygon,-1,0.4416773206162883,0.9792680864650819,0.14895833333333333,-0.25,20.70491264571677,LOW
716,13.1632052,80.1380553,23.535356521606445,0.5297892796503761,40,8.131944444444445,No historical polygon,-1,0.38939928548764813,0.9651085871193549,0.08131944444444444,-0.25,17.49459705509264,LOW
717,13.1632052,80.14805530000001,18.5,0.0,40,5.291666666666667,No historical polygon,-1,0.5200364520457464,1.0,0.05291666666666667,-0.25,20.573827967810328,LOW
718,13.1632052,80.1580553,23.369609832763672,3.6627095195811377,40,10.375,No historical polygon,-1,0.39369941353298044,0.7587774705560066,0.10375,-0.25,15.067897396664613,LOW
719,13.1632052,80.1680553,13.0,0.0,80,0.3819444444444444,No historical polygon,-1,0.6627283176537677,1.0,0.0038194444444444443,-0.25,22.913694052455305,LOW
720,13.1632052,80.17805530000001,13.0,0.0,80,0.0,No historical polygon,-1,0.6627283176537677,1.0,0.0,-0.25,22.818207941344195,LOW
721,13.1632052,80.1880553,13.0,0.0,80,3.3472222222222223,No historical polygon,-1,0.6627283176537677,1.0,0.03347222222222222,-0.25,23.65501349689975,LOW
722,13.1632052,80.19805530000001,19.726581573486328,1.89178142788911,50,44.02777777777778,Very Low,0,0.4882140496746217,0.8754090929813164,0.44027777777777777,0.0,36.34343208102973,MODERATE
723,13.1632052,80.2080553,11.42833137512207,1.4794055675801043,50,58.69444444444445,Very Low,0,0.7035036500540269,0.9025677708872719,0.5869444444444445,0.0,45.79971892577087,MODERATE
724,13.1632052,80.2180553,6.331908702850342,0.3793690801732815,40,6.993055555555555,High,3,0.8357251153328398,0.9750151169174056,0.06993055555555555,0.75,63.51661852597097,HIGH
725,13.1632052,80.22805530000001,7.347628116607666,1.741896401288103,50,57.4375,High,3,0.8093733156813273,0.8852803768079983,0.574375,0.75,74.12291354415315,HIGH
726,13.1632052,80.2380553,4.7333984375,1.6083641963650983,10,27.291666666666664,Very Low,0,0.8771968265976422,0.8940746795124739,0.27291666666666664,0.0,42.16395752429483,MODERATE
727,13.1632052,80.2480553,5.488268852233887,2.1400123782806566,10,30.68055555555556,Low,1,0.8576124870029732,0.8590608411148722,0.3068055555555556,0.25,50.7463636806863,HIGH
728,13.1632052,80.25805530000001,7.430944919586182,0.3954342035693815,50,81.8611111111111,Very Low,0,0.8072117465806908,0.9739570833275947,0.818611111111111,0.0,55.254927692208966,HIGH
729,13.1632052,80.2680553,2.854201078414917,0.5698581049913407,50,35.44444444444444,Very High,4,0.9259506769637362,0.9624696927847306,0.35444444444444445,1.0,81.44692342697547,CRITICAL
730,13.1632052,80.2780553,4.747259140014648,1.5441964300254585,50,87.625,Very Low,0,0.876837224870287,0.8983007069444798,0.87625,0.0,57.301691225924365,HIGH
731,13.1632052,80.28805530000001,5.956214904785156,1.6128087225958008,50,42.85416666666666,Low,1,0.8454721060498005,0.893781967285687,0.4285416666666666,0.25,54.00707382719698,HIGH
732,13.1632052,80.2980553,4.701574802398682,0.8828375294392816,50,85.47222222222223,Very Low,0,0.8780224582091033,0.9418571686340599,0.8547222222222223,0.0,57.446474540294034,HIGH
733,13.1632052,80.3080553,6.5893144607543945,1.3567057959121878,50,53.56944444444445,Low,1,0.8290469866394623,0.9106486599465059,0.5356944444444445,0.25,56.528265676295256,HIGH
734,13.1632052,80.3180553,0.0,0.0,80,0.0,No historical polygon,-1,1.0,1.0,0.0,-0.25,31.25,MODERATE
735,13.1632052,80.3280553,0.0,0.0,80,0.0,No historical polygon,-1,1.0,1.0,0.0,-0.25,31.25,MODERATE
736,13.1732052,80.1280553,24.703100204467773,0.8230643144958502,40,4.888888888888889,No historical polygon,-1,0.3591033719132001,0.9457937751338577,0.04888888888888889,-0.25,15.636713147060089,LOW
737,13.1732052,80.1380553,33.87139129638672,2.7311371997091776,40,19.041666666666668,No historical polygon,-1,0.12124145185077873,0.8201299283903427,0.19041666666666668,-0.25,11.343401888791274,LOW
738,13.1732052,80.14805530000001,25.236461639404297,3.215457404900292,60,5.465277777777778,No historical polygon,-1,0.345265855877843,0.7882330650621269,0.05465277777777778,-0.25,13.071461817322422,LOW
739,13.1732052,80.1580553,21.86714172363281,0.9458296902283112,40,19.71527777777778,No historical polygon,-1,0.4326794094436057,0.9377085654539721,0.1971527777777778,-0.25,21.06143316234417,LOW
740,13.1732052,80.1680553,13.0,0.0,80,4.840277777777778,No historical polygon,-1,0.6627283176537677,1.0,0.048402777777777774,-0.25,24.02827738578864,LOW
741,13.1732052,80.17805530000001,13.0,0.0,80,0.0,No historical polygon,-1,0.6627283176537677,1.0,0.0,-0.25,22.818207941344195,LOW
742,13.1732052,80.1880553,13.0,0.0,80,7.444444444444444,Very Low,0,0.6627283176537677,1.0,0.07444444444444444,0.0,33.429319052455305,MODERATE
743,13.1732052,80.19805530000001,9.250426292419434,0.6003112442912627,50,69.65277777777777,Very Low,0,0.7600071663027599,0.9604640782930093,0.6965277777777777,0.0,50.82033477640858,HIGH
744,13.1732052,80.2080553,7.187528610229492,0.9890666363881518,50,51.66666666666667,Very Low,0,0.8135269333627864,0.9348610217264794,0.5166666666666667,0.0,47.27775532663352,MODERATE
745,13.1732052,80.2180553,5.991739273071289,0.8456192451347778,50,40.3125,Very Low,0,0.8445504627070197,0.9443083290751219,0.403125,0.0,45.35651150380232,MODERATE
746,13.1732052,80.22805530000001,4.493736743927002,0.815888776559347,40,30.159722222222225,Low,1,0.8834146037195892,0.946266349167346,0.30159722222222224,0.25,52.56929088605548,HIGH
747,13.1732052,80.2380553,5.450784206390381,0.4616936613615191,10,26.506944444444446,Low,1,0.8585849877388034,0.9695932991064439,0.26506944444444447,0.25,51.38526029117786,HIGH
748,13.1732052,80.2480553,5.376537799835205,1.023338284510602,50,67.50694444444446,Low,1,0.8605112346962669,0.9326039239129305,0.6750694444444446,0.25,61.12857583721174,HIGH
749,13.1732052,80.25805530000001,4.221850872039795,1.4059702642072314,50,51.39583333333333,Low,1,0.8904684041363254,0.9074041494030646,0.5139583333333333,0.25,57.471730677787434,HIGH
750,13.1732052,80.2680553,5.270308017730713,1.4619188352991024,10,36.01388888888889,Moderate,2,0.8632672575674712,0.9037194302722116,0.36013888888888895,0.5,61.64094511549219,HIGH
751,13.1732052,80.2780553,4.0817484855651855,0.4712871012599572,50,67.52777777777777,Low,1,0.8941032170276342,0.9689614843731165,0.6752777777777778,0.25,62.51894713573205,HIGH
752,13.1732052,80.28805530000001,5.182089328765869,1.5921152365962026,50,48.86111111111112,Very High,4,0.8655560010783598,0.8951448203891479,0.4886111111111112,1.0,82.281350110574,CRITICAL
753,13.1732052,80.2980553,5.905240058898926,1.2425529096613224,50,91.94444444444444,Very High,4,0.8467945962059074,0.9181666593449171,0.9194444444444444,1.0,92.92847590643255,CRITICAL
754,13.1732052,80.3080553,10.58824062347412,3.2141622280317086,50,62.527777777777786,Low,1,0.7252989439872435,0.78831836416615,0.6252777777777778,0.25,54.339193506617775,HIGH
755,13.1732052,80.3180553,0.0,0.0,80,1.361111111111111,Low,1,1.0,1.0,0.013611111111111109,0.25,49.09027777777778,MODERATE
756,13.1732052,80.3280553,0.0,0.0,80,0.0,No historical polygon,-1,1.0,1.0,0.0,-0.25,31.25,MODERATE
757,13.1832052,80.1280553,37.091094970703125,1.192525785194012,50,31.763888888888893,No historical polygon,-1,0.037709538397468045,0.9214613976910239,0.3176388888888889,-0.25,13.955631647524283,LOW
758,13.1832052,80.1380553,37.70637893676758,0.7808926728939948,40,20.0625,No historical polygon,-1,0.021746626216297194,0.9485711589268176,0.200625,-0.25,11.037858039309691,LOW
759,13.1832052,80.14805530000001,20.72587013244629,0.7341707406753851,40,21.5625,No historical polygon,-1,0.4622885317184856,0.9516482204874005,0.215625,-0.25,22.472561600273146,LOW
760,13.1832052,80.1580553,15.202871322631836,0.3256135122846821,40,4.423611111111111,No historical polygon,-1,0.6055770778863594,0.9785554069645588,0.04423611111111111,-0.25,22.173660829405144,LOW
761,13.1832052,80.1680553,13.0,0.0,80,0.0,No historical polygon,-1,0.6627283176537677,1.0,0.0,-0.25,22.818207941344195,LOW
762,13.1832052,80.17805530000001,13.0,0.0,80,0.0277777777777777,No historical polygon,-1,0.6627283176537677,1.0,0.000277777777777777,-0.25,22.82515238578864,LOW
763,13.1832052,80.1880553,13.0,0.0,80,16.3125,No historical polygon,-1,0.6627283176537677,1.0,0.163125,-0.25,26.89633294134419,MODERATE
764,13.1832052,80.19805530000001,11.261284828186035,1.1838903413709303,50,49.75694444444444,No historical polygon,-1,0.7078375015859688,0.9220301197233716,0.49756944444444445,-0.25,35.21562544661091,MODERATE
765,13.1832052,80.2080553,9.063386917114258,1.081608314180622,50,36.3125,No historical polygon,-1,0.7648597112853879,0.9287663157508215,0.363125,-0.25,33.38111251839702,MODERATE
766,13.1832052,80.2180553,5.234515190124512,0.2342918332171751,40,18.63888888888889,No historical polygon,-1,0.8641958658122921,0.9845697649964935,0.18638888888888888,-0.25,32.28316534247693,MODERATE
767,13.1832052,80.22805530000001,8.367959976196289,1.5895596964823442,40,13.875000000000002,Very Low,0,0.7829018508478723,0.8953131258054156,0.13875,0.0,36.47099315827804,MODERATE
768,13.1832052,80.2380553,9.250448226928713,3.3596684909384,10,16.86111111111111,Low,1,0.7600065972343871,0.7787354615088,0.1686111111111111,0.25,43.64647463126945,MODERATE
769,13.1832052,80.2480553,5.090930461883545,2.1311840107094118,10,7.069444444444445,Low,1,0.8679210244932966,0.8596422689198925,0.07069444444444445,0.25,45.11002075724191,MODERATE
770,13.1832052,80.25805530000001,4.232428073883057,0.3164094041606509,10,9.069444444444445,Low,1,0.8901939894701568,0.9791615806813346,0.09069444444444445,0.25,47.95963455808505,MODERATE
771,13.1832052,80.2680553,4.560417175292969,1.9121877001277252,50,33.46527777777778,Very High,4,0.8816846482375607,0.8740651555001687,0.3346527777777778,1.0,78.519412982886,CRITICAL
772,13.1832052,80.2780553,2.627152442932129,0.9924029950092564,40,26.20138888888889,Low,1,0.9318412212147897,0.9346412923536169,0.2620138888888889,0.25,52.61599713789622,HIGH
773,13.1832052,80.28805530000001,3.640111207962036,0.635235239949825,40,19.55555555555556,Very High,4,0.9055610437664052,0.9581640174975758,0.1955555555555556,1.0,76.90037524551265,CRITICAL
774,13.1832052,80.2980553,3.018473863601685,0.588088862159039,50,50.91666666666666,Very High,4,0.9216887878388407,0.9612690326356903,0.5091666666666665,1.0,85.19042185217303,CRITICAL
775,13.1832052,80.3080553,9.915264129638672,0.3827208002368442,50,79.0763888888889,Low,1,0.7427586296991935,0.9747943758547037,0.790763888888889,0.25,61.70997860252262,HIGH
776,13.1832052,80.3180553,0.0,0.0,80,24.57638888888889,Low,1,1.0,1.0,0.2457638888888889,0.25,54.89409722222223,HIGH
777,13.1832052,80.3280553,0.0,0.0,80,0.0,No historical polygon,-1,1.0,1.0,0.0,-0.25,31.25,MODERATE
778,13.1932052,80.1280553,36.34282684326172,0.4380227332781117,10,2.333333333333333,No historical polygon,-1,0.05712258841194706,0.9711522436845057,0.02333333333333333,-0.25,7.828681698899595,LOW
779,13.1932052,80.1380553,37.512840270996094,3.919736659847176,40,13.354166666666668,No historical polygon,-1,0.02676778863197371,0.7418499100767306,0.13354166666666667,-0.25,6.38548503361697,LOW
780,13.1932052,80.14805530000001,28.802017211914062,3.282177030294195,40,18.57638888888889,No historical polygon,-1,0.2527611692286621,0.7838389746449012,0.1857638888888889,-0.25,13.970711072612293,LOW
781,13.1932052,80.1580553,26.213930130004883,2.075161522649066,50,53.145833333333336,No historical polygon,-1,0.31990643724205137,0.8633318561512622,0.5314583333333334,-0.25,25.484097106653547,MODERATE
782,13.1932052,80.1680553,22.226287841796875,3.6791927049958906,50,41.36111111111111,No historical polygon,-1,0.4233617313296586,0.757691903803365,0.4136111111111111,-0.25,23.53969961806972,LOW
783,13.1932052,80.17805530000001,13.0,0.5388741969908357,50,46.61805555555556,No historical polygon,-1,0.6627283176537677,0.964510263193054,0.4661805555555556,-0.25,33.940375778128896,MODERATE
784,13.1932052,80.1880553,11.399142265319824,1.3997167038916452,50,77.4375,No historical polygon,-1,0.7042609316055033,0.9078160028763722,0.774375,-0.25,41.83313833328316,MODERATE
785,13.1932052,80.19805530000001,8.920300483703613,1.567057249276123,10,33.3125,No historical polygon,-1,0.7685719422174903,0.8967951153557049,0.333125,-0.25,32.244350285772825,MODERATE
786,13.1932052,80.2080553,7.139385223388672,0.4229665111735114,40,15.65972222222222,No historical polygon,-1,0.8147759642146055,0.9721438320047167,0.1565972222222222,-0.25,30.116487140991445,MODERATE
787,13.1932052,80.2180553,8.846921920776367,0.411004327957515,40,14.13888888888889,No historical polygon,-1,0.7704756738610765,0.9729316498968015,0.1413888888888889,-0.25,28.640588817201152,MODERATE
788,13.1932052,80.22805530000001,6.324892044067383,0.46083101374056,40,6.993055555555555,No historical polygon,-1,0.8359071553568533,0.9696501122498379,0.06993055555555555,-0.25,28.440694456557793,MODERATE
789,13.1932052,80.2380553,7.451388359069824,2.720529199301703,40,12.104166666666668,Low,1,0.8066813624862608,0.8208285611038991,0.12104166666666667,0.25,44.25550414538167,MODERATE
790,13.1932052,80.2480553,4.062740802764893,5.813307217171658,10,5.701388888888889,Low,1,0.894596351885754,0.6171411727126166,0.05701388888888889,0.25,41.797373610055324,MODERATE
791,13.1932052,80.25805530000001,3.167546272277832,0.1177629502252793,40,25.63888888888889,Very Low,0,0.9178212569107168,0.992244245257162,0.2563888888888889,0.0,44.23891732384757,MODERATE
792,13.1932052,80.2680553,3.986783266067505,0.552662700969028,50,43.395833333333336,High,3,0.8965669923618158,0.9636021655704916,0.43395833333333333,0.75,73.9671656259361,HIGH
793,13.1932052,80.2780553,2.656264066696167,0.3377474409423593,40,17.01388888888889,Low,1,0.9310859499591954,0.977756278082716,0.1701388888888889,0.25,50.94696514244285,HIGH
794,13.1932052,80.28805530000001,2.42466139793396,1.0980540354217263,40,2.270833333333333,Very High,4,0.9370946439383727,0.9276832163526569,0.02270833333333333,1.0,72.9103226770825,HIGH
795,13.1932052,80.2980553,3.569443225860596,1.5087197064546924,30,0.3263888888888889,Low,1,0.9073944521672795,0.900637169869092,0.003263888888888889,0.25,45.02601607444059,MODERATE
796,13.1932052,80.3080553,8.086114883422852,3.001657991029945,50,60.82638888888889,Low,1,0.7902140330479283,0.8023136890187179,0.6082638888888889,0.25,55.746653383701194,HIGH
797,13.1932052,80.3180553,3.6899185180664062,1.912043411119157,80,35.40277777777778,Very Low,0,0.9042688441300943,0.874074658235625,0.3540277777777778,0.0,44.568535421231175,MODERATE
798,13.1932052,80.3280553,0.0,0.0,80,0.0,No historical polygon,-1,1.0,1.0,0.0,-0.25,31.25,MODERATE
799,13.2032052,80.1280553,28.034122467041016,6.578072945064882,40,17.458333333333336,No historical polygon,-1,0.27268341172621313,0.5667744367407241,0.17458333333333337,-0.25,10.933285177599524,LOW
800,13.2032052,80.1380553,29.37891960144043,2.5321225841058457,50,50.43055555555556,No historical polygon,-1,0.23779402773134528,0.8332368397398536,0.5043055555555556,-0.25,22.30104217827033,LOW
801,13.2032052,80.14805530000001,26.29521369934082,0.5585406066953627,50,26.729166666666664,No historical polygon,-1,0.31779761830535613,0.9632150523474639,0.26729166666666665,-0.25,20.325457909512526,LOW
802,13.2032052,80.1580553,20.937854766845703,0.2817513627898997,40,35.59722222222222,No historical polygon,-1,0.45678880754345164,0.9814441259829296,0.3559722222222222,-0.25,26.29068763388579,MODERATE
803,13.2032052,80.1680553,20.949338912963867,0.1795599135971361,50,68.68055555555556,No historical polygon,-1,0.456490863137176,0.9881743566304981,0.6868055555555556,-0.25,34.655025816775755,MODERATE
804,13.2032052,80.17805530000001,17.802701950073242,3.273920894568988,50,48.25694444444444,No historical polygon,-1,0.5381271356146344,0.7843827158104018,0.48256944444444444,-0.25,28.533155238633,MODERATE
805,13.2032052,80.1880553,10.363710403442385,0.9362361929251172,40,32.13194444444444,No historical polygon,-1,0.7311241505293722,0.9383403839679216,0.32131944444444444,-0.25,31.63619563386424,MODERATE
806,13.2032052,80.19805530000001,14.014511108398438,6.583530114111785,40,29.791666666666668,No historical polygon,-1,0.6364078662469614,0.5664150328311158,0.29791666666666666,-0.25,23.104338815307436,LOW
807,13.2032052,80.2080553,8.057371139526367,0.498158574557875,40,14.000000000000002,No historical polygon,-1,0.790959760037228,0.9671917549626466,0.14,-0.25,29.031870325370402,MODERATE
808,13.2032052,80.2180553,7.929420948028564,0.5363373718557011,40,10.104166666666666,No historical polygon,-1,0.7942792966789962,0.9646773360588062,0.10104166666666665,-0.25,28.10318412452366,MODERATE
809,13.2032052,80.22805530000001,6.574786186218262,4.296000928348905,40,14.63888888888889,No historical polygon,-1,0.8294239078390306,0.7170695069073958,0.1463888888888889,-0.25,26.401362521808924,MODERATE
810,13.2032052,80.2380553,5.42943811416626,0.6315519117440594,40,2.805555555555556,Very Low,0,0.8591387902338763,0.9584065979538794,0.02805555555555556,0.0,36.55595761404399,MODERATE
811,13.2032052,80.2480553,4.508317470550537,0.7417572563226373,40,9.305555555555555,Very Low,0,0.8830363217043469,0.9511485798567927,0.09305555555555556,0.0,38.669525629349444,MODERATE
812,13.2032052,80.25805530000001,4.463407039642334,0.3498762876189102,40,22.95138888888889,Very Low,0,0.8842014768264472,0.9769574838952669,0.2295138888888889,0.0,42.4972464013124,MODERATE
813,13.2032052,80.2680553,6.740484714508057,3.18004343161506,50,47.86805555555556,Very High,4,0.825125029269908,0.7905653953132309,0.47868055555555555,1.0,79.45362055033505,CRITICAL
814,13.2032052,80.2780553,6.690483093261719,2.031960518525495,50,52.04861111111111,Low,1,0.8264222701097381,0.8661770327707828,0.5204861111111111,0.25,55.41536502208297,HIGH
815,13.2032052,80.28805530000001,1.6771568059921265,0.3376011146364818,30,0.0,Low,1,0.9564878848065078,0.9777659149926154,0.0,0.25,47.32868584505193,MODERATE
816,13.2032052,80.2980553,3.947056531906128,0.4327046708234345,30,3.4513888888888884,Very High,4,0.8975976617821797,0.9715024861676184,0.034513888888888886,1.0,72.87532605929098,HIGH
817,13.2032052,80.3080553,0.5,0.0,10,10.895833333333334,Low,1,0.9870280122174526,1.0,0.10895833333333334,0.25,51.149658638769644,HIGH
818,13.2032052,80.3180553,7.400887966156006,1.9336517478179616,50,40.70138888888889,Very Low,0,0.8079915434460445,0.8726515539441989,0.40701388888888895,0.0,43.46490911753632,MODERATE
819,13.2032052,80.3280553,0.0,0.0,80,0.0373134328358209,Very Low,0,1.0,1.0,0.000373134328358209,0.0,40.009328358208954,MODERATE
820,13.2132052,80.1280553,22.69964408874512,0.218264523538063,80,3.854166666666667,No historical polygon,-1,0.4110809884252483,0.9856253082112391,0.03854166666666667,-0.25,17.274946000466464,LOW
821,13.2132052,80.1380553,15.0,0.0,80,0.0,No historical polygon,-1,0.6108403665235782,1.0,0.0,-0.25,21.52100916308946,LOW
822,13.2132052,80.14805530000001,25.09747695922852,4.79024751969235,10,12.354166666666666,No historical polygon,-1,0.3488716710242459,0.6845189013255009,0.12354166666666666,-0.25,13.328116962155326,LOW
823,13.2132052,80.1580553,20.40680885314941,0.4724530827266149,40,22.416666666666664,No historical polygon,-1,0.47056624975233174,0.9688846939541197,0.22416666666666665,-0.25,23.151593319786752,LOW
824,13.2132052,80.1680553,13.486632347106934,2.3333549901241697,50,36.61805555555556,No historical polygon,-1,0.6501031399312407,0.8463274824827266,0.36618055555555556,-0.25,29.35200462441081,MODERATE
825,13.2132052,80.17805530000001,10.0,4.003062885003065,40,8.805555555555555,No historical polygon,-1,0.7405602443490522,0.736362124956544,0.08805555555555555,-0.25,23.010826871963356,LOW
826,13.2132052,80.1880553,12.446624755859377,1.3898213312217609,40,0.1805555555555555,No historical polygon,-1,0.6770850714660805,0.9084677026118985,0.001805555555555555,-0.25,21.849281214719383,LOW
827,13.2132052,80.19805530000001,10.12549114227295,0.5230409472457098,40,14.499999999999998,No historical polygon,-1,0.7373045052202869,0.9655530258070203,0.145,-0.25,27.79090801761248,MODERATE
828,13.2132052,80.2080553,9.07808780670166,0.3906121391719219,40,1.3333333333333337,No historical polygon,-1,0.7644783117651472,0.974274659855266,0.013333333333333338,-0.25,25.309411025291006,MODERATE
829,13.2132052,80.2180553,7.995503425598144,0.3818628548562952,40,9.63888888888889,No historical polygon,-1,0.7925648544956501,0.9748508793130627,0.0963888888888889,-0.25,28.096606774309407,MODERATE
830,13.2132052,80.22805530000001,9.218369483947754,0.0332795125320916,40,0.1458333333333333,No historical polygon,-1,0.760838847358444,0.9978082432830839,0.001458333333333333,-0.25,25.27455316654069,MODERATE
831,13.2132052,80.2380553,5.654152870178223,0.6965220220615217,40,1.8680555555555556,No historical polygon,-1,0.8533087960947856,0.9541277289184703,0.018680555555555554,-0.25,27.361649725035587,MODERATE
832,13.2132052,80.2480553,5.256779193878174,0.625210708829745,40,12.736111111111112,No historical polygon,-1,0.8636182490429261,0.958824223484523,0.12736111111111112,-0.25,30.40684735611877,MODERATE
833,13.2132052,80.25805530000001,3.4862310886383057,0.3615507294304037,40,5.826388888888888,No historical polygon,-1,0.909553305822094,0.9761886163755906,0.058263888888888886,-0.25,30.088259113408434,MODERATE
834,13.2132052,80.2680553,3.6326706409454346,0.874422434038321,50,35.86805555555556,No historical polygon,-1,0.9057540816552745,0.9424113787310605,0.35868055555555556,-0.25,36.99703661123665,MODERATE
835,13.2132052,80.2780553,3.606381416320801,1.0147682130243405,10,19.21527777777778,Low,1,0.9064361286565612,0.9331683405859917,0.19215277777777778,0.25,50.21224776964836,HIGH
836,13.2132052,80.28805530000001,2.523430347442627,0.4965159264713907,40,0.8402777777777778,Low,1,0.9345321847257299,0.9672999381871938,0.008402777777777778,0.25,46.832873135395594,MODERATE
837,13.2132052,80.2980553,2.9648542404174805,3.9820160494621946,80,7.243055555555555,Very High,4,0.9230798940325412,0.7377482493212577,0.07243055555555555,1.0,70.95398497952128,HIGH
838,13.2132052,80.3080553,0.0,2.1001367050868565,80,0.3888888888888889,Very Low,0,1.0,0.8616870146346851,0.0038888888888888888,0.0,38.0225274417425,MODERATE
839,13.2132052,80.3180553,8.358622550964355,0.7693007919514332,50,57.71527777777777,Very Low,0,0.7831441007799305,0.9493345890669993,0.5771527777777777,0.0,48.2474407999477,MODERATE
840,13.2132052,80.3280553,0.0,0.0,80,23.18407960199005,No historical polygon,-1,1.0,1.0,0.23184079601990049,-0.25,37.04601990049752,MODERATE
841,13.2232052,80.1280553,25.49333953857422,1.375294946458979,40,0.6682389937106918,No historical polygon,-1,0.3386014219385657,0.9094243963539006,0.0066823899371069185,-0.25,13.523461242200325,LOW
842,13.2232052,80.1380553,15.0,0.0,80,0.0,No historical polygon,-1,0.6108403665235782,1.0,0.0,-0.25,21.52100916308946,LOW
843,13.2232052,80.14805530000001,15.0,0.0,80,0.0,No historical polygon,-1,0.6108403665235782,1.0,0.0,-0.25,21.52100916308946,LOW
844,13.2232052,80.1580553,12.77672004699707,0.3079218528832963,10,10.872641509433963,No historical polygon,-1,0.6685210872986513,0.9797205626527314,0.10872641509433963,-0.25,25.376995999615747,MODERATE
845,13.2232052,80.1680553,16.70440673828125,4.45258802962213,50,30.974842767295595,No historical polygon,-1,0.5666212797526265,0.7067568308828582,0.30974842767295596,-0.25,23.760595148882437,LOW
846,13.2232052,80.17805530000001,14.618850708007812,1.865130511149578,10,11.79245283018868,No historical polygon,-1,0.6207288944416767,0.8771642967487848,0.1179245283018868,-0.25,22.87380001982086,LOW
847,13.2232052,80.1880553,12.679760932922363,0.5132537888386359,40,13.09748427672956,No historical polygon,-1,0.6710365921850188,0.9661975986551815,0.1309748427672956,-0.25,25.79324985363558,MODERATE
848,13.2232052,80.19805530000001,14.8818998336792,1.296075859199558,40,14.79559748427673,No historical polygon,-1,0.6139043543528386,0.9146416893187949,0.1479559748427673,-0.25,24.016133569672068,LOW
849,13.2232052,80.2080553,12.308749198913574,1.2250061919101445,40,1.0141509433962264,No historical polygon,-1,0.6806621115465061,0.9193222693152823,0.010141509433962264,-0.25,22.309924564240944,LOW
850,13.2232052,80.2180553,8.920745849609375,0.3833804554794484,40,1.4465408805031448,No historical polygon,-1,0.7685603876553136,0.9747509315942918,0.014465408805031449,-0.25,25.446908885423003,MODERATE
851,13.2232052,80.22805530000001,10.113787651062012,0.378360373306617,40,4.009433962264151,No historical polygon,-1,0.7376081403102898,0.9750815493823728,0.04009433962264151,-0.25,25.318785239058872,MODERATE
852,13.2232052,80.2380553,7.541865825653076,0.3527408768329036,40,0.0,No historical polygon,-1,0.8043340173040332,0.9767688248022312,0.0,-0.25,26.009882804634298,MODERATE
853,13.2232052,80.2480553,6.511511325836182,2.64317049862749,10,10.102201257861635,No historical polygon,-1,0.8310655092706681,0.8259233307959463,0.10102201257861636,-0.25,26.941038008171304,MODERATE
854,13.2232052,80.25805530000001,4.2708024978637695,0.6099690539429492,40,11.04559748427673,No historical polygon,-1,0.8891984043520766,0.9598280242295861,0.1104559748427673,-0.25,30.63877984331489,MODERATE
855,13.2232052,80.2680553,3.512258529663086,0.4405863765644903,10,14.339622641509434,Low,1,0.9088780505281252,0.9709834046010823,0.14339622641509434,0.25,49.62160799259673,MODERATE
856,13.2232052,80.2780553,6.725612640380859,0.8236000091061292,10,22.602201257861637,Low,1,0.8255108699976663,0.9457584948015763,0.22602201257861637,0.25,49.22469948643071,MODERATE
857,13.2232052,80.28805530000001,3.425476312637329,0.4318957829820922,30,0.1965408805031446,Very High,4,0.9111295262461261,0.9715557587435848,0.001965408805031446,1.0,72.40070975743271,HIGH
858,13.2232052,80.2980553,1.9727197885513303,0.953842486601734,30,4.205974842767295,High,3,0.9488198060090454,0.937180850384354,0.042059748427672954,0.75,65.07970161668327,HIGH
859,13.2232052,80.3080553,1.64318585395813,0.5524873306360674,80,1.470125786163522,No historical polygon,-1,0.9573692263560009,0.9636137152921063,0.01470125786163522,-0.25,30.0059678348225,MODERATE
860,13.2232052,80.3180553,0.0,0.0,80,30.117924528301888,No historical polygon,-1,1.0,1.0,0.30117924528301887,-0.25,38.779481132075475,MODERATE
861,13.2232052,80.3280553,3.810758829116821,2.9749910040735634,50,59.47620388622923,Low,1,0.901133766052924,0.8040699511552261,0.5947620388622923,0.25,58.20844439020879,HIGH
